代號,分類,最新季,最新季年增%,可比季數,近10年成長比率%,近10年增長季數,近5年成長比率%,近5年增長季數,近3年成長比率%,近3年增長季數,近1年成長比率%,近1年增長季數,近4季樣態,連續成長季數,近10年平均年增%,Q4回填季數,財報年度,營收TTM(百萬),營收_年(百萬),毛利率%,營益率%,淨利率%,EPS_年,ROE%,ROA%,負債比%,流動比%,獲利含金量,營業現金流(百萬),自由現金流(百萬),總資產(百萬),總負債(百萬),股東權益(百萬),現金(百萬),負債權益比,流通股數(百萬)
AXON,🟢 全期強勢,2026Q1,31.3,40,100.0,40/40,100.0,20/20,100.0,12/12,100.0,4/4,✔✔✔✔,45,33.0,6,2025,2111.0,2779.5,59.65,-2.23,4.48,1.51,3.53,1.76,49.99,227.0,1.7,211.3,75.1,7066.8,3532.7,3534.1,458.9,0.49,80.6
NOW,🟢 全期強勢,2026Q1,18.6,40,100.0,40/40,100.0,20/20,100.0,12/12,100.0,4/4,✔✔✔✔,41,39.0,2,2025,9456.0,13278.0,77.53,13.74,13.16,1.67,14.9,7.17,51.9,84.0,3.11,5444.0,4576.0,24381.0,12653.0,11728.0,2702.0,0.13,1031.0
CXDO,🟢 全期強勢,2026Q1,12.4,40,100.0,40/40,100.0,20/20,100.0,12/12,100.0,4/4,✔✔✔✔,40,25.8,10,2025,62.6,68.2,,6.88,7.44,0.16,6.97,5.56,20.34,137.0,1.83,9.3,9.3,91.3,18.6,72.7,7.2,0.0,32.4
APPF,🟢 全期強勢,2026Q1,16.2,31,100.0,31/31,100.0,20/20,100.0,12/12,100.0,4/4,✔✔✔✔,31,35.8,1,2025,808.2,950.8,,16.08,14.82,3.88,29.97,24.27,19.0,352.0,1.72,242.1,238.9,580.6,110.3,470.2,147.4,0.1,
BL,🟢 全期強勢,2026Q1,6.0,31,100.0,31/31,100.0,20/20,100.0,12/12,100.0,4/4,✔✔✔✔,31,27.9,5,2025,599.5,700.4,75.25,3.65,3.5,0.39,8.01,1.68,76.81,170.0,6.92,169.6,161.5,1455.5,1118.0,305.9,242.0,0.0,58.7
WDAY,🟢 全期強勢,2025Q3,35.1,29,100.0,29/29,100.0,20/20,100.0,12/12,100.0,4/4,✔✔✔✔,29,30.0,2,2026,8475.0,9552.0,,7.55,7.26,2.59,10.37,4.31,58.47,101.0,4.24,2939.0,2777.0,16091.0,9408.0,6683.0,559.0,0.45,220.0
CSGP,🟢 全期強勢,2026Q1,11.5,40,97.5,39/40,100.0,20/20,100.0,12/12,100.0,4/4,✔✔✔✔,25,19.8,9,2025,2530.6,3247.0,78.87,-2.22,0.22,0.02,0.09,0.07,21.77,220.0,61.43,430.0,123.0,10164.0,2213.0,7913.0,1215.0,0.13,408.4
ADUS,🟢 全期強勢,2026Q1,20.3,29,96.6,28/29,100.0,20/20,100.0,12/12,100.0,4/4,✔✔✔✔,25,16.3,7,2025,1115.6,1422.5,32.47,9.74,6.74,5.22,8.59,6.68,22.26,183.0,1.16,111.5,103.8,1435.7,319.5,1116.2,97.0,0.08,18.7
DOCU,🟢 全期強勢,2027Q1,7.6,24,100.0,24/24,100.0,20/20,100.0,12/12,100.0,4/4,✔✔✔✔,24,31.1,2,2026,2815.9,3219.5,79.4,9.27,9.6,1.48,16.99,7.76,54.32,66.0,3.77,1165.0,1058.6,3984.0,2164.3,1819.7,548.0,0.0,190.9
ATLC,🟢 全期強勢,2026Q1,18.7,25,88.0,22/25,100.0,20/20,100.0,12/12,100.0,4/4,✔✔✔✔,21,618.4,3,2025,1365.9,1968.4,,,6.21,5.96,18.85,1.64,90.84,,5.22,638.0,,7465.0,6781.1,648.4,651.1,0.0,15.1
ZM,🟢 全期強勢,2027Q1,2.9,21,100.0,21/21,100.0,20/20,100.0,12/12,100.0,4/4,✔✔✔✔,21,72.7,2,2026,4560.7,4868.8,77.02,23.08,39.03,6.18,19.06,15.62,18.01,422.0,1.05,1989.0,1924.1,12162.0,2190.9,9971.1,890.9,0.0,
ADMA,🟢 全期強勢,2026Q1,40.2,40,87.5,35/40,100.0,20/20,100.0,12/12,100.0,4/4,✔✔✔✔,21,66.6,8,2025,423.7,510.2,57.39,37.53,28.8,0.6,37.64,22.09,41.32,695.0,0.34,50.4,27.8,665.2,274.9,390.3,138.2,0.5,231.8
OKTA,🟢 全期強勢,2027Q1,11.5,21,100.0,21/21,100.0,20/20,100.0,12/12,100.0,4/4,✔✔✔✔,21,39.6,1,2026,2334.0,2919.0,77.36,5.1,8.05,1.31,3.41,2.51,26.19,143.0,3.76,884.0,875.0,9347.0,2448.0,6899.0,762.0,0.0,
FRPT,🟢 全期強勢,2026Q1,17.6,36,94.4,34/36,100.0,20/20,100.0,12/12,100.0,4/4,✔✔✔✔,21,24.9,4,2025,806.3,1102.0,40.8,6.87,12.63,2.64,11.02,7.57,31.38,618.0,1.15,160.6,12.4,1839.2,577.1,1262.1,381.4,0.11,49.1
CRM,🟢 全期強勢,2027Q1,7.6,40,95.0,38/40,100.0,20/20,100.0,12/12,100.0,4/4,✔✔✔✔,20,34.6,7,2025,37731.0,41525.0,77.68,20.06,17.96,7.8,21.78,6.99,67.91,79.0,2.01,14996.0,14402.0,106680.0,72445.0,34235.0,8935.0,1.15,819.0
XPEL,🟢 全期強勢,2026Q1,15.2,20,100.0,20/20,100.0,20/20,100.0,12/12,100.0,4/4,✔✔✔✔,20,32.5,2,2025,410.0,476.2,42.21,13.16,10.76,1.85,17.82,12.99,25.82,307.0,1.31,66.9,62.9,394.4,101.9,287.5,45.1,0.0,27.6
PLMR,🟢 全期強勢,2026Q1,47.3,19,100.0,19/19,100.0,19/19,100.0,12/12,100.0,4/4,✔✔✔✔,19,39.7,0,2025,572.7,876.0,,,22.5,7.17,20.55,5.46,73.45,,2.08,409.1,409.0,3612.3,2653.3,959.0,56.5,0.31,26.5
VRTX,🟢 全期強勢,2026Q1,3.0,40,85.0,34/40,95.0,19/20,100.0,12/12,100.0,4/4,✔✔✔✔,19,32.8,5,2025,9948.8,12001.3,,34.77,32.94,15.32,20.42,14.93,26.89,302.0,0.92,3631.4,3193.8,26484.4,7122.5,19361.9,5492.9,0.01,253.8
MGNI,🟢 全期強勢,2026Q1,4.3,40,80.0,32/40,95.0,19/20,100.0,12/12,100.0,4/4,✔✔✔✔,19,26.8,5,2025,626.2,714.0,,13.67,20.26,0.95,15.75,4.91,68.85,102.0,1.63,236.2,165.6,2946.5,2028.6,917.9,184.6,0.38,143.2
IR,🟢 全期強勢,2026Q1,2.8,28,92.9,26/28,95.0,19/20,100.0,12/12,100.0,4/4,✔✔✔✔,19,26.7,4,2025,6922.8,7650.9,43.61,14.96,7.6,1.45,5.71,3.19,43.79,223.0,2.33,1355.7,1220.1,18218.2,7978.4,10175.1,1274.4,0.27,391.3
DDOG,🟢 全期強勢,2026Q1,24.6,18,100.0,18/18,100.0,18/18,100.0,12/12,100.0,4/4,✔✔✔✔,18,52.0,1,2025,2278.7,3427.2,79.96,-1.29,3.14,0.31,2.7,1.55,42.63,340.0,9.75,1050.1,1000.6,6952.0,2963.8,3988.2,426.4,0.0,
LULU,🟢 全期強勢,2026Q1,7.3,40,95.0,38/40,95.0,19/20,100.0,12/12,100.0,4/4,✔✔✔✔,18,23.6,9,2025,9781.0,11102.6,56.6,19.91,14.22,13.26,32.73,18.51,43.44,223.0,1.01,1602.5,921.7,8531.4,3705.8,4825.6,1514.7,0.0,108.4
HALO,🟢 全期強勢,2026Q1,35.2,40,85.0,34/40,95.0,19/20,100.0,12/12,100.0,4/4,✔✔✔✔,17,56.1,3,2025,898.2,1396.6,,33.58,22.69,2.56,144.28,11.86,91.78,276.0,2.06,651.6,644.6,2672.7,2453.1,219.6,309.7,9.76,118.6
TTD,🟢 全期強勢,2026Q1,25.4,24,95.8,23/24,95.0,19/20,100.0,12/12,100.0,4/4,✔✔✔✔,17,50.4,3,2025,2070.9,2896.3,,20.35,15.31,0.9,18.07,7.73,57.21,168.0,2.24,992.7,795.7,5734.4,3280.9,2453.5,878.4,0.0,
PGNY,🟢 全期強勢,2026Q1,16.5,17,100.0,17/17,100.0,17/17,100.0,12/12,100.0,4/4,✔✔✔✔,17,45.2,0,2025,1134.6,1288.7,23.63,6.62,4.54,0.65,13.32,8.38,37.09,213.0,3.59,210.2,191.8,698.3,259.0,439.3,131.6,0.0,78.3
RDVT,🟢 全期強勢,2026Q1,25.7,29,93.1,27/29,90.0,18/20,100.0,12/12,100.0,4/4,✔✔✔✔,17,40.0,7,2025,79.7,90.3,,14.56,14.57,0.91,12.58,11.68,7.2,1122.0,2.23,29.3,28.8,112.6,8.1,104.5,43.5,0.0,14.1
BWMN,🟢 全期強勢,2026Q1,19.0,17,100.0,17/17,100.0,17/17,100.0,12/12,100.0,4/4,✔✔✔✔,17,37.2,4,2025,444.6,490.0,,4.01,2.62,0.73,5.12,2.18,57.46,93.0,2.79,35.8,33.4,589.8,338.9,250.9,12.0,0.2,17.5
AMZN,🟢 全期強勢,2026Q1,8.6,40,92.5,37/40,95.0,19/20,100.0,12/12,100.0,4/4,✔✔✔✔,17,26.6,10,2025,587139.0,716924.0,,11.16,10.83,7.17,17.58,8.47,,118.0,1.91,148531.0,-2472.0,916630.0,,441914.0,101816.0,0.28,10757.1
PYPL,🟢 全期強勢,2026Q1,1.2,39,97.4,38/39,95.0,19/20,100.0,12/12,100.0,4/4,✔✔✔✔,17,16.1,9,2025,29863.0,33172.0,,18.28,15.78,5.41,26.13,6.5,75.14,126.0,1.23,6416.0,5564.0,80546.0,60522.0,20024.0,6977.0,0.47,882.1
STE,🟢 全期強勢,2026Q4,42.0,22,90.9,20/22,90.0,18/20,100.0,12/12,100.0,4/4,✔✔✔✔,17,15.4,4,2026,5138.7,5935.9,44.25,18.56,13.18,7.93,10.89,7.29,32.97,209.0,1.71,1341.4,972.4,10737.2,3540.0,7183.6,439.6,0.25,97.6
AKAM,🟢 全期強勢,2026Q1,2.9,40,95.0,38/40,95.0,19/20,100.0,12/12,100.0,4/4,✔✔✔✔,17,11.2,10,2025,3840.1,4208.2,,13.47,10.74,3.07,9.21,3.88,57.85,206.0,3.36,1518.8,1011.0,11645.8,6736.9,4908.8,622.4,0.0,145.4
ELV,🟢 全期強勢,2026Q1,14.8,40,92.5,37/40,95.0,19/20,100.0,12/12,100.0,4/4,✔✔✔✔,17,10.0,10,2025,177654.0,199125.0,,3.62,2.84,25.21,12.9,4.5,65.0,148.0,0.76,4290.0,3174.0,125827.0,81785.0,43902.0,9657.0,0.71,217.2
PAYS,🟢 全期強勢,2026Q1,41.0,40,87.5,35/40,80.0,16/20,100.0,12/12,100.0,4/4,✔✔✔✔,16,154.6,10,2025,63.8,82.0,59.39,8.98,9.21,0.13,13.73,2.41,82.41,112.0,6.95,52.5,51.2,312.7,257.7,55.0,179.5,0.11,55.9
VITL,🟢 全期強勢,2026Q1,9.6,16,100.0,16/16,100.0,16/16,100.0,12/12,100.0,4/4,✔✔✔✔,16,32.8,1,2025,486.1,759.4,37.62,11.64,8.73,1.44,20.03,13.45,32.83,177.0,0.51,33.7,-48.2,492.6,161.7,330.9,36.6,0.02,42.8
PCTY,🟢 全期強勢,2026Q3,14.8,37,86.5,32/37,95.0,19/20,100.0,12/12,100.0,4/4,✔✔✔✔,16,28.3,3,2025,1243.0,1471.8,74.53,20.66,15.43,4.02,19.24,4.17,78.31,108.0,1.84,418.2,405.2,5444.4,4263.6,1180.7,299.7,0.07,53.5
ULTA,🟢 全期強勢,2026Q1,4.5,40,92.5,37/40,85.0,17/20,100.0,12/12,100.0,4/4,✔✔✔✔,16,20.5,8,2025,11329.8,12392.8,39.1,12.37,9.31,25.64,44.69,16.73,62.57,131.0,1.3,1502.8,1068.0,6895.2,4314.3,2581.0,166.3,0.31,43.0
TXRH,🟢 全期強勢,2026Q1,9.6,40,82.5,33/40,85.0,17/20,100.0,12/12,100.0,4/4,✔✔✔✔,16,18.0,9,2025,4758.1,5878.1,,8.08,7.05,6.1,27.31,11.59,56.96,46.0,1.76,730.1,342.1,3574.7,2036.3,1517.0,214.6,0.07,65.7
BSY,🟢 全期強勢,2026Q1,9.7,16,100.0,16/16,100.0,16/16,100.0,12/12,100.0,4/4,✔✔✔✔,16,16.9,3,2025,1261.2,1501.8,81.52,24.15,18.5,0.85,22.67,7.89,65.21,51.0,1.94,538.5,520.2,3523.7,2297.8,1225.8,105.2,0.91,
GSHD,🟢 全期強勢,2026Q1,17.3,23,95.7,22/23,95.0,19/20,100.0,12/12,100.0,4/4,✔✔✔✔,15,32.4,1,2025,296.2,365.3,,20.38,7.62,1.04,-22.95,7.09,151.98,132.0,3.3,91.8,86.1,392.8,597.0,-121.3,25.7,-2.62,21.1
FIVN,🟢 全期強勢,2026Q1,13.2,40,95.0,38/40,95.0,19/20,100.0,12/12,100.0,4/4,✔✔✔✔,15,28.6,8,2025,943.2,1149.1,55.07,2.51,3.43,0.45,4.75,2.11,55.52,451.0,5.74,226.2,201.2,1865.3,1035.7,829.6,273.0,0.24,76.6
BFST,🟢 全期強勢,2026Q1,17.3,23,91.3,21/23,90.0,18/20,100.0,12/12,100.0,4/4,✔✔✔✔,15,26.5,3,2025,10.1,10.7,,,,2.79,8.86,0.99,88.87,,1.05,92.1,92.0,8906.8,7915.6,991.2,589.8,0.0,32.7
LZ,🟢 全期強勢,2026Q1,5.1,15,100.0,15/15,100.0,15/15,100.0,12/12,100.0,4/4,✔✔✔✔,15,21.0,3,2025,669.6,756.0,65.88,3.3,2.04,0.08,10.5,3.14,70.13,71.0,11.55,178.2,147.9,491.9,344.9,146.9,183.2,0.0,171.6
TECH,🟢 全期強勢,2026Q3,4.2,40,95.0,38/40,95.0,19/20,100.0,12/12,100.0,4/4,✔✔✔✔,15,19.2,10,2025,1186.4,1219.6,64.8,8.38,6.02,0.46,3.52,2.88,,449.0,3.92,287.6,256.6,2550.6,,2085.3,209.8,0.01,156.6
FISV,🟢 全期強勢,2026Q1,5.1,40,85.0,34/40,95.0,19/20,100.0,12/12,100.0,4/4,✔✔✔✔,15,16.8,8,2025,19340.0,21193.0,,27.45,16.42,6.34,13.28,4.32,67.45,106.0,1.74,6062.0,4299.0,80548.0,54327.0,26201.0,829.0,0.2,533.3
CAKE,🟢 全期強勢,2026Q1,4.0,40,87.5,35/40,90.0,18/20,100.0,12/12,100.0,4/4,✔✔✔✔,15,10.5,8,2025,3475.5,3751.8,,4.99,3.96,3.06,32.32,4.5,86.07,59.0,2.03,301.3,155.1,3297.3,2838.1,459.2,235.1,1.37,49.7
COST,🟢 全期強勢,2026Q3,8.0,40,92.5,37/40,95.0,19/20,100.0,12/12,100.0,4/4,✔✔✔✔,15,9.4,9,2025,256613.0,275235.0,,3.77,2.94,18.21,24.17,9.37,61.23,107.0,1.65,13335.0,7837.0,86430.0,52921.0,33509.0,18946.0,0.17,443.5
AVAH,🟢 全期強勢,2026Q1,14.0,15,100.0,15/15,100.0,15/15,100.0,12/12,100.0,4/4,✔✔✔✔,15,9.1,2,2026,2063.9,2433.2,33.31,10.54,9.25,1.05,93.74,11.13,88.09,147.0,0.56,125.9,,2022.0,1781.3,240.1,189.3,5.4,217.8
AZO,🟢 全期強勢,2026Q3,5.4,40,90.0,36/40,95.0,19/20,100.0,12/12,100.0,4/4,✔✔✔✔,15,6.8,10,2025,17868.3,18938.7,52.62,19.06,13.19,144.87,-89.72,11.94,,89.0,1.25,3117.3,1790.1,20916.5,,-2784.6,253.7,-3.42,16.3
ABNB,🟢 全期強勢,2026Q1,6.1,14,100.0,14/14,100.0,14/14,100.0,12/12,100.0,4/4,✔✔✔✔,14,50.9,1,2025,10047.0,12241.0,,20.78,20.51,,32.88,9.36,71.54,144.0,1.85,4646.0,,26828.0,19192.0,7636.0,7037.0,0.32,
ALHC,🟢 全期強勢,2026Q1,47.5,14,100.0,14/14,100.0,14/14,100.0,12/12,100.0,4/4,✔✔✔✔,14,29.7,1,2025,2929.3,3948.7,,0.37,-0.02,0.0,-0.35,-0.06,83.6,158.0,-193.27,139.9,113.1,1261.6,1054.7,206.9,705.6,1.56,206.7
TRUP,🟢 全期強勢,2026Q1,11.7,39,97.4,38/39,95.0,19/20,100.0,12/12,100.0,4/4,✔✔✔✔,14,28.6,6,2025,1144.5,1439.3,,0.96,,0.45,,,57.16,173.0,,89.5,75.4,921.6,526.8,394.8,153.5,0.28,43.6
ADBE,🟢 全期強勢,2026Q2,10.6,40,92.5,37/40,95.0,19/20,100.0,12/12,100.0,4/4,✔✔✔✔,14,19.2,10,2025,20505.0,23769.0,89.27,36.63,30.0,16.7,61.9,23.82,61.52,75.0,1.41,10031.0,9852.0,29933.0,18415.0,11518.0,4919.0,0.58,397.5
RJF,🟢 全期強勢,2026Q2,5.7,40,92.5,37/40,90.0,18/20,100.0,12/12,100.0,4/4,✔✔✔✔,14,12.8,10,2025,13714.0,15912.0,,,13.42,10.3,16.99,2.32,86.29,,1.14,2434.0,2246.0,91944.0,79334.0,12567.0,11219.0,0.0,194.9
COO,🟢 全期強勢,2026Q2,6.3,40,87.5,35/40,90.0,18/20,100.0,12/12,100.0,4/4,✔✔✔✔,14,12.1,10,2025,3686.0,4092.4,65.54,16.69,9.16,1.87,4.55,3.0,33.99,127.0,2.12,796.1,433.7,12482.3,4243.2,8238.9,138.8,0.3,195.0
SPGI,🟢 全期強勢,2026Q1,8.2,40,92.5,37/40,90.0,18/20,100.0,12/12,100.0,4/4,✔✔✔✔,14,11.2,8,2025,12783.0,15336.0,,42.24,29.15,14.66,14.34,7.35,40.44,68.0,1.26,5651.0,5456.0,60792.0,24587.0,31173.0,1810.0,0.43,296.0
COR,🟢 全期強勢,2026Q2,10.3,40,95.0,38/40,95.0,19/20,100.0,12/12,100.0,4/4,✔✔✔✔,14,9.9,9,2025,278447.0,321332.8,3.57,0.82,0.48,7.96,45.74,1.9,,95.0,2.49,3875.1,3207.1,81652.1,,3397.6,2176.5,3.65,194.6
DRI,🟢 全期強勢,2026Q3,6.2,40,90.0,36/40,85.0,17/20,100.0,12/12,100.0,4/4,✔✔✔✔,14,8.5,8,2025,10860.1,12076.7,20.47,11.28,8.69,8.86,49.89,8.14,83.68,39.0,1.63,1707.0,1062.4,12888.8,10784.8,2104.0,240.4,1.02,114.5
SYY,🟢 全期強勢,2026Q3,1.1,29,79.3,23/29,80.0,16/20,100.0,12/12,100.0,4/4,✔✔✔✔,14,7.4,5,2025,78270.0,81370.0,18.4,3.8,2.25,3.73,79.58,6.53,,133.0,1.37,2510.0,1604.0,27983.0,,2297.0,1900.0,4.82,478.2
RSSS,🟢 全期強勢,2026Q3,4.5,40,80.0,32/40,90.0,18/20,100.0,12/12,100.0,4/4,✔✔✔✔,14,4.3,9,2025,48.8,49.1,49.32,5.1,2.58,0.04,6.64,2.75,58.52,82.0,5.55,7.0,7.0,45.9,26.9,19.1,12.1,0.0,33.4
LFST,🟢 全期強勢,2026Q1,10.8,13,100.0,13/13,100.0,13/13,100.0,12/12,100.0,4/4,✔✔✔✔,13,31308.4,1,2025,1088.2,1424.3,,1.7,0.68,,0.65,0.45,31.15,148.0,15.12,146.2,110.0,2145.9,668.5,1477.4,194.8,0.19,387.8
ASTH,🟢 全期強勢,2025Q3,37.5,40,90.0,36/40,85.0,17/20,100.0,12/12,100.0,4/4,✔✔✔✔,13,141.4,6,2025,1695.9,3181.8,,2.47,0.71,0.46,2.81,0.95,75.52,135.0,5.1,114.6,104.5,2358.8,1781.4,800.3,478.4,1.28,55.7
HRMY,🟢 全期強勢,2026Q1,19.5,14,92.9,13/14,92.9,13/14,100.0,12/12,100.0,4/4,✔✔✔✔,13,50.1,0,2025,612.1,868.5,77.16,24.0,18.27,2.71,17.43,12.48,28.42,358.0,2.19,348.2,347.9,1271.8,361.5,910.3,589.4,0.17,57.9
DASH,🟢 全期強勢,2026Q1,20.7,13,100.0,13/13,100.0,13/13,100.0,12/12,100.0,4/4,✔✔✔✔,13,47.4,0,2025,9154.0,13717.0,,5.27,6.82,2.13,9.17,4.74,48.2,143.0,2.6,2431.0,2174.0,19711.0,9501.0,10198.0,4575.0,0.0,
IRMD,🟢 全期強勢,2026Q1,10.9,39,82.1,32/39,85.0,17/20,100.0,12/12,100.0,4/4,✔✔✔✔,13,37.5,6,2025,75.2,83.8,76.75,31.2,26.82,1.75,22.82,19.65,13.88,713.0,1.11,24.9,17.2,114.4,15.9,98.5,56.4,0.0,12.8
VCYT,🟢 全期強勢,2026Q1,18.2,35,91.4,32/35,90.0,18/20,100.0,12/12,100.0,4/4,✔✔✔✔,13,33.6,2,2025,378.7,517.1,70.1,11.17,12.83,0.82,4.94,4.62,6.4,931.0,2.05,136.3,126.6,1436.4,92.0,1344.4,263.1,0.0,79.8
RPD,🟢 全期強勢,2026Q1,2.5,34,91.2,31/34,95.0,19/20,100.0,12/12,100.0,4/4,✔✔✔✔,13,32.2,4,2025,782.9,859.8,70.34,1.35,2.72,0.36,13.38,1.36,89.84,78.0,6.58,153.8,146.2,1719.6,1544.9,174.8,343.3,0.1,66.8
UBER,🟢 全期強勢,2026Q1,13.8,20,85.0,17/20,85.0,17/20,100.0,12/12,100.0,4/4,✔✔✔✔,13,31.9,1,2025,38683.0,52017.0,,10.7,19.33,4.73,40.62,16.79,56.9,107.0,1.0,10099.0,9763.0,59885.0,34073.0,24751.0,5558.0,0.42,2035.6
VRRM,🟢 全期強勢,2026Q1,6.4,22,81.8,18/22,80.0,16/20,100.0,12/12,100.0,4/4,✔✔✔✔,13,30.7,3,2025,830.8,979.1,,24.35,13.96,0.85,50.23,8.25,83.57,189.0,1.87,255.8,136.7,1656.0,1384.0,272.0,46.9,3.88,151.9
FWRG,🟢 全期強勢,2026Q1,16.4,13,100.0,13/13,100.0,13/13,100.0,12/12,100.0,4/4,✔✔✔✔,13,28.3,2,2025,931.3,1222.5,,2.25,1.59,0.31,3.1,1.1,64.62,29.0,6.48,125.9,-31.0,1774.1,1146.4,627.7,23.6,0.0,61.6
AFRM,🟢 全期強勢,2026Q3,39.8,14,92.9,13/14,92.9,13/14,100.0,12/12,100.0,4/4,✔✔✔✔,13,25.3,0,2025,1002.4,1114.0,,-7.83,4.68,0.15,1.38,0.4,71.21,,15.21,793.9,601.7,13141.6,9358.2,3783.4,1723.4,2.35,59.2
EXPE,🟢 全期強勢,2026Q1,3.4,40,85.0,34/40,80.0,16/20,100.0,12/12,100.0,4/4,✔✔✔✔,13,24.3,6,2025,12938.0,14733.0,,12.7,8.78,9.81,224.65,4.89,,73.0,3.0,3880.0,3110.0,26459.0,,576.0,5540.0,7.76,114.5
MGRC,🟢 全期強勢,2026Q1,4.0,40,85.0,34/40,90.0,18/20,100.0,12/12,100.0,4/4,✔✔✔✔,13,23.2,4,2025,839.4,944.2,48.18,25.8,16.55,6.35,12.64,6.57,48.0,,1.64,255.7,211.3,2378.2,1141.4,1236.7,2.4,0.24,24.6
SPSC,🟢 全期強勢,2026Q1,21.4,40,95.0,38/40,95.0,19/20,100.0,12/12,100.0,4/4,✔✔✔✔,13,19.4,10,2025,568.9,751.5,69.18,15.74,12.42,2.46,9.7,8.04,17.14,212.0,1.92,178.8,152.3,1161.2,199.0,962.2,154.3,0.0,36.7
CMG,🟢 全期強勢,2026Q1,6.4,26,88.5,23/26,90.0,18/20,100.0,12/12,100.0,4/4,✔✔✔✔,13,18.5,6,2025,10045.1,11925.6,,16.23,12.88,1.14,63.79,17.45,72.65,92.0,1.38,2113.9,1447.6,8803.2,6395.6,2407.6,246.6,0.0,1282.7
CPRT,🟢 全期強勢,2026Q3,7.5,40,80.0,32/40,90.0,18/20,100.0,12/12,100.0,4/4,✔✔✔✔,13,17.1,8,2025,4223.6,4647.0,,36.51,33.41,1.59,17.69,16.09,8.89,761.0,1.16,1799.8,1230.8,9649.0,857.6,8774.3,3354.1,0.0,925.8
LUV,🟢 全期強勢,2026Q1,1.6,40,82.5,33/40,80.0,16/20,100.0,12/12,100.0,4/4,✔✔✔✔,13,16.2,7,2025,26190.0,28063.0,,1.53,1.57,0.79,6.41,1.5,,48.0,4.18,1842.0,-831.0,29355.0,,6875.0,3328.0,0.75,488.8
IT,🟢 全期強勢,2026Q1,4.2,40,87.5,35/40,85.0,17/20,100.0,12/12,100.0,4/4,✔✔✔✔,13,15.2,9,2025,5968.2,6497.2,68.77,15.79,11.22,9.65,1150.5,9.53,99.17,94.0,1.77,1290.4,1175.2,7655.3,7591.9,63.4,1666.9,47.06,67.0
MSCI,🟢 全期強勢,2026Q1,9.7,40,87.5,35/40,95.0,19/20,100.0,12/12,100.0,4/4,✔✔✔✔,13,14.2,10,2025,2594.8,3134.5,,54.67,38.36,15.69,-43.34,21.68,150.03,86.0,1.32,1588.4,1549.1,5545.3,8319.4,-2774.1,385.3,-2.31,72.8
MMSI,🟢 全期強勢,2026Q1,9.8,27,92.6,25/27,90.0,18/20,100.0,12/12,100.0,4/4,✔✔✔✔,13,14.2,6,2025,1289.2,1515.9,48.7,12.19,8.48,2.13,7.9,4.73,40.18,508.0,2.31,297.4,215.7,2719.3,1092.6,1626.7,488.1,0.45,59.7
AXP,🟢 全期強勢,2026Q1,3.1,29,79.3,23/29,80.0,16/20,100.0,12/12,100.0,4/4,✔✔✔✔,13,13.8,7,2025,37505.0,41304.0,,,26.23,15.38,31.87,3.51,88.99,,1.7,18428.0,16003.0,308894.0,274899.0,33995.0,53757.0,1.73,682.3
IQV,🟢 全期強勢,2026Q1,2.5,40,90.0,36/40,90.0,18/20,100.0,12/12,100.0,4/4,✔✔✔✔,13,13.8,9,2025,15076.0,16310.0,,13.38,8.34,7.84,21.86,4.58,78.6,75.0,1.95,2654.0,2051.0,29675.0,23326.0,6221.0,1947.0,2.55,166.9
KDP,🟢 全期強勢,2026Q1,4.8,40,80.0,32/40,95.0,19/20,100.0,12/12,100.0,4/4,✔✔✔✔,13,13.4,6,2025,14981.0,16603.0,54.2,21.53,12.52,1.53,8.23,2.84,54.06,231.0,0.96,1991.0,1505.0,73140.0,39540.0,25261.0,898.0,0.91,1360.6
UNH,🟢 全期強勢,2026Q1,9.8,40,92.5,37/40,95.0,19/20,100.0,12/12,100.0,4/4,✔✔✔✔,13,12.8,10,2025,381401.0,447567.0,,4.24,2.69,13.23,11.6,3.86,66.31,80.0,1.63,19697.0,16075.0,312644.0,207325.0,103895.0,28001.0,0.75,908.1
INTU,🟢 全期強勢,2026Q3,15.1,40,80.0,32/40,85.0,17/20,100.0,12/12,100.0,4/4,✔✔✔✔,13,12.7,2,2025,16267.0,18831.0,,26.14,20.55,13.67,18.76,9.84,47.55,145.0,1.6,6207.0,6123.0,39330.0,18701.0,20629.0,4681.0,0.3,273.5
EEFT,🟢 全期強勢,2026Q1,6.8,40,87.5,35/40,90.0,18/20,100.0,12/12,100.0,4/4,✔✔✔✔,13,11.6,9,2025,3746.5,4244.2,,12.48,7.29,6.84,25.55,4.89,80.62,128.0,1.81,559.8,434.3,6332.0,5105.1,1211.4,1229.5,2.11,38.1
CVS,🟢 全期強勢,2026Q1,7.0,40,82.5,33/40,95.0,19/20,100.0,12/12,100.0,4/4,✔✔✔✔,13,10.6,9,2025,363927.0,402067.0,,1.16,0.44,1.39,2.28,0.7,69.31,87.0,6.02,10639.0,7807.0,252974.0,175337.0,77456.0,9542.0,0.93,1275.9
EXPO,🟢 全期強勢,2026Q1,0.4,40,85.0,34/40,85.0,17/20,100.0,12/12,100.0,4/4,✔✔✔✔,13,8.0,10,2025,537.3,582.0,,20.58,18.21,2.07,31.33,15.42,50.78,240.0,1.24,131.7,122.3,687.4,349.0,338.3,118.6,0.0,48.5
LAMR,🟢 全期強勢,2026Q1,1.5,29,79.3,23/29,80.0,16/20,100.0,12/12,100.0,4/4,✔✔✔✔,13,7.4,7,2025,2118.3,2266.2,,34.16,25.91,5.77,59.81,8.49,85.8,58.0,1.47,864.0,683.2,6913.3,5931.7,981.7,39.3,3.56,
DUOL,🟢 全期強勢,2026Q1,37.7,12,100.0,12/12,100.0,12/12,100.0,12/12,100.0,4/4,✔✔✔✔,12,44.0,0,2025,769.2,1037.6,72.23,13.07,39.91,8.57,29.75,20.12,32.37,262.0,0.94,387.8,369.7,2058.0,666.2,1391.8,1138.6,0.0,16.6
FLYW,🟢 全期強勢,2026Q1,17.0,12,100.0,12/12,100.0,12/12,100.0,12/12,100.0,4/4,✔✔✔✔,12,38.9,0,2025,422.4,623.0,,1.81,2.17,0.11,1.58,1.16,26.68,175.0,7.42,100.2,98.8,1162.4,310.2,852.2,311.9,0.02,121.5
LYFT,🟢 全期強勢,2026Q1,19.9,22,81.8,18/22,80.0,16/20,100.0,12/12,100.0,4/4,✔✔✔✔,12,32.8,3,2025,5369.6,5895.5,,-3.2,48.24,6.81,93.99,31.99,65.96,58.0,0.41,1168.4,,8890.0,5864.0,3025.9,1034.9,0.34,379.7
DAVE,🟢 全期強勢,2026Q1,46.7,12,100.0,12/12,100.0,12/12,100.0,12/12,100.0,4/4,✔✔✔✔,12,32.2,2,2025,354.2,554.2,,,35.34,13.53,96.12,36.92,61.59,386.0,1.48,290.0,289.7,530.5,326.7,203.8,133.3,0.0,
FRSH,🟢 全期強勢,2026Q1,18.9,12,100.0,12/12,100.0,12/12,100.0,12/12,100.0,4/4,✔✔✔✔,12,26.0,1,2025,627.6,838.8,84.96,1.57,21.9,0.63,18.03,11.44,36.51,194.0,1.32,242.4,236.7,1605.4,586.2,1019.2,548.2,0.0,153.9
VMD,🟢 全期強勢,2026Q1,16.9,21,90.5,19/21,90.0,18/20,100.0,12/12,100.0,4/4,✔✔✔✔,12,25.2,3,2025,191.5,270.3,57.52,8.49,5.53,0.37,10.38,7.57,26.13,122.0,3.48,51.9,11.9,197.4,51.6,143.9,9.8,0.06,38.3
ROAD,🟢 全期強勢,2026Q2,53.9,26,84.6,22/26,85.0,17/20,100.0,12/12,100.0,4/4,✔✔✔✔,12,17.5,4,2025,1928.8,2812.4,15.61,7.99,3.62,1.84,10.39,2.96,71.52,153.0,2.86,291.3,153.4,3438.8,2459.4,979.4,76.9,1.79,19.2
TW,🟢 全期強勢,2026Q1,24.7,22,86.4,19/22,90.0,18/20,100.0,12/12,100.0,4/4,✔✔✔✔,12,16.4,4,2025,1772.3,2052.4,,40.7,39.6,3.78,12.28,9.8,11.89,,1.44,1167.6,1127.1,8295.7,986.1,6620.3,1937.3,0.0,
RELY,🟢 全期強勢,2026Q1,34.4,11,100.0,11/11,100.0,11/11,100.0,11/11,100.0,4/4,✔✔✔✔,11,43.4,0,2025,1273.7,1635.1,,4.74,4.15,0.31,7.49,4.9,34.52,284.0,4.79,325.1,295.7,1385.8,478.3,907.4,649.1,0.0,210.6
NCNO,🟢 全期強勢,2027Q1,12.5,11,100.0,11/11,100.0,11/11,100.0,11/11,100.0,4/4,✔✔✔✔,11,27.0,1,2026,492.6,594.8,60.55,0.63,0.87,0.05,0.53,0.32,38.77,89.0,17.39,90.1,82.6,1607.8,623.4,970.4,102.8,0.27,109.6
DKNG,🟢 全期強勢,2026Q1,19.9,10,100.0,10/10,100.0,10/10,100.0,10/10,100.0,4/4,✔✔✔✔,10,59.3,0,2025,3899.2,6054.5,,-0.26,0.06,-0.01,0.61,0.09,85.95,102.0,178.67,662.9,647.5,4307.5,3702.5,605.0,999.4,0.0,
LIF,🟢 全期強勢,2026Q1,32.5,9,100.0,9/9,100.0,9/9,100.0,9/9,100.0,4/4,✔✔✔✔,9,43.2,0,2025,329.9,489.5,77.81,3.85,30.81,1.77,25.24,14.49,42.58,537.0,0.59,88.6,86.8,1040.9,443.2,597.6,351.2,0.01,81.0
RSVR,🟢 全期強勢,2026Q3,19.2,9,100.0,9/9,100.0,9/9,100.0,9/9,100.0,4/4,✔✔✔✔,9,27.6,1,2026,152.8,175.7,,21.76,4.73,0.13,2.2,0.87,60.14,141.0,6.04,50.1,49.7,949.7,571.1,377.7,25.9,1.21,65.7
XERS,🟢 全期強勢,2026Q1,47.9,6,100.0,6/6,100.0,6/6,100.0,6/6,100.0,4/4,✔✔✔✔,6,55.9,0,2025,183.4,291.8,,8.53,0.19,0.0,4.26,0.14,96.68,212.0,51.67,28.6,,392.0,379.0,13.0,111.8,17.0,172.6
CART,🟢 全期強勢,2026Q1,9.4,6,100.0,6/6,100.0,6/6,100.0,6/6,100.0,4/4,✔✔✔✔,6,22.3,1,2025,3119.0,3742.0,73.7,13.31,11.95,1.6,18.66,12.64,26.62,236.0,2.17,971.0,910.0,3535.0,941.0,2395.0,631.0,0.0,235.0
NESR,🟢 全期強勢,2026Q1,2.1,6,100.0,6/6,100.0,6/6,100.0,6/6,100.0,4/4,✔✔✔✔,6,20.6,0,2025,1152.2,1324.0,12.44,7.43,3.86,0.52,5.14,2.66,48.27,104.0,5.17,264.2,120.8,1923.9,928.7,995.2,93.0,0.24,100.8
MRBK,🟢 全期強勢,2026Q1,16.6,6,100.0,6/6,100.0,6/6,100.0,6/6,100.0,4/4,✔✔✔✔,6,15.8,1,2025,6.0,6.3,,,,1.89,10.91,0.85,92.23,,1.11,24.3,22.6,2576.6,2376.4,200.2,40.0,0.06,11.9
VLTO,🟢 全期強勢,2026Q1,6.9,6,100.0,6/6,100.0,6/6,100.0,6/6,100.0,4/4,✔✔✔✔,6,3.7,1,2025,5107.0,5503.0,59.95,23.21,17.08,3.76,31.28,12.28,,148.0,1.15,1077.0,1014.0,7653.0,,3005.0,1431.0,0.89,245.6
GEV,— 資料不足/新上市,2026Q1,10.6,5,100.0,5/5,100.0,5/5,100.0,5/5,100.0,4/4,✔✔✔✔,5,12.7,1,2025,34011.0,38068.0,19.79,3.65,12.83,17.69,35.08,6.46,80.08,89.0,1.02,4987.0,3710.0,75612.0,60547.0,13922.0,10172.0,0.0,268.7
SOLV,— 資料不足/新上市,2026Q1,2.7,5,100.0,5/5,100.0,5/5,100.0,5/5,100.0,4/4,✔✔✔✔,5,1.2,1,2025,8251.0,8325.0,53.47,26.2,18.69,8.88,31.31,11.04,64.75,107.0,0.24,369.0,-10.0,14097.0,9128.0,4969.0,561.0,1.02,173.2
ALAB,— 資料不足/新上市,2026Q1,144.3,4,100.0,4/4,100.0,4/4,100.0,4/4,100.0,4/4,✔✔✔✔,4,309.8,0,2025,414.6,852.5,75.69,20.34,25.7,1.22,14.67,13.21,9.96,1130.0,1.46,319.3,281.8,1659.2,165.3,1493.9,148.3,0.0,171.4
GCT,— 資料不足/新上市,2026Q1,8.3,4,100.0,4/4,100.0,4/4,100.0,4/4,100.0,4/4,✔✔✔✔,4,69.5,0,2025,1137.2,1289.9,23.31,11.24,10.65,3.59,26.92,11.17,58.52,207.0,1.39,190.7,182.8,1230.2,719.9,510.3,330.3,0.0,9.3
PGY,— 資料不足/新上市,2026Q1,19.3,4,100.0,4/4,100.0,4/4,100.0,4/4,100.0,4/4,✔✔✔✔,4,27.2,0,2025,1011.6,1261.3,,20.92,6.45,0.93,15.38,4.94,61.83,142.0,2.93,238.6,224.7,1648.6,1019.4,529.3,317.8,0.67,
BTSG,— 資料不足/新上市,2026Q1,25.9,4,100.0,4/4,100.0,4/4,100.0,4/4,100.0,4/4,✔✔✔✔,4,16.6,0,2025,10203.4,12910.6,11.76,2.29,1.48,0.87,9.63,3.07,67.97,174.0,2.57,490.2,394.7,6213.3,4223.4,1979.3,888.8,1.26,193.9
ARM,— 資料不足/新上市,2026Q3,19.3,4,100.0,4/4,100.0,4/4,100.0,4/4,100.0,4/4,✔✔✔✔,4,16.4,0,2026,3233.0,4920.0,97.54,18.29,18.37,0.85,10.91,8.45,22.58,600.0,1.69,1524.0,979.0,10703.0,2417.0,8286.0,2751.0,0.0,1064.1
FUNC,— 資料不足/新上市,2022Q4,7.1,4,100.0,4/4,100.0,4/4,100.0,4/4,100.0,4/4,✔✔✔✔,4,15.6,1,2025,16.1,18.4,,,,3.77,11.94,1.2,89.93,,0.79,19.4,15.4,2039.0,1833.7,205.3,89.8,0.15,6.4
KRNY,— 資料不足/新上市,2023Q3,30.4,3,100.0,3/3,100.0,3/3,100.0,3/3,100.0,3/3,✔✔✔,3,30.8,0,2022,2.5,2.6,,,,0.95,8.85,0.89,89.97,,0.37,24.8,21.4,7607.7,6844.6,763.0,123.8,0.0,64.7
WAY,— 資料不足/新上市,2026Q1,14.1,3,100.0,3/3,100.0,3/3,100.0,3/3,100.0,3/3,✔✔✔,3,18.5,0,2025,822.7,1099.3,,22.68,10.2,0.61,2.85,1.92,32.57,176.0,2.76,309.7,283.2,5839.0,1901.6,3937.4,34.3,0.37,191.8
DSGX,— 資料不足/新上市,2026Q2,14.0,3,100.0,3/3,100.0,3/3,100.0,3/3,100.0,3/3,✔✔✔,3,16.1,0,2026,534.4,729.0,77.08,28.8,22.46,1.87,10.12,8.64,14.6,216.0,1.63,266.2,260.5,1895.7,276.8,1618.9,356.5,0.02,86.0
TWFG,— 資料不足/新上市,2026Q1,16.6,3,100.0,3/3,100.0,3/3,100.0,3/3,100.0,3/3,✔✔✔,3,14.8,0,2025,179.7,248.5,,14.88,16.56,0.53,59.5,11.09,17.44,342.0,1.3,53.5,53.1,371.2,64.7,69.2,124.8,0.05,
KRYS,— 資料不足/新上市,2026Q1,94.9,2,100.0,2/2,100.0,2/2,100.0,2/2,100.0,2/2,✔✔,2,487.4,0,2025,287.6,389.1,,41.45,52.64,6.84,16.04,14.66,8.61,946.0,0.98,200.9,188.9,1397.0,120.2,1276.7,501.3,0.0,29.5
SW,— 資料不足/新上市,2026Q1,161.3,2,100.0,2/2,100.0,2/2,100.0,2/2,100.0,2/2,✔✔,2,162.2,0,2025,21226.0,31179.0,19.38,5.51,2.24,1.33,3.87,1.55,59.97,144.0,4.85,3392.0,1200.0,45170.0,27087.0,18058.0,674.0,0.79,524.5
ESEA,— 資料不足/新上市,2021Q1,85.1,2,100.0,2/2,100.0,2/2,100.0,2/2,100.0,2/2,✔✔,2,42.7,0,2025,38.6,227.9,,65.61,60.11,19.72,29.55,19.55,33.84,489.0,1.03,141.1,,700.5,237.0,463.4,176.5,0.47,7.1
BLK,— 資料不足/新上市,2026Q1,11.6,2,100.0,2/2,100.0,2/2,100.0,2/2,100.0,2/2,✔✔,2,13.3,0,2025,18407.0,24216.0,,29.09,22.93,35.31,9.8,3.26,62.81,,0.71,3927.0,3552.0,170237.0,106921.0,56688.0,9841.0,0.22,154.9
ISBA,— 資料不足/新上市,2019Q3,2.9,2,100.0,2/2,100.0,2/2,100.0,2/2,100.0,2/2,✔✔,2,5.0,0,2018,5.6,5.7,,,,1.74,5.99,0.62,89.61,,1.91,26.8,23.3,2252.0,2018.0,234.0,50.1,0.0,7.3
SBFG,— 資料不足/新上市,2019Q3,2.5,2,100.0,2/2,100.0,2/2,100.0,2/2,100.0,2/2,✔✔,2,1.7,0,2025,2.8,,,,,2.19,9.73,0.87,91.05,,1.72,24.0,21.4,1604.6,1460.9,143.7,126.3,0.14,6.3
ACNB,— 資料不足/新上市,2026Q1,37.4,1,100.0,1/1,100.0,1/1,100.0,1/1,100.0,1/1,✔,1,37.4,0,2025,126.9,191.8,,,19.32,3.6,8.71,1.13,86.99,,1.45,53.6,52.6,3269.9,2844.4,425.5,93.6,0.51,10.2
SHOP,— 資料不足/新上市,2026Q1,26.8,1,100.0,1/1,100.0,1/1,100.0,1/1,100.0,1/1,✔,1,26.8,0,2025,7559.0,11556.0,48.07,12.7,10.65,0.94,9.85,8.72,,620.0,1.65,2033.0,2007.0,14121.0,,12501.0,1848.0,0.0,
CFBK,— 資料不足/新上市,2019Q3,20.8,1,100.0,1/1,100.0,1/1,100.0,1/1,100.0,1/1,✔,1,20.8,0,2025,0.5,,,,,2.69,9.28,0.82,91.19,,1.07,18.7,18.2,2145.8,1956.8,189.0,267.8,0.16,5.3
SDA,— 資料不足/新上市,2026Q1,19.9,1,100.0,1/1,100.0,1/1,100.0,1/1,100.0,1/1,✔,1,19.9,0,2024,,441.9,,-13.21,-14.59,-0.72,-194.3,-24.89,64.03,128.0,-0.18,11.8,11.3,259.0,165.8,33.2,13.5,0.04,
BUSE,— 資料不足/新上市,2026Q1,12.8,1,100.0,1/1,100.0,1/1,100.0,1/1,100.0,1/1,✔,1,12.8,0,2025,456.0,719.6,,,18.8,1.47,5.61,0.75,86.62,,1.42,192.6,173.0,18036.6,15623.6,2413.0,288.5,0.04,84.6
HAFC,— 資料不足/新上市,2026Q1,7.6,1,100.0,1/1,100.0,1/1,100.0,1/1,100.0,1/1,✔,1,7.6,0,2025,259.9,270.2,,28.16,28.16,2.51,9.48,0.97,89.76,,2.71,206.0,203.7,7839.2,7036.4,802.8,254.0,0.0,29.8
FMNB,— 資料不足/新上市,2026Q1,6.9,1,100.0,1/1,100.0,1/1,100.0,1/1,100.0,1/1,✔,1,6.9,0,2025,259.6,279.9,,,19.5,1.45,7.12,0.76,89.31,,1.1,60.0,52.2,7175.5,6408.6,766.9,26.6,0.12,59.2
BPOP,— 資料不足/新上市,2026Q1,4.3,1,100.0,1/1,100.0,1/1,100.0,1/1,100.0,1/1,✔,1,4.3,0,2012,,756.1,,,32.44,,3.89,0.32,91.71,,3.58,878.4,681.0,76131.0,69819.9,6311.1,394.7,0.0,64.5
UVSP,— 資料不足/新上市,2026Q1,2.8,1,100.0,1/1,100.0,1/1,100.0,1/1,100.0,1/1,✔,1,2.8,0,2025,299.0,328.1,,,27.67,3.13,9.53,1.11,88.31,,1.12,101.5,96.9,8141.6,7189.6,952.0,222.4,0.22,27.8
PANW,🟢 全期強勢,2026Q3,15.3,40,95.0,38/40,90.0,18/20,91.7,11/12,100.0,4/4,✔✔✔✔,11,32.2,7,2025,7739.7,9221.5,73.41,13.48,12.3,1.6,4.1,2.45,40.2,86.0,3.28,3716.0,3469.8,46266.0,18598.0,27668.0,2364.0,0.07,815.0
DIS,🟢 全期強勢,2026Q2,7.0,16,93.8,15/16,93.8,15/16,91.7,11/12,100.0,4/4,✔✔✔✔,11,28.0,3,2025,91577.0,94425.0,,18.59,13.14,6.85,11.41,6.04,,68.0,1.46,18101.0,10077.0,205217.0,,108708.0,5682.0,0.44,1736.5
PRVA,🟢 全期強勢,2026Q1,15.6,15,93.3,14/15,93.3,14/15,91.7,11/12,100.0,4/4,✔✔✔✔,11,27.8,2,2025,1722.6,2122.8,,1.61,1.08,0.18,3.04,1.62,43.16,161.0,7.13,163.4,,1417.9,612.0,753.1,419.5,0.0,126.0
FTNT,🟢 全期強勢,2026Q1,13.8,40,92.5,37/40,95.0,19/20,91.7,11/12,100.0,4/4,✔✔✔✔,11,23.7,9,2025,5491.2,6799.6,80.46,30.66,27.26,2.42,187.27,18.75,89.99,115.0,1.4,2590.6,2225.8,9883.5,8893.8,989.7,2223.8,0.5,732.6
PDEX,🟢 全期強勢,2026Q3,21.8,40,87.5,35/40,85.0,17/20,91.7,11/12,100.0,4/4,✔✔✔✔,11,20.5,9,2025,64.1,66.6,29.3,16.05,13.48,2.67,19.86,11.97,39.72,367.0,-0.19,-1.7,,75.0,29.8,45.2,6.6,0.34,3.2
IESC,🟢 全期強勢,2026Q2,18.2,40,90.0,36/40,90.0,18/20,91.7,11/12,100.0,4/4,✔✔✔✔,11,19.4,8,2024,3057.7,3371.5,25.49,11.38,9.08,15.02,28.52,15.34,45.98,155.0,0.94,286.1,218.8,1994.0,916.8,1072.7,48.7,0.0,19.9
PAYX,🟢 全期強勢,2026Q3,5.1,40,87.5,35/40,80.0,16/20,91.7,11/12,100.0,4/4,✔✔✔✔,11,8.3,10,2025,5060.1,5410.0,,40.81,30.63,4.58,41.29,9.46,77.08,126.0,1.15,1900.9,1709.1,17511.4,13497.8,4013.6,1742.5,1.23,358.3
ADP,🟢 全期強勢,2026Q3,5.7,40,95.0,38/40,90.0,18/20,91.7,11/12,100.0,4/4,✔✔✔✔,11,6.9,10,2025,19012.1,20560.9,,,19.84,9.98,64.25,6.33,90.15,104.0,1.21,4939.7,4771.0,64484.2,58134.1,6350.1,3228.4,0.63,399.7
JKHY,🟢 全期強勢,2026Q3,8.6,40,92.5,37/40,90.0,18/20,91.7,11/12,100.0,4/4,✔✔✔✔,11,6.8,10,2025,2182.0,2375.3,,23.94,19.19,6.24,21.35,14.94,30.02,174.0,1.41,641.5,588.1,3050.6,915.7,2134.8,20.6,0.04,71.1
VLGEA,🟢 全期強勢,2026Q3,3.2,40,90.0,36/40,95.0,19/20,91.7,11/12,100.0,4/4,✔✔✔✔,11,4.3,10,2025,2299.3,2320.7,28.57,3.11,2.43,,10.95,5.59,48.94,117.0,1.65,93.2,34.5,1008.4,493.5,514.9,128.7,0.11,13.8
ANET,🟢 全期強勢,2026Q1,27.6,35,88.6,31/35,80.0,16/20,91.7,11/12,100.0,4/4,✔✔✔✔,10,32.1,2,2025,6293.6,9005.7,64.06,42.82,38.99,2.75,26.04,16.21,37.72,283.0,1.25,4371.9,4252.4,21656.5,8169.4,13487.1,2789.5,0.0,1259.2
OLLI,🟢 全期強勢,2026Q1,13.4,27,85.2,23/27,80.0,16/20,91.7,11/12,100.0,4/4,✔✔✔✔,10,27.1,5,2025,2170.6,2649.2,40.5,11.24,9.08,3.89,12.73,8.04,36.87,232.0,1.23,296.5,194.7,2993.9,1103.8,1890.1,197.7,0.11,60.5
CHEF,🟢 全期強勢,2026Q1,8.7,40,92.5,37/40,85.0,17/20,91.7,11/12,100.0,4/4,✔✔✔✔,10,26.7,6,2025,3510.0,4149.5,24.2,3.5,1.74,1.68,11.89,3.64,69.41,218.0,1.79,129.2,87.8,1989.8,1381.1,608.6,122.7,1.23,40.8
NTNX,🟢 全期強勢,2026Q3,21.8,27,88.9,24/27,85.0,17/20,91.7,11/12,100.0,4/4,✔✔✔✔,10,25.5,3,2025,2000.4,2537.9,86.81,6.8,7.42,0.65,-25.96,5.51,121.23,178.0,4.36,821.5,750.2,3418.6,4144.2,-725.6,718.8,-0.0,270.3
O,🟢 全期強勢,2026Q1,9.5,29,96.6,28/29,95.0,19/20,91.7,11/12,100.0,4/4,✔✔✔✔,10,20.2,4,2025,5311.3,5749.4,,,18.41,1.17,2.7,1.42,44.69,,3.77,3994.8,3863.0,74554.7,33319.0,39147.5,373.5,0.12,932.5
FDS,🟢 全期強勢,2026Q2,4.5,40,87.5,35/40,90.0,18/20,91.7,11/12,100.0,4/4,✔✔✔✔,10,9.7,10,2025,2136.7,2321.7,,32.23,25.72,15.55,28.04,14.15,49.55,143.0,1.22,726.3,617.5,4219.8,2090.7,2129.1,268.3,0.64,36.4
ACMR,🟢 全期強勢,2026Q1,13.2,24,91.7,22/24,95.0,19/20,91.7,11/12,100.0,4/4,✔✔✔✔,9,65.1,1,2025,731.0,901.3,44.39,12.14,10.44,1.37,5.95,3.07,32.04,351.0,-0.11,-10.3,-66.6,3065.9,982.4,1581.5,872.3,0.15,14.2
QLYS,🟢 全期強勢,2026Q1,9.7,40,95.0,38/40,95.0,19/20,91.7,11/12,100.0,4/4,✔✔✔✔,9,28.5,10,2025,568.6,669.1,82.85,33.17,29.64,5.44,34.8,18.12,47.94,143.0,1.56,309.4,304.4,1094.6,524.8,569.9,279.5,0.0,35.2
TSCO,🟢 全期強勢,2026Q1,2.1,25,92.0,23/25,90.0,18/20,91.7,11/12,100.0,4/4,✔✔✔✔,9,25.1,6,2025,14627.9,15524.0,36.42,9.45,7.06,2.06,43.6,9.4,78.45,138.0,1.49,1635.3,740.5,11662.1,9148.3,2513.7,224.3,0.85,524.4
APPN,🟢 全期強勢,2026Q1,11.1,29,96.6,28/29,95.0,19/20,91.7,11/12,100.0,4/4,✔✔✔✔,9,23.7,5,2025,562.0,726.9,72.54,0.08,0.17,0.02,-2.09,0.2,109.46,113.0,50.99,62.9,59.6,623.4,682.3,-59.0,150.0,-4.04,73.5
AVGO,🟢 全期強勢,2026Q2,20.2,27,92.6,25/27,90.0,18/20,91.7,11/12,100.0,4/4,✔✔✔✔,9,20.5,5,2025,55479.0,63887.0,67.77,39.89,36.2,4.77,26.37,12.91,51.05,224.0,1.19,27537.0,26914.0,179158.0,91467.0,87691.0,19628.0,0.74,4757.6
EXLS,🟢 全期強勢,2026Q1,14.8,33,87.9,29/33,80.0,16/20,91.7,11/12,100.0,4/4,✔✔✔✔,9,20.4,6,2025,1695.2,2087.7,38.37,15.03,12.02,1.54,32.23,14.97,53.54,266.0,1.4,350.7,298.1,1676.4,897.6,778.8,145.4,0.54,152.8
DORM,🟢 全期強勢,2026Q1,8.3,40,90.0,36/40,80.0,16/20,91.7,11/12,100.0,4/4,✔✔✔✔,9,14.7,10,2025,1968.8,2130.3,42.14,14.06,9.59,6.64,13.92,8.39,,329.0,0.56,113.6,75.7,2435.1,,1466.7,43.1,0.3,29.9
HUM,🟢 全期強勢,2026Q1,8.4,40,80.0,32/40,90.0,18/20,91.7,11/12,100.0,4/4,✔✔✔✔,9,12.1,10,2025,108875.0,129664.0,,2.09,0.92,9.84,6.39,2.15,66.27,177.0,0.78,921.0,375.0,55280.0,36634.0,18580.0,4951.0,0.75,120.1
PSA,🟢 全期強勢,2026Q1,2.2,40,95.0,38/40,90.0,18/20,91.7,11/12,100.0,4/4,✔✔✔✔,9,10.8,10,2025,4543.7,4824.1,,,36.99,9.01,19.34,8.99,53.05,,1.79,3186.4,,19850.4,10530.7,9224.3,134.6,1.05,175.5
FAST,🟢 全期強勢,2026Q1,3.4,40,90.0,36/40,90.0,18/20,91.7,11/12,100.0,4/4,✔✔✔✔,9,9.8,10,2025,7411.0,8200.5,45.01,20.19,15.35,1.09,31.54,24.15,,439.0,1.03,1295.9,1050.6,5209.8,,3989.5,308.6,0.03,1148.0
ORLY,🟢 全期強勢,2026Q1,4.0,40,92.5,37/40,90.0,18/20,91.7,11/12,100.0,4/4,✔✔✔✔,9,8.3,9,2025,15972.9,17782.0,51.59,19.46,14.27,2.97,-237.87,14.99,,76.0,1.09,2762.0,1593.2,16937.2,,-1067.1,252.6,-6.09,828.7
MAA,🟢 全期強勢,2026Q1,1.0,32,90.6,29/32,90.0,18/20,91.7,11/12,100.0,4/4,✔✔✔✔,9,7.3,5,2025,2154.1,2209.1,,,20.23,3.78,8.07,3.73,52.41,,2.41,1078.2,717.9,11994.5,6286.0,5540.6,71.5,0.0,116.4
GWW,🟢 全期強勢,2026Q1,1.7,40,85.0,34/40,85.0,17/20,91.7,11/12,100.0,4/4,✔✔✔✔,9,6.7,10,2025,16549.0,17942.0,39.06,13.91,9.51,35.4,43.41,18.01,,269.0,1.18,2015.0,1331.0,9473.0,,3930.0,695.0,0.61,47.2
WMT,🟢 全期強勢,2027Q1,2.5,40,87.5,35/40,90.0,18/20,91.7,11/12,100.0,4/4,✔✔✔✔,9,3.2,10,2026,646680.0,706413.0,,4.22,3.1,2.73,23.21,7.56,,77.0,1.9,41565.0,14923.0,289607.0,,94330.0,10729.0,0.43,7958.1
TPG,🟢 全期強勢,2026Q1,6.1,12,91.7,11/12,91.7,11/12,91.7,11/12,100.0,4/4,✔✔✔✔,8,37.2,2,2025,2103.3,2424.1,,,7.61,0.45,4.96,1.39,72.01,,5.59,1032.4,,13307.3,9582.6,3724.8,851.4,0.63,
CCC,🟢 全期強勢,2025Q4,16.2,13,92.3,12/13,92.3,12/13,91.7,11/12,100.0,4/4,✔✔✔✔,8,11.5,3,2025,866.4,1057.0,73.49,8.88,0.16,0.0,0.09,0.05,49.99,143.0,186.9,315.5,254.5,3573.4,1786.4,1787.0,111.2,0.72,607.1
CHDN,🟢 全期強勢,2026Q1,8.8,20,85.0,17/20,85.0,17/20,91.7,11/12,100.0,4/4,✔✔✔✔,7,24.1,0,2025,2513.8,2925.9,,23.37,13.09,,34.95,5.12,84.72,54.0,2.01,769.8,699.6,7485.0,6341.0,1096.0,200.0,4.5,69.7
WTFC,🟢 全期強勢,2024Q3,14.3,40,87.5,35/40,90.0,18/20,91.7,11/12,100.0,4/4,✔✔✔✔,6,64.5,3,2025,2204.1,265.6,,,,11.4,11.17,1.14,89.77,,1.11,910.3,860.4,72157.4,64779.3,7378.1,543.7,0.1,67.4
COFS,🟢 全期強勢,2026Q1,38.2,20,80.0,16/20,80.0,16/20,91.7,11/12,100.0,4/4,✔✔✔✔,5,73.3,0,2025,83.9,227.6,,,12.38,2.01,5.99,0.64,89.3,,1.13,31.8,25.2,4394.6,3924.6,470.0,84.2,0.0,15.0
DXCM,🟢 全期強勢,2026Q1,12.5,40,90.0,36/40,95.0,19/20,91.7,11/12,100.0,4/4,✔✔✔✔,5,39.6,4,2025,3737.3,4662.0,60.1,19.56,17.94,2.09,28.28,12.61,55.42,195.0,1.72,1440.7,1077.2,6633.3,3676.4,2956.9,1118.2,0.0,385.9
FIVE,🟢 全期強勢,2026Q1,19.5,40,95.0,38/40,90.0,18/20,91.7,11/12,100.0,4/4,✔✔✔✔,5,28.6,7,2025,3718.0,4764.1,,9.6,7.53,6.47,15.51,7.09,54.25,210.0,1.64,586.4,411.7,5055.0,2742.5,2312.5,638.9,0.0,55.3
PODD,🟢 全期強勢,2026Q1,28.8,40,87.5,35/40,90.0,18/20,91.7,11/12,100.0,4/4,✔✔✔✔,5,26.1,5,2025,1824.4,2708.1,71.63,17.5,9.12,3.48,18.97,8.27,56.39,249.0,2.3,569.3,377.7,2987.2,1684.6,1302.6,480.4,1.06,69.3
ISRG,🟢 全期強勢,2026Q1,19.2,40,90.0,36/40,85.0,17/20,91.7,11/12,100.0,4/4,✔✔✔✔,5,17.3,9,2025,7486.9,10064.7,66.0,29.27,28.38,7.87,16.34,14.2,12.5,461.0,1.06,3030.5,2490.7,20111.0,2513.8,17474.5,2006.5,0.0,354.2
PTLO,🟢 全期強勢,2026Q1,6.4,14,92.9,13/14,92.9,13/14,91.7,11/12,100.0,4/4,✔✔✔✔,5,16.9,3,2025,690.5,732.1,,5.97,2.64,0.27,4.11,1.2,69.08,26.0,3.72,71.9,-18.5,1617.8,1117.6,471.0,24.0,0.52,61.8
BRO,🟢 全期強勢,2026Q1,11.6,40,92.5,37/40,90.0,18/20,91.7,11/12,100.0,4/4,✔✔✔✔,5,14.8,10,2025,4403.0,5902.0,,,17.86,3.16,8.36,3.55,13.01,102.0,1.38,1450.0,1382.0,29700.0,3863.4,12613.0,1003.0,0.62,338.9
VRT,🟢 全期強勢,2026Q1,24.2,21,81.0,17/21,85.0,17/20,91.7,11/12,100.0,4/4,✔✔✔✔,5,12.7,5,2025,7260.1,10229.9,,17.89,13.03,3.41,31.4,9.95,68.32,149.0,1.59,2113.8,1893.8,13400.1,9155.2,4244.9,2150.6,0.69,384.1
IDXX,🟢 全期強勢,2026Q1,3.6,40,90.0,36/40,90.0,18/20,91.7,11/12,100.0,4/4,✔✔✔✔,5,11.8,10,2025,3695.3,4303.7,61.8,31.6,24.62,13.08,68.08,31.29,54.04,112.0,1.12,1181.8,1057.1,3385.5,1829.4,1556.1,200.5,0.29,78.9
SYK,🟢 全期強勢,2026Q1,11.9,40,90.0,36/40,85.0,17/20,91.7,11/12,100.0,4/4,✔✔✔✔,5,11.4,10,2025,21121.0,25116.0,63.96,19.47,12.92,8.4,14.13,7.01,50.36,211.0,1.55,5044.0,4283.0,46291.0,23312.0,22979.0,2878.0,0.64,383.4
CB,🟢 全期強勢,2026Q1,3.6,40,82.5,33/40,85.0,17/20,91.7,11/12,100.0,4/4,✔✔✔✔,5,11.3,9,2025,50194.0,59402.0,,,17.36,25.68,13.97,3.74,70.99,,1.24,12816.0,,275456.0,195544.0,73788.0,2634.0,0.23,387.9
ROL,🟢 全期強勢,2026Q1,9.9,29,89.7,26/29,90.0,18/20,91.7,11/12,100.0,4/4,✔✔✔✔,5,10.2,7,2025,3147.4,3761.1,,19.3,14.0,1.09,38.12,16.67,56.28,65.0,1.29,678.1,650.0,3160.2,1778.5,1381.7,116.5,0.35,481.5
SIGI,🟢 全期強勢,2026Q1,10.3,40,85.0,34/40,85.0,17/20,91.7,11/12,100.0,4/4,✔✔✔✔,5,10.2,10,2025,4352.3,5336.9,,,8.74,7.49,13.0,3.04,76.59,,2.64,1233.0,1194.3,15321.9,11734.6,3587.4,10.9,0.14,59.9
MRSH,🟢 全期強勢,2026Q1,9.1,27,81.5,22/27,80.0,16/20,91.7,11/12,100.0,4/4,✔✔✔✔,5,9.5,6,2025,23324.0,26981.0,,23.06,15.42,8.43,28.1,7.1,,111.0,1.27,5292.0,5001.0,58552.0,,14806.0,1611.0,1.32,481.8
FTDR,🟢 全期強勢,2026Q1,12.7,26,92.3,24/26,90.0,18/20,91.7,11/12,100.0,4/4,✔✔✔✔,5,8.3,6,2025,1828.0,2093.0,55.28,,12.18,3.42,110.87,11.78,64.0,147.0,1.63,416.0,390.0,2164.0,1385.0,230.0,603.0,5.07,70.2
TRV,🟢 全期強勢,2026Q1,5.2,40,82.5,33/40,85.0,17/20,91.7,11/12,100.0,4/4,✔✔✔✔,5,5.0,10,2025,41946.0,48828.0,,,12.88,27.43,19.66,4.42,77.52,,1.69,10606.0,,142309.0,110323.0,31986.0,615.0,0.19,212.6
AUPH,🟢 全期強勢,2026Q1,24.2,13,92.3,12/13,92.3,12/13,91.7,11/12,100.0,4/4,✔✔✔✔,4,6096.8,0,2025,237.7,283.1,,,,2.07,50.6,39.67,21.6,555.0,0.47,135.7,,724.0,156.4,567.6,40.7,0.0,128.6
DECK,🟢 全期強勢,2026Q4,8.2,26,84.6,22/26,85.0,17/20,91.7,11/12,100.0,4/4,✔✔✔✔,4,12.0,5,2026,4287.8,5472.3,57.7,23.08,18.71,7.02,40.97,27.77,,354.0,1.15,1182.0,1097.3,3687.8,,2499.6,1907.2,0.0,138.9
AAON,🟢 全期強勢,2026Q1,22.9,26,84.6,22/26,85.0,17/20,91.7,11/12,75.0,3/4,✗✔✔✔,3,18.0,4,2025,1228.5,1442.1,26.75,10.14,7.46,1.29,11.52,6.01,,262.0,0.0,0.5,-190.0,1789.7,,934.2,0.0,0.0,81.9
MSFT,🟢 全期強勢,2026Q3,13.3,40,85.0,34/40,95.0,19/20,91.7,11/12,75.0,3/4,✗✔✔✔,3,12.3,10,2025,236803.0,281724.0,68.82,45.62,36.15,13.64,24.58,14.67,40.31,128.0,1.34,136162.0,71611.0,694228.0,279861.0,414367.0,32105.0,0.1,7428.4
YORW,🟢 全期強勢,2026Q1,4.7,29,89.7,26/29,95.0,19/20,91.7,11/12,75.0,3/4,✗✔✔✔,3,6.6,7,2025,75.3,77.0,,35.97,26.04,1.39,8.28,2.91,,72.0,1.49,29.9,-18.9,689.8,,242.3,0.0,0.94,16.2
BR,🟢 全期強勢,2026Q3,4.9,40,90.0,36/40,90.0,18/20,91.7,11/12,75.0,3/4,✔✗✔✔,2,10.0,7,2025,6322.1,6889.1,,17.25,12.19,7.1,29.78,9.56,67.89,94.0,1.4,1171.3,1127.5,8779.2,5960.4,2818.8,304.8,1.14,115.7
PSMT,🟢 全期強勢,2026Q2,5.6,40,80.0,32/40,85.0,17/20,91.7,11/12,75.0,3/4,✔✗✔✔,2,-3.4,9,2025,4575.2,5270.1,,4.41,2.81,4.82,11.09,6.07,45.29,129.0,1.77,261.3,103.2,2436.8,1103.7,1333.0,156.2,0.12,30.9
NMIH,🟢 全期強勢,2026Q1,10.9,37,97.3,36/37,95.0,19/20,91.7,11/12,75.0,3/4,✔✔✗✔,1,6780.8,4,2025,596.0,706.4,,,55.05,4.92,14.77,9.95,32.67,,1.08,419.3,412.5,3909.6,1277.2,2632.4,70.7,0.15,76.0
EXEL,🟢 全期強勢,2026Q1,30.6,40,82.5,33/40,90.0,18/20,91.7,11/12,75.0,3/4,✔✔✗✔,1,59.3,3,2025,1960.4,2320.1,,37.59,33.73,2.78,40.43,30.17,25.36,326.0,1.13,884.3,875.8,2593.6,657.8,1935.7,226.2,0.1,251.4
VEEV,🟢 全期強勢,2027Q1,16.7,32,96.9,31/32,95.0,19/20,91.7,11/12,75.0,3/4,✔✔✗✔,1,43.5,4,2026,2472.4,3195.3,75.53,28.68,28.44,5.44,12.44,9.96,19.99,474.0,1.56,1415.2,,9129.6,1825.2,7304.4,1896.6,0.0,162.4
SOFI,🟢 全期強勢,2026Q1,21.4,13,92.3,12/13,92.3,12/13,91.7,11/12,75.0,3/4,✔✔✗✔,1,41.5,1,2025,446.2,619.4,,,77.71,0.39,4.45,0.9,79.87,15.0,-7.78,-3742.5,-3984.9,53698.3,42886.7,10811.6,3401.0,0.51,1282.7
HOUR,🟢 全期強勢,2026Q1,4.7,13,92.3,12/13,92.3,12/13,91.7,11/12,75.0,3/4,✔✔✗✔,1,33.9,3,2025,139.4,142.4,52.4,1.73,1.2,0.05,21.82,6.99,67.96,144.0,1.51,2.6,2.5,24.4,16.6,7.8,2.9,0.0,35.2
PAYO,🟢 全期強勢,2026Q1,16.1,14,92.9,13/14,92.9,13/14,91.7,11/12,75.0,3/4,✔✔✗✔,1,33.0,2,2025,616.6,813.4,,15.33,9.0,0.19,11.11,0.85,92.33,100.0,3.19,233.5,206.6,8598.0,7938.9,659.1,339.4,0.04,334.8
ROKU,🟢 全期強勢,2026Q1,15.8,26,92.3,24/26,95.0,19/20,91.7,11/12,75.0,3/4,✔✔✗✔,1,32.6,3,2025,3623.8,4737.3,43.79,-0.12,1.87,0.59,3.31,2.03,38.63,291.0,5.47,483.7,478.4,4352.6,1681.6,2671.1,1649.9,0.0,147.8
PLTR,🟢 全期強勢,2026Q1,39.3,16,93.8,15/16,93.8,15/16,91.7,11/12,75.0,3/4,✔✔✗✔,1,30.8,2,2025,2474.5,4475.4,82.37,31.59,36.31,0.63,19.23,15.93,16.11,691.0,1.31,2134.5,2100.6,10199.2,1642.9,8449.7,2291.6,0.0,2397.1
UPWK,🟢 全期強勢,2026Q1,0.9,24,95.8,23/24,95.0,19/20,91.7,11/12,75.0,3/4,✔✔✗✔,1,27.0,4,2025,690.9,787.8,77.82,16.41,14.65,0.84,20.26,9.29,54.13,136.0,2.15,248.3,242.5,1242.0,672.3,569.6,328.4,1.26,123.5
NFLX,🟢 全期強勢,2026Q1,12.5,40,92.5,37/40,95.0,19/20,91.7,11/12,75.0,3/4,✔✔✗✔,1,23.5,8,2025,34895.7,45183.0,,29.49,24.3,2.53,35.28,18.0,48.99,141.0,0.92,10149.3,9461.1,61015.9,29889.5,31126.4,12259.8,0.43,4212.8
ICLR,🟢 全期強勢,2025Q4,11.3,40,90.0,36/40,85.0,17/20,91.7,11/12,75.0,3/4,✔✔✗✔,1,23.4,7,2025,8054.9,8251.3,,5.37,2.78,2.9,2.49,1.41,43.49,110.0,4.52,1036.2,862.0,16269.8,7076.4,9193.4,647.3,0.32,76.6
ALRM,🟢 全期強勢,2026Q1,7.0,37,94.6,35/37,90.0,18/20,91.7,11/12,75.0,3/4,✔✔✗✔,1,22.5,7,2025,897.2,1011.2,,13.22,13.02,2.46,15.31,8.01,45.01,516.0,1.16,153.3,137.0,1643.6,739.8,859.8,497.4,0.13,49.5
SSNC,🟢 全期強勢,2026Q1,5.5,40,90.0,36/40,85.0,17/20,91.7,11/12,75.0,3/4,✔✔✗✔,1,20.4,5,2025,5581.7,6272.2,48.17,22.91,12.71,3.15,11.65,3.92,66.07,110.0,2.19,1744.8,1664.0,20327.7,13430.2,6843.1,420.9,1.09,240.8
GOOGL,🟢 全期強勢,2026Q1,12.0,36,91.7,33/36,90.0,18/20,91.7,11/12,75.0,3/4,✔✔✗✔,1,19.4,7,2025,317089.0,402836.0,,32.03,32.81,10.81,27.61,18.78,31.99,192.0,1.25,164713.0,73266.0,703919.0,225173.0,478746.0,38063.0,0.17,12116.0
GOOG,🟢 全期強勢,2026Q1,12.0,36,91.7,33/36,90.0,18/20,91.7,11/12,75.0,3/4,✔✔✗✔,1,19.4,7,2025,317089.0,402836.0,,32.03,32.81,10.81,27.61,18.78,31.99,192.0,1.25,164713.0,73266.0,703919.0,225173.0,478746.0,38063.0,0.17,12116.0
TYL,🟢 全期強勢,2026Q1,10.3,40,90.0,36/40,85.0,17/20,91.7,11/12,75.0,3/4,✔✔✗✔,1,18.4,7,2025,2004.6,2332.3,46.46,15.34,13.53,7.2,8.87,6.58,25.85,100.0,2.07,653.5,637.5,4798.6,1240.4,3558.2,316.0,0.17,42.2
GDDY,🟢 全期強勢,2026Q1,7.7,29,93.1,27/29,90.0,18/20,91.7,11/12,75.0,3/4,✔✔✗✔,1,14.2,7,2025,4339.9,4951.1,,22.77,17.67,6.22,368.73,10.73,,67.0,1.83,1599.4,1575.5,8154.4,,237.3,1261.7,15.92,132.4
MORN,🟢 全期強勢,2026Q1,7.2,40,87.5,35/40,85.0,17/20,91.7,11/12,75.0,3/4,✔✔✗✔,1,12.5,10,2025,2077.7,2445.5,,21.53,15.3,8.87,36.73,9.39,74.44,103.0,1.58,589.7,442.6,3986.3,2967.6,1018.7,492.8,1.68,38.0
WRB,🟢 全期強勢,2026Q1,8.9,40,85.0,34/40,90.0,18/20,91.7,11/12,75.0,3/4,✔✔✗✔,1,9.2,8,2025,12433.6,14707.9,,,12.1,4.45,18.27,4.02,78.0,,2.01,3582.6,,44315.6,34564.9,9739.5,2280.9,0.0,372.3
ZTS,🟢 全期強勢,2026Q1,0.4,40,90.0,36/40,90.0,18/20,91.7,11/12,75.0,3/4,✔✔✗✔,1,7.6,10,2025,8552.0,9467.0,,,28.23,6.02,82.68,17.64,78.67,315.0,1.09,2904.0,2283.0,15154.0,11921.0,3233.0,1941.0,2.8,419.2
UHS,🟢 全期強勢,2026Q1,6.7,40,90.0,36/40,85.0,17/20,91.7,11/12,75.0,3/4,✔✔✗✔,1,7.0,10,2025,14538.1,17364.8,,11.48,8.57,23.1,19.94,9.49,,108.0,1.25,1864.4,849.2,15681.1,,7464.9,119.0,0.63,
ALNY,🟢 全期強勢,2025Q3,-33.3,20,90.0,18/20,90.0,18/20,91.7,11/12,75.0,3/4,✔✔✔✗,0,225.3,0,2025,1828.3,3713.9,,13.51,8.45,2.33,39.76,6.32,84.11,276.0,1.67,524.1,465.4,4966.3,4177.2,789.2,1657.2,0.86,132.6
STRL,🟢 全期強勢,2026Q1,-2.1,40,80.0,32/40,95.0,19/20,91.7,11/12,75.0,3/4,✔✔✔✗,0,26.0,6,2025,1962.8,2490.0,22.98,16.3,11.65,9.38,24.39,10.42,57.06,110.0,1.52,440.0,362.7,2783.7,1588.4,1189.6,511.9,0.24,30.7
JAZZ,🟢 全期強勢,2026Q1,-0.5,40,92.5,37/40,90.0,18/20,91.7,11/12,75.0,3/4,✔✔✔✗,0,18.2,9,2025,3830.0,4267.6,,-10.08,-8.35,-5.84,-7.86,-3.0,,204.0,-3.81,1355.8,1297.0,11859.6,,4532.3,1844.3,1.18,62.7
MNST,🟢 全期強勢,2026Q1,-2.3,29,82.8,24/29,85.0,17/20,91.7,11/12,75.0,3/4,✔✔✔✗,0,15.9,7,2025,7095.5,8294.3,55.85,29.17,22.97,,21.83,17.57,,326.0,1.1,2098.2,1965.9,10843.5,,8727.0,2039.7,0.02,978.0
COKE,🟢 全期強勢,2026Q1,-0.7,40,90.0,36/40,85.0,17/20,91.7,11/12,75.0,3/4,✔✔✔✗,0,13.6,7,2025,6642.2,7228.1,39.74,13.15,7.89,,-88.67,12.99,114.65,123.0,1.63,931.9,619.6,4392.7,5036.2,-643.5,232.9,-4.1,7.1
NRDS,🟢 全期強勢,2026Q1,29.2,11,90.9,10/11,90.9,10/11,90.9,10/11,100.0,4/4,✔✔✔✔,4,23.9,1,2025,646.7,836.6,,7.79,5.82,0.64,14.49,11.27,22.18,257.0,2.7,131.6,130.3,432.0,95.8,336.2,56.3,0.21,65.8
NXT,🟢 全期強勢,2026Q4,235.0,7,85.7,6/7,85.7,6/7,85.7,6/7,75.0,3/4,✔✔✗✔,1,53.1,1,2026,2499.8,3559.4,32.59,19.59,16.46,3.84,25.1,14.38,42.69,245.0,0.96,562.9,513.6,4073.2,1738.8,2334.4,1095.0,0.0,136.5
COLL,🟢 全期強勢,2026Q1,22.7,25,88.0,22/25,85.0,17/20,83.3,10/12,100.0,4/4,✔✔✔✔,10,229.2,3,2025,599.6,780.6,59.35,23.01,8.05,1.73,20.12,3.81,81.09,171.0,5.24,329.3,327.6,1652.0,1339.5,312.4,268.6,0.05,32.4
TMDX,🟢 全期強勢,2026Q1,48.2,22,81.8,18/22,80.0,16/20,83.3,10/12,100.0,4/4,✔✔✔✔,10,84.0,3,2025,463.5,605.5,59.92,17.93,31.43,4.87,38.52,13.26,65.57,674.0,1.01,192.8,133.6,1434.8,940.8,494.0,480.2,0.15,34.6
ANIP,🟢 全期強勢,2026Q1,43.4,40,90.0,36/40,80.0,16/20,83.3,10/12,100.0,4/4,✔✔✔✔,10,35.7,4,2025,546.5,883.4,,12.58,8.87,3.32,13.93,5.51,60.46,312.0,2.36,185.2,171.4,1422.0,859.7,562.3,311.2,0.54,24.4
OSIS,🟢 全期強勢,2026Q3,9.6,40,80.0,32/40,90.0,18/20,83.3,10/12,100.0,4/4,✔✔✔✔,10,12.9,8,2025,1428.8,1713.2,34.27,12.7,8.73,8.71,16.73,5.86,64.99,325.0,0.65,97.6,73.8,2554.4,1660.1,894.3,345.2,1.12,16.5
PLBC,🟢 全期強勢,2025Q3,3.9,20,90.0,18/20,90.0,18/20,83.3,10/12,100.0,4/4,✔✔✔✔,10,4.8,1,2020,3.0,2.3,,,,2.77,5.45,0.66,87.94,,1.49,21.6,20.3,2200.1,1934.7,265.4,62.9,0.0,7.0
MEDP,🟢 全期強勢,2026Q1,9.3,30,83.3,25/30,85.0,17/20,83.3,10/12,100.0,4/4,✔✔✔✔,7,22.7,4,2025,1933.4,2530.2,,21.14,17.83,15.28,75.4,21.18,71.91,85.0,1.58,713.2,681.9,2129.6,1531.3,598.3,652.7,0.0,28.6
RMD,🟢 全期強勢,2026Q3,7.9,40,87.5,35/40,80.0,16/20,83.3,10/12,100.0,4/4,✔✔✔✔,7,12.3,10,2025,4559.2,5146.3,59.36,32.75,27.22,9.51,21.58,15.95,26.1,301.0,1.25,1751.6,1661.7,8784.3,2292.4,6491.9,1660.5,0.06,145.1
NVDA,🟢 全期強勢,2027Q1,69.2,40,82.5,33/40,85.0,17/20,83.3,10/12,100.0,4/4,✔✔✔✔,6,40.0,3,2026,135228.0,215938.0,71.07,60.38,55.6,4.9,61.42,46.27,24.67,344.0,0.86,102718.0,96676.0,259474.0,64000.0,195474.0,13237.0,0.04,24200.0
TRNS,🟢 全期強勢,2026Q4,38.6,40,85.0,34/40,90.0,18/20,83.3,10/12,100.0,4/4,✔✔✔✔,6,9.7,8,2026,259.5,331.9,32.63,4.0,1.62,0.57,1.79,1.12,37.43,233.0,6.48,34.9,19.6,480.5,179.9,300.6,4.9,0.33,9.3
MELI,🟢 全期強勢,2026Q1,35.2,22,90.9,20/22,90.0,18/20,83.3,10/12,100.0,4/4,✔✔✔✔,5,46.2,0,2025,14950.0,20335.0,63.23,15.74,9.82,39.4,27.43,4.25,84.49,116.0,6.07,12116.0,10773.0,46934.0,39653.0,7281.0,3677.0,1.36,50.7
HTO,🟢 全期強勢,2026Q1,9.9,29,79.3,23/29,80.0,16/20,83.3,10/12,100.0,4/4,✔✔✔✔,5,20.5,7,2025,693.0,805.6,,22.04,12.73,2.92,5.59,1.92,,202.0,2.39,244.8,,5353.3,,1834.1,153.0,1.02,41.8
AMAT,🟢 全期強勢,2026Q2,6.8,40,80.0,32/40,85.0,17/20,83.3,10/12,100.0,4/4,✔✔✔✔,5,18.3,7,2025,27430.0,28368.0,48.67,29.22,24.67,8.66,29.27,17.37,40.65,251.0,1.14,7958.0,5698.0,40286.0,16377.0,23909.0,6301.0,0.27,794.0
PGR,🟢 全期強勢,2026Q1,18.4,40,85.0,34/40,85.0,17/20,83.3,10/12,100.0,4/4,✔✔✔✔,5,15.4,10,2025,65275.0,87671.0,,,12.9,19.23,35.29,9.25,73.78,,1.55,17548.0,17200.0,122209.0,90170.0,32039.0,179.0,0.08,584.3
EG,🟢 全期強勢,2026Q1,3.1,40,80.0,32/40,85.0,17/20,83.3,10/12,100.0,4/4,✔✔✔✔,5,14.9,10,2025,14717.0,17496.0,,,9.09,37.8,10.4,2.55,75.47,,1.93,3068.0,,62342.0,47051.0,15291.0,1415.0,0.0,39.6
AJG,🟢 全期強勢,2026Q1,14.4,40,82.5,33/40,80.0,16/20,83.3,10/12,100.0,4/4,✔✔✔✔,5,13.8,9,2025,10542.3,13942.0,,,10.72,5.74,6.28,1.91,69.6,106.0,1.29,1930.0,1785.0,78301.0,54499.0,23775.0,1413.0,0.51,256.9
LMAT,🟢 全期強勢,2026Q1,12.0,40,87.5,35/40,85.0,17/20,83.3,10/12,100.0,4/4,✔✔✔✔,5,13.7,10,2025,199.9,249.6,71.53,27.21,23.13,2.52,14.2,9.17,35.41,1432.0,1.41,81.3,74.5,629.5,222.9,406.6,26.9,0.0,22.9
HCA,🟢 全期強勢,2026Q1,5.7,27,81.5,22/27,80.0,16/20,83.3,10/12,100.0,4/4,✔✔✔✔,5,8.7,6,2025,65950.0,75600.0,,,8.97,28.33,-107.63,11.04,74.24,83.0,1.86,12636.0,7692.0,61450.0,45623.0,-6303.0,940.0,-7.62,221.8
SYBT,🟢 全期強勢,2021Q2,1.1,6,83.3,5/6,83.3,5/6,83.3,5/6,100.0,4/4,✔✔✔✔,5,6.1,1,2020,22.4,23.4,,,,2.59,,,88.35,,,166.0,154.0,9466.9,8363.9,1102.9,254.5,0.02,29.5
ERIE,🟢 全期強勢,2026Q1,12.3,40,82.5,33/40,85.0,17/20,83.3,10/12,100.0,4/4,✔✔✔✔,5,2.3,7,2025,3377.6,4067.3,,17.63,13.75,,23.77,16.56,30.3,129.0,1.23,686.7,571.0,3376.7,1023.2,2353.5,268.6,0.0,
WING,🟢 全期強勢,2026Q1,17.4,34,94.1,32/34,90.0,18/20,83.3,10/12,100.0,4/4,✔✔✔✔,4,27.1,4,2025,635.1,696.9,,25.73,25.01,6.21,-21.81,26.86,223.16,224.0,0.88,153.1,105.6,648.9,1448.1,-799.2,128.8,-1.51,27.2
CORT,🟢 全期強勢,2026Q1,7.1,25,88.0,22/25,85.0,17/20,83.3,10/12,100.0,4/4,✔✔✔✔,4,22.9,4,2025,650.4,761.4,,5.88,13.09,0.82,15.62,12.23,21.71,286.0,1.42,142.0,141.8,814.9,176.9,638.0,108.7,0.0,107.4
CDNS,🟢 全期強勢,2026Q1,23.1,40,95.0,38/40,90.0,18/20,83.3,10/12,100.0,4/4,✔✔✔✔,4,11.9,10,2025,4323.2,5296.8,,28.17,20.94,4.06,16.9,9.17,,147.0,1.56,1728.8,1586.9,12098.4,,6561.5,1406.7,0.05,275.8
SELF,🟢 全期強勢,2026Q1,3.0,31,80.6,25/31,90.0,18/20,83.3,10/12,100.0,4/4,✔✔✔✔,4,8.0,6,2025,12.6,12.7,,23.31,16.04,0.18,4.4,3.2,27.33,,2.19,4.5,,63.7,17.4,46.3,7.4,0.0,11.4
LOVE,🟢 全期強勢,2027Q1,4.3,25,88.0,22/25,85.0,17/20,83.3,10/12,75.0,3/4,✔✗✔✔,2,33.1,4,2026,706.0,697.1,56.41,0.77,0.58,0.28,1.98,0.81,58.97,155.0,12.13,49.3,26.2,501.0,295.4,205.5,57.0,0.38,14.6
COCO,🟢 全期強勢,2026Q1,17.2,13,84.6,11/13,84.6,11/13,83.3,10/12,75.0,3/4,✔✗✔✔,2,22.9,2,2025,512.8,609.8,36.5,13.53,11.7,1.19,20.25,14.6,27.88,365.0,0.66,47.2,39.0,488.3,136.2,352.2,201.9,0.0,57.1
PLD,🟢 全期強勢,2026Q1,9.4,23,78.3,18/23,80.0,16/20,83.3,10/12,75.0,3/4,✔✗✔✔,2,13.7,2,2025,8206.5,8790.1,,49.58,37.86,3.56,6.22,3.39,40.95,,1.5,5008.4,,98133.5,40185.0,53503.4,861.1,0.65,932.3
GWRS,🟢 全期強勢,2026Q1,7.3,34,82.4,28/34,90.0,18/20,83.3,10/12,75.0,3/4,✔✗✔✔,2,6.3,6,2025,53.5,55.8,,12.83,5.3,0.11,3.51,0.61,72.99,68.0,6.82,20.2,-47.2,485.1,354.1,84.2,1.8,1.59,28.8
INCY,🟢 全期強勢,2026Q1,19.5,40,85.0,34/40,85.0,17/20,83.3,10/12,75.0,3/4,✔✔✗✔,1,42.3,4,2025,3867.7,5141.2,,29.46,25.03,6.41,22.88,17.53,23.39,368.0,1.1,1413.5,,7339.1,1716.3,5622.8,3461.1,3.52,199.8
CI,🟢 全期強勢,2026Q1,14.4,23,87.0,20/23,85.0,17/20,83.3,10/12,75.0,3/4,✔✔✗✔,1,35.4,4,2025,203512.0,274900.0,,3.35,2.17,22.18,14.11,3.89,72.31,82.0,1.61,9601.0,,153266.0,110824.0,42210.0,7040.0,0.97,264.5
ICE,🟢 全期強勢,2026Q1,15.3,40,85.0,34/40,85.0,17/20,83.3,10/12,75.0,3/4,✔✔✗✔,1,21.0,7,2025,10331.0,12640.0,,39.0,26.23,5.77,11.25,1.85,83.5,101.0,1.41,4662.0,4289.0,179177.0,149615.0,29478.0,863.0,0.69,565.5
BMRN,🟢 全期強勢,2026Q1,14.8,40,87.5,35/40,80.0,16/20,83.3,10/12,75.0,3/4,✔✔✗✔,1,17.1,9,2025,2515.5,3221.3,,12.71,10.83,1.8,5.62,4.06,27.69,581.0,2.37,828.0,725.0,8591.0,2378.9,6212.1,2222.4,0.23,193.3
AVPT,🟢 全期強勢,2026Q1,24.9,14,85.7,12/14,85.7,12/14,83.3,10/12,75.0,3/4,✔✔✗✔,1,16.4,3,2025,290.4,419.5,74.06,7.87,8.3,0.15,7.93,4.74,40.23,216.0,2.45,85.3,81.6,734.2,295.4,438.8,444.1,0.0,212.0
EXR,🟢 全期強勢,2026Q1,2.5,23,87.0,20/23,85.0,17/20,83.3,10/12,75.0,3/4,✔✔✗✔,1,16.3,4,2025,102.7,129.5,,,,4.59,7.31,3.35,51.16,,1.9,1850.2,1288.5,29099.4,14886.9,13332.5,139.0,0.04,211.3
PNTG,🟢 全期強勢,2026Q1,33.7,22,90.9,20/22,90.0,18/20,83.3,10/12,75.0,3/4,✔✔✗✔,1,14.9,5,2025,597.8,947.7,,5.47,3.12,0.84,7.6,3.09,59.28,119.0,1.63,48.3,36.3,956.5,567.0,389.4,4.9,0.44,34.8
CWST,🟢 全期強勢,2026Q1,22.3,40,80.0,32/40,85.0,17/20,83.3,10/12,75.0,3/4,✔✔✗✔,1,13.8,10,2025,1340.6,1836.8,,3.47,0.43,0.12,0.5,0.24,,138.0,41.9,329.8,84.7,3270.4,,1568.3,126.9,0.0,
CRAI,🟢 全期強勢,2024Q4,7.1,24,87.5,21/24,85.0,17/20,83.3,10/12,75.0,3/4,✔✔✗✔,1,11.6,6,2025,649.6,751.6,,11.06,7.29,8.14,27.61,8.27,,83.0,0.41,22.4,18.6,662.4,,198.4,32.5,0.03,6.5
PRTH,🟢 全期強勢,2026Q1,9.2,20,80.0,16/20,80.0,16/20,83.3,10/12,75.0,3/4,✔✔✗✔,1,10.2,3,2025,555.9,953.0,,14.82,5.84,0.68,-61.93,2.26,103.32,108.0,1.8,100.0,75.1,2466.2,2548.0,-89.9,92.2,-11.64,82.4
CLMB,🟢 全期強勢,2026Q1,49.4,40,87.5,35/40,90.0,18/20,83.3,10/12,75.0,3/4,✔✔✗✔,1,9.8,9,2025,397.6,652.5,16.13,4.47,3.27,4.64,18.01,4.65,74.19,110.0,0.78,16.6,,458.8,340.4,118.4,41.8,0.0,18.6
GL,🟢 全期強勢,2026Q1,4.5,40,85.0,34/40,85.0,17/20,83.3,10/12,75.0,3/4,✔✔✗✔,1,5.7,10,2025,5511.8,5994.3,,,19.37,14.07,19.08,3.75,80.35,,1.2,1396.4,1253.9,30965.9,24881.3,6084.6,255.2,0.38,77.6
EQIX,🟢 全期強勢,2026Q1,0.0,40,92.5,37/40,85.0,17/20,83.3,10/12,75.0,3/4,✔✔✔✗,0,15.5,9,2025,8188.0,9217.0,,20.05,14.65,13.76,9.44,3.3,64.99,118.0,2.9,3911.0,-400.0,40898.0,26578.0,14298.0,1362.0,1.47,98.6
INVH,🟢 全期強勢,2026Q1,-100.0,19,84.2,16/19,84.2,16/19,83.3,10/12,75.0,3/4,✔✔✔✗,0,13.5,4,2025,1786.2,2729.3,,,21.54,0.96,6.47,3.14,51.19,,2.05,1206.2,1177.9,18701.1,9572.5,9091.0,114.1,0.97,594.0
CHD,🟢 全期強勢,2026Q1,-2.4,27,88.9,24/27,85.0,17/20,83.3,10/12,75.0,3/4,✔✔✔✗,0,8.3,6,2025,5831.7,6203.2,44.73,17.37,11.88,3.02,17.6,8.18,53.52,122.0,1.65,1215.4,1093.0,9006.5,4820.5,4186.0,503.4,0.53,236.9
CRVL,🟢 全期強勢,2025Q4,-6.3,22,81.8,18/22,80.0,16/20,83.3,10/12,75.0,3/4,✔✔✔✗,0,7.4,4,2026,718.6,958.5,24.29,,11.51,2.14,27.99,17.16,38.69,203.0,1.41,155.6,110.3,643.0,248.8,394.2,233.1,0.0,50.7
MCK,🟢 全期強勢,2026Q4,-7.7,40,87.5,35/40,80.0,16/20,83.3,10/12,75.0,3/4,✔✔✔✗,0,7.1,9,2026,308951.0,403430.0,3.61,1.54,1.18,38.38,-219.24,5.78,,85.0,1.29,6155.0,5719.0,82323.0,,-2172.0,3975.0,-3.81,120.2
MZTI,🟢 全期強勢,2026Q3,-2.9,27,85.2,23/27,85.0,17/20,83.3,10/12,75.0,3/4,✔✔✔✗,0,6.9,6,2025,1837.3,1909.1,23.87,11.54,8.77,6.07,16.02,12.34,,258.0,1.56,261.5,203.5,1356.1,,1044.8,218.4,0.0,27.4
CRH,— 資料不足/新上市,2026Q1,3.4,5,80.0,4/5,80.0,4/5,80.0,4/5,75.0,3/4,✗✔✔✔,3,7.2,1,2025,35172.0,37447.0,36.13,14.53,10.02,5.51,16.27,6.45,57.8,159.0,1.5,5625.0,2912.0,58167.0,33622.0,23071.0,3240.0,0.8,668.2
OPAL,🟢 全期強勢,2026Q1,29.7,10,80.0,8/10,80.0,8/10,80.0,8/10,75.0,3/4,✔✔✗✔,1,18.8,2,2025,309.9,326.7,,2.27,11.14,0.15,443.01,3.43,51.74,220.0,1.0,36.5,-34.2,1060.6,548.7,8.2,133.2,55.55,25.2
AAPL,🟡 中性,2026Q2,5.1,40,70.0,28/40,70.0,14/20,58.3,7/12,75.0,3/4,✔✗✔✔,2,10.5,7,2025,392616.0,416161.0,46.91,31.97,26.92,7.46,105.18,30.18,71.3,107.0,1.0,111482.0,98767.0,371082.0,264591.0,106491.0,45572.0,0.78,14687.4
TSM,— 資料不足/新上市,,,,,,,,,,,,,,,,,,,,,,,,,,,,,,,,,,,25932.5
META,🔵 多數成長,2026Q1,16.1,40,90.0,36/40,80.0,16/20,66.7,8/12,75.0,3/4,✔✔✗✔,1,33.6,3,2025,140761.0,200966.0,,41.44,30.08,23.49,24.81,15.3,38.35,235.0,1.92,115800.0,46109.0,395250.0,151569.0,243681.0,23426.0,0.24,
MU,🔵 多數成長,2026Q3,36.6,40,67.5,27/40,70.0,14/20,75.0,9/12,100.0,4/4,✔✔✔✔,6,21.1,4,2025,32874.0,37378.0,39.79,26.14,22.84,7.59,8.48,6.37,24.9,342.0,2.05,17525.0,1668.0,134112.0,33388.0,100724.0,24995.0,0.09,1129.4
LLY,🔵 多數成長,2026Q1,45.2,40,67.5,27/40,65.0,13/20,66.7,8/12,75.0,3/4,✔✔✗✔,1,8.6,10,2025,38085.0,65179.0,,,31.67,22.95,66.16,17.71,,150.0,0.81,16813.0,8972.0,116576.0,,31198.0,5282.0,1.39,941.7
JPM,🟡 中性,2014Q4,-1.2,17,47.1,8/17,47.1,8/17,41.7,5/12,25.0,1/4,✗✔✗✗,0,6.5,3,2025,97031.0,182447.0,,,31.27,20.02,15.67,1.16,92.57,,-2.59,-147782.0,,4900475.0,4536437.0,364038.0,312142.0,0.74,2679.5
AMD,🔵 多數成長,2026Q1,35.9,40,65.0,26/40,75.0,15/20,75.0,9/12,75.0,3/4,✔✔✗✔,1,15.6,6,2025,24645.0,34639.0,49.52,10.66,12.51,2.65,6.72,5.44,,272.0,1.78,7709.0,6735.0,79642.0,,64462.0,5585.0,0.05,1630.6
ASML,— 資料不足/新上市,,,,,,,,,,,,,,,,,,,,,,,,,,,,,,,,,,,385.4
V,🟢 全期強勢,2026Q2,9.3,40,85.0,34/40,75.0,15/20,91.7,11/12,100.0,4/4,✔✔✔✔,10,14.1,10,2025,34348.0,40000.0,,59.98,50.14,,56.25,21.1,62.48,109.0,1.15,23059.0,21577.0,95049.0,59388.0,35661.0,12404.0,0.67,469.3
ORCL,🟢 全期強勢,2026Q4,1.6,40,75.0,30/40,90.0,18/20,91.7,11/12,100.0,4/4,✔✔✔✔,8,4.2,10,2026,52961.0,67357.0,,30.59,25.37,5.83,40.2,6.53,,112.0,1.87,31977.0,-23686.0,261759.0,,42508.0,31289.0,0.17,2880.5
CSCO,🟡 中性,2026Q3,11.4,40,52.5,21/40,60.0,12/20,58.3,7/12,75.0,3/4,✔✗✔✔,2,2.5,10,2025,58818.0,56654.0,64.94,20.76,17.97,2.55,20.83,8.11,61.08,92.0,1.39,14193.0,13288.0,125546.0,76685.0,48861.0,7083.0,0.47,3941.4
LRCX,🔵 多數成長,2026Q3,24.4,40,75.0,30/40,75.0,15/20,66.7,8/12,100.0,4/4,✔✔✔✔,4,24.3,5,2025,19658.8,18435.6,48.71,32.01,29.06,4.15,50.62,25.77,49.09,254.0,1.15,6173.3,5414.1,20791.9,10207.1,10584.8,4750.9,0.42,1250.6
MA,🔵 多數成長,2026Q1,14.2,40,77.5,31/40,70.0,14/20,75.0,9/12,100.0,4/4,✔✔✔✔,9,20.8,6,2025,26000.0,32791.0,,57.63,45.65,16.52,222.77,28.54,87.18,98.0,1.18,17648.0,17159.0,52449.0,45727.0,6719.0,7906.0,2.82,122.5
GE,🔴 轉弱/衰退,2026Q1,10.9,40,35.0,14/40,35.0,7/20,33.3,4/12,75.0,3/4,✗✔✔✔,3,-8.6,8,2025,36328.0,45855.0,,,18.98,8.14,48.2,6.78,85.75,101.0,0.98,8537.0,7264.0,128445.0,110148.0,18057.0,10981.0,1.25,1043.3
MS,🔵 多數成長,2015Q2,1.1,17,58.8,10/17,58.8,10/17,66.7,8/12,100.0,4/4,✔✔✔✔,6,25.1,1,2014,31470.0,34275.0,,,10.12,1.6,3.03,0.22,92.7,,-5.16,-17889.0,,1581418.0,1466034.0,114286.0,133529.0,3.39,1577.3
PG,🔵 多數成長,2026Q3,-2.1,40,65.0,26/40,70.0,14/20,66.7,8/12,25.0,1/4,✗✗✔✗,0,2.8,10,2025,81894.0,84284.0,,24.26,18.95,6.51,29.19,12.44,57.37,73.0,1.12,17817.0,14044.0,128378.0,73647.0,54731.0,12306.0,0.68,2328.6
KO,🟢 全期強勢,2026Q1,-1.5,26,69.2,18/26,75.0,15/20,83.3,10/12,50.0,2/4,✔✗✔✗,0,8.7,6,2025,45583.0,47941.0,61.63,28.71,27.34,3.04,38.97,12.58,,136.0,0.57,7408.0,5296.0,104217.0,,33633.0,10574.0,1.09,4302.5
GS,— 資料不足/新上市,,,,,,,,,,,,,,,,2025,,,,,,51.32,13.99,0.83,94.04,,-2.63,-45154.0,-47218.0,2060180.0,1937398.0,122782.0,179530.0,1.86,295.0
KLAC,🔵 多數成長,2026Q3,29.8,40,72.5,29/40,85.0,17/20,75.0,9/12,100.0,4/4,✔✔✔✔,4,17.2,7,2025,12234.0,12156.2,,,33.41,30.37,69.66,24.07,65.45,303.0,1.0,4081.9,3746.6,16873.5,11043.0,5830.5,1787.0,1.01,130.6
PM,🟢 全期強勢,2026Q1,5.8,40,62.5,25/40,75.0,15/20,83.3,10/12,100.0,4/4,✔✔✔✔,5,-3.2,10,2025,35682.0,40648.0,67.12,36.64,27.92,7.26,-122.3,16.47,110.59,98.0,1.08,12233.0,10664.0,68913.0,76213.0,-9279.0,5450.0,-1.81,1558.6
TXN,🟡 中性,2026Q1,11.1,40,52.5,21/40,50.0,10/20,41.7,5/12,25.0,1/4,✗✗✗✔,1,10.3,10,2025,17927.0,17682.0,57.02,34.06,28.28,5.45,29.81,14.54,51.22,446.0,1.43,7153.0,2603.0,34393.0,17615.0,16778.0,3549.0,0.84,910.1
DELL,🟡 中性,2027Q1,5.1,31,67.7,21/31,60.0,12/20,58.3,7/12,75.0,3/4,✔✔✗✔,1,7.7,6,2026,89559.0,113538.0,20.0,7.18,5.23,8.68,-422.79,5.17,101.22,95.0,1.88,11185.0,8552.0,114913.0,116317.0,-1404.0,11578.0,-22.19,649.0
WFC,🟡 中性,2020Q3,0.3,7,57.1,4/7,57.1,4/7,57.1,4/7,75.0,3/4,✔✗✔✔,2,-0.1,1,2019,88164.0,85063.0,,,22.98,4.05,10.96,0.89,91.83,,-0.97,-19001.0,,2205752.0,2025439.0,178396.0,173273.0,1.03,3060.2
C,🟡 中性,2025Q4,17.4,40,60.0,24/40,60.0,12/20,58.3,7/12,75.0,3/4,✗✔✔✔,3,0.7,10,2025,78066.0,85225.0,,,16.79,6.99,6.74,0.54,91.95,,-4.73,-67632.0,-74152.0,2657202.0,2443380.0,212291.0,349579.0,1.49,1749.3
IBM,🟢 全期強勢,2026Q1,0.5,40,40.0,16/40,60.0,12/20,83.3,10/12,100.0,4/4,✔✔✔✔,7,1.2,10,2025,61939.0,67535.0,58.19,,15.69,11.17,32.13,6.78,78.84,80.0,1.25,13193.0,12102.0,156229.0,123174.0,32974.0,10819.0,1.91,939.9
RTX,🟢 全期強勢,2026Q1,5.2,40,65.0,26/40,75.0,15/20,83.3,10/12,75.0,3/4,✔✔✗✔,1,4.3,9,2025,69921.0,88603.0,,10.5,7.6,4.96,10.16,3.95,60.08,102.0,1.57,10567.0,7940.0,170431.0,102397.0,66280.0,6818.0,0.62,1346.7
LIN,🟡 中性,2026Q1,0.1,23,60.9,14/23,55.0,11/20,58.3,7/12,75.0,3/4,✔✔✗✔,1,21.0,4,2025,32866.0,33986.0,,26.25,20.3,14.61,17.89,7.99,53.55,83.0,1.5,10350.0,5089.0,86315.0,46223.0,38566.0,3959.0,0.56,462.6
STX,🟡 中性,2026Q3,30.5,40,40.0,16/40,50.0,10/20,41.7,5/12,75.0,3/4,✗✔✔✔,3,4.1,9,2027,8308.0,9097.0,,20.78,16.15,6.77,134.16,16.52,87.69,133.0,0.74,1083.0,818.0,8892.0,7797.0,1095.0,1146.0,3.53,224.2
ADI,🟡 中性,2026Q2,22.3,40,60.0,24/40,55.0,11/20,58.3,7/12,50.0,2/4,✗✔✗✔,1,22.3,7,2025,12697.0,11019.7,61.47,26.61,20.58,4.56,6.72,4.73,,175.0,2.12,4812.2,4278.6,47949.1,,33742.0,2436.9,0.24,487.1
APH,🔵 多數成長,2026Q1,47.7,29,65.5,19/29,70.0,14/20,75.0,9/12,75.0,3/4,✔✔✗✔,1,19.0,7,2025,14109.4,23094.7,36.88,25.41,18.49,3.34,30.55,10.14,66.56,171.0,1.26,5374.7,4378.1,42133.8,28042.3,13976.8,4128.0,0.23,1230.2
MCD,🟡 中性,2026Q1,-3.5,40,40.0,16/40,60.0,12/20,58.3,7/12,50.0,2/4,✗✔✔✗,0,4.2,10,2025,25281.0,26885.0,,46.1,31.85,11.95,-665.86,14.26,,114.0,1.23,10551.0,7186.0,60037.0,,-1286.0,1170.0,-31.75,710.5
AMGN,🔵 多數成長,2026Q1,9.4,40,70.0,28/40,70.0,14/20,66.7,8/12,75.0,3/4,✔✔✗✔,1,4.7,10,2025,28892.0,36751.0,,24.71,20.98,14.23,83.91,8.34,,126.0,1.29,9958.0,8100.0,92504.0,,9190.0,12038.0,6.24,539.7
TJX,🔵 多數成長,2027Q1,5.1,40,85.0,34/40,70.0,14/20,75.0,9/12,100.0,4/4,✔✔✔✔,5,9.2,6,2026,54849.0,60372.0,,,9.1,4.87,52.81,15.19,,114.0,1.25,6874.0,4917.0,36158.0,,10403.0,5580.0,0.28,1104.7
NEE,🔵 多數成長,2026Q1,11.1,40,60.0,24/40,65.0,13/20,66.7,8/12,50.0,2/4,✗✗✔✔,2,8.4,9,2025,25400.0,25800.0,,32.09,26.49,3.3,12.38,3.09,69.91,54.0,1.83,12485.0,,221424.0,154792.0,55222.0,1998.0,1.77,2085.3
TMO,🟡 中性,2026Q1,0.2,40,67.5,27/40,60.0,12/20,50.0,6/12,50.0,2/4,✗✔✗✔,1,12.4,9,2025,42876.0,44556.0,,17.38,15.05,17.74,12.91,5.92,,153.0,1.17,7818.0,6293.0,113281.0,,51934.0,3254.0,0.89,371.6
CRWD,🟢 全期強勢,2026Q3,28.5,12,100.0,12/12,100.0,12/12,100.0,12/12,100.0,4/4,✔✔✔✔,12,58.0,1,2026,3863.5,4812.0,74.67,-6.1,-3.38,-0.65,-3.51,-1.44,58.52,153.0,-9.92,1612.3,1310.2,11270.1,6594.8,4633.9,4552.8,0.16,254.6
GLW,🟡 中性,2026Q1,16.0,25,60.0,15/25,55.0,11/20,50.0,6/12,75.0,3/4,✔✔✗✔,1,12.5,5,2025,13065.0,15629.0,35.97,14.58,10.21,1.83,13.51,5.11,60.49,161.0,1.69,2695.0,1413.0,31253.0,18904.0,11812.0,1755.0,0.4,860.6
IBKR,🔵 多數成長,2026Q1,35.2,40,52.5,21/40,75.0,15/20,75.0,9/12,75.0,3/4,✔✔✗✔,1,10.0,7,2025,1711.0,2440.0,,,,2.22,78.01,1.99,90.28,,3.63,15811.0,,218749.0,197489.0,5585.0,5085.0,0.0,42.2
SCHW,🟡 中性,2026Q1,18.1,40,77.5,31/40,60.0,12/20,58.3,7/12,75.0,3/4,✔✔✗✔,1,17.5,9,2025,19696.0,23921.0,,,37.01,4.65,17.98,1.79,90.02,,1.05,9311.0,8763.0,493319.0,444085.0,49234.0,44975.0,0.38,1739.1
ETN,🟢 全期強勢,2026Q1,7.3,40,57.5,23/40,70.0,14/20,83.3,10/12,100.0,4/4,✔✔✔✔,5,2.5,8,2025,23630.0,27448.0,,,14.89,10.45,20.72,7.42,,119.0,1.09,4472.0,3553.0,55085.0,,19721.0,565.0,0.94,388.3
GILD,🟡 中性,2026Q1,-0.3,40,55.0,22/40,60.0,12/20,58.3,7/12,50.0,2/4,✔✔✗✗,0,4.8,8,2025,27097.0,29443.0,,34.04,28.9,6.78,36.19,15.12,,197.0,1.18,10019.0,9456.0,56278.0,,23515.0,7628.0,0.94,1241.6
APP,🟡 中性,2026Q1,9.5,14,64.3,9/14,64.3,9/14,58.3,7/12,50.0,2/4,✔✗✗✔,1,29.8,1,2025,3763.3,5480.7,,75.75,60.83,9.75,141.05,43.25,69.34,324.0,1.19,3971.1,,7707.7,5344.2,2363.5,2758.7,1.49,336.3
T,🟡 中性,2026Q1,2.0,40,47.5,19/40,40.0,8/20,50.0,6/12,50.0,2/4,✗✗✔✔,2,2.3,9,2025,123026.0,125648.0,,19.23,17.47,3.04,17.48,5.21,66.25,92.0,1.84,40284.0,19442.0,421188.0,279032.0,125619.0,11964.0,1.13,6948.3
UNP,🟡 中性,2026Q1,-0.1,40,50.0,20/40,55.0,11/20,50.0,6/12,50.0,2/4,✔✔✗✗,0,4.5,10,2025,24115.0,24510.0,,40.17,29.12,11.98,36.76,10.25,72.12,92.0,1.3,9290.0,5499.0,69644.0,50226.0,19418.0,735.0,1.64,593.7
BX,🟡 中性,2026Q1,-10.8,40,60.0,24/40,60.0,12/20,58.3,7/12,75.0,3/4,✔✔✔✗,0,356.3,4,2025,13436.9,14450.3,,,20.89,3.87,36.07,6.25,55.68,,1.54,4663.2,4547.5,48327.0,26910.3,8370.8,2448.5,1.6,742.9
BKNG,🟢 全期強勢,2026Q1,7.9,40,85.0,34/40,75.0,15/20,100.0,12/12,100.0,4/4,✔✔✔✔,12,24.3,4,2025,21712.0,26917.0,,32.79,,165.57,,,131.47,106.0,,9409.0,9087.0,27720.0,36444.0,-8724.0,16024.0,-2.11,774.9
DHR,🟡 中性,2026Q1,-0.9,40,50.0,20/40,60.0,12/20,41.7,5/12,25.0,1/4,✗✔✗✗,0,21.2,7,2025,23835.0,24568.0,59.11,19.09,14.71,5.05,6.83,4.33,10.11,187.0,1.78,6416.0,5260.0,83544.0,8444.4,52949.0,5701.0,0.35,707.8
PH,🔵 多數成長,2026Q3,-2.3,40,60.0,24/40,65.0,13/20,66.7,8/12,50.0,2/4,✔✔✗✗,0,7.5,10,2025,18929.2,19850.0,,21.9,17.79,27.12,24.18,11.51,52.36,113.0,1.07,3776.0,3341.0,30679.0,16062.0,14609.0,476.0,0.51,126.1
BMY,🟡 中性,2026Q1,-5.6,40,77.5,31/40,70.0,14/20,50.0,6/12,50.0,2/4,✔✔✗✗,0,10.7,9,2025,44342.0,48194.0,,,14.64,3.46,35.15,8.16,76.75,142.0,2.01,14156.0,12845.0,86476.0,66374.0,20068.0,9574.0,2.2,2042.1
HWM,🟢 全期強勢,2026Q1,6.5,27,59.3,16/27,60.0,12/20,83.3,10/12,100.0,4/4,✔✔✔✔,5,-5.2,5,2025,6758.0,8252.0,,24.79,18.27,3.71,27.31,11.54,57.74,244.0,1.25,1884.0,1431.0,13067.0,7545.0,5522.0,2435.0,0.77,400.1
TT,🟢 全期強勢,2026Q1,11.2,40,77.5,31/40,85.0,17/20,91.7,11/12,75.0,3/4,✔✔✗✔,1,4.8,10,2025,18150.6,21321.9,,18.61,13.69,12.98,33.97,12.83,62.15,110.0,1.09,3194.5,2811.5,22754.8,14142.3,8590.9,1763.3,0.54,221.1
PWR,🟢 全期強勢,2026Q1,23.9,26,73.1,19/26,75.0,15/20,91.7,11/12,100.0,4/4,✔✔✔✔,11,18.2,4,2025,22083.7,28479.7,15.01,5.66,3.61,6.8,11.37,3.99,64.49,114.0,2.17,2230.0,1620.8,25746.6,16603.7,9044.6,364.8,0.28,150.1
NEM,🟡 中性,2026Q1,24.5,28,64.3,18/28,70.0,14/20,58.3,7/12,100.0,4/4,✔✔✔✔,5,25.6,6,2025,18040.0,22669.0,,,31.25,6.39,20.29,12.29,39.14,244.0,1.46,10334.0,7299.0,57670.0,22572.0,34926.0,8775.0,0.15,1067.6
MDT,🔵 多數成長,2026Q4,4.1,38,65.8,25/38,55.0,11/20,66.7,8/12,100.0,4/4,✔✔✔✔,4,6.8,8,2026,32364.0,36364.0,,17.78,13.2,3.73,9.71,5.16,46.18,213.0,1.53,7330.0,5426.0,93028.0,42956.0,49463.0,1949.0,0.48,1280.0
MAR,🟢 全期強勢,2026Q1,4.8,40,80.0,32/40,75.0,15/20,91.7,11/12,100.0,4/4,✔✔✔✔,11,14.2,7,2025,23999.0,26186.0,,15.81,9.93,9.51,-63.56,9.34,,46.0,1.23,3212.0,2608.0,27857.0,,-4092.0,454.0,-0.19,263.7
BNY,🟡 中性,2016Q2,3.2,19,68.4,13/19,68.4,13/19,58.3,7/12,75.0,3/4,✔✗✔✔,2,22.1,3,2025,13572.0,20080.0,,,27.63,7.4,12.39,0.99,91.93,,1.21,6730.0,5177.0,561517.0,516198.0,44783.0,6390.0,0.73,686.4
CEG,🟡 中性,2026Q1,16.1,11,54.5,6/11,54.5,6/11,54.5,6/11,50.0,2/4,✗✗✔✔,2,4.5,1,2025,21687.0,22663.0,,13.62,10.23,7.4,6.93,2.39,65.1,136.0,1.83,4237.0,1288.0,96911.0,63091.0,33483.0,800.0,0.52,361.2
DUK,🔵 多數成長,2026Q1,9.1,40,55.0,22/40,70.0,14/20,75.0,9/12,75.0,3/4,✔✔✗✔,1,5.2,8,2025,29360.0,31741.0,,27.18,15.65,6.31,9.12,2.51,,66.0,2.48,12330.0,-1694.0,198048.0,,54457.0,2140.0,1.61,779.6
PNC,🟢 全期強勢,2026Q1,6.0,40,65.0,26/40,75.0,15/20,83.3,10/12,100.0,4/4,✔✔✔✔,4,3.9,10,2025,21797.0,23099.0,,,30.29,16.59,11.0,1.16,89.44,,0.63,4384.0,,603028.0,539352.0,63627.0,31699.0,1.05,401.6
HOOD,🔵 多數成長,2026Q1,50.0,12,75.0,9/12,75.0,9/12,75.0,9/12,100.0,4/4,✔✔✔✔,7,37.2,0,2025,2864.0,4473.0,,,42.1,2.05,19.44,4.14,78.7,122.0,0.87,1638.0,,45474.0,35786.0,9688.0,5012.0,0.0,
GD,🔵 多數成長,2026Q1,13.9,40,57.5,23/40,65.0,13/20,75.0,9/12,75.0,3/4,✔✔✗✔,1,7.4,10,2025,43764.0,52550.0,,10.19,8.01,15.45,16.14,7.13,,138.0,1.22,5120.0,3959.0,59029.0,,26079.0,3654.0,0.31,270.4
FCX,🔵 多數成長,2026Q1,-10.3,40,52.5,21/40,50.0,10/20,66.7,8/12,75.0,3/4,✔✔✔✗,0,8.1,5,2025,22066.0,25186.0,,25.88,16.49,,21.29,7.06,46.45,239.0,1.35,5610.0,1116.0,58840.0,27329.0,19505.0,3737.0,0.48,1437.6
WMB,🟡 中性,2026Q1,25.4,40,47.5,19/40,50.0,10/20,58.3,7/12,50.0,2/4,✔✗✗✔,1,7.5,8,2025,12844.0,14899.0,,28.16,17.57,2.14,20.15,4.39,,83.0,2.25,5898.0,1005.0,59569.0,,12992.0,950.0,0.0,1223.0
USB,🔵 多數成長,2026Q1,3.6,26,73.1,19/26,75.0,15/20,66.7,8/12,50.0,2/4,✗✗✔✔,2,8.3,5,2025,28387.0,28656.0,,,26.42,4.62,11.51,1.08,90.55,,1.05,7970.0,,700998.0,634751.0,65786.0,48420.0,0.65,1552.3
CME,🟢 全期強勢,2026Q1,10.4,40,77.5,31/40,75.0,15/20,91.7,11/12,100.0,4/4,✔✔✔✔,9,8.1,10,2025,5733.3,6520.6,,64.86,62.45,11.16,15.3,2.02,86.82,102.0,1.05,4277.1,4193.6,201993.5,175375.3,26618.2,2391.2,0.0,66.6
WM,🟢 全期強勢,2026Q1,16.7,40,77.5,31/40,80.0,16/20,91.7,11/12,75.0,3/4,✔✔✗✔,1,6.2,10,2025,21285.0,25204.0,,17.09,10.74,6.7,27.02,5.93,78.07,93.0,2.23,6043.0,2816.0,45700.0,35678.0,10021.0,158.0,0.06,401.6
KKR,🔵 多數成長,2026Q1,-67.8,24,66.7,16/24,70.0,14/20,66.7,8/12,75.0,3/4,✔✔✔✗,0,110.6,2,2025,21730.5,19464.3,,,12.18,,7.77,0.58,80.39,,0.2,477.8,,412084.5,331278.3,30496.2,19485.5,1.21,897.9
AMT,🟡 中性,2026Q1,30.6,40,65.0,26/40,60.0,12/20,58.3,7/12,75.0,3/4,✔✔✗✔,1,15.2,5,2025,800.3,935.9,,,,5.4,74.62,4.16,83.95,30.0,2.08,5464.0,3783.6,63234.6,53082.5,3522.6,1608.8,12.78,465.9
CMCSA,🟡 中性,2026Q1,-0.6,40,70.0,28/40,60.0,12/20,58.3,7/12,25.0,1/4,✗✔✗✗,0,8.7,10,2025,121401.0,123707.0,,16.71,16.17,5.39,22.65,7.69,,87.0,1.68,33643.0,21893.0,260002.0,,88274.0,9468.0,0.06,2063.1
RCL,🟢 全期強勢,2026Q1,7.3,40,77.5,31/40,70.0,14/20,91.7,11/12,100.0,4/4,✔✔✔✔,11,216.6,5,2025,14171.0,17935.0,,27.38,23.8,15.61,43.51,10.16,76.12,20.0,1.51,6465.0,1236.0,41990.0,31962.0,9810.0,512.0,0.78,268.2
EMR,🔵 多數成長,2026Q2,1.3,40,55.0,22/40,60.0,12/20,66.7,8/12,75.0,3/4,✔✗✔✔,2,4.9,10,2025,15279.0,18016.0,52.84,,12.73,4.04,11.29,5.45,,87.0,1.35,3098.0,2667.0,42088.0,,20303.0,1791.0,0.66,560.1
HLT,🟢 全期強勢,2026Q1,4.7,40,75.0,30/40,80.0,16/20,100.0,12/12,100.0,4/4,✔✔✔✔,13,13.1,7,2025,10357.0,12039.0,,22.37,12.1,6.12,-24.67,8.89,135.81,61.0,1.46,2129.0,2028.0,16385.0,22252.0,-5905.0,564.0,-0.0,227.6
MCO,🟡 中性,2026Q1,7.7,40,75.0,30/40,60.0,12/20,58.3,7/12,75.0,3/4,✔✔✗✔,1,10.1,10,2025,6054.0,7718.0,,43.42,31.86,13.67,82.13,16.69,78.67,116.0,1.18,2901.0,2575.0,14732.0,11589.0,2994.0,1469.0,2.33,174.7
FDX,🔴 轉弱/衰退,2026Q3,1.9,40,65.0,26/40,55.0,11/20,33.3,4/12,25.0,1/4,✗✗✗✔,1,10.2,10,2025,90277.0,87926.0,,5.93,4.65,16.81,13.73,4.32,,147.0,1.72,7036.0,2981.0,94733.0,,29804.0,8008.0,0.67,238.6
ECL,🟢 全期強勢,2026Q1,-1.5,40,55.0,22/40,70.0,14/20,83.3,10/12,75.0,3/4,✔✔✔✗,0,3.0,10,2025,15263.3,16081.2,,17.02,12.91,7.28,20.75,8.29,59.94,99.0,1.42,2952.6,1904.3,25040.6,15008.6,10003.9,519.8,0.64,281.4
NXPI,🟡 中性,2026Q1,-9.3,19,52.6,10/19,52.6,10/19,50.0,6/12,25.0,1/4,✗✗✔✗,0,18.0,4,2025,12985.0,12269.0,54.74,24.83,16.47,7.95,18.5,7.45,58.42,224.0,1.4,2820.0,2423.0,27113.0,15839.0,10927.0,3708.0,1.07,252.5
ROST,🔵 多數成長,2026Q1,2.6,40,80.0,32/40,65.0,13/20,66.7,8/12,100.0,4/4,✔✔✔✔,5,12.0,9,2025,20503.8,22750.6,,11.9,9.43,6.61,34.02,13.79,,154.0,1.41,3026.9,2207.6,15554.6,,6305.0,4131.0,0.16,320.8
NOC,🔵 多數成長,2026Q1,-6.6,40,67.5,27/40,70.0,14/20,66.7,8/12,75.0,3/4,✔✔✔✗,0,5.2,10,2025,38625.0,41954.0,,10.75,9.97,29.08,24.43,8.36,65.77,115.0,1.14,4757.0,3307.0,50007.0,32892.0,17115.0,2090.0,0.89,142.0
CVNA,🔵 多數成長,2026Q1,38.3,25,84.0,21/25,80.0,16/20,66.7,8/12,100.0,4/4,✔✔✔✔,5,70.9,1,2025,14358.0,20322.0,20.63,9.26,6.92,8.45,37.82,10.22,66.36,409.0,0.74,1036.0,889.0,13771.0,9139.0,3720.0,2410.0,1.37,
TDG,🟢 全期強勢,2026Q2,12.0,40,85.0,34/40,75.0,15/20,83.3,10/12,100.0,4/4,✔✔✔✔,6,16.0,8,2025,7033.0,8831.0,60.14,47.16,23.49,32.08,-22.06,8.15,136.92,352.0,0.98,2038.0,1816.0,25442.0,34836.0,-9402.0,3884.0,-3.34,55.9
AEP,🔵 多數成長,2026Q1,10.7,40,60.0,24/40,65.0,13/20,66.7,8/12,75.0,3/4,✔✔✗✔,1,7.4,9,2025,20002.0,21702.0,,24.51,17.03,6.66,11.62,3.14,71.96,53.0,1.88,6944.0,3491.0,117776.0,84747.0,31808.0,306.0,1.56,544.1
KMI,🟡 中性,2026Q1,13.3,40,40.0,16/40,50.0,10/20,41.7,5/12,50.0,2/4,✔✗✗✔,1,12.0,8,2025,14099.0,15202.0,,31.07,20.1,1.37,9.76,4.18,55.41,52.0,1.94,5917.0,2891.0,73072.0,40489.0,31322.0,72.0,1.02,2224.8
AON,🔵 多數成長,2026Q1,16.2,40,67.5,27/40,75.0,15/20,75.0,9/12,75.0,3/4,✔✔✗✔,1,2.6,10,2025,14035.0,17181.0,,25.28,21.51,17.02,37.57,7.18,80.59,107.0,0.94,3481.0,3218.0,51429.0,41449.0,9834.0,1178.0,1.49,213.6
FIX,🟢 全期強勢,2026Q1,19.1,40,77.5,31/40,85.0,17/20,100.0,12/12,100.0,4/4,✔✔✔✔,12,17.3,8,2026,6991.0,1831.3,22.03,11.42,,,,,59.43,124.0,,1186.4,1031.5,6938.3,4123.3,2815.0,1050.2,0.01,35.2
DLR,🔵 多數成長,2026Q1,5.7,40,85.0,34/40,80.0,16/20,75.0,9/12,75.0,3/4,✗✔✔✔,3,21.3,10,2025,5553.6,6112.7,,10.77,21.41,3.58,5.6,2.68,48.02,,1.84,2412.1,,48860.0,23463.0,23368.8,2426.6,0.14,351.4
CTAS,🟢 全期強勢,2026Q3,8.4,40,80.0,32/40,75.0,15/20,83.3,10/12,100.0,4/4,✔✔✔✔,7,10.8,10,2025,9362.6,10340.2,50.04,22.82,17.53,4.4,37.85,17.71,,198.0,1.2,2165.9,1757.0,10233.7,,4788.4,183.2,0.55,400.1
URI,🟢 全期強勢,2026Q1,8.2,40,75.0,30/40,80.0,16/20,100.0,12/12,100.0,4/4,✔✔✔✔,12,5.2,7,2025,3463.0,3695.0,,,,38.61,27.81,8.34,69.99,80.0,2.08,5190.0,,29888.0,20920.0,8968.0,156.0,1.78,62.6
BSX,🟢 全期強勢,2026Q1,20.9,40,85.0,34/40,75.0,15/20,83.3,10/12,75.0,3/4,✔✔✗✔,1,10.7,10,2025,15047.0,20074.0,69.01,18.0,14.41,1.94,11.18,6.52,,190.0,1.57,4534.0,3658.0,44351.0,,25864.0,1453.0,0.19,1486.4
MSI,🟢 全期強勢,2026Q1,5.8,40,75.0,30/40,85.0,17/20,100.0,12/12,100.0,4/4,✔✔✔✔,13,6.3,10,2025,10117.0,11682.0,51.66,25.58,18.44,12.75,84.67,11.29,,107.0,1.32,2837.0,2572.0,19080.0,,2544.0,886.0,3.31,166.0
REGN,🟡 中性,2026Q1,-3.7,40,80.0,32/40,70.0,14/20,58.3,7/12,75.0,3/4,✔✔✔✗,0,18.9,6,2025,13000.9,14342.9,,24.95,31.41,41.48,14.34,11.02,23.11,357.0,1.11,4978.9,4080.5,40868.8,9445.2,31423.6,2962.6,0.06,94.0
TER,🔴 轉弱/衰退,2026Q1,14.3,40,60.0,24/40,50.0,10/20,33.3,4/12,75.0,3/4,✔✔✗✔,1,15.1,7,2025,2762.2,3190.0,58.22,20.38,17.37,3.47,17.62,12.5,29.09,215.0,1.22,674.4,450.4,4433.8,1290.0,3143.8,241.9,0.06,156.5
RSG,🟢 全期強勢,2026Q1,3.8,40,77.5,31/40,80.0,16/20,91.7,11/12,100.0,4/4,✔✔✔✔,9,11.4,9,2025,15112.0,16591.0,,19.9,12.89,6.85,17.86,6.18,,67.0,2.01,4296.0,2409.0,34600.0,,11980.0,118.0,1.14,307.7
CIEN,🟡 中性,2026Q2,23.6,40,75.0,30/40,65.0,13/20,58.3,7/12,75.0,3/4,✗✔✔✔,3,13.9,10,2025,4636.2,4769.5,42.04,4.14,2.59,0.85,4.26,2.04,52.11,273.0,6.54,806.1,665.3,6039.4,3147.2,2892.2,1045.1,0.53,141.6
APD,🟡 中性,2026Q2,-0.5,40,60.0,24/40,55.0,11/20,41.7,5/12,25.0,1/4,✗✔✗✗,0,5.6,10,2025,12520.1,12037.3,,-7.29,-3.28,-1.77,-2.52,-0.95,56.42,143.0,-8.26,3256.8,-3765.8,41644.7,23494.9,15649.9,951.0,0.24,222.7
HPE,🟢 全期強勢,2026Q2,5.9,36,52.8,19/36,75.0,15/20,83.3,10/12,100.0,4/4,✔✔✔✔,5,-2.9,7,2025,30657.0,34296.0,,-1.27,0.17,-0.04,0.23,0.07,17.95,109.0,51.21,2919.0,627.0,79512.0,14276.0,25292.0,5292.0,0.81,1324.2
TFC,— 資料不足/新上市,,,,,,,,,,,,,,,,2025,,,,,,3.82,8.26,0.97,88.3,,1.08,5739.0,,548975.0,484761.0,64214.0,36197.0,0.65,1245.9
KEYS,🔵 多數成長,2026Q2,7.4,40,70.0,28/40,75.0,15/20,75.0,9/12,75.0,3/4,✗✔✔✔,3,10.2,10,2025,5593.0,5375.0,,16.3,15.81,4.91,13.43,7.24,46.06,190.0,1.66,1409.0,1281.0,11738.0,5407.0,6331.0,2412.0,0.4,170.9
D,🔵 多數成長,2026Q1,15.9,40,57.5,23/40,65.0,13/20,66.7,8/12,75.0,3/4,✔✔✗✔,1,0.5,7,2025,14048.0,16523.0,,26.71,18.14,3.45,10.29,2.53,71.57,78.0,1.79,5361.0,,118578.0,84870.0,29147.0,351.0,1.7,879.5
TEL,🟡 中性,2026Q2,4.4,40,65.0,26/40,65.0,13/20,58.3,7/12,50.0,2/4,✗✗✔✔,2,9.9,10,2025,16215.0,17262.0,35.22,18.6,10.67,6.16,13.92,7.17,47.89,189.0,2.25,4139.0,3203.0,25679.0,12297.0,13234.0,1110.0,0.43,291.9
AFL,🔴 轉弱/衰退,2026Q1,-37.5,40,45.0,18/40,40.0,8/20,33.3,4/12,25.0,1/4,✗✗✔✗,0,-2.1,10,2025,16663.0,17164.0,,,21.24,6.82,12.17,3.14,74.23,,0.7,2555.0,,116280.0,86319.0,29961.0,5654.0,0.0,509.0
ALL,🟢 全期強勢,2026Q1,7.8,40,75.0,30/40,70.0,14/20,83.3,10/12,100.0,4/4,✔✔✔✔,5,8.8,10,2025,58287.0,67685.0,,,15.19,38.06,32.53,8.29,74.52,,0.98,10110.0,9882.0,123972.0,92385.0,31607.0,697.0,0.24,257.4
BKR,🔵 多數成長,2026Q1,0.1,28,71.4,20/28,65.0,13/20,75.0,9/12,100.0,4/4,✔✔✔✔,5,13.8,5,2025,25515.0,27733.0,,,9.33,,13.4,5.08,0.0,213.0,1.47,3810.0,2537.0,50896.0,0.0,19314.0,14764.0,0.04,992.1
OKE,🔵 多數成長,2026Q1,68.2,40,57.5,23/40,55.0,11/20,66.7,8/12,75.0,3/4,✔✔✗✔,1,14.2,6,2025,20939.0,33629.0,,17.07,10.09,5.42,15.18,4.97,,71.0,1.65,5599.0,2447.0,68203.0,,22357.0,172.0,1.43,630.0
NUE,🔴 轉弱/衰退,2026Q1,-3.8,40,40.0,16/40,35.0,7/20,33.3,4/12,0.0,0/4,✗✗✗✗,0,18.6,8,2025,34407.0,32494.0,,,5.37,7.52,8.13,4.89,36.73,290.0,1.85,3234.0,-188.0,35635.0,13087.0,21453.0,2226.0,0.2,227.7
FLEX,🟡 中性,2026Q4,-15.2,40,45.0,18/40,40.0,8/20,41.7,5/12,25.0,1/4,✗✗✔✗,0,7.3,10,2026,26415.0,27914.0,9.2,4.9,3.15,2.33,17.11,3.99,76.68,136.0,1.91,1685.0,1052.0,22060.0,16916.0,5144.0,2389.0,0.73,366.4
LHX,🔵 多數成長,2026Q1,-1.5,40,57.5,23/40,70.0,14/20,75.0,9/12,75.0,3/4,✔✔✔✗,0,15.8,6,2025,19340.0,21325.0,,9.89,7.53,8.53,8.16,3.88,52.44,103.0,1.93,3106.0,2682.0,41380.0,21700.0,19680.0,590.0,0.5,186.3
AME,🟢 全期強勢,2026Q1,-0.2,40,75.0,30/40,80.0,16/20,91.7,11/12,75.0,3/4,✔✔✔✗,0,10.6,10,2025,6592.7,7401.1,,25.81,20.0,6.4,13.56,9.08,33.05,114.0,1.22,1801.8,1671.5,16309.5,5390.2,10919.3,481.2,0.2,229.2
CTVA,🟡 中性,2026Q1,-1.7,24,45.8,11/24,50.0,10/20,50.0,6/12,50.0,2/4,✔✗✔✗,0,2.8,5,2025,17151.0,17401.0,,,6.29,1.6,4.49,2.56,,147.0,3.11,3406.0,2815.0,42717.0,,24362.0,1964.0,0.03,668.8
CAH,🔵 多數成長,2026Q2,-3.8,40,87.5,35/40,85.0,17/20,75.0,9/12,50.0,2/4,✔✔✗✗,0,8.5,10,2025,200428.0,222578.0,3.67,1.02,0.7,6.45,-54.13,2.69,,91.0,1.54,2397.0,1850.0,58083.0,,-2884.0,2777.0,-0.99,235.3
ETR,🟡 中性,2026Q1,1.9,40,52.5,21/40,60.0,12/20,58.3,7/12,50.0,2/4,✔✗✗✔,1,5.2,7,2025,12199.7,12946.7,,24.73,13.7,3.91,10.22,2.34,,96.0,2.9,5150.7,-2534.3,75804.1,,17346.7,3571.1,1.88,457.8
ROK,🟡 中性,2026Q2,-5.9,40,65.0,26/40,60.0,12/20,58.3,7/12,25.0,1/4,✗✔✗✗,0,5.4,10,2025,8762.0,8342.0,48.14,20.41,10.42,7.67,24.67,7.72,,109.0,1.78,1544.0,1358.0,11256.0,,3522.0,423.0,0.73,111.3
CRDO,🔵 多數成長,2026Q3,154.4,10,70.0,7/10,70.0,7/10,70.0,7/10,75.0,3/4,✗✔✔✔,3,88.2,0,2026,318.8,1335.1,68.04,33.33,35.37,2.51,22.89,20.57,10.11,1015.0,0.98,464.3,407.0,2295.6,232.0,2063.6,1165.0,0.0,186.5
EW,🟡 中性,2026Q1,6.2,40,77.5,31/40,65.0,13/20,58.3,7/12,100.0,4/4,✔✔✔✔,4,15.5,10,2025,5092.8,6067.6,78.01,20.84,17.69,1.83,10.39,8.06,22.47,442.0,1.49,1595.2,1335.0,13321.2,2993.7,10327.5,2445.5,0.06,575.8
XEL,🔵 多數成長,2019Q3,1.0,37,64.9,24/37,65.0,13/20,66.7,8/12,100.0,4/4,✔✔✔✔,4,1.1,8,2018,11403.0,11537.0,,17.03,10.93,2.47,5.3,1.49,,77.0,3.24,4083.0,-6825.0,84828.0,,23806.0,1760.0,1.5,624.3
STT,🔵 多數成長,2026Q1,4.7,40,65.0,26/40,60.0,12/20,66.7,8/12,75.0,3/4,✔✔✗✔,1,2.7,10,2025,12091.0,13944.0,,,21.12,9.4,10.62,0.75,92.93,,4.04,11898.0,10843.0,392165.0,364423.0,27742.0,6518.0,0.43,276.8
EBAY,🔵 多數成長,2026Q1,1.1,40,60.0,24/40,70.0,14/20,75.0,9/12,100.0,4/4,✔✔✔✔,5,2.5,9,2025,10141.0,11100.0,71.45,20.51,18.3,4.34,46.03,11.35,75.34,122.0,0.96,1959.0,1434.0,17893.0,13481.0,4412.0,2894.0,1.75,444.0
EXC,🟢 全期強勢,2026Q1,11.1,40,60.0,24/40,55.0,11/20,83.3,10/12,100.0,4/4,✔✔✔✔,5,1.7,10,2025,22398.0,24258.0,,21.22,11.41,,9.44,2.35,75.06,94.0,2.26,6254.0,-2275.0,117545.0,88230.0,29315.0,713.0,1.69,1023.2
NDAQ,🔵 多數成長,2026Q1,25.2,40,70.0,28/40,70.0,14/20,66.7,8/12,75.0,3/4,✔✔✗✔,1,8.0,9,2025,6486.0,8262.0,63.53,28.21,21.64,3.09,14.86,6.55,55.91,100.0,1.26,2255.0,1989.0,27301.0,15263.0,12033.0,515.0,0.74,565.5
WAB,🟢 全期強勢,2026Q1,4.5,40,75.0,30/40,70.0,14/20,83.3,10/12,100.0,4/4,✔✔✔✔,5,16.1,7,2025,9790.0,11167.0,34.08,16.06,10.48,6.83,10.54,5.04,51.93,102.0,1.5,1759.0,1499.0,23196.0,12045.0,11103.0,531.0,0.59,169.7
GRMN,🟡 中性,2026Q1,11.1,40,70.0,28/40,65.0,13/20,58.3,7/12,75.0,3/4,✔✔✗✔,1,9.7,10,2025,5381.7,7245.5,58.74,25.89,22.96,8.59,17.95,15.19,,436.0,0.98,1633.4,1362.9,10952.4,,9271.0,2289.9,0.0,192.9
AMP,🔵 多數成長,2026Q1,3.6,40,57.5,23/40,60.0,12/20,75.0,9/12,100.0,4/4,✔✔✔✔,5,7.5,10,2025,16252.0,18911.0,,,18.84,36.28,57.36,1.93,96.63,,2.34,8323.0,8161.0,184448.0,178236.0,6212.0,9393.0,0.43,89.9
YUM,🟢 全期強勢,2026Q1,11.8,40,57.5,23/40,80.0,16/20,91.7,11/12,100.0,4/4,✔✔✔✔,4,0.2,8,2025,7265.0,8214.0,,31.34,18.98,5.55,-21.41,18.99,188.7,65.0,1.29,2010.0,1639.0,8211.0,15494.0,-7283.0,689.0,-0.54,275.6
VTR,🟢 全期強勢,2026Q1,13.2,40,80.0,32/40,70.0,14/20,91.7,11/12,100.0,4/4,✔✔✔✔,9,7.7,10,2025,4656.0,5834.0,,,4.48,0.54,1.99,0.94,50.96,,6.3,1646.7,-1281.3,27686.5,14110.0,13125.0,183.6,0.99,486.2
PEG,🟢 全期強勢,2026Q1,16.7,40,60.0,24/40,70.0,14/20,83.3,10/12,100.0,4/4,✔✔✔✔,4,6.4,10,2025,11699.0,12168.0,,24.49,17.35,4.22,12.2,3.64,,97.0,1.56,3298.0,26.0,57945.0,,17303.0,404.0,1.33,498.3
ED,🔵 多數成長,2026Q1,14.2,40,57.5,23/40,80.0,16/20,75.0,9/12,75.0,3/4,✔✔✗✔,1,4.3,10,2025,15084.0,17049.0,,17.22,11.87,5.64,7.9,2.71,,119.0,2.37,4800.0,,74741.0,,25596.0,147.0,1.01,368.5
ADSK,🟢 全期強勢,2027Q1,15.2,40,75.0,30/40,100.0,20/20,100.0,12/12,100.0,4/4,✔✔✔✔,21,13.4,10,2026,5713.0,7206.0,90.98,21.9,15.6,5.23,35.25,9.42,,83.0,2.18,2452.0,2409.0,11932.0,,3189.0,2671.0,0.78,211.0
VMC,🔵 多數成長,2026Q1,5.8,40,75.0,30/40,70.0,14/20,66.7,8/12,50.0,2/4,✗✗✔✔,2,12.3,9,2025,7870.8,7941.1,27.38,20.4,13.56,8.11,12.74,6.46,49.16,259.0,1.68,1813.0,1135.3,16672.9,8197.2,8451.3,140.2,0.52,129.8
CCL,🟢 全期強勢,2026Q2,9.5,30,76.7,23/30,75.0,15/20,100.0,12/12,100.0,4/4,✔✔✔✔,12,443.3,3,2025,22544.0,26622.0,,16.84,10.37,2.02,21.28,5.28,,33.0,2.25,6218.0,2607.0,52228.0,,12968.0,2243.0,1.92,1369.6
IRM,🟢 全期強勢,2026Q1,7.8,23,69.6,16/23,65.0,13/20,91.7,11/12,75.0,3/4,✔✔✗✔,1,27.1,2,2025,5596.0,6901.7,,16.86,2.21,0.49,-12.53,0.71,,77.0,8.8,1340.0,-931.6,21486.8,,-1215.0,250.7,-14.08,297.5
UAL,🟢 全期強勢,2026Q1,5.4,40,67.5,27/40,80.0,16/20,100.0,12/12,100.0,4/4,✔✔✔✔,13,21.3,7,2025,54391.0,59070.0,,7.98,5.68,10.2,21.12,4.14,,70.0,2.51,8431.0,2557.0,80941.0,,15876.0,7869.0,1.34,324.6
JBL,🟡 中性,2026Q3,15.7,40,75.0,30/40,70.0,14/20,50.0,6/12,50.0,2/4,✔✗✗✔,1,9.9,10,2025,34333.0,29802.0,8.88,3.97,2.2,5.92,49.66,2.76,94.43,98.0,2.5,1640.0,1172.0,23819.0,22492.0,1323.0,1360.0,2.55,104.8
CBRE,🟢 全期強勢,2026Q1,12.2,40,82.5,33/40,75.0,15/20,83.3,10/12,75.0,3/4,✔✔✗✔,1,19.7,10,2025,32461.0,39900.0,,4.39,2.9,3.85,13.58,3.83,69.15,108.0,1.35,1559.0,1193.0,30170.0,20863.0,8520.0,1664.0,0.6,292.8
TKO,— 資料不足/新上市,2026Q1,3.8,5,100.0,5/5,100.0,5/5,100.0,5/5,100.0,4/4,✔✔✔✔,5,173.6,0,2025,5225.1,4735.2,,17.63,4.13,2.26,5.79,1.22,46.79,134.0,6.58,1285.7,,16022.8,7496.3,3376.0,788.9,1.37,
PRU,🟡 中性,2026Q1,-42.7,40,65.0,26/40,55.0,11/20,50.0,6/12,75.0,3/4,✔✔✔✗,0,81.7,5,2025,71352.0,60774.0,,,5.88,9.99,11.18,0.47,95.44,,1.75,6271.0,,765396.0,730469.0,31975.0,15936.0,0.62,347.0
EME,🟢 全期強勢,2026Q1,12.7,40,70.0,28/40,80.0,16/20,91.7,11/12,75.0,3/4,✔✔✗✔,1,6.8,9,2025,13018.0,16986.4,19.33,10.09,7.49,28.19,32.92,13.39,59.32,126.0,1.02,1302.1,1189.3,9508.1,5640.5,3866.5,916.4,0.0,44.4
PCG,🔵 多數成長,2026Q1,2.1,40,57.5,23/40,70.0,14/20,66.7,8/12,100.0,4/4,✔✔✔✔,4,5.8,10,2025,24550.0,24935.0,,19.05,10.84,1.18,8.13,1.9,,120.0,3.22,8716.0,-3071.0,141953.0,,33250.0,1131.0,1.83,2680.0
A,🔵 多數成長,2026Q2,6.0,40,70.0,28/40,70.0,14/20,66.7,8/12,75.0,3/4,✗✔✔✔,3,5.5,9,2025,6951.0,6948.0,,21.29,18.75,4.57,18.3,9.97,45.49,210.0,1.2,1559.0,1152.0,13065.0,5943.0,7122.0,1807.0,0.43,282.4
HIG,🟡 中性,2026Q1,4.0,40,45.0,18/40,55.0,11/20,50.0,6/12,75.0,3/4,✔✔✗✔,1,-6.5,7,2025,1396.0,1506.0,,,,13.32,20.31,4.44,78.12,,1.54,5922.0,5753.0,86322.0,67433.0,18889.0,220.0,0.58,274.1
STLD,🔴 轉弱/衰退,2026Q1,-6.9,40,50.0,20/40,30.0,6/20,33.3,4/12,0.0,0/4,✗✗✗✗,0,10.1,6,2025,18470.5,18176.6,13.16,8.12,6.52,7.99,12.94,7.09,45.38,313.0,1.22,1449.5,501.5,16720.2,7586.8,9164.9,556.5,0.46,144.2
HBAN,🟢 全期強勢,2026Q1,4.5,29,65.5,19/29,70.0,14/20,83.3,10/12,100.0,4/4,✔✔✔✔,4,11.0,7,2025,1415.0,1562.0,,,,1.39,6.8,0.77,88.58,,1.12,2482.0,2215.0,285372.0,252791.0,32535.0,19186.0,0.66,2027.1
ROP,🟢 全期強勢,2026Q1,12.0,40,72.5,29/40,70.0,14/20,83.3,10/12,100.0,4/4,✔✔✔✔,5,8.3,7,2025,6379.9,7902.5,69.24,28.29,19.44,14.2,8.16,4.45,45.54,53.0,1.65,2540.3,,34550.8,15732.8,18818.0,382.9,0.56,100.9
EQT,🟡 中性,2026Q1,23.2,26,50.0,13/26,55.0,11/20,58.3,7/12,75.0,3/4,✔✔✗✔,1,21.0,4,2025,7236.5,8644.2,,37.59,23.59,3.31,8.12,4.89,30.95,66.0,2.51,5126.0,2837.5,41692.3,12905.2,25118.8,326.6,0.24,625.5
LVS,🔵 多數成長,2026Q1,-3.3,40,57.5,23/40,55.0,11/20,66.7,8/12,50.0,2/4,✔✔✗✗,0,59.4,6,2025,10275.0,13017.0,,21.65,12.5,2.35,135.81,7.68,92.41,92.0,1.86,3023.0,1855.0,21176.0,19568.0,1198.0,3330.0,7.93,662.6
AEE,🟡 中性,2026Q1,15.5,40,60.0,24/40,60.0,12/20,58.3,7/12,50.0,2/4,✗✔✗✔,1,8.7,10,2025,7781.0,8799.0,,23.03,16.6,5.35,10.78,2.93,,62.0,2.3,3353.0,-775.0,49846.0,,13556.0,13.0,1.48,276.8
CASY,🔵 多數成長,2026Q4,-23.9,40,57.5,23/40,65.0,13/20,66.7,8/12,50.0,2/4,✔✗✔✗,0,14.1,9,2026,14862.9,17561.1,,,4.07,19.16,18.08,8.0,55.78,101.0,1.93,1377.5,721.6,8936.1,4984.3,3951.7,523.0,0.62,37.0
NTAP,🔵 多數成長,2026Q3,2.2,40,57.5,23/40,65.0,13/20,66.7,8/12,75.0,3/4,✗✔✔✔,3,1.3,10,2026,6462.0,6925.0,70.74,24.17,18.43,6.35,94.45,11.88,87.43,144.0,1.62,2067.0,1869.0,10744.0,9393.0,1351.0,2070.0,1.84,195.9
EL,🔴 轉弱/衰退,2026Q3,-9.9,40,65.0,26/40,45.0,9/20,25.0,3/12,0.0,0/4,✗✗✗✗,0,7.4,10,2025,15088.0,14326.0,73.97,-5.48,-7.91,-3.15,-28.37,-5.76,44.47,127.0,-1.12,1272.0,670.0,19664.0,8745.0,3993.0,3126.0,0.27,
ATO,🔵 多數成長,2026Q2,18.4,23,60.9,14/23,65.0,13/20,75.0,9/12,100.0,4/4,✔✔✔✔,5,7.4,2,2025,4596.2,4702.8,,33.17,25.49,7.46,8.04,3.95,,100.0,1.71,2049.5,-1511.9,30380.1,,14908.6,125.7,0.24,166.9
TDY,🟢 全期強勢,2026Q1,7.4,40,67.5,27/40,80.0,16/20,83.3,10/12,75.0,3/4,✗✔✔✔,3,13.7,5,2025,5735.3,6115.4,,18.8,14.63,18.88,8.36,5.78,30.91,176.0,1.33,1191.3,1074.0,15493.0,4788.6,10704.4,521.4,0.23,46.3
CNP,🟡 中性,2026Q1,14.0,40,52.5,21/40,55.0,11/20,50.0,6/12,50.0,2/4,✔✗✗✔,1,8.6,10,2025,8974.0,9337.0,,22.6,11.27,1.6,9.19,2.2,,116.0,2.36,2486.0,-2384.0,47837.0,,11449.0,639.0,2.17,654.2
VICI,🟢 全期強勢,2026Q1,3.4,24,70.8,17/24,85.0,17/20,100.0,12/12,100.0,4/4,✔✔✔✔,17,23.8,2,2025,3644.7,4006.1,,,69.28,2.61,9.85,5.89,39.22,,0.9,2510.0,2508.7,47089.7,18470.8,28188.7,480.2,0.6,1069.0
EIX,🟡 中性,2026Q1,-6.5,40,52.5,21/40,60.0,12/20,41.7,5/12,50.0,2/4,✔✔✗✗,0,6.6,10,2025,16071.0,19317.0,,36.72,23.08,11.55,25.74,4.72,80.01,74.0,1.3,5800.0,-715.0,94475.0,75591.0,17320.0,168.0,2.33,384.8
FSLR,🟢 全期強勢,2026Q1,6.4,40,60.0,24/40,70.0,14/20,83.3,10/12,100.0,4/4,✔✔✔✔,5,19.1,10,2025,3369.1,5219.4,40.62,30.59,29.28,14.21,15.47,11.45,26.01,256.0,1.35,2057.1,1187.2,13351.1,3472.5,9878.6,2363.0,0.04,107.5
CBOE,🟡 中性,2026Q1,24.8,40,67.5,27/40,65.0,13/20,58.3,7/12,75.0,3/4,✔✔✗✔,1,35.5,7,2025,4011.3,4714.2,51.53,31.12,23.33,10.42,20.47,9.94,51.46,139.0,1.59,1752.6,1681.6,11070.6,5697.1,5373.5,2134.4,0.27,104.7
HUBB,🟢 全期強勢,2026Q1,-2.4,40,67.5,27/40,60.0,12/20,83.3,10/12,75.0,3/4,✔✔✔✗,0,9.2,10,2025,5339.0,5844.6,35.32,20.68,15.18,16.54,23.54,10.54,55.1,158.0,1.16,1029.8,874.7,8417.7,4638.5,3768.6,501.6,0.68,52.8
CINF,🟡 中性,2026Q1,-12.6,40,65.0,26/40,50.0,10/20,41.7,5/12,50.0,2/4,✔✗✔✗,0,68.8,6,2025,9644.0,12631.0,,,18.95,15.17,15.23,5.81,61.87,,1.3,3112.0,3092.0,41211.0,25497.0,15714.0,1210.0,0.05,154.7
PPL,🔴 轉弱/衰退,2026Q1,10.5,36,38.9,14/36,40.0,8/20,25.0,3/12,50.0,2/4,✗✔✗✔,1,-2.0,6,2025,8532.0,9170.0,,23.22,12.88,1.59,7.86,2.55,,100.0,2.23,2629.0,-1401.0,46304.0,,15019.0,1241.0,1.33,752.4
ARES,🟡 中性,2026Q1,53.9,26,65.4,17/26,65.0,13/20,58.3,7/12,75.0,3/4,✗✔✔✔,3,211.8,1,2025,4013.3,5601.5,,,9.41,,13.1,1.86,70.48,,6.19,3267.0,,28394.9,20011.7,4025.4,568.8,0.05,103.3
ES,🟡 中性,2026Q1,23.6,40,65.0,26/40,65.0,13/20,58.3,7/12,50.0,2/4,✗✔✗✔,1,6.5,8,2025,12696.5,13547.2,,22.06,12.55,4.56,10.28,2.63,,65.0,2.42,4113.6,-45.1,64707.6,,16531.0,270.2,1.78,376.1
WSM,🟡 中性,2026Q1,4.2,40,75.0,30/40,55.0,11/20,41.7,5/12,25.0,1/4,✗✗✗✔,1,8.1,9,2025,7820.4,7806.8,46.15,18.13,13.94,8.84,58.21,21.51,63.04,133.0,1.21,1314.9,1055.5,5059.5,3189.7,1869.8,651.6,0.0,117.7
XYL,🟢 全期強勢,2026Q1,1.8,40,70.0,28/40,95.0,19/20,91.7,11/12,100.0,4/4,✔✔✔✔,10,11.0,6,2025,7400.0,9035.0,38.46,13.54,10.59,3.92,8.72,5.64,33.77,146.0,1.3,1241.0,910.0,16954.0,5725.0,10972.0,808.0,0.18,237.7
TPL,🔵 多數成長,2026Q1,12.5,14,64.3,9/14,64.3,9/14,66.7,8/12,75.0,3/4,✔✔✗✔,1,22.2,1,2025,653.4,798.2,,74.19,60.31,6.97,30.94,27.48,11.16,423.0,1.13,545.9,,1751.5,195.5,1555.9,247.6,0.0,69.0
AVB,🟡 中性,2026Q1,-3.0,40,65.0,26/40,45.0,9/20,58.3,7/12,25.0,1/4,✗✗✔✗,0,15.3,4,2025,7.7,7.0,,,,7.4,9.2,4.78,47.06,,1.58,1671.1,1409.3,22127.0,10412.3,11490.9,121.2,0.81,139.1
JBHT,🔴 轉弱/衰退,2026Q1,-0.8,40,67.5,27/40,50.0,10/20,25.0,3/12,0.0,0/4,✗✗✗✗,0,17.7,10,2025,12807.1,11999.1,,7.21,4.99,6.12,16.65,7.54,55.0,126.0,2.81,1678.3,947.6,7930.5,4362.1,3594.4,4.6,0.36,94.3
FICO,🔵 多數成長,2026Q2,15.0,40,85.0,34/40,80.0,16/20,75.0,9/12,75.0,3/4,✔✗✔✔,2,8.3,8,2025,1636.4,1990.9,,46.45,32.75,26.54,-31.02,31.83,202.61,222.0,1.19,778.8,769.9,2048.2,4149.9,-2101.7,219.4,-1.73,23.2
DG,🟢 全期強勢,2026Q1,5.3,29,79.3,23/29,75.0,15/20,83.3,10/12,75.0,3/4,✔✔✗✔,1,13.4,7,2025,39213.6,42724.4,30.66,5.16,3.54,6.85,17.1,4.77,72.1,117.0,2.4,3634.5,2393.3,31699.7,22856.4,8843.3,1353.1,0.76,220.6
RF,— 資料不足/新上市,,,,,,,,,,,,,,,,2021,,104.0,,,,2.49,13.42,1.57,88.28,,0.87,2181.0,,160741.0,141897.0,18779.0,11143.0,0.17,853.4
AWK,🔵 多數成長,2026Q1,13.1,40,72.5,29/40,60.0,12/20,75.0,9/12,100.0,4/4,✔✔✔✔,5,6.3,10,2025,4348.0,5121.0,,36.69,21.69,5.69,10.07,3.15,,37.0,1.85,2059.0,-1067.0,35264.0,,11037.0,137.0,0.88,195.3
RL,🟢 全期強勢,2026Q4,-9.4,40,62.5,25/40,80.0,16/20,91.7,11/12,75.0,3/4,✔✔✔✗,0,6.1,9,2026,6631.4,8114.5,69.87,14.53,11.6,15.11,33.12,12.16,63.29,213.0,1.23,1154.2,746.1,7739.5,4898.1,2841.4,1988.0,0.44,
WST,🟡 中性,2026Q1,0.4,40,70.0,28/40,65.0,13/20,50.0,6/12,50.0,2/4,✗✗✔✔,2,7.1,9,2025,2952.4,3074.1,35.91,19.03,16.06,6.79,16.51,12.01,27.24,271.0,1.53,754.8,468.9,4109.8,1119.4,2990.4,521.4,0.07,70.6
MTD,🟡 中性,2025Q3,1.3,40,62.5,25/40,65.0,13/20,58.3,7/12,50.0,2/4,✗✔✗✔,1,7.3,5,2025,3885.3,4026.4,59.37,,21.59,42.05,-2075.29,23.69,101.14,120.0,1.1,955.8,848.6,3668.9,3710.8,-41.9,60.6,-53.14,20.2
CMS,🟡 中性,2026Q1,11.8,40,50.0,20/40,60.0,12/20,50.0,6/12,75.0,3/4,✔✔✗✔,1,6.1,10,2025,7515.0,8305.0,,20.79,12.9,3.53,11.31,2.66,,84.0,2.09,2235.0,,40285.0,,9466.0,175.0,1.99,308.9
TROW,🟡 中性,2026Q1,0.8,32,68.8,22/32,65.0,13/20,58.3,7/12,75.0,3/4,✔✔✗✔,1,17.8,6,2025,6474.2,7314.8,,29.92,28.53,9.24,19.37,14.5,17.49,,0.84,1753.4,1479.2,14393.0,2517.6,10777.6,3729.8,0.0,214.3
NI,🟡 中性,2026Q1,30.8,40,47.5,19/40,50.0,10/20,50.0,6/12,50.0,2/4,✗✔✗✔,1,3.2,9,2025,5854.3,6522.8,,28.14,14.25,1.95,9.62,2.54,,65.0,2.54,2362.3,-420.0,36601.0,,9658.2,71.9,0.67,479.4
VRSN,🟢 全期強勢,2026Q1,4.7,40,92.5,37/40,95.0,19/20,100.0,12/12,100.0,4/4,✔✔✔✔,13,5.8,9,2025,1511.1,1656.6,,67.67,49.84,,-37.3,63.65,270.63,46.0,1.32,1091.1,1068.3,1297.2,3510.6,-2213.4,476.7,-0.0,91.0
L,🔵 多數成長,2026Q1,19.2,40,37.5,15/40,50.0,10/20,75.0,9/12,75.0,3/4,✔✔✗✔,1,-6.6,10,2025,2496.0,3174.0,,,52.52,7.97,8.91,1.95,77.13,,1.97,3279.0,2700.0,85652.0,66061.0,18704.0,843.0,0.48,205.8
CPAY,🟢 全期強勢,2026Q1,7.5,40,80.0,32/40,75.0,15/20,91.7,11/12,100.0,4/4,✔✔✔✔,9,17.5,9,2025,3828.1,4528.4,,44.04,23.62,15.03,30.48,4.01,,98.0,1.4,1499.9,1299.1,26664.8,,3510.1,2536.8,4.02,65.4
FFIV,🔵 多數成長,2026Q2,7.3,40,80.0,32/40,65.0,13/20,66.7,8/12,75.0,3/4,✗✔✔✔,3,7.4,10,2025,2936.8,3088.1,81.41,24.8,22.42,11.8,18.97,10.66,25.07,161.0,1.37,949.7,906.4,6497.5,1628.8,3649.6,1442.8,0.0,56.4
DGX,🟡 中性,2026Q1,12.1,40,55.0,22/40,45.0,9/20,41.7,5/12,75.0,3/4,✔✔✗✔,1,4.9,10,2025,9538.0,11035.0,,14.1,8.99,8.75,13.47,5.95,,118.0,1.9,1886.0,1359.0,16673.0,,7366.0,393.0,0.77,110.7
SMCI,🟢 全期強勢,2026Q3,19.5,40,77.5,31/40,70.0,14/20,91.7,11/12,100.0,4/4,✔✔✔✔,6,28.6,4,2025,20065.2,21972.0,11.06,5.7,4.77,1.68,13.85,4.47,67.7,266.0,1.58,1659.5,1532.3,23452.0,15876.4,7575.4,1290.3,0.02,601.4
HPQ,🟡 中性,2026Q2,3.3,40,55.0,22/40,60.0,12/20,50.0,6/12,75.0,3/4,✔✗✔✔,2,-0.7,9,2025,54457.0,55295.0,20.6,5.74,4.57,2.65,-1756.25,5.89,,79.0,1.46,3697.0,2800.0,42936.0,,-144.0,3703.0,-67.12,914.5
LH,🔵 多數成長,2026Q1,5.3,40,80.0,32/40,70.0,14/20,75.0,9/12,75.0,3/4,✔✔✗✔,1,11.2,7,2025,12330.1,13951.7,28.76,9.92,6.28,10.46,10.04,4.59,54.18,173.0,1.87,1640.5,1206.0,19087.1,10341.6,8728.6,981.1,0.73,82.0
EXPD,🟡 中性,2026Q1,20.8,40,62.5,25/40,65.0,13/20,58.3,7/12,75.0,3/4,✔✔✗✔,1,12.6,9,2025,9759.9,11069.0,,9.51,7.32,5.95,35.47,16.95,,179.0,1.24,1006.5,953.4,4781.7,,2284.4,1316.5,0.0,130.8
SNA,🔵 多數成長,2026Q1,-3.6,40,70.0,28/40,75.0,15/20,66.7,8/12,25.0,1/4,✗✗✔✗,0,4.1,10,2025,4661.3,4709.3,,28.19,21.59,19.19,17.07,11.94,29.75,353.0,1.06,1081.7,1005.7,8516.4,2533.3,5958.1,1753.3,0.2,51.8
SBAC,🟡 中性,2026Q1,62.4,40,57.5,23/40,50.0,10/20,41.7,5/12,25.0,1/4,✗✗✗✔,1,2.8,5,2025,213.1,244.5,,,,9.8,-22.17,8.99,,23.0,1.23,1291.3,1066.5,11720.8,,-4751.6,269.1,-2.73,106.1
FIS,🟡 中性,2026Q1,2.6,27,59.3,16/27,65.0,13/20,58.3,7/12,75.0,3/4,✔✔✗✔,1,5.1,5,2025,9895.0,10677.0,36.86,16.31,3.58,0.73,2.39,0.88,63.25,59.0,6.83,2608.0,2454.0,43484.0,27504.0,15977.0,755.0,1.06,516.9
LNT,🟡 中性,2026Q1,9.4,40,57.5,23/40,50.0,10/20,50.0,6/12,50.0,2/4,✗✔✗✔,1,4.2,10,2025,4124.0,4362.0,,23.5,18.57,3.14,10.91,3.26,,69.0,1.44,1169.0,-1108.0,24813.0,,7422.0,115.0,1.48,258.3
EFX,🟢 全期強勢,2026Q1,3.8,27,77.8,21/27,80.0,16/20,83.3,10/12,75.0,3/4,✔✔✗✔,1,9.2,6,2025,5317.8,6074.5,,18.03,10.87,5.32,14.54,5.53,60.79,61.0,2.45,1615.7,1134.3,11942.0,7259.2,4540.7,183.4,1.17,119.1
VTRS,🔴 轉弱/衰退,2026Q1,-11.2,16,18.8,3/16,18.8,3/16,0.0,0/12,0.0,0/4,✗✗✗✗,0,1.9,3,2025,14978.1,14250.4,35.18,-18.69,-24.67,-3.0,-23.98,-9.54,60.21,160.0,-0.66,2315.9,1937.1,36834.6,22176.9,14657.7,1804.2,0.98,1164.6
BEN,🟡 中性,2026Q2,-1.9,40,37.5,15/40,50.0,10/20,50.0,6/12,50.0,2/4,✔✗✔✗,0,2.0,8,2025,8068.5,8770.7,,6.89,5.98,0.91,4.33,1.54,57.15,530.0,2.03,1066.1,911.6,34109.8,19494.5,12123.8,3569.0,0.21,519.6
ALB,🔵 多數成長,2026Q1,-20.9,40,65.0,26/40,65.0,13/20,66.7,8/12,0.0,0/4,✗✗✗✗,0,10.9,6,2025,9333.3,5142.7,13.0,-7.14,-9.93,-5.76,-5.18,-3.37,,207.0,-2.51,1282.3,692.5,15139.6,,9850.2,1089.8,0.19,117.9
HST,🟢 全期強勢,2026Q1,8.4,40,65.0,26/40,70.0,14/20,100.0,12/12,100.0,4/4,✔✔✔✔,13,25.6,7,2025,5434.0,6114.0,,13.98,12.51,1.1,11.21,5.82,46.68,,1.97,1510.0,1228.0,13154.0,6140.0,6827.0,1703.0,0.19,684.9
WDLF,🔵 多數成長,2023Q3,502.7,15,66.7,10/15,66.7,10/15,66.7,8/12,75.0,3/4,✗✔✔✔,3,132.3,1,2022,0.8,0.9,94.89,67.34,77.02,,166.9,113.07,32.25,715.0,0.54,0.4,,0.6,0.2,0.4,0.1,0.0,7394.8
SBUX,🔵 多數成長,2026Q2,2.3,40,77.5,31/40,70.0,14/20,75.0,9/12,50.0,2/4,✗✔✗✔,1,13.0,10,2025,36146.7,37184.4,,7.9,4.99,1.63,-21.93,6.08,127.68,92.0,2.56,4747.5,2442.0,30557.5,39015.2,-8465.1,1532.0,-1.78,1139.7
AGEN,🔵 多數成長,2026Q1,-14.1,40,57.5,23/40,55.0,11/20,66.7,8/12,50.0,2/4,✗✔✔✗,0,216.1,1,2025,152.4,114.2,,-17.66,-2.7,0.0,1.39,-1.65,,38.0,25.04,-77.2,-77.2,186.5,,-221.2,35.0,-0.27,41.6
DVN,🟡 中性,2026Q1,21.6,40,47.5,19/40,55.0,11/20,50.0,6/12,50.0,2/4,✔✗✗✔,1,56.7,5,2025,15949.0,16786.0,,,15.74,4.17,17.12,8.12,,101.0,2.54,6711.0,3119.0,32543.0,,15428.0,1763.0,0.54,621.4
MUSA,🔴 轉弱/衰退,2026Q1,-6.6,40,40.0,16/40,45.0,9/20,33.3,4/12,0.0,0/4,✗✗✗✗,0,5.2,8,2025,21211.1,19384.0,,3.71,2.43,24.1,71.44,9.67,86.46,83.0,1.73,813.9,374.3,4866.4,4207.7,658.7,118.6,1.03,18.5
UI,🔵 多數成長,2026Q3,34.7,39,74.4,29/39,70.0,14/20,66.7,8/12,100.0,4/4,✔✔✔✔,5,25.4,3,2025,2333.9,2573.5,43.42,32.5,27.66,11.76,59.22,41.5,29.92,356.0,0.9,640.0,627.4,1715.5,513.3,1202.2,368.7,0.04,60.5
MPC,🟡 中性,2026Q1,-3.6,24,58.3,14/24,50.0,10/20,41.7,5/12,25.0,1/4,✔✗✗✗,0,15.7,1,2025,147190.0,132699.0,,6.25,3.05,13.22,24.16,4.59,73.43,118.0,2.04,8253.0,4767.0,88187.0,64760.0,16753.0,2151.0,0.32,291.9
LIMX,🔴 轉弱/衰退,2026Q1,-75.4,12,16.7,2/12,16.7,2/12,16.7,2/12,0.0,0/4,✗✗✗✗,0,9196.9,0,2025,2.6,0.9,,,,-1.23,662.83,-2361.58,367.04,12.0,0.03,-1.6,,2.0,7.2,-7.0,0.9,-0.01,18.5
GUER,🔵 多數成長,2026Q1,-14.1,13,69.2,9/13,69.2,9/13,66.7,8/12,50.0,2/4,✔✔✗✗,0,25.0,3,2025,19.4,22.7,65.33,-20.5,-30.74,-0.67,41.26,-33.91,84.94,122.0,0.2,-1.4,-2.8,20.6,17.5,-16.9,0.0,-0.01,10.6
CURV,🔴 轉弱/衰退,2026Q1,-4.9,14,35.7,5/14,35.7,5/14,25.0,3/12,0.0,0/4,✗✗✗✗,0,1.1,2,2025,1138.1,1000.1,34.79,2.14,-0.7,-0.07,3.32,-1.75,152.65,79.0,1.85,-13.0,-21.9,402.5,614.4,-211.9,22.8,-1.27,99.5
NOG,🔵 多數成長,2026Q1,51.9,40,57.5,23/40,65.0,13/20,75.0,9/12,100.0,4/4,✔✔✔✔,4,288.6,1,2025,2372.0,2475.7,,9.93,1.57,0.39,2.17,0.7,67.64,53.0,38.84,1505.3,1504.5,5514.8,3730.4,1784.4,37.0,1.43,105.8
ABIT,— 資料不足/新上市,2026Q1,-10.8,1,0.0,0/1,0.0,0/1,0.0,0/1,0.0,0/1,✗,0,-10.8,0,2025,276.6,234.6,10.59,0.43,-2.57,-0.0,-40.69,-10.38,74.48,75.0,-2.09,12.6,11.1,58.1,43.3,14.8,14.8,0.18,4095.0
AISP,— 資料不足/新上市,2026Q1,-48.0,5,60.0,3/5,60.0,3/5,60.0,3/5,50.0,2/4,✔✔✗✗,0,67.9,1,2025,18.0,15.3,,,,0.76,-407.18,153.33,137.66,254.0,-0.27,-8.0,,19.1,26.3,-7.2,12.6,-0.0,34.4
AGSS,🟢 全期強勢,2026Q1,21.8,9,88.9,8/9,88.9,8/9,88.9,8/9,75.0,3/4,✔✔✗✔,1,171.4,1,2025,25.7,23.5,,-13.32,-2.07,-0.01,11.11,-6.2,155.76,28.0,0.48,-0.2,,7.9,12.3,-4.4,0.2,-0.07,89.3
FUST,🔴 轉弱/衰退,2026Q2,-100.0,16,18.8,3/16,18.8,3/16,25.0,3/12,0.0,0/4,✗✗✗✗,0,-37.6,2,2025,0.2,0.0,,,,-0.02,106.54,-1638.0,1637.45,7.0,1.02,-0.3,,0.0,0.3,-0.3,0.0,-0.36,17.2
TGNT,🟡 中性,2026Q1,-100.0,15,53.3,8/15,53.3,8/15,41.7,5/12,25.0,1/4,✗✔✗✗,0,14909.9,1,2025,0.4,0.0,,,,0.0,27.05,-293.03,1183.09,0.0,0.44,-0.3,,0.2,2.4,-2.2,0.0,-0.0,362.4
SNAL,🟡 中性,2026Q1,42.5,10,50.0,5/10,50.0,5/10,50.0,5/10,75.0,3/4,✔✔✗✔,1,22.9,2,2025,90.5,81.2,27.62,-21.25,-33.53,-0.73,191.6,-47.91,134.69,60.0,0.04,-1.2,-1.2,56.8,76.6,-14.2,14.3,-0.37,0.5
AN,🔵 多數成長,2026Q1,3.2,40,67.5,27/40,65.0,13/20,66.7,8/12,50.0,2/4,✗✗✔✔,2,6.5,9,2025,27153.6,27631.4,17.91,4.49,2.35,17.04,29.15,4.44,,81.0,0.17,111.9,-197.5,14623.3,,2226.9,65.5,0.67,33.5
MO,🔴 轉弱/衰退,2026Q1,-5.7,40,45.0,18/40,20.0,4/20,8.3,1/12,0.0,0/4,✗✗✗✗,0,-0.0,10,2025,24166.0,23279.0,62.47,42.52,29.84,4.12,-216.35,20.09,109.14,62.0,1.34,9290.0,9074.0,34584.0,37745.0,-3211.0,3531.0,-7.66,1669.9
PURE,🟡 中性,2026Q3,11.3,28,42.9,12/28,35.0,7/20,41.7,5/12,50.0,2/4,✗✗✔✔,2,43.4,6,2025,1.9,2.2,,,,-0.02,41.09,-153.98,474.78,42.0,0.84,-2.0,,1.6,7.4,-5.8,1.0,-0.0,130.0
BLDR,🟡 中性,2026Q1,-6.0,40,67.5,27/40,60.0,12/20,41.7,5/12,0.0,0/4,✗✗✗✗,0,52.8,6,2025,16863.5,15190.6,30.39,5.18,2.86,3.89,10.87,3.85,64.57,176.0,2.79,1215.9,853.3,11303.1,7298.9,4004.2,98.3,0.1,107.6
EMBC,🔴 轉弱/衰退,2026Q2,-9.8,12,25.0,3/12,25.0,3/12,25.0,3/12,0.0,0/4,✗✗✗✗,0,-2.9,2,2025,1077.2,1080.4,62.64,22.41,8.83,1.62,-15.24,9.27,,246.0,2.01,191.7,182.4,1029.3,,-626.1,184.9,-2.12,59.3
CHE,🔵 多數成長,2026Q1,9.8,40,72.5,29/40,60.0,12/20,66.7,8/12,100.0,4/4,✔✔✔✔,5,8.4,6,2025,2322.1,2530.0,,13.37,10.48,18.34,31.28,17.27,44.79,85.0,1.46,388.3,325.5,1535.8,687.8,848.0,16.9,0.11,13.3
JILL,🟡 中性,2026Q1,-4.9,26,53.8,14/26,50.0,10/20,50.0,6/12,25.0,1/4,✗✔✗✗,0,7.0,4,2025,600.2,596.5,68.69,8.48,4.68,1.82,22.44,6.38,71.59,114.0,1.51,42.1,25.2,437.5,313.2,124.3,36.3,0.59,15.0
KFRC,🔴 轉弱/衰退,2026Q1,-6.2,29,55.2,16/29,55.0,11/20,33.3,4/12,0.0,0/4,✗✗✗✗,0,3.2,7,2025,1509.9,1329.0,27.19,3.77,2.62,1.96,29.67,9.05,69.5,179.0,1.77,61.6,46.8,384.8,267.4,117.4,1.3,0.0,17.8
CSV,🔵 多數成長,2026Q1,3.5,40,77.5,31/40,75.0,15/20,66.7,8/12,75.0,3/4,✔✔✗✔,1,8.7,9,2025,386.1,417.4,35.14,23.39,12.34,3.25,19.3,3.82,80.2,115.0,1.18,60.7,40.1,1348.3,1081.4,266.9,2.9,0.02,15.9
FC,🔵 多數成長,2026Q2,-2.8,40,57.5,23/40,60.0,12/20,66.7,8/12,50.0,2/4,✗✔✔✗,0,5.9,10,2025,271.0,267.1,76.22,2.14,1.15,0.24,8.06,1.49,81.57,63.0,9.44,29.0,20.7,206.5,168.4,38.0,13.7,0.55,11.3
BIIB,🔴 轉弱/衰退,2026Q1,6.1,40,67.5,27/40,45.0,9/20,25.0,3/12,50.0,2/4,✔✗✗✔,1,5.3,8,2025,9976.1,9890.6,,,13.07,8.79,6.93,4.39,36.74,306.0,1.71,2204.6,2050.8,29483.1,10831.4,18651.7,3382.7,0.34,147.6
EAT,🟢 全期強勢,2026Q3,27.2,40,65.0,26/40,75.0,15/20,91.7,11/12,100.0,4/4,✔✔✔✔,11,5.8,10,2025,4848.6,5384.2,,9.51,7.12,8.32,94.36,13.82,,40.0,1.77,679.0,413.7,2772.3,,406.0,57.1,3.24,42.9
FIZZ,🟢 全期強勢,2026Q4,9.1,40,80.0,32/40,85.0,17/20,83.3,10/12,50.0,2/4,✔✗✗✔,1,8.0,10,2026,1191.7,1180.6,37.04,19.49,15.56,1.96,28.89,21.56,25.35,439.0,0.99,181.3,156.1,851.6,215.9,635.7,349.5,0.0,93.6
GPI,🟢 全期強勢,2026Q1,23.1,40,82.5,33/40,85.0,17/20,100.0,12/12,100.0,4/4,✔✔✔✔,15,12.9,8,2025,18908.5,22571.4,16.05,3.25,1.44,25.24,11.45,3.23,,95.0,2.14,694.5,424.5,10062.4,,2839.6,41.7,0.0,11.9
ADTN,🟡 中性,2026Q1,9.5,40,55.0,22/40,60.0,12/20,58.3,7/12,50.0,2/4,✗✗✔✔,2,16.9,9,2025,1170.7,1083.8,38.29,-1.44,-4.21,-0.52,-33.2,-3.85,57.26,177.0,-2.84,129.8,98.0,1185.1,678.5,137.5,88.3,0.36,81.0
NFG,🟡 中性,2026Q2,31.5,29,44.8,13/29,55.0,11/20,50.0,6/12,50.0,2/4,✗✗✔✔,2,27.5,6,2025,2444.7,2219.1,,36.66,23.37,5.68,13.56,5.68,,62.0,2.12,1100.0,187.2,9127.6,,3824.5,26.6,0.62,95.0
ATKR,🔴 轉弱/衰退,2026Q2,-11.5,28,42.9,12/28,35.0,7/20,25.0,3/12,0.0,0/4,✗✗✗✗,0,6.1,3,2025,3290.7,2850.4,23.72,0.81,-0.53,-0.45,-1.18,-0.53,55.03,264.0,-26.54,402.8,295.7,2848.4,1567.5,1280.9,442.3,0.59,33.8
REI,🟡 中性,2026Q1,-16.3,20,55.0,11/20,55.0,11/20,50.0,6/12,25.0,1/4,✔✗✗✗,0,40.8,1,2025,345.6,307.2,,-11.18,-11.31,-0.17,-5.58,-2.77,50.43,40.0,-4.34,150.8,150.7,1254.7,632.7,622.0,1.0,0.0,209.4
LAUR,🔵 多數成長,2026Q1,-14.2,31,48.4,15/31,65.0,13/20,75.0,9/12,75.0,3/4,✔✔✔✗,0,-3.4,6,2025,1445.1,1701.9,,25.33,16.55,1.89,26.86,12.35,53.99,57.0,1.3,366.2,263.1,2281.1,1231.7,1048.6,157.4,0.15,140.0
MTCH,🟢 全期強勢,2026Q1,-3.3,40,72.5,29/40,80.0,16/20,83.3,10/12,75.0,3/4,✔✔✔✗,0,9.0,8,2025,3336.0,3487.2,,25.02,17.59,2.38,-281.25,13.92,,157.0,1.76,1080.4,1023.6,4407.9,,-218.1,1020.1,-18.22,233.3
CF,🟡 中性,2026Q1,13.1,40,50.0,20/40,50.0,10/20,50.0,6/12,50.0,2/4,✗✔✗✔,1,5.9,5,2025,6824.0,7084.0,38.45,32.47,25.38,8.97,33.66,12.31,,354.0,1.53,2752.0,1802.0,14608.0,,5342.0,2042.0,0.7,153.6
LECO,🔵 多數成長,2026Q1,2.4,40,57.5,23/40,70.0,14/20,75.0,9/12,50.0,2/4,✗✗✔✔,2,9.4,10,2025,4214.8,4233.0,36.25,16.96,12.3,9.32,34.44,13.35,61.25,183.0,1.27,661.2,534.2,3900.4,2389.1,1511.3,298.9,0.87,54.8
ASO,🔴 轉弱/衰退,2026Q1,-0.9,18,27.8,5/18,27.8,5/18,8.3,1/12,0.0,0/4,✗✗✗✗,0,12.3,4,2025,6146.5,6053.4,34.78,8.46,6.22,5.54,17.76,6.85,61.46,168.0,1.15,434.8,222.1,5503.6,3382.6,2121.0,337.8,0.23,62.0
ENVA,🟢 全期強勢,2026Q1,22.2,38,76.3,29/38,75.0,15/20,83.3,10/12,75.0,3/4,✔✔✗✔,1,17.5,6,2025,2253.3,3151.7,58.07,23.46,9.78,11.52,22.0,4.48,79.62,688.0,5.9,1819.1,1772.0,6877.3,5475.5,1401.8,96.1,3.45,24.9
DLTR,🔵 多數成長,2026Q1,11.3,24,75.0,18/24,70.0,14/20,66.7,8/12,25.0,1/4,✗✗✗✔,1,-0.8,4,2025,17241.2,19395.7,36.35,8.52,6.61,6.22,36.57,9.28,74.63,116.0,1.71,2190.7,1056.7,13823.8,10316.8,3507.0,1007.3,0.84,192.2
CAL,🟡 中性,2026Q1,-6.8,37,37.8,14/37,65.0,13/20,58.3,7/12,25.0,1/4,✗✔✗✗,0,361.0,5,2025,2697.7,2757.9,42.96,0.23,-0.24,-0.21,-1.09,-0.33,,103.0,-15.42,103.2,39.4,2022.1,,612.1,37.7,0.0,33.6
VRSK,🔵 多數成長,2026Q1,7.0,27,81.5,22/27,80.0,16/20,66.7,8/12,100.0,4/4,✔✔✔✔,5,4.9,5,2025,2730.4,3072.7,,43.74,29.56,6.48,-77.79,19.75,125.38,102.0,1.58,1436.0,1191.9,4598.4,5765.3,-1167.7,524.5,-4.31,131.0
BBSI,🔵 多數成長,2026Q1,10.1,40,77.5,31/40,65.0,13/20,75.0,9/12,75.0,3/4,✔✔✗✔,1,8.5,9,2025,1096.1,1240.3,21.04,5.01,4.39,2.08,26.47,6.95,73.74,116.0,1.21,66.0,47.2,783.2,577.6,205.7,36.6,0.15,24.6
HUBG,🟡 中性,2025Q3,-3.7,23,52.2,12/23,50.0,10/20,41.7,5/12,0.0,0/4,✗✗✗✗,0,6.3,3,2024,5095.8,3946.4,,3.55,2.64,1.7,6.11,3.59,,147.0,1.87,194.4,143.6,2900.7,,1702.4,119.7,0.15,37.3
TRGP,🟡 中性,2026Q1,-0.0,22,45.5,10/22,45.0,9/20,50.0,6/12,25.0,1/4,✔✗✗✗,0,14.5,2,2025,16059.4,17028.3,,19.56,11.29,8.49,61.31,7.09,,72.0,2.04,3917.4,584.1,27107.3,,3136.5,100.1,6.15,214.6
HLF,🔴 轉弱/衰退,2026Q1,-3.4,40,45.0,18/40,35.0,7/20,16.7,2/12,0.0,0/4,✗✗✗✗,0,3.2,10,2025,5019.8,5037.5,77.87,9.55,4.53,2.2,-51.71,7.94,115.1,123.0,1.46,333.3,252.9,2875.2,3309.4,-441.5,451.2,-4.51,103.7
ABBV,🔵 多數成長,2026Q1,8.4,40,77.5,31/40,80.0,16/20,66.7,8/12,75.0,3/4,✔✔✗✔,1,16.8,9,2025,55351.0,61160.0,,24.65,6.91,2.36,-63.49,3.1,,80.0,4.5,19030.0,17816.0,136463.0,,-6656.0,9391.0,-9.69,1766.8
BJ,🟢 全期強勢,2026Q1,4.8,27,88.9,24/27,85.0,17/20,83.3,10/12,100.0,4/4,✔✔✔✔,7,10.4,6,2025,20203.7,21457.3,,3.81,2.7,4.38,27.2,7.29,73.18,73.0,1.78,1030.1,328.0,7929.0,5802.7,2126.3,27.8,0.36,127.7
NCLH,🟢 全期強勢,2026Q1,-2.9,40,77.5,31/40,70.0,14/20,83.3,10/12,75.0,3/4,✔✔✔✗,0,1185.2,5,2025,8486.3,9827.6,,15.88,4.31,0.92,17.41,1.78,89.78,21.0,4.94,2089.7,-1169.9,23794.9,21363.4,2431.4,185.0,0.64,459.1
MNKD,🟢 全期強勢,2026Q1,18.2,29,69.0,20/29,80.0,16/20,83.3,10/12,100.0,4/4,✔✔✔✔,8,61.0,2,2025,287.1,349.0,,11.12,1.68,0.02,-9.9,0.79,107.95,187.0,3.11,18.3,13.7,744.4,803.6,-59.2,52.8,-6.15,309.0
JBSS,🔵 多數成長,2026Q3,-4.0,25,56.0,14/25,60.0,12/20,75.0,9/12,50.0,2/4,✔✔✗✗,0,3.0,6,2025,984.4,1107.2,18.38,7.65,5.32,5.03,15.2,9.06,40.42,230.0,0.52,30.5,-20.2,650.7,263.0,387.6,1.3,0.1,8.1
WHD,🟢 全期強勢,2026Q1,2.3,24,75.0,18/24,70.0,14/20,83.3,10/12,75.0,3/4,✔✗✔✔,2,46.2,2,2025,1103.2,1079.1,,23.21,15.39,,13.95,6.75,33.03,261.0,1.56,258.4,,2458.1,811.8,1190.4,291.6,0.02,74.9
SKAS,🔵 多數成長,2026Q1,-5.8,40,37.5,15/40,50.0,10/20,66.7,8/12,50.0,2/4,✔✗✔✗,0,5.4,9,2025,9.1,1.3,40.79,-108.43,-86.11,-1.09,-12.81,-12.17,5.01,1996.0,0.55,-0.6,-0.6,9.0,0.4,8.5,4.5,0.04,1.0
SFM,🔵 多數成長,2026Q1,18.7,27,74.1,20/27,65.0,13/20,75.0,9/12,75.0,3/4,✔✔✗✔,1,10.0,6,2025,7190.0,8806.2,38.8,7.79,5.95,5.31,36.51,12.27,66.41,92.0,1.37,716.0,467.7,4269.4,2835.1,1434.2,252.2,0.09,94.0
LNG,🟡 中性,2026Q1,28.5,40,70.0,28/40,60.0,12/20,41.7,5/12,25.0,1/4,✗✗✗✔,1,98.5,5,2025,20955.0,19464.0,,46.81,27.38,24.13,141.94,11.38,81.49,57.0,1.04,5539.0,2461.0,46845.0,38173.0,3755.0,1305.0,6.32,209.6
PNRG,🔵 多數成長,2026Q1,16.4,40,57.5,23/40,70.0,14/20,75.0,9/12,100.0,4/4,✔✔✔✔,5,21.7,10,2025,244.9,189.1,,,13.92,10.86,12.1,8.16,32.55,106.0,3.68,96.7,20.8,322.3,104.9,217.4,19.4,0.01,1.6
GT,🟡 中性,2026Q1,-6.3,27,51.9,14/27,55.0,11/20,50.0,6/12,25.0,1/4,✗✗✔✗,0,13.2,5,2025,19782.0,18280.0,,,-9.41,-5.99,-57.29,-9.32,82.81,104.0,-0.46,796.0,-30.0,18469.0,15295.0,3004.0,723.0,2.65,287.4
LBRT,🔵 多數成長,2026Q1,-8.9,21,61.9,13/21,60.0,12/20,66.7,8/12,25.0,1/4,✗✗✔✗,0,39.4,1,2025,4652.3,4006.1,,1.81,3.69,0.89,7.59,3.33,56.15,221.0,4.12,609.6,14.1,4443.5,2495.1,1948.4,699.1,0.66,
LNTH,🟢 全期強勢,2026Q1,0.8,36,72.2,26/36,85.0,17/20,91.7,11/12,100.0,4/4,✔✔✔✔,10,18.0,6,2025,1299.2,1541.6,61.1,20.16,15.15,3.41,19.27,9.95,48.34,283.0,1.67,390.1,354.1,2346.6,1134.3,1212.3,498.6,0.46,65.1
VIASP,🟡 中性,2026Q1,24.7,39,51.3,20/39,40.0,8/20,50.0,6/12,50.0,2/4,✗✗✔✔,2,6.6,6,2025,463.4,463.5,30.56,11.55,4.13,2.7,28.88,5.93,61.5,279.0,2.2,42.1,39.1,323.0,198.6,66.3,50.6,1.96,
NSIT,🟡 中性,2026Q1,-11.6,40,65.0,26/40,60.0,12/20,41.7,5/12,0.0,0/4,✗✗✗✗,0,7.1,9,2025,8899.9,8247.2,21.36,4.06,1.91,4.86,9.82,1.56,84.06,121.0,1.93,303.8,279.3,10055.3,8452.7,1602.6,440.6,0.06,30.2
GNTX,🔵 多數成長,2026Q1,-2.3,29,58.6,17/29,55.0,11/20,66.7,8/12,50.0,2/4,✗✔✔✗,0,9.9,7,2025,2285.8,2534.3,34.2,18.7,15.19,1.74,15.38,12.84,16.41,272.0,1.53,587.1,458.0,2997.6,492.0,2502.6,164.8,0.01,213.0
HSY,🔵 多數成長,2026Q1,-13.8,40,72.5,29/40,70.0,14/20,66.7,8/12,25.0,1/4,✗✗✔✗,0,4.9,10,2025,10717.7,11692.6,33.55,12.33,7.55,,18.66,6.38,65.8,124.0,2.58,2277.4,1822.7,13841.3,9107.4,4733.8,877.0,1.1,223.8
WMS,🟢 全期強勢,2025Q1,4.8,11,90.9,10/11,90.9,10/11,90.9,10/11,100.0,4/4,✔✔✔✔,8,18.2,1,2026,3071.1,3050.4,38.27,20.3,13.98,5.44,22.94,9.47,56.59,242.0,1.92,819.1,569.3,4505.6,2549.7,1858.7,223.0,0.87,76.6
ABG,🟡 中性,2026Q1,-1.3,40,62.5,25/40,60.0,12/20,58.3,7/12,50.0,2/4,✔✔✗✗,0,12.9,8,2025,14750.0,17999.0,17.07,4.78,2.73,25.13,12.51,4.35,,94.0,1.58,775.2,,11302.8,,3932.1,25.3,0.57,18.6
CDW,🔴 轉弱/衰退,2026Q1,6.7,40,70.0,28/40,45.0,9/20,33.3,4/12,25.0,1/4,✗✗✗✔,1,10.6,10,2025,21702.4,22424.1,21.73,7.38,4.76,8.08,41.74,6.48,36.35,116.0,1.13,1205.2,1088.1,16453.4,5981.1,2555.4,578.6,2.21,127.8
BOX,🟢 全期強勢,2026Q1,4.4,28,96.4,27/28,95.0,19/20,91.7,11/12,100.0,4/4,✔✔✔✔,5,21.5,6,2026,1002.5,1177.3,79.22,7.07,9.8,0.58,-34.1,8.12,88.85,107.0,3.09,356.4,350.4,1421.6,1263.2,-338.4,378.8,-1.33,138.4
BXCAP,🟢 全期強勢,2026Q1,4.4,28,96.4,27/28,95.0,19/20,91.7,11/12,100.0,4/4,✔✔✔✔,5,21.5,6,2026,1002.5,1177.3,79.22,7.07,9.8,0.58,-34.1,8.12,88.85,107.0,3.09,356.4,350.4,1421.6,1263.2,-338.4,378.8,-1.33,138.4
LKQ,🟡 中性,2026Q1,-10.2,40,70.0,28/40,55.0,11/20,50.0,6/12,25.0,1/4,✔✗✗✗,0,12.2,9,2025,12893.0,13651.0,38.57,7.27,4.45,2.35,9.4,4.02,,154.0,1.75,1063.0,847.0,15139.0,,6466.0,335.0,0.0,254.8
COLM,🔵 多數成長,2026Q1,1.1,29,72.4,21/29,70.0,14/20,75.0,9/12,50.0,2/4,✗✗✔✔,2,10.1,7,2025,3495.7,3397.4,50.53,6.09,5.22,3.24,11.2,6.91,38.29,307.0,1.6,282.9,216.7,2563.6,981.6,1582.0,319.3,0.0,51.1
YUMC,🟢 全期強勢,2026Q1,0.8,32,81.2,26/32,80.0,16/20,83.3,10/12,100.0,4/4,✔✔✔✔,5,15.3,7,2025,11001.0,11797.0,,10.93,7.87,2.51,17.1,8.57,43.65,101.0,1.58,1466.0,840.0,10837.0,4730.0,5433.0,473.0,0.0,349.1
MOH,🟢 全期強勢,2026Q1,12.2,40,80.0,32/40,90.0,18/20,91.7,11/12,75.0,3/4,✔✔✗✔,1,23.6,6,2025,35288.0,45426.0,,1.72,1.04,8.92,11.57,2.88,75.11,163.0,-1.13,-535.0,-636.0,16391.0,12311.0,4080.0,5314.0,0.92,52.1
LRDC,🔴 轉弱/衰退,2026Q3,-86.3,40,35.0,14/40,5.0,1/20,0.0,0/12,0.0,0/4,✗✗✗✗,0,3.1,7,2025,0.0,0.0,,,,,22.35,-224.47,1104.24,2.0,0.52,-1.6,,1.4,15.7,-14.2,0.3,-0.04,78.9
CHRW,🟡 中性,2026Q1,-8.3,40,55.0,22/40,55.0,11/20,41.7,5/12,50.0,2/4,✔✔✗✗,0,11.5,9,2025,17230.9,16232.8,,4.9,3.62,4.83,34.45,11.21,67.45,159.0,1.56,914.5,894.9,5235.4,3531.3,1704.1,159.7,0.79,117.9
SKFG,— 資料不足/新上市,,,,,,,,,,,,,,,,2020,0.0,0.0,,,,,49.24,,,,0.3,-0.0,,0.0,0.2,-0.2,0.0,-0.0,9.9
NEU,🔵 多數成長,2026Q1,0.6,40,57.5,23/40,65.0,13/20,66.7,8/12,75.0,3/4,✔✔✗✔,1,5.6,10,2025,2702.6,2725.2,31.46,19.95,15.37,44.44,24.17,11.95,50.56,255.0,1.36,569.0,491.3,3504.3,1771.8,1732.5,73.2,0.54,9.2
IBP,🔵 多數成長,2026Q1,-1.2,39,87.2,34/39,80.0,16/20,66.7,8/12,50.0,2/4,✔✔✗✗,0,17.7,5,2025,2770.5,2970.8,33.97,13.01,8.93,9.71,39.76,11.9,70.06,335.0,1.4,371.4,300.8,2229.8,1562.3,667.5,474.3,1.6,26.9
NUTX,🟡 中性,2026Q1,214.0,40,50.0,20/40,65.0,13/20,58.3,7/12,75.0,3/4,✔✔✗✔,1,1167.0,5,2025,392.0,875.3,50.76,31.49,8.09,10.48,20.44,7.39,53.82,314.0,3.51,248.1,245.6,957.3,515.3,346.3,207.3,0.12,6.9
PLAB,🟡 中性,2026Q2,-2.8,27,74.1,20/27,65.0,13/20,58.3,7/12,25.0,1/4,✗✔✗✗,0,20.1,6,2025,881.9,849.3,35.3,24.51,16.06,2.28,10.99,7.06,12.29,505.0,1.82,247.8,59.7,1930.8,237.4,1241.2,511.5,0.02,59.0
PAYC,🟢 全期強勢,2026Q1,6.1,36,97.2,35/36,95.0,19/20,91.7,11/12,100.0,4/4,✔✔✔✔,11,31.7,2,2025,1724.3,2051.7,83.17,27.65,22.1,8.08,55.86,9.4,83.17,108.0,1.5,678.9,408.0,4821.8,4010.1,811.7,153.9,0.83,47.6
MSM,🟡 中性,2026Q3,-0.8,40,52.5,21/40,50.0,10/20,41.7,5/12,25.0,1/4,✔✗✗✗,0,5.9,10,2025,3932.0,3769.5,40.75,8.0,5.29,3.57,14.04,7.99,43.12,155.0,1.67,333.7,240.9,2495.7,1076.2,1419.4,74.1,0.34,55.8
REAL,🔵 多數成長,2026Q1,11.3,19,68.4,13/19,68.4,13/19,66.7,8/12,75.0,3/4,✔✔✗✔,1,17.9,1,2025,565.5,692.8,74.59,-3.45,-6.03,-0.7,11.63,-10.83,193.12,84.0,-0.89,37.0,18.4,385.9,745.3,-359.4,124.0,-0.03,120.5
WFCF,🔵 多數成長,2026Q1,-5.5,40,70.0,28/40,65.0,13/20,66.7,8/12,50.0,2/4,✔✔✗✗,0,12.3,10,2025,25.4,24.9,38.2,4.84,6.17,0.3,16.7,11.61,30.44,188.0,1.05,1.6,1.5,13.2,4.0,9.2,3.3,0.11,5.0
MGPI,🔵 多數成長,2026Q1,-28.7,32,71.9,23/32,70.0,14/20,66.7,8/12,25.0,1/4,✗✗✔✗,0,12.5,4,2025,787.6,536.4,37.18,-17.64,-20.1,-4.99,-18.55,-10.45,43.8,274.0,-1.13,121.5,76.0,1031.3,451.7,581.3,10.4,0.45,21.4
TBTC,🟡 中性,2026Q1,75.0,40,62.5,25/40,60.0,12/20,58.3,7/12,100.0,4/4,✔✔✔✔,4,21.7,9,2025,12.7,11.0,73.84,14.51,14.72,0.35,12.25,10.92,10.88,3192.0,1.11,1.8,1.8,14.9,1.6,13.3,8.1,0.06,4.6
CWCO,🟡 中性,2026Q1,-15.1,40,50.0,20/40,60.0,12/20,50.0,6/12,25.0,1/4,✔✗✗✗,0,13.1,8,2025,174.2,132.1,36.63,13.9,13.88,1.14,8.2,7.05,12.07,604.0,2.27,41.7,33.2,260.2,31.4,223.6,126.3,0.0,16.0
JBI,🔵 多數成長,2026Q1,-17.3,13,76.9,10/13,76.9,10/13,75.0,9/12,25.0,1/4,✗✗✔✗,0,18.9,1,2025,1022.4,884.2,38.79,12.61,6.08,0.38,9.61,4.11,57.21,265.0,2.59,139.5,114.0,1309.1,749.0,560.1,112.0,0.98,136.4
BMI,🟢 全期強勢,2026Q1,13.2,40,67.5,27/40,80.0,16/20,91.7,11/12,100.0,4/4,✔✔✔✔,5,10.2,10,2025,729.5,916.7,41.68,20.01,15.45,4.79,20.51,14.59,1.73,300.0,1.3,183.7,169.7,970.8,16.8,690.4,89.2,0.0,29.2
SEIC,🔵 多數成長,2026Q1,7.8,40,80.0,32/40,75.0,15/20,75.0,9/12,75.0,3/4,✔✔✗✔,1,7.1,10,2025,1959.6,2297.4,35.18,27.31,31.14,5.63,29.19,27.24,10.96,452.0,0.85,607.7,585.0,2626.3,287.8,2450.3,363.1,0.02,120.3
BOOM,🟡 中性,2026Q1,-4.5,40,47.5,19/40,50.0,10/20,50.0,6/12,25.0,1/4,✗✗✔✗,0,17.6,6,2025,711.6,609.8,22.18,-0.02,-2.21,-0.9,-5.72,-2.07,34.88,239.0,-3.98,53.5,37.0,648.4,226.1,235.2,31.5,0.23,20.5
INOD,🟢 全期強勢,2026Q1,120.1,40,57.5,23/40,90.0,18/20,83.3,10/12,100.0,4/4,✔✔✔✔,7,16.0,10,2025,202.3,251.7,39.53,15.84,12.79,0.92,25.09,15.29,39.08,249.0,1.45,46.8,35.6,210.4,82.2,128.3,117.4,0.05,32.7
SAH,🔵 多數成長,2026Q1,7.9,40,67.5,27/40,65.0,13/20,75.0,9/12,50.0,2/4,✗✗✔✔,2,8.0,9,2025,14639.7,15153.6,15.72,2.43,0.78,3.42,12.1,1.94,,103.0,4.78,567.4,417.5,6117.6,,981.3,5.7,1.76,
SAIC,🟡 中性,2027Q1,1.6,40,67.5,27/40,75.0,15/20,58.3,7/12,75.0,3/4,✔✔✗✔,1,6.6,9,2026,7474.0,7262.0,,7.17,4.93,7.7,25.16,6.71,,116.0,1.7,609.0,577.0,5338.0,,1423.0,109.0,1.75,42.3
SO,🟡 中性,2026Q1,17.0,40,50.0,20/40,55.0,11/20,58.3,7/12,75.0,3/4,✔✔✗✔,1,4.5,9,2025,26382.0,29553.0,,24.65,14.69,3.92,10.88,2.76,74.58,65.0,2.26,9802.0,-2935.0,157031.0,117119.0,39912.0,981.0,0.0,1127.3
SOJC,🟡 中性,2026Q1,17.0,40,50.0,20/40,55.0,11/20,58.3,7/12,75.0,3/4,✔✔✗✔,1,4.5,9,2025,26382.0,29553.0,,24.65,14.69,3.92,10.88,2.76,74.58,65.0,2.26,9802.0,-2935.0,157031.0,117119.0,39912.0,981.0,0.0,1127.3
SOJD,🟡 中性,2026Q1,17.0,40,50.0,20/40,55.0,11/20,58.3,7/12,75.0,3/4,✔✔✗✔,1,4.5,9,2025,26382.0,29553.0,,24.65,14.69,3.92,10.88,2.76,74.58,65.0,2.26,9802.0,-2935.0,157031.0,117119.0,39912.0,981.0,0.0,1127.3
SOJE,🟡 中性,2026Q1,17.0,40,50.0,20/40,55.0,11/20,58.3,7/12,75.0,3/4,✔✔✗✔,1,4.5,9,2025,26382.0,29553.0,,24.65,14.69,3.92,10.88,2.76,74.58,65.0,2.26,9802.0,-2935.0,157031.0,117119.0,39912.0,981.0,0.0,1127.3
SOJF,🟡 中性,2026Q1,17.0,40,50.0,20/40,55.0,11/20,58.3,7/12,75.0,3/4,✔✔✗✔,1,4.5,9,2025,26382.0,29553.0,,24.65,14.69,3.92,10.88,2.76,74.58,65.0,2.26,9802.0,-2935.0,157031.0,117119.0,39912.0,981.0,0.0,1127.3
SOMN,🟡 中性,2026Q1,17.0,40,50.0,20/40,55.0,11/20,58.3,7/12,75.0,3/4,✔✔✗✔,1,4.5,9,2025,26382.0,29553.0,,24.65,14.69,3.92,10.88,2.76,74.58,65.0,2.26,9802.0,-2935.0,157031.0,117119.0,39912.0,981.0,0.0,1127.3
NGVC,🟢 全期強勢,2026Q2,9.0,29,89.7,26/29,85.0,17/20,83.3,10/12,100.0,4/4,✔✔✔✔,9,15.8,5,2025,1196.7,1330.8,29.9,4.66,3.49,2.0,20.11,6.78,66.28,105.0,1.19,55.3,24.1,684.7,453.8,230.9,20.7,0.01,23.0
RS,🔴 轉弱/衰退,2026Q1,-4.4,40,40.0,16/40,40.0,8/20,33.3,4/12,0.0,0/4,✗✗✗✗,0,11.3,8,2025,14645.8,14294.3,,7.08,5.17,13.98,10.38,6.84,34.02,439.0,1.12,831.4,502.5,10809.3,3677.2,7122.9,249.7,0.24,51.0
HCC,🟡 中性,2026Q1,-40.4,27,51.9,14/27,55.0,11/20,58.3,7/12,50.0,2/4,✔✗✔✗,0,14.0,5,2025,1473.1,1310.0,,3.49,4.35,1.08,2.59,2.02,21.92,348.0,4.02,229.2,-91.0,2823.5,619.0,2204.5,202.6,0.07,52.8
SCCO,🟡 中性,2026Q1,20.1,34,50.0,17/34,55.0,11/20,50.0,6/12,75.0,3/4,✔✔✗✔,1,4.2,5,2025,10417.9,13420.0,,52.17,32.4,5.24,36.89,19.83,,438.0,1.09,4752.1,3426.8,21929.9,,11787.6,4915.4,0.62,826.1
ETST,🟡 中性,2026Q3,94.0,23,52.2,12/23,50.0,10/20,50.0,6/12,75.0,3/4,✔✗✔✔,2,3547.7,3,2026,21.6,35.7,71.4,,10.17,0.01,51.79,40.48,21.5,193.0,0.53,1.9,1.2,9.0,1.9,7.0,0.8,0.01,288.2
EBF,🟡 中性,2026Q4,5.8,40,55.0,22/40,50.0,10/20,50.0,6/12,25.0,1/4,✗✗✗✔,1,4.5,7,2026,420.1,392.4,30.69,13.43,10.86,1.66,13.72,11.73,14.54,353.0,1.24,52.7,41.0,363.5,52.9,310.7,49.1,0.1,25.3
CWH,🔴 轉弱/衰退,2026Q1,3.6,29,65.5,19/29,50.0,10/20,33.3,4/12,25.0,1/4,✗✗✗✔,1,9.2,4,2025,6276.1,6369.1,,2.83,-1.41,,-41.78,-1.75,93.2,117.0,1.47,-132.0,,5136.3,4786.8,215.0,199.8,6.59,
AMPH,🟢 全期強勢,2026Q1,-0.8,40,80.0,32/40,85.0,17/20,83.3,10/12,75.0,3/4,✔✔✔✗,0,17.2,10,2025,643.1,719.9,49.46,19.5,13.63,2.03,12.68,5.95,53.08,385.0,1.59,156.1,121.2,1648.2,874.8,773.4,170.9,0.8,44.1
GFMH,🔴 轉弱/衰退,2026Q2,0.0,8,12.5,1/8,12.5,1/8,12.5,1/8,25.0,1/4,✗✔✗✗,0,121.6,0,2025,0.2,0.0,,,,0.0,22.7,-2527.56,11235.88,1.0,0.45,-0.0,,0.0,0.2,-0.2,0.0,-0.04,139.0
YELP,🟢 全期強勢,2026Q1,7.7,40,90.0,36/40,80.0,16/20,100.0,12/12,100.0,4/4,✔✔✔✔,13,21.5,7,2025,1362.8,1465.0,,12.6,9.94,2.24,23.07,14.37,37.72,174.0,2.56,372.0,323.7,1013.3,382.2,631.1,110.4,0.03,55.0
EXP,🟢 全期強勢,2024Q3,9.3,23,69.6,16/23,75.0,15/20,91.7,11/12,100.0,4/4,✔✔✔✔,9,9.5,3,2026,2259.3,2308.7,28.27,,18.36,13.16,28.74,11.03,61.62,366.0,1.45,614.2,197.4,3842.2,2367.4,1474.8,297.9,1.19,30.9
KLIC,🔴 轉弱/衰退,2026Q2,-5.9,40,52.5,21/40,40.0,8/20,25.0,3/12,0.0,0/4,✗✗✗✗,0,14.8,5,2025,727.3,654.1,42.49,-0.49,0.03,0.0,0.02,0.02,27.69,421.0,533.17,113.6,96.4,1186.0,328.4,857.5,337.9,0.13,52.3
BUKS,🔵 多數成長,2026Q3,11.7,40,62.5,25/40,65.0,13/20,75.0,9/12,100.0,4/4,✔✔✔✔,4,6.6,10,2025,85.0,84.0,,20.04,14.95,0.19,16.44,8.9,45.85,188.0,1.47,18.4,10.1,141.0,64.6,76.3,36.5,0.4,64.1
DCI,🔵 多數成長,2026Q3,1.3,27,70.4,19/27,75.0,15/20,75.0,9/12,75.0,3/4,✔✔✗✔,1,8.6,6,2025,3490.1,3690.9,34.85,13.42,9.94,3.05,21.65,11.89,45.09,235.0,1.14,418.8,339.9,3087.5,1392.2,1695.3,204.1,0.41,115.9
LUCK,🟢 全期強勢,2026Q3,0.7,12,83.3,10/12,83.3,10/12,83.3,10/12,75.0,3/4,✔✔✗✔,1,43.7,1,2025,1088.2,1201.3,,11.42,-0.83,-0.13,2.76,-0.31,106.99,50.0,-17.68,177.2,36.2,3266.2,3494.6,-362.8,58.7,-4.82,
BRC,🔵 多數成長,2026Q3,11.4,27,59.3,16/27,70.0,14/20,75.0,9/12,100.0,4/4,✔✔✔✔,5,5.7,6,2025,1450.2,1513.6,50.27,15.63,12.5,,14.08,10.33,26.64,201.0,0.96,181.2,153.6,1832.0,488.0,1344.0,175.5,0.02,
WEYS,🔴 轉弱/衰退,2026Q1,-4.9,40,52.5,21/40,35.0,7/20,25.0,3/12,0.0,0/4,✗✗✗✗,0,5.6,8,2025,286.8,276.2,43.17,10.56,8.36,2.41,9.47,7.79,17.76,826.0,1.61,37.3,35.5,296.3,52.6,243.6,89.0,0.0,9.5
KTB,🟡 中性,2026Q1,-33.0,25,52.0,13/25,60.0,12/20,58.3,7/12,50.0,2/4,✗✔✔✗,0,2.2,6,2025,2399.3,3152.5,,10.68,7.22,4.05,36.75,8.58,76.65,187.0,2.0,455.8,434.8,2650.1,2031.2,618.9,56.4,1.85,55.3
PAG,🟢 全期強勢,2026Q1,6.8,40,82.5,33/40,85.0,17/20,91.7,11/12,100.0,4/4,✔✔✔✔,10,11.7,9,2025,31422.5,31808.5,16.4,4.03,2.94,14.13,16.52,5.11,68.98,96.0,1.04,975.1,650.5,18318.2,12636.0,5663.7,83.7,0.47,65.7
ARW,🟡 中性,2026Q1,-1.6,40,60.0,24/40,55.0,11/20,41.7,5/12,25.0,1/4,✗✗✔✗,0,7.6,10,2025,32996.9,30852.9,11.24,2.66,1.85,10.93,8.47,1.59,,124.0,0.11,64.0,-37.2,35954.0,,6741.7,286.5,0.37,51.1
CCI,🟡 中性,2026Q1,8.7,40,65.0,26/40,50.0,10/20,50.0,6/12,25.0,1/4,✗✗✗✔,1,2.2,6,2025,193.0,215.0,,,,1.01,-23.12,1.41,106.12,27.0,6.89,3057.0,2875.0,31391.0,33311.0,-1920.0,55.0,-14.32,436.5
HIMS,🟢 全期強勢,2026Q1,110.7,13,100.0,13/13,100.0,13/13,100.0,12/12,100.0,4/4,✔✔✔✔,13,77.8,0,2025,1581.4,2347.6,73.84,4.5,5.47,0.51,28.77,5.66,80.32,169.0,2.34,300.0,57.4,2267.0,1820.9,446.2,222.3,0.0,
CVSA,🟢 全期強勢,2026Q3,12.9,40,57.5,23/40,75.0,15/20,83.3,10/12,75.0,3/4,✗✔✔✔,3,24.3,5,2025,1607.3,1788.3,,19.1,13.26,6.18,17.38,8.66,50.17,70.0,1.43,337.9,287.6,2737.4,1373.3,1364.1,147.0,0.37,34.0
MPAA,🟡 中性,2026Q4,-0.9,40,65.0,26/40,60.0,12/20,58.3,7/12,75.0,3/4,✔✔✔✗,0,17.5,10,2026,717.7,789.8,20.25,8.34,1.57,0.62,4.66,1.22,73.91,146.0,1.55,19.2,15.5,1019.4,753.4,266.0,14.7,0.11,18.9
ALSN,🟢 全期強勢,2026Q1,-2.9,37,67.6,25/37,75.0,15/20,91.7,11/12,75.0,3/4,✔✔✔✗,0,12.1,9,2025,3012.0,3010.0,48.6,29.24,20.7,7.33,32.74,7.16,78.13,185.0,1.34,836.0,661.0,8703.0,6800.0,1903.0,311.0,2.23,82.9
TDC,🟡 中性,2026Q1,-10.1,40,32.5,13/40,45.0,9/20,41.7,5/12,50.0,2/4,✗✔✔✗,0,-2.8,10,2025,1786.0,1663.0,59.35,12.33,7.82,1.35,23.34,6.07,74.0,130.0,2.35,305.0,286.0,2142.0,1585.0,557.0,816.0,0.81,94.1
HEI,🟢 全期強勢,2026Q2,14.9,40,85.0,34/40,80.0,16/20,91.7,11/12,100.0,4/4,✔✔✔✔,11,16.0,7,2025,4075.7,4485.0,,22.72,15.39,4.9,14.47,7.2,43.79,292.0,1.35,934.3,861.4,9592.2,4200.6,4772.1,210.3,0.0,26.9
SWKS,🔴 轉弱/衰退,2026Q2,-8.9,40,55.0,22/40,35.0,7/20,25.0,3/12,0.0,0/4,✗✗✗✗,0,10.1,6,2025,4546.6,4086.9,41.16,12.23,11.67,3.08,8.27,6.04,26.98,238.0,2.73,1300.8,1105.8,7896.0,2130.3,5765.7,1413.3,0.17,150.4
NBR,🔵 多數成長,2026Q1,0.3,40,47.5,19/40,55.0,11/20,66.7,8/12,50.0,2/4,✗✗✔✔,2,5.7,9,2025,3008.5,3184.7,,14.79,9.0,17.39,50.38,6.54,67.13,197.0,2.42,693.3,-22.7,4385.6,2944.1,568.9,500.8,4.39,16.0
NBRWF,🔵 多數成長,2026Q1,0.3,40,47.5,19/40,55.0,11/20,66.7,8/12,50.0,2/4,✗✗✔✔,2,5.7,9,2025,3008.5,3184.7,,14.79,9.0,17.39,50.38,6.54,67.13,197.0,2.42,693.3,-22.7,4385.6,2944.1,568.9,500.8,4.39,16.0
CPB,🔵 多數成長,2026Q3,4.5,25,60.0,15/25,65.0,13/20,66.7,8/12,100.0,4/4,✔✔✔✔,5,5.3,4,2025,9946.0,10253.0,,10.96,5.87,2.01,14.95,3.98,73.39,87.0,1.88,1131.0,705.0,15142.0,11112.0,4028.0,402.0,2.21,298.2
BLD,🟢 全期強勢,2026Q1,-3.6,37,86.5,32/37,85.0,17/20,83.3,10/12,75.0,3/4,✔✔✔✗,0,14.8,7,2025,5149.3,5409.1,29.01,14.64,9.65,18.28,21.7,7.77,64.17,200.0,1.45,756.3,696.9,6711.2,4306.8,2404.4,268.8,1.18,28.1
TPB,🟡 中性,2026Q1,28.1,33,66.7,22/33,60.0,12/20,41.7,5/12,25.0,1/4,✗✗✗✔,1,11.1,5,2025,348.4,463.1,57.08,20.59,12.56,3.11,15.09,7.53,50.07,587.0,0.99,57.4,43.8,772.1,386.6,385.5,192.4,0.76,19.4
MIDD,🟡 中性,2026Q1,-21.2,40,70.0,28/40,55.0,11/20,50.0,6/12,0.0,0/4,✗✗✗✗,0,23.5,8,2025,3045.8,3201.2,39.11,17.96,-8.68,-5.32,-11.69,-5.12,,196.0,-2.27,630.2,559.5,5422.0,,2374.9,177.1,0.79,45.2
GLPI,🟢 全期強勢,2026Q1,5.1,37,75.7,28/37,60.0,12/20,83.3,10/12,75.0,3/4,✔✔✗✔,1,115.3,3,2025,1614.0,1594.8,,75.34,51.74,2.95,17.8,5.99,63.41,,1.37,1129.4,825.0,13765.4,8728.6,4634.9,274.5,1.74,283.2
LPRO,🔴 轉弱/衰退,2026Q1,-20.7,17,35.3,6/17,35.3,6/17,16.7,2/12,0.0,0/4,✗✗✗✗,0,13.3,2,2025,111.1,93.2,76.88,-5.37,-4.54,-0.04,-5.62,-1.83,67.41,444.0,0.75,-3.2,-3.2,231.1,155.8,75.3,173.3,1.1,118.2
BTCY,🟢 全期強勢,2026Q3,21.7,22,81.8,18/22,90.0,18/20,100.0,12/12,100.0,4/4,✔✔✔✔,18,163.1,3,2025,13.3,13.8,76.61,-17.76,-61.07,-0.56,24.6,-148.09,671.92,21.0,0.28,-2.4,,5.7,38.2,-34.2,0.3,-0.0,28.4
ON,🟡 中性,2026Q1,-22.4,40,60.0,24/40,55.0,11/20,58.3,7/12,25.0,1/4,✗✗✔✗,0,17.1,9,2025,7836.0,5995.4,33.09,1.4,2.02,0.29,1.66,1.01,39.05,487.0,14.54,1759.8,1418.6,12010.8,4690.0,7301.7,2003.6,0.41,391.9
SCI,🔵 多數成長,2026Q1,2.8,40,80.0,32/40,80.0,16/20,75.0,9/12,75.0,3/4,✔✔✗✔,1,6.3,7,2025,4128.6,4309.2,26.46,22.7,12.59,3.8,34.25,2.92,,57.0,1.74,942.8,554.2,18574.7,,1584.4,258.0,3.26,138.1
ATEN,🔵 多數成長,2025Q3,15.5,38,68.4,26/38,65.0,13/20,66.7,8/12,25.0,1/4,✗✗✗✔,1,8.9,6,2025,289.0,290.6,79.34,16.22,14.5,0.57,19.08,6.64,65.19,371.0,2.01,84.9,64.8,634.4,413.6,220.8,57.9,0.99,72.0
FTLF,🔵 多數成長,2026Q1,-3.7,40,67.5,27/40,70.0,14/20,75.0,9/12,75.0,3/4,✔✔✔✗,0,19.9,8,2026,63.9,15.9,43.14,18.56,12.66,0.2,4.45,1.94,56.48,152.0,3.69,7.4,7.4,104.3,58.9,45.4,8.4,1.02,9.4
PKG,🔵 多數成長,2026Q1,8.2,40,57.5,23/40,65.0,13/20,66.7,8/12,75.0,3/4,✔✔✗✔,1,5.5,9,2025,7963.9,8989.3,21.02,12.31,8.61,8.58,16.87,7.18,,307.0,2.01,1557.5,728.6,10777.9,,4587.8,397.1,0.86,89.1
SANM,🟡 中性,2026Q2,8.1,40,62.5,25/40,60.0,12/20,58.3,7/12,75.0,3/4,✗✔✔✔,3,12.7,10,2025,9216.1,8128.4,8.81,4.36,3.03,4.46,9.41,2.54,,171.0,2.52,620.7,473.3,9669.1,,2611.8,1575.5,0.83,53.6
WMG,🟡 中性,2026Q2,-0.7,40,75.0,30/40,65.0,13/20,58.3,7/12,0.0,0/4,✗✗✗✗,0,9.7,10,2025,5945.0,6707.0,,10.35,5.44,,49.46,3.44,90.84,73.0,1.86,678.0,539.0,10612.0,9640.0,738.0,741.0,6.54,0.0
KVUE,🟡 中性,2026Q1,-3.9,9,55.6,5/9,55.6,5/9,55.6,5/9,25.0,1/4,✗✗✔✗,0,1.1,2,2025,15291.0,15124.0,58.13,15.96,9.72,0.76,13.86,5.47,60.5,98.0,1.49,2197.0,1722.0,26854.0,16246.0,10608.0,1075.0,0.72,1920.0
FWFW,— 資料不足/新上市,2024Q2,0.0,2,0.0,0/2,0.0,0/2,0.0,0/2,0.0,0/2,✗✗,0,0.0,0,2023,1.3,1.4,33.58,-97.65,-74.77,-0.05,107.81,-22097.73,19117.08,0.0,0.15,-0.2,-0.2,0.0,0.9,-1.0,0.4,-0.0,29.6
CELH,🟢 全期強勢,2026Q1,-7.4,25,88.0,22/25,90.0,18/20,83.3,10/12,50.0,2/4,✔✔✗✗,0,71.3,3,2025,1291.6,2515.3,50.39,5.61,4.29,0.25,8.63,2.09,41.63,177.0,3.33,359.4,323.4,5157.6,2146.9,1250.8,549.2,0.54,255.6
ETD,🟡 中性,2026Q3,-2.5,17,47.1,8/17,47.1,8/17,50.0,6/12,0.0,0/4,✗✗✗✗,0,6.0,3,2025,600.7,614.6,60.54,10.09,8.39,2.01,10.89,7.13,34.5,194.0,1.2,61.7,50.4,723.3,249.5,473.8,66.6,0.11,25.4
LW,🔵 多數成長,2026Q3,4.3,27,74.1,20/27,65.0,13/20,66.7,8/12,50.0,2/4,✔✗✗✔,1,8.2,6,2025,5270.4,6451.3,21.68,10.31,5.54,2.5,19.55,4.83,33.86,146.0,2.43,868.3,230.1,7393.5,2503.7,1827.1,57.5,2.09,138.1
GEHC,🔵 多數成長,2026Q1,2.7,9,77.8,7/9,77.8,7/9,77.8,7/9,100.0,4/4,✔✔✔✔,4,5.5,2,2025,19679.0,20625.0,39.99,13.4,10.1,4.55,19.54,5.61,70.65,122.0,0.95,1987.0,1505.0,37125.0,26227.0,10668.0,2261.0,0.95,454.9
ENTG,🟡 中性,2026Q1,0.3,40,75.0,30/40,70.0,14/20,58.3,7/12,50.0,2/4,✗✗✔✔,2,18.3,7,2025,3526.1,3196.6,44.42,14.26,7.37,1.55,5.82,2.78,,321.0,2.95,695.4,396.2,8475.1,,4049.2,442.7,0.9,152.5
CSW,🟢 全期強勢,2026Q4,-17.5,36,83.3,30/36,85.0,17/20,91.7,11/12,75.0,3/4,✔✔✔✗,0,21.4,7,2026,792.8,1082.5,41.91,15.57,10.35,6.7,10.67,4.84,53.84,260.0,1.34,149.7,132.4,2316.7,1247.3,1050.4,33.8,0.83,16.3
GEN,🟢 全期強勢,2026Q4,81.9,40,60.0,24/40,85.0,17/20,91.7,11/12,100.0,4/4,✔✔✔✔,8,2.8,9,2026,3800.0,5000.0,78.46,42.4,19.46,1.57,37.27,6.24,83.25,40.0,1.59,1545.0,1523.0,15589.0,12978.0,2611.0,411.0,3.14,602.4
GENVR,🟢 全期強勢,2026Q4,81.9,40,60.0,24/40,85.0,17/20,91.7,11/12,100.0,4/4,✔✔✔✔,8,2.8,9,2026,3800.0,5000.0,78.46,42.4,19.46,1.57,37.27,6.24,83.25,40.0,1.59,1545.0,1523.0,15589.0,12978.0,2611.0,411.0,3.14,602.4
TMUS,🟡 中性,2026Q1,6.6,40,77.5,31/40,65.0,13/20,41.7,5/12,75.0,3/4,✔✔✗✔,1,16.0,9,2025,79850.0,88309.0,,20.7,12.45,9.72,19.67,5.12,4.78,109.0,2.54,27950.0,17995.0,214667.0,10270.6,55879.0,3520.0,1.54,1082.2
TMUSI,🟡 中性,2026Q1,6.6,40,77.5,31/40,65.0,13/20,41.7,5/12,75.0,3/4,✔✔✗✔,1,16.0,9,2025,79850.0,88309.0,,20.7,12.45,9.72,19.67,5.12,4.78,109.0,2.54,27950.0,17995.0,214667.0,10270.6,55879.0,3520.0,1.54,1082.2
TMUSL,🟡 中性,2026Q1,6.6,40,77.5,31/40,65.0,13/20,41.7,5/12,75.0,3/4,✔✔✗✔,1,16.0,9,2025,79850.0,88309.0,,20.7,12.45,9.72,19.67,5.12,4.78,109.0,2.54,27950.0,17995.0,214667.0,10270.6,55879.0,3520.0,1.54,1082.2
TMUSZ,🟡 中性,2026Q1,6.6,40,77.5,31/40,65.0,13/20,41.7,5/12,75.0,3/4,✔✔✗✔,1,16.0,9,2025,79850.0,88309.0,,20.7,12.45,9.72,19.67,5.12,4.78,109.0,2.54,27950.0,17995.0,214667.0,10270.6,55879.0,3520.0,1.54,1082.2
PWDY,🟡 中性,2026Q1,-1.7,17,47.1,8/17,47.1,8/17,41.7,5/12,50.0,2/4,✔✗✔✗,0,2213.1,2,2025,1.2,1.2,32.6,,-21.66,,49.52,-79.02,259.58,34.0,0.76,-0.2,,0.3,0.8,-0.5,0.0,-0.0,1997.5
BFS,🟢 全期強勢,2026Q1,7.7,40,77.5,31/40,80.0,16/20,91.7,11/12,100.0,4/4,✔✔✔✔,5,3.3,10,2025,262.4,289.8,,67.39,12.94,1.09,12.43,1.74,78.05,,2.66,99.8,,2156.9,1683.4,301.9,9.3,5.29,24.5
AXIL,🔵 多數成長,2026Q3,7.0,16,81.2,13/16,81.2,13/16,75.0,9/12,75.0,3/4,✔✔✗✔,1,274.9,1,2025,27.0,26.3,71.0,4.42,3.26,0.1,7.46,5.63,24.49,366.0,2.26,1.9,1.7,15.2,3.7,11.5,5.5,0.01,6.8
OEC,🟡 中性,2026Q1,-5.0,16,56.2,9/16,56.2,9/16,58.3,7/12,25.0,1/4,✔✗✗✗,0,10.6,1,2025,1868.7,1806.7,19.91,1.52,-3.88,-1.24,-18.47,-3.63,,100.0,-3.08,215.8,54.8,1930.7,,379.5,50.5,2.67,56.4
WSC,🟢 全期強勢,2026Q1,-4.7,23,82.6,19/23,85.0,17/20,83.3,10/12,50.0,2/4,✔✗✔✗,0,32.7,3,2025,2337.1,2281.4,51.0,7.95,-2.32,-0.29,-6.09,-0.91,85.02,79.0,-14.38,762.0,737.7,5810.7,4940.1,870.5,15.5,2.57,181.0
MDLZ,🟢 全期強勢,2026Q1,0.2,40,55.0,22/40,75.0,15/20,83.3,10/12,75.0,3/4,✗✔✔✔,3,1.8,10,2025,36039.0,38537.0,28.38,9.21,6.36,1.89,9.52,3.45,63.72,54.0,1.84,4514.0,3235.0,71122.0,45318.0,25750.0,1631.0,0.76,1283.6
OLN,🔴 轉弱/衰退,2026Q1,0.5,40,47.5,19/40,40.0,8/20,33.3,4/12,25.0,1/4,✗✗✗✔,1,25.7,7,2025,6841.9,6780.8,7.4,0.08,-1.49,-0.88,-5.83,-1.37,76.41,136.0,-4.69,474.2,247.9,7353.8,5619.1,1734.3,192.2,1.73,113.9
MCRI,🟢 全期強勢,2026Q1,3.1,27,70.4,19/27,75.0,15/20,91.7,11/12,100.0,4/4,✔✔✔✔,6,37.6,5,2025,505.2,545.1,23.39,,18.6,5.43,18.44,13.98,24.18,98.0,1.62,164.7,128.4,725.2,175.3,549.8,120.1,0.07,17.7
VATE,🔴 轉弱/衰退,2026Q1,-13.0,35,54.3,19/35,50.0,10/20,25.0,3/12,0.0,0/4,✗✗✗✗,0,31.9,4,2025,1066.1,1246.0,16.03,2.3,-4.86,-4.84,23.64,-6.47,124.79,40.0,-2.42,146.6,146.1,936.8,1169.0,-256.3,134.6,-4.32,13.6
BHR,🔵 多數成長,2026Q1,-1.5,39,71.8,28/39,55.0,11/20,75.0,9/12,50.0,2/4,✔✗✔✗,0,32.6,5,2025,736.1,704.0,,10.28,-3.17,-1.07,-15.18,-1.21,72.81,,-1.83,40.8,-37.1,1849.5,1346.6,147.0,93.4,7.52,68.7
CARG,🟡 中性,2026Q1,-1.7,23,65.2,15/23,60.0,12/20,50.0,6/12,25.0,1/4,✗✗✔✗,0,29.3,0,2025,878.1,907.0,92.78,26.95,17.19,1.55,65.75,30.0,54.36,165.0,1.89,295.3,288.9,519.6,282.5,237.1,72.0,0.0,
WLFC,🟢 全期強勢,2026Q1,32.5,40,70.0,28/40,75.0,15/20,100.0,12/12,100.0,4/4,✔✔✔✔,15,14.2,9,2025,607.9,730.2,,14.28,15.58,15.39,16.38,3.24,78.39,,2.49,283.2,252.2,3506.2,2748.3,694.4,24.6,3.25,7.0
WOR,🟡 中性,2026Q3,-3.9,40,47.5,19/40,30.0,6/20,41.7,5/12,0.0,0/4,✗✗✗✗,0,8.4,8,2025,1327.5,1153.8,27.65,-0.93,8.33,1.92,9.58,5.27,45.02,236.0,2.18,209.7,159.2,1823.5,821.0,1002.5,6.0,0.31,49.3
CREX,🔵 多數成長,2026Q1,-20.8,40,60.0,24/40,55.0,11/20,66.7,8/12,50.0,2/4,✔✔✗✗,0,26.8,10,2025,48.3,57.2,44.93,-15.49,-14.46,-0.81,-63.37,-5.99,70.24,73.0,0.94,-7.8,-8.1,138.2,97.1,13.1,1.8,3.63,10.6
AETN,🔵 多數成長,2026Q1,4190.2,8,62.5,5/8,62.5,5/8,62.5,5/8,100.0,4/4,✔✔✔✔,5,664.3,1,2025,0.2,0.2,,,,-0.01,16.35,-449.46,2849.39,5.0,0.01,-0.0,,0.1,2.1,-2.1,0.0,-0.0,52.2
ARHS,🔵 多數成長,2026Q1,5.5,12,75.0,9/12,75.0,9/12,75.0,9/12,50.0,2/4,✗✗✔✔,2,24.2,1,2025,1303.9,1379.2,38.89,6.44,4.88,0.48,18.05,4.88,72.95,125.0,2.03,136.8,59.0,1377.5,1004.8,372.7,177.1,0.0,136.9
ATLCL,🟢 全期強勢,2026Q1,18.7,25,88.0,22/25,100.0,20/20,100.0,12/12,100.0,4/4,✔✔✔✔,21,618.4,3,2025,1365.9,1968.4,,,6.21,5.96,18.85,1.64,90.84,,5.22,638.0,,7465.0,6781.1,648.4,651.1,0.0,15.1
ATLCP,🟢 全期強勢,2026Q1,18.7,25,88.0,22/25,100.0,20/20,100.0,12/12,100.0,4/4,✔✔✔✔,21,618.4,3,2025,1365.9,1968.4,,,6.21,5.96,18.85,1.64,90.84,,5.22,638.0,,7465.0,6781.1,648.4,651.1,0.0,15.1
ATLCZ,🟢 全期強勢,2026Q1,18.7,25,88.0,22/25,100.0,20/20,100.0,12/12,100.0,4/4,✔✔✔✔,21,618.4,3,2025,1365.9,1968.4,,,6.21,5.96,18.85,1.64,90.84,,5.22,638.0,,7465.0,6781.1,648.4,651.1,0.0,15.1
BBW,🟢 全期強勢,2025Q3,11.0,40,52.5,21/40,75.0,15/20,83.3,10/12,50.0,2/4,✗✗✔✔,2,5.1,6,2026,474.4,529.8,55.8,,9.85,3.99,32.83,14.74,,153.0,1.25,65.1,39.5,354.1,,159.0,26.2,0.0,12.5
COP,🟡 中性,2026Q1,17.6,40,47.5,19/40,55.0,11/20,58.3,7/12,50.0,2/4,✔✗✗✔,1,16.7,8,2025,50694.0,51824.0,,,15.41,6.35,12.38,6.51,47.41,129.0,2.48,19796.0,,122725.0,58184.0,64541.0,5877.0,0.37,1218.3
CRCT,🔴 轉弱/衰退,2025Q3,-4.0,12,25.0,3/12,25.0,3/12,25.0,3/12,0.0,0/4,✗✗✗✗,0,-0.2,1,2025,864.7,708.8,55.08,13.55,10.82,0.35,21.46,14.11,34.26,272.0,2.61,200.2,,543.8,186.3,357.5,236.5,0.0,209.9
DDS,🔴 轉弱/衰退,2026Q1,-1.3,40,42.5,17/40,45.0,9/20,33.3,4/12,25.0,1/4,✗✗✔✗,0,4.0,9,2025,6731.9,6473.6,39.5,,8.81,36.42,28.15,13.78,,237.0,1.26,717.0,623.6,4137.8,,2025.6,1157.7,0.18,
DDT,🔴 轉弱/衰退,2026Q1,-1.3,40,42.5,17/40,45.0,9/20,33.3,4/12,25.0,1/4,✗✗✔✗,0,4.0,9,2025,6731.9,6473.6,39.5,,8.81,36.42,28.15,13.78,,237.0,1.26,717.0,623.6,4137.8,,2025.6,1157.7,0.18,
DOCS,🟢 全期強勢,2026Q4,-29.8,14,92.9,13/14,92.9,13/14,91.7,11/12,75.0,3/4,✔✔✔✗,0,33.4,2,2026,475.4,644.9,89.09,33.33,30.4,0.98,20.62,17.45,15.38,609.0,1.67,326.5,326.5,1123.7,172.8,950.8,219.2,0.0,183.1
ENR,🟡 中性,2026Q2,-0.1,28,53.6,15/28,55.0,11/20,41.7,5/12,50.0,2/4,✔✗✔✗,0,5.3,5,2025,2974.4,2952.7,41.75,,8.09,3.32,137.99,5.43,96.06,205.0,0.62,147.1,63.2,4399.1,4225.9,173.2,172.5,19.14,68.5
FULO,🔵 多數成長,2018Q2,-2.6,24,62.5,15/24,65.0,13/20,66.7,8/12,25.0,1/4,✔✗✗✗,0,0.6,5,2023,1.7,4.2,74.88,12.22,12.7,0.02,32.8,15.64,52.33,178.0,1.3,0.7,0.7,3.4,1.8,1.6,3.1,0.0,19.6
GM,🟢 全期強勢,2026Q1,1.7,40,55.0,22/40,75.0,15/20,91.7,11/12,100.0,4/4,✔✔✔✔,9,7.1,10,2025,158307.0,167971.0,,1.73,1.61,3.27,4.3,0.96,76.98,115.0,9.96,26867.0,17564.0,280974.0,216280.0,62659.0,19800.0,0.0,901.7
KWIK,🔴 轉弱/衰退,2026Q1,569.7,9,33.3,3/9,33.3,3/9,33.3,3/9,50.0,2/4,✗✗✔✔,2,39.6,1,2025,0.3,1.3,,,,-0.34,41.83,-145.58,448.02,8.0,0.15,-0.2,,0.9,4.1,-3.1,0.2,-0.0,3.9
NIHK,🔴 轉弱/衰退,2024Q3,-101.8,9,22.2,2/9,22.2,2/9,22.2,2/9,0.0,0/4,✗✗✗✗,0,1118.3,1,2024,1.5,0.7,,,,0.01,101.09,98.05,3.01,1658.0,-0.04,-0.1,,1.5,0.0,1.4,0.0,0.0,182.4
NVEC,🟡 中性,2026Q4,2.6,40,42.5,17/40,45.0,9/20,41.7,5/12,25.0,1/4,✗✗✗✔,1,1.9,9,2026,25.9,26.3,78.73,60.46,57.72,3.14,26.09,25.17,3.53,2821.0,1.1,16.7,14.5,60.4,2.1,58.2,1.7,0.0,4.8
ODRS,🟡 中性,2026Q2,-60.0,13,53.8,7/13,53.8,7/13,50.0,6/12,25.0,1/4,✗✗✔✗,0,58.1,2,2025,0.0,0.0,,,,,21.83,-271.89,1345.66,,0.77,-0.0,,0.0,0.2,-0.2,0.0,-0.0,5.3
OPXS,🟢 全期強勢,2026Q2,25.9,40,70.0,28/40,70.0,14/20,91.7,11/12,100.0,4/4,✔✔✔✔,9,18.1,10,2025,37.4,41.3,29.17,17.25,12.45,0.74,19.57,16.68,14.76,728.0,1.35,6.9,6.4,30.9,4.6,26.3,4.2,0.0,7.0
OSPN,🔵 多數成長,2026Q1,-2.3,40,60.0,24/40,65.0,13/20,75.0,9/12,50.0,2/4,✔✗✔✗,0,6.6,8,2025,233.6,243.2,73.75,19.92,29.98,1.88,26.8,19.03,29.0,125.0,0.82,59.5,50.5,383.1,111.1,272.0,49.8,0.0,37.1
PCAR,🔵 多數成長,2026Q1,-14.9,40,62.5,25/40,65.0,13/20,66.7,8/12,25.0,1/4,✗✗✔✗,0,18.5,10,2025,33824.8,28444.8,,,8.35,4.51,12.03,5.45,,,1.86,4415.8,3672.8,43553.5,,19756.6,3219.4,0.0,526.3
PNYG,🟡 中性,2026Q1,154.6,18,55.6,10/18,55.6,10/18,41.7,5/12,50.0,2/4,✗✗✔✔,2,33.0,3,2025,0.1,0.1,,,,0.02,24.39,-1092.09,4577.65,2.0,0.41,-0.1,,0.0,1.0,-1.0,0.0,-0.0,11.5
PRI,🔵 多數成長,2026Q1,9.4,40,82.5,33/40,75.0,15/20,66.7,8/12,75.0,3/4,✔✔✗✔,1,11.2,10,2025,2817.4,3291.7,,,22.82,22.91,29.81,5.12,82.83,,1.2,901.2,,14677.4,12157.6,2519.9,645.8,0.15,31.2
RCMT,🔵 多數成長,2026Q1,17.4,40,47.5,19/40,50.0,10/20,66.7,8/12,100.0,4/4,✔✔✔✔,5,2.9,9,2025,290.9,319.4,27.53,7.86,5.11,2.14,36.88,12.07,67.28,192.0,1.16,19.0,17.4,135.3,91.0,44.3,2.6,0.0,7.1
RES,🔵 多數成長,2026Q1,-11.9,40,50.0,20/40,50.0,10/20,66.7,8/12,50.0,2/4,✗✔✔✗,0,17.4,4,2025,1572.5,1626.6,,2.75,1.97,0.15,2.93,2.17,25.97,313.0,6.28,201.3,52.9,1481.0,384.7,1096.3,200.7,0.0,221.6
RGR,🔴 轉弱/衰退,2026Q1,-0.8,26,38.5,10/26,45.0,9/20,16.7,2/12,25.0,1/4,✗✔✗✗,0,-0.5,4,2025,542.7,546.1,14.86,-2.25,-0.8,-0.27,-1.55,-1.26,,350.0,-12.37,54.3,38.5,349.1,,283.3,23.7,0.0,15.9
RPM,🟢 全期強勢,2026Q3,-3.0,40,87.5,35/40,85.0,17/20,83.3,10/12,50.0,2/4,✔✗✔✗,0,5.3,7,2025,7220.0,7372.6,41.38,,9.34,5.35,21.89,8.73,,228.0,1.12,768.2,538.3,7884.7,,3146.6,294.2,0.44,127.6
UTHR,🟢 全期強勢,2026Q1,17.2,40,70.0,28/40,70.0,14/20,83.3,10/12,75.0,3/4,✔✔✗✔,1,8.0,10,2025,2444.2,3182.7,87.92,46.89,41.94,27.86,22.62,19.88,12.11,479.0,1.17,1561.2,1040.7,6714.2,813.1,5901.1,1279.7,0.0,42.4
WLSS,— 資料不足/新上市,2026Q1,-100.0,3,0.0,0/3,0.0,0/3,0.0,0/3,0.0,0/3,✗✗✗,0,-81.0,0,2025,0.0,0.0,,,,-0.02,37.85,-5389.88,14340.76,1.0,0.82,-0.0,,0.0,0.2,-0.2,0.0,-0.0,2.8
TDAY,🔴 轉弱/衰退,2026Q1,-10.1,37,51.4,19/37,25.0,5/20,0.0,0/12,0.0,0/4,✗✗✗✗,0,17.0,6,2025,2599.4,2302.2,,,0.08,0.01,1.23,0.1,92.15,79.0,65.4,114.4,62.9,1801.5,1660.0,141.9,85.2,6.81,146.7
KLXE,🔴 轉弱/衰退,2026Q1,-11.8,24,54.2,13/24,45.0,9/20,33.3,4/12,0.0,0/4,✗✗✗✗,0,18.7,3,2025,688.6,636.6,,-4.76,-12.11,-4.12,80.23,-23.26,,125.0,-0.1,7.5,-41.6,331.5,,-96.1,5.6,-2.87,19.9
BCRX,🟢 全期強勢,2026Q1,56.9,40,70.0,28/40,90.0,18/20,100.0,12/12,100.0,4/4,✔✔✔✔,15,135.9,2,2025,464.7,874.8,,38.98,30.16,1.21,-47.64,56.74,219.09,191.0,1.32,347.4,344.9,465.1,1018.9,-553.8,171.6,-0.71,254.2
UONE,🔴 轉弱/衰退,2026Q1,-11.7,40,45.0,18/40,45.0,9/20,33.3,4/12,0.0,0/4,✗✗✗✗,0,0.6,10,2025,437.5,374.4,,-45.44,-39.23,-32.94,-638.51,-25.61,95.99,184.0,-0.03,4.2,-5.9,573.4,550.4,23.0,27.2,17.92,
UONEK,🔴 轉弱/衰退,2026Q1,-11.7,40,45.0,18/40,45.0,9/20,33.3,4/12,0.0,0/4,✗✗✗✗,0,0.6,10,2025,437.5,374.4,,-45.44,-39.23,-32.94,-638.51,-25.61,95.99,184.0,-0.03,4.2,-5.9,573.4,550.4,23.0,27.2,17.92,
GWLL,🔴 轉弱/衰退,2025Q3,-100.0,9,33.3,3/9,33.3,3/9,33.3,3/9,0.0,0/4,✗✗✗✗,0,34.6,0,2025,0.0,0.0,,,,0.0,82.05,-1580.84,2026.62,251.0,0.08,-0.0,,0.0,0.4,-0.4,0.0,-0.49,99.0
KYNB,🟡 中性,2026Q1,-89.2,26,53.8,14/26,50.0,10/20,41.7,5/12,0.0,0/4,✗✗✗✗,0,34.4,1,2025,7.0,6.4,,,,45.37,-418.81,167.34,108.47,361.0,-0.03,-4.8,-4.8,109.6,118.9,-43.8,37.0,-1.71,4.0
W,🔴 轉弱/衰退,2026Q1,0.0,35,65.7,23/35,40.0,8/20,25.0,3/12,25.0,1/4,✗✗✗✔,1,26.1,3,2025,12004.0,12457.0,30.22,0.14,-2.51,-2.44,11.01,-10.91,199.02,76.0,-1.71,534.0,464.0,2870.0,5712.0,-2842.0,1004.0,-1.05,
GROV,🔴 轉弱/衰退,2026Q1,-18.7,11,0.0,0/11,0.0,0/11,0.0,0/11,0.0,0/4,✗✗✗✗,0,-23.3,2,2025,193.4,173.7,53.69,-6.51,-6.74,-0.34,67.34,-22.94,85.56,128.0,0.59,-7.0,-8.1,51.1,43.7,-17.4,7.2,-0.43,42.0
GBUX,— 資料不足/新上市,2026Q1,39.4,2,100.0,2/2,100.0,2/2,100.0,2/2,100.0,2/2,✔✔,2,166.7,0,2025,0.6,0.3,,,,-0.04,83.72,-3415.19,4179.09,2.0,0.26,-1.1,-1.1,0.1,5.0,-4.9,0.0,-0.0,110.0
ADCT,— 資料不足/新上市,2026Q1,-2.5,5,40.0,2/5,40.0,2/5,40.0,2/5,50.0,2/4,✗✔✔✗,0,2.3,1,2025,70.4,81.4,,,,-1.12,65.91,-48.93,174.23,409.0,0.99,-141.2,-141.4,291.5,507.9,-216.4,231.0,-0.02,127.2
CLNV,— 資料不足/新上市,2025Q3,29.3,5,20.0,1/5,20.0,1/5,20.0,1/5,25.0,1/4,✗✗✗✔,1,-11.2,0,2024,0.1,0.2,,,,-0.02,88.91,-67.17,174.21,30.0,0.35,-4.9,,20.8,36.3,-15.8,2.0,-0.11,1152.8
MPLX,🟡 中性,2026Q1,13.3,34,70.6,24/34,65.0,13/20,50.0,6/12,75.0,3/4,✔✔✗✔,1,43.6,3,2025,9021.0,9726.0,,61.1,50.92,,51.23,11.53,66.7,110.0,1.19,5909.0,4101.0,42933.0,28636.0,9667.0,1506.0,0.16,1014.7
APAM,🔵 多數成長,2026Q1,4.8,40,67.5,27/40,60.0,12/20,66.7,8/12,75.0,3/4,✔✔✗✔,1,11.8,7,2025,987.9,1196.7,,33.39,24.26,4.05,74.62,20.14,64.36,,0.59,172.0,171.6,1441.2,927.6,389.0,300.4,0.49,81.1
MCLE,— 資料不足/新上市,,,,,,,,,,,,,,,,2022,0.0,0.0,,,,-0.01,31.93,,,,0.5,-0.0,,0.0,0.1,-0.1,0.0,-0.0,5.9
EGY,🟢 全期強勢,2026Q1,10.2,24,66.7,16/24,65.0,13/20,91.7,11/12,100.0,4/4,✔✔✔✔,6,37.8,2,2025,465.2,359.3,,-5.74,-11.52,-0.4,-12.0,-4.5,62.54,51.0,-5.14,212.7,,920.7,575.8,344.9,48.0,0.46,104.3
RAIN,— 資料不足/新上市,,,,,,,,,,,,,,,,2025,,,,,,,63.36,-346.29,646.52,7.0,0.21,-2.0,-2.9,2.6,17.0,-14.3,0.6,-0.06,
GLTK,🟡 中性,2026Q1,-100.0,8,50.0,4/8,50.0,4/8,50.0,4/8,75.0,3/4,✔✔✔✗,0,13.2,1,2025,13.3,0.6,,,,-0.01,14.36,-3.12,64.17,42.0,0.48,-1.5,-1.8,100.8,64.7,-21.9,0.6,-0.42,151.1
LUDG,— 資料不足/新上市,2025Q3,0.0,2,0.0,0/2,0.0,0/2,0.0,0/2,0.0,0/2,✗✗,0,-50.0,0,2025,0.0,0.0,,,,-0.01,55.51,-176.85,418.58,5.0,0.29,-0.6,,1.3,5.3,-4.0,0.0,-0.1,167.2
FBCD,— 資料不足/新上市,2013Q2,0.0,1,0.0,0/1,0.0,0/1,0.0,0/1,0.0,0/1,✗,0,0.0,0,2012,0.1,0.0,,,,,74.67,-43132.21,57864.8,0.0,0.11,-0.4,-0.4,0.0,4.4,-4.4,0.0,-0.0,55.6
LSTR,🔴 轉弱/衰退,2026Q1,-1.6,40,52.5,21/40,40.0,8/20,33.3,4/12,0.0,0/4,✗✗✗✗,0,14.7,7,2025,5284.8,4743.8,,3.2,2.42,3.31,14.39,7.18,,188.0,1.96,224.9,215.0,1602.2,,799.0,353.3,0.0,33.9
CBIH,— 資料不足/新上市,2026Q3,-59.0,3,33.3,1/3,33.3,1/3,33.3,1/3,33.3,1/3,✗✔✗,0,19.2,0,2025,0.3,0.3,,,,-0.0,37.41,-35545.34,95121.37,0.0,0.6,-0.3,,0.0,1.5,-1.5,0.0,-0.18,11626.7
BTU,🟡 中性,2026Q1,-4.7,40,42.5,17/40,50.0,10/20,50.0,6/12,50.0,2/4,✗✔✔✗,0,2.9,8,2025,4900.1,3861.5,,-2.07,-1.1,-0.43,-1.22,-0.74,38.0,187.0,-7.85,333.7,-77.7,5710.0,2169.9,3495.2,492.5,0.01,121.8
ODFL,🟡 中性,2026Q1,-5.8,25,64.0,16/25,60.0,12/20,50.0,6/12,25.0,1/4,✔✗✗✗,0,25.7,4,2025,5780.9,5496.4,,24.76,18.63,4.84,23.27,18.1,22.22,157.0,1.34,1370.1,955.1,5656.9,1257.2,4399.7,288.1,0.01,208.0
BNET,— 資料不足/新上市,2017Q3,0.0,3,0.0,0/3,0.0,0/3,0.0,0/3,0.0,0/3,✗✗✗,0,-25.0,0,2024,0.0,0.0,,,,-0.22,176.33,-16448.29,9375.42,1.0,0.07,-0.9,-1.7,0.1,6.7,-6.6,0.0,-0.09,57.4
SJ,— 資料不足/新上市,2023Q2,-33.8,2,0.0,0/2,0.0,0/2,0.0,0/2,0.0,0/2,✗✗,0,-36.6,0,2025,243.1,177.5,18.3,-6.35,-47.28,-2.01,-95.4,-82.64,16.46,360.0,-0.12,10.1,10.0,101.6,16.7,88.0,44.0,0.0,27.0
CPTP,🔴 轉弱/衰退,2024Q3,8.9,37,54.1,20/37,40.0,8/20,33.3,4/12,25.0,1/4,✗✗✗✔,1,-1.2,7,2021,5.3,4.8,,,38.23,0.28,23.74,20.32,14.42,,1.35,2.5,,9.1,1.3,7.7,0.8,0.74,6.6
LOPE,🔵 多數成長,2026Q1,5.3,40,82.5,33/40,80.0,16/20,75.0,9/12,75.0,3/4,✔✔✗✔,1,7.6,8,2025,975.5,1106.1,,24.04,19.54,7.71,31.05,22.33,28.07,275.0,1.27,273.5,238.6,967.9,271.7,696.2,96.1,0.15,26.5
BBIO,🟡 中性,2026Q1,-44.8,15,40.0,6/15,40.0,6/15,50.0,6/12,50.0,2/4,✔✔✗✗,0,834.2,0,2025,332.7,502.1,,,,-3.78,32.17,-53.46,265.49,152.0,0.61,-445.9,-447.0,1371.0,3639.9,-2278.4,879.9,-1.17,195.9
BUR,— 資料不足/新上市,2026Q1,168.3,1,100.0,1/1,100.0,1/1,100.0,1/1,100.0,1/1,✔,1,168.3,0,2025,1161.5,413.4,,56.15,15.14,0.28,7.56,1.47,64.55,,-0.46,-29.0,-29.3,4269.6,2756.0,827.9,702.6,2.9,219.1
OSCR,🟡 中性,2026Q1,-23.1,12,41.7,5/12,41.7,5/12,41.7,5/12,50.0,2/4,✔✔✗✗,0,977.9,0,2025,20.0,28.6,,,,-1.69,-26.63,-4.77,82.05,109.0,-2.47,1094.9,1058.5,9289.6,7622.6,1663.9,4805.1,0.26,
TNBI,— 資料不足/新上市,2013Q3,58.6,5,80.0,4/5,80.0,4/5,80.0,4/5,75.0,3/4,✔✗✔✔,2,22.1,0,2012,28.5,28.6,34.82,15.87,-0.74,,-1.35,-0.73,45.46,161.0,5.63,-1.2,-2.0,28.8,13.1,15.6,5.1,0.12,13.3
IBEX,🟡 中性,2026Q3,11.0,7,57.1,4/7,57.1,4/7,57.1,4/7,100.0,4/4,✔✔✔✔,4,8.3,1,2025,550.2,558.3,,8.35,6.6,2.36,22.93,12.4,45.91,195.0,1.24,45.7,27.3,297.2,136.5,160.8,15.4,0.01,13.4
MSS,🔵 多數成長,2026Q3,137.7,7,71.4,5/7,71.4,5/7,71.4,5/7,100.0,4/4,✔✔✔✔,4,54.3,1,2025,106.8,124.2,21.21,-1.02,0.94,0.07,15.18,1.62,89.51,67.0,4.07,4.8,4.6,72.1,64.5,7.7,1.5,0.33,17.5
CSX,🟡 中性,2026Q1,-7.0,40,50.0,20/40,50.0,10/20,50.0,6/12,50.0,2/4,✔✔✗✗,0,5.9,10,2025,14399.0,14092.0,,32.08,20.5,1.54,21.27,6.53,69.3,97.0,1.6,4613.0,1711.0,44232.0,30651.0,13581.0,964.0,0.72,1858.1
PAXH,— 資料不足/新上市,2024Q3,-100.0,4,0.0,0/4,0.0,0/4,0.0,0/4,0.0,0/4,✗✗✗✗,0,-86.0,0,2025,0.0,0.0,,,,-0.0,22.53,-18.52,182.22,7.0,0.51,-0.0,,0.4,0.8,-0.4,0.1,-0.0,44.7
BYSI,— 資料不足/新上市,,,,,,,,,,,,,,,,2025,0.0,0.0,,,,-0.02,2.92,-5.47,264.91,109.0,19.65,-19.8,-19.8,18.4,48.8,-34.5,4.0,-0.0,41.1
CABO,🔴 轉弱/衰退,2026Q1,-5.9,39,61.5,24/39,50.0,10/20,33.3,4/12,25.0,1/4,✗✗✔✗,0,9.5,9,2025,1654.4,1501.4,,-13.81,-23.74,-63.21,-24.1,-6.45,73.26,175.0,-1.58,563.3,278.1,5529.6,4050.8,1478.8,165.6,2.13,5.7
APA,— 資料不足/新上市,,,,,,,,,,,,,,,,2025,,,,,,3.99,22.21,7.93,,92.0,3.17,4545.0,,18079.0,,6456.0,293.0,1.37,353.5
ACLS,🔵 多數成長,2026Q1,-23.7,40,55.0,22/40,70.0,14/20,66.7,8/12,25.0,1/4,✗✗✔✗,0,27.1,4,2025,1070.8,839.0,44.91,14.22,14.33,3.8,11.51,8.75,24.0,459.0,0.98,118.3,107.0,1374.5,329.9,1044.6,150.8,0.03,30.7
UPS,🟡 中性,2026Q1,-0.7,40,70.0,28/40,60.0,12/20,41.7,5/12,25.0,1/4,✗✔✗✗,0,6.0,10,2025,90798.0,88661.0,,8.87,6.28,6.56,35.35,7.76,,121.0,1.52,8450.0,4765.0,71809.0,,15763.0,5802.0,1.54,713.9
INSW,🟡 中性,2026Q1,-33.2,29,44.8,13/29,60.0,12/20,50.0,6/12,0.0,0/4,✗✗✗✗,0,23.2,3,2025,980.8,843.3,,40.96,36.67,6.23,14.09,10.77,23.58,734.0,1.23,380.1,378.6,2871.3,677.1,2194.3,141.8,0.27,49.5
EOG,🟡 中性,2026Q1,-7.4,40,57.5,23/40,55.0,11/20,58.3,7/12,25.0,1/4,✔✗✗✗,0,38.8,6,2025,23732.0,22632.0,,28.21,22.0,9.12,16.11,9.33,,172.0,2.02,10044.0,9565.0,53378.0,,30908.0,3849.0,0.26,532.6
NUMD,— 資料不足/新上市,,,,,,,,,,,,,,,,2020,0.0,0.0,,,,-0.04,699.62,-27964.91,4097.16,2.0,0.02,-0.0,,0.0,0.3,-0.3,0.0,-0.0,83.5
FERG,— 資料不足/新上市,2026Q1,-6.4,1,0.0,0/1,0.0,0/1,0.0,0/1,0.0,0/1,✗,0,-6.4,0,2025,29239.0,30762.0,30.67,8.47,6.03,9.32,31.6,10.43,66.98,178.0,1.03,1908.0,1603.0,17789.0,11915.0,5874.0,820.0,0.7,193.9
CCZ,🟡 中性,2026Q1,-0.6,40,70.0,28/40,60.0,12/20,58.3,7/12,25.0,1/4,✗✔✗✗,0,8.7,10,2025,121401.0,123707.0,,16.71,16.17,5.39,22.65,7.69,,87.0,1.68,33643.0,21893.0,260002.0,,88274.0,9468.0,0.06,2063.1
ULS,— 資料不足/新上市,2026Q1,5.2,5,100.0,5/5,100.0,5/5,100.0,5/5,100.0,4/4,✔✔✔✔,5,6.0,1,2025,2713.0,3053.0,,17.1,10.65,1.6,24.64,11.0,54.79,116.0,1.85,600.0,403.0,2955.0,1619.0,1319.0,258.0,0.27,201.0
SNSE,— 資料不足/新上市,,,,,,,,,,,,,,,,2025,,,,,,-16.72,15.36,-10.27,6.91,1439.0,0.97,-20.5,-20.5,205.4,14.2,-137.3,152.3,-0.0,1.3
VALE,🟢 全期強勢,2012Q3,15.5,7,85.7,6/7,85.7,6/7,85.7,6/7,75.0,3/4,✗✔✔✔,3,53.1,0,2012,60841.0,48753.0,,18.92,11.3,,7.42,4.19,,182.0,3.01,16595.0,818.0,131478.0,,74241.0,5832.0,0.43,3256.7
CCLD,🔴 轉弱/衰退,2026Q1,6.4,27,55.6,15/27,50.0,10/20,16.7,2/12,25.0,1/4,✗✗✗✔,1,23.5,6,2025,112.5,120.5,,9.41,8.96,0.1,18.51,12.45,32.74,111.0,2.65,28.6,23.8,86.7,28.4,58.3,6.4,0.05,42.5
MGM,🟢 全期強勢,2026Q1,-2.4,40,67.5,27/40,70.0,14/20,91.7,11/12,75.0,3/4,✔✔✔✗,0,28.3,7,2025,16057.9,17537.7,,5.71,1.17,0.76,8.46,0.5,91.95,133.0,12.29,2529.4,1460.5,41402.2,38070.2,2433.4,2292.8,2.91,255.9
KLC,— 資料不足/新上市,2026Q1,2.1,2,100.0,2/2,100.0,2/2,100.0,2/2,100.0,2/2,✔✔,2,4.8,0,2025,2523.8,2733.3,,-0.73,-4.13,-0.95,-23.96,-3.28,86.31,73.0,-2.11,238.5,110.3,3441.6,2970.6,471.1,132.9,1.97,118.4
REPX,🔵 多數成長,2026Q1,2.7,36,61.1,22/36,80.0,16/20,75.0,9/12,50.0,2/4,✔✗✗✔,1,199.9,8,2025,377.8,392.0,,34.0,41.03,7.59,29.06,13.63,53.1,32.0,1.32,212.5,211.0,1180.1,626.6,553.4,15.8,0.43,20.4
AMG,🔴 轉弱/衰退,2026Q1,-0.7,26,42.3,11/26,45.0,9/20,33.3,4/12,0.0,0/4,✗✗✗✗,0,1.9,6,2025,2054.5,2074.4,,,34.54,22.74,23.19,7.63,54.79,197.0,1.36,973.2,967.1,9396.1,5148.2,3089.8,376.1,0.94,26.4
MGR,🔴 轉弱/衰退,2026Q1,-0.7,26,42.3,11/26,45.0,9/20,33.3,4/12,0.0,0/4,✗✗✗✗,0,1.9,6,2025,2054.5,2074.4,,,34.54,22.74,23.19,7.63,54.79,197.0,1.36,973.2,967.1,9396.1,5148.2,3089.8,376.1,0.94,26.4
MGRB,🔴 轉弱/衰退,2026Q1,-0.7,26,42.3,11/26,45.0,9/20,33.3,4/12,0.0,0/4,✗✗✗✗,0,1.9,6,2025,2054.5,2074.4,,,34.54,22.74,23.19,7.63,54.79,197.0,1.36,973.2,967.1,9396.1,5148.2,3089.8,376.1,0.94,26.4
MGRD,🔴 轉弱/衰退,2026Q1,-0.7,26,42.3,11/26,45.0,9/20,33.3,4/12,0.0,0/4,✗✗✗✗,0,1.9,6,2025,2054.5,2074.4,,,34.54,22.74,23.19,7.63,54.79,197.0,1.36,973.2,967.1,9396.1,5148.2,3089.8,376.1,0.94,26.4
MGRE,🔴 轉弱/衰退,2026Q1,-0.7,26,42.3,11/26,45.0,9/20,33.3,4/12,0.0,0/4,✗✗✗✗,0,1.9,6,2025,2054.5,2074.4,,,34.54,22.74,23.19,7.63,54.79,197.0,1.36,973.2,967.1,9396.1,5148.2,3089.8,376.1,0.94,26.4
PLAY,🔵 多數成長,2026Q1,-3.5,37,81.1,30/37,65.0,13/20,66.7,8/12,25.0,1/4,✗✔✗✗,0,32.6,5,2025,2184.9,2102.8,,4.09,-2.32,-1.4,-48.9,-1.18,,29.0,-5.97,290.8,-100.6,4135.8,,99.6,19.6,15.08,34.8
ECG,— 資料不足/新上市,2026Q1,32.1,2,100.0,2/2,100.0,2/2,100.0,2/2,100.0,2/2,✔✔,2,19.1,0,2025,3055.3,3746.4,12.12,7.07,5.39,3.95,29.37,10.92,62.82,177.0,0.78,156.8,90.0,1847.7,1160.8,686.9,293.4,0.4,51.0
IMXI,🔵 多數成長,2026Q1,-4.1,26,80.8,21/26,80.0,16/20,75.0,9/12,50.0,2/4,✔✗✔✗,0,23.6,6,2025,652.6,607.8,,9.16,5.38,1.08,20.08,5.77,1.86,284.0,1.13,36.9,15.8,565.9,10.5,162.7,170.3,1.48,30.1
ITW,🔵 多數成長,2026Q1,-3.4,40,55.0,22/40,60.0,12/20,66.7,8/12,25.0,1/4,✗✗✔✗,0,2.1,9,2025,15973.0,16044.0,,26.28,19.11,10.49,94.92,18.85,,119.0,1.02,3126.0,2707.0,16264.0,,3230.0,827.0,2.83,287.7
BYD,🟢 全期強勢,2026Q1,3.2,40,67.5,27/40,80.0,16/20,91.7,11/12,100.0,4/4,✔✔✔✔,4,13.8,7,2025,3769.5,4092.0,,18.29,45.05,22.56,72.67,27.87,,60.0,0.53,976.7,388.5,6612.9,,2536.4,372.7,0.9,74.3
FOXX,— 資料不足/新上市,2026Q3,2117.1,3,66.7,2/3,66.7,2/3,66.7,2/3,66.7,2/3,✗✔✔,2,1372.0,0,2025,52.5,65.9,7.24,-14.71,-13.68,-1.47,18.86,-32.07,270.0,38.0,0.73,-6.6,-6.6,28.1,75.9,-47.8,3.2,-0.0,7.0
ADEA,🔴 轉弱/衰退,2026Q1,5.1,17,52.9,9/17,52.9,9/17,33.3,4/12,50.0,2/4,✔✗✗✔,1,25.2,2,2025,393.1,443.4,,39.47,25.05,0.99,23.81,11.08,53.45,344.0,1.42,158.1,156.3,1002.4,535.8,466.6,53.3,0.84,110.3
CRC,🟡 中性,2026Q1,89.7,38,44.7,17/38,50.0,10/20,50.0,6/12,50.0,2/4,✗✔✗✔,1,3.0,6,2025,2540.0,2910.0,,20.55,12.47,4.15,12.44,5.08,,55.0,2.38,865.0,543.0,7149.0,,2918.0,40.0,0.49,88.8
DXC,🔴 轉弱/衰退,2026Q4,-4.4,31,16.1,5/31,5.0,1/20,0.0,0/12,0.0,0/4,✗✗✗✗,0,9.8,6,2026,13667.0,12644.0,,7.67,0.14,0.1,0.61,0.14,75.1,136.0,69.33,1248.0,1036.0,12890.0,9681.0,2941.0,1737.0,0.83,163.5
BABB,🔵 多數成長,2026Q1,-9.4,40,60.0,24/40,70.0,14/20,75.0,9/12,25.0,1/4,✔✗✗✗,0,6.2,10,2025,3.5,3.4,,20.98,16.25,0.08,16.26,11.73,27.86,393.0,0.74,0.4,,4.8,1.3,3.4,2.1,0.04,7.3
DAL,🟢 全期強勢,2026Q1,2.1,40,70.0,28/40,80.0,16/20,100.0,12/12,100.0,4/4,✔✔✔✔,13,21.5,7,2025,58340.0,63364.0,,9.19,7.9,7.66,24.56,5.93,,42.0,1.67,8342.0,3843.0,84431.0,,20376.0,5053.0,0.65,657.0
ACI,🟢 全期強勢,2025Q3,1.2,14,100.0,14/14,100.0,14/14,100.0,12/12,100.0,4/4,✔✔✔✔,14,4.6,0,2025,74174.0,83172.5,27.18,0.87,0.26,0.4,11.84,0.81,,86.0,10.89,2366.7,527.3,26765.9,,1836.2,198.6,5.35,494.5
ATMU,🔵 多數成長,2026Q1,-2.4,7,71.4,5/7,71.4,5/7,71.4,5/7,75.0,3/4,✔✔✔✗,0,2.8,1,2025,1618.0,1764.3,28.24,16.95,11.76,2.5,51.4,11.26,78.09,253.0,0.98,202.7,148.8,1841.8,1438.3,403.5,209.6,2.47,81.7
ASFT,🔴 轉弱/衰退,2020Q3,-100.0,12,16.7,2/12,16.7,2/12,16.7,2/12,0.0,0/4,✗✗✗✗,0,-52.6,2,2025,0.0,0.0,,,,-0.02,15.8,-6993.43,44366.32,3.0,0.9,-0.1,,0.0,0.6,-0.6,0.0,-0.0,4.5
VNT,🟡 中性,2026Q1,-1.9,18,61.1,11/18,61.1,11/18,50.0,6/12,25.0,1/4,✗✗✔✗,0,4.5,4,2025,3080.5,3075.6,,18.26,13.2,2.76,32.27,9.83,69.37,123.0,1.26,511.0,441.1,4131.3,2865.8,1258.6,233.8,1.27,140.8
LGCY,— 資料不足/新上市,2026Q3,50.7,3,100.0,3/3,100.0,3/3,100.0,3/3,100.0,3/3,✔✔✔,3,38.3,0,2025,59.0,64.2,,15.56,11.74,0.59,15.22,9.98,34.38,336.0,1.03,7.8,6.9,75.5,25.9,49.5,21.7,0.01,12.7
PRDO,🟡 中性,2026Q1,26.6,40,47.5,19/40,55.0,11/20,50.0,6/12,50.0,2/4,✗✗✔✔,2,-0.9,10,2025,754.7,846.1,,23.17,18.9,2.42,15.99,12.41,,482.0,1.41,225.2,216.7,1288.8,,999.9,164.3,0.0,62.7
AFG,🟢 全期強勢,2026Q1,-2.6,40,80.0,32/40,75.0,15/20,83.3,10/12,75.0,3/4,✔✔✔✗,0,7.3,10,2025,7777.0,8174.0,,13.13,10.3,10.08,18.0,2.6,85.54,,1.82,1533.0,,32353.0,27675.0,4678.0,1353.0,0.39,83.1
AFGB,🟢 全期強勢,2026Q1,-2.6,40,80.0,32/40,75.0,15/20,83.3,10/12,75.0,3/4,✔✔✔✗,0,7.3,10,2025,7777.0,8174.0,,13.13,10.3,10.08,18.0,2.6,85.54,,1.82,1533.0,,32353.0,27675.0,4678.0,1353.0,0.39,83.1
AFGC,🟢 全期強勢,2026Q1,-2.6,40,80.0,32/40,75.0,15/20,83.3,10/12,75.0,3/4,✔✔✔✗,0,7.3,10,2025,7777.0,8174.0,,13.13,10.3,10.08,18.0,2.6,85.54,,1.82,1533.0,,32353.0,27675.0,4678.0,1353.0,0.39,83.1
AFGD,🟢 全期強勢,2026Q1,-2.6,40,80.0,32/40,75.0,15/20,83.3,10/12,75.0,3/4,✔✔✔✗,0,7.3,10,2025,7777.0,8174.0,,13.13,10.3,10.08,18.0,2.6,85.54,,1.82,1533.0,,32353.0,27675.0,4678.0,1353.0,0.39,83.1
AFGE,🟢 全期強勢,2026Q1,-2.6,40,80.0,32/40,75.0,15/20,83.3,10/12,75.0,3/4,✔✔✔✗,0,7.3,10,2025,7777.0,8174.0,,13.13,10.3,10.08,18.0,2.6,85.54,,1.82,1533.0,,32353.0,27675.0,4678.0,1353.0,0.39,83.1
MTDR,🔵 多數成長,2026Q1,28.1,40,57.5,23/40,65.0,13/20,66.7,8/12,75.0,3/4,✔✔✗✔,1,47.9,5,2025,3038.5,3656.5,,33.54,20.76,6.09,13.59,6.24,,73.0,3.19,2425.0,269.6,12174.5,,5584.9,30.5,0.62,124.2
SLVM,🔵 多數成長,2026Q1,-9.3,12,66.7,8/12,66.7,8/12,66.7,8/12,75.0,3/4,✔✔✔✗,0,6.5,1,2025,3637.0,3351.0,,7.49,3.94,3.24,13.48,4.66,,145.0,2.03,268.0,44.0,2834.0,,979.0,130.0,1.56,39.7
AMR,🔴 轉弱/衰退,2026Q1,-38.5,23,47.8,11/23,40.0,8/20,33.3,4/12,0.0,0/4,✗✗✗✗,0,18.7,3,2025,3125.0,2122.6,,-2.89,-2.91,-4.75,-4.07,-2.7,33.54,367.0,-2.35,144.9,17.8,2282.4,765.5,1517.0,317.2,0.0,12.7
CRWE,🟡 中性,2026Q1,-55.1,37,43.2,16/37,45.0,9/20,41.7,5/12,25.0,1/4,✗✗✔✗,0,187.6,2,2025,0.0,0.0,,,,,31.55,-1702.13,5495.36,2.0,0.3,-0.0,,0.0,0.4,-0.4,0.0,-0.0,15.9
PRG,🔴 轉弱/衰退,2026Q1,-99.4,18,38.9,7/18,38.9,7/18,25.0,3/12,25.0,1/4,✗✔✗✗,0,-2.9,4,2025,1701.2,2409.2,,8.58,6.09,3.59,18.96,7.19,62.09,,2.28,335.0,324.9,2042.5,1268.2,774.4,69.4,1.21,40.1
HGTY,🟢 全期強勢,2026Q1,25.2,11,90.9,10/11,90.9,10/11,90.9,10/11,100.0,4/4,✔✔✔✔,7,12.2,1,2025,494.2,677.6,,,22.02,,68.24,7.37,63.74,100.0,1.47,219.0,194.5,2024.6,1290.5,218.7,212.4,1.38,346.0
SITC,🟡 中性,2026Q1,-54.7,23,47.8,11/23,50.0,10/20,58.3,7/12,0.0,0/4,✗✗✗✗,0,157.2,1,2025,285.2,18.3,,,,3.36,52.94,44.25,16.41,,0.11,19.6,,401.9,66.0,335.9,193.5,12.86,52.5
MTN,🟢 全期強勢,2026Q3,1.0,40,80.0,32/40,70.0,14/20,83.3,10/12,100.0,4/4,✔✔✔✔,4,8.9,1,2025,2962.6,2964.3,,18.89,9.45,7.53,50.75,4.92,83.89,91.0,1.98,554.9,319.7,5685.9,4769.9,551.7,371.4,6.43,35.6
MAZE,— 資料不足/新上市,,,,,,,,,,,,,,,,2025,,167.5,,-85.31,-78.28,-3.05,-38.37,-31.24,18.59,1788.0,0.85,-111.9,-112.7,419.7,78.0,341.7,198.8,0.11,55.3
ZDPY,🔵 多數成長,2026Q1,16.4,37,67.6,25/37,70.0,14/20,75.0,9/12,75.0,3/4,✗✔✔✔,3,20.5,9,2025,3.9,4.1,,-45.54,-68.94,-0.24,-85.03,-18.31,78.47,,-0.27,0.8,-0.1,15.6,12.2,3.4,2.5,2.29,13.2
GOGO,🔵 多數成長,2026Q1,120.8,40,72.5,29/40,65.0,13/20,75.0,9/12,50.0,2/4,✗✔✗✔,1,15.7,6,2025,523.6,910.5,,12.53,1.42,0.09,10.95,1.01,90.79,166.0,9.63,124.5,65.1,1281.2,1163.2,118.0,103.5,7.09,135.2
ACEL,🟢 全期強勢,2026Q1,7.3,18,94.4,17/18,94.4,17/18,100.0,12/12,100.0,4/4,✔✔✔✔,16,3013.0,2,2025,1192.5,1331.0,,8.1,3.87,0.6,18.9,4.8,74.2,271.0,2.93,150.9,62.0,1071.2,794.9,272.3,274.1,2.13,81.4
BMPA,— 資料不足/新上市,,,,,,,,,,,,,,,,2025,0.0,0.0,,,,-0.01,33.21,-528.71,1691.83,,0.96,-0.3,,0.1,0.8,-0.8,0.0,-0.16,51.8
CHTR,🟢 全期強勢,2026Q1,0.4,40,95.0,38/40,95.0,19/20,100.0,12/12,100.0,4/4,✔✔✔✔,13,33.7,8,2025,54663.0,54774.0,,23.57,9.1,36.21,30.44,3.22,,40.0,3.22,16077.0,4418.0,154644.0,,16385.0,517.0,5.76,270.9
TASK,🟡 中性,2026Q1,22.1,13,61.5,8/13,61.5,8/13,58.3,7/12,75.0,3/4,✔✔✗✔,1,17.7,1,2025,974.7,1183.5,,11.88,8.64,1.1,37.2,10.42,71.99,275.0,1.34,137.2,73.7,981.6,706.7,275.0,152.3,1.79,
DAC,🟡 中性,2025Q2,2.0,13,46.2,6/13,46.2,6/13,41.7,5/12,75.0,3/4,✔✔✗✔,1,7.8,0,2025,885.1,1042.5,,47.85,47.45,26.76,13.03,9.67,25.78,328.0,1.3,644.8,,5113.9,1318.4,3795.6,1037.3,0.3,18.3
KR,🔵 多數成長,2025Q3,-1.0,14,78.6,11/14,78.6,11/14,75.0,9/12,25.0,1/4,✗✗✔✗,0,3.0,0,2025,135356.0,147642.0,,1.28,0.69,1.54,15.7,2.02,87.12,79.0,7.2,7311.0,3456.0,50292.0,43814.0,6472.0,2873.0,2.38,612.6
STRW,🟢 全期強勢,2026Q1,34.1,11,100.0,11/11,100.0,11/11,100.0,11/11,100.0,4/4,✔✔✔✔,11,13.7,2,2025,126.6,155.0,,54.38,4.89,0.6,61.95,0.86,94.24,,11.89,90.0,,878.6,828.0,12.2,36.6,64.73,13.4
BBGI,🟡 中性,2026Q1,-10.1,40,67.5,27/40,45.0,9/20,41.7,5/12,25.0,1/4,✗✗✔✗,0,19.1,10,2025,234.8,205.9,,-111.52,-95.44,-109.27,426.66,-69.82,116.36,110.0,0.04,-8.5,-13.3,281.5,327.6,-46.1,6.4,-4.72,
VALU,🔴 轉弱/衰退,2026Q2,-8.0,40,50.0,20/40,50.0,10/20,33.3,4/12,0.0,0/4,✗✗✗✗,0,-0.5,7,2025,36.3,35.1,,17.06,58.97,2.2,19.2,13.7,28.62,407.0,0.98,20.2,20.1,151.0,43.2,107.8,46.5,0.02,9.4
ELS,🟢 全期強勢,2026Q1,0.2,40,97.5,39/40,95.0,19/20,91.7,11/12,75.0,3/4,✔✗✔✔,2,13.1,7,2025,1490.2,1531.4,,25.56,26.25,2.01,22.82,6.99,68.34,,1.42,571.1,334.1,5748.7,3928.4,1761.6,39.2,1.9,193.9
GCMG,🟡 中性,2026Q1,15.6,17,64.7,11/17,64.7,11/17,58.3,7/12,75.0,3/4,✔✔✗✔,1,6.8,4,2025,462.0,557.6,,23.94,8.14,0.42,177.98,6.59,82.25,,4.05,183.5,175.0,688.8,566.5,25.5,164.4,14.24,42.3
XBP,— 資料不足/新上市,,,,,,,,,,,,,,,,2025,,872.7,21.63,-12.08,-24.65,,-343.91,-24.69,92.82,67.0,-0.11,23.3,17.0,871.4,808.9,62.6,28.5,6.09,11.8
THC,🔵 多數成長,2026Q1,-2.7,27,51.9,14/27,60.0,12/20,66.7,8/12,75.0,3/4,✔✔✔✗,0,1.6,6,2025,20419.0,21310.0,,16.46,11.11,15.49,49.17,7.59,71.64,136.0,1.5,3540.0,2530.0,31203.0,22353.0,4814.0,2967.0,0.86,86.1
AMC,🔵 多數成長,2026Q1,-9.3,38,60.5,23/38,55.0,11/20,66.7,8/12,0.0,0/4,✗✗✗✗,0,91.1,4,2025,4723.7,4848.9,,-0.36,-13.04,-1.34,32.83,-8.23,125.07,35.0,0.19,-119.8,-365.9,7684.8,9611.3,-1926.5,339.2,-2.06,612.1
OTLK,🟡 中性,2020Q3,-24.4,11,45.5,5/11,45.5,5/11,45.5,5/11,50.0,2/4,✔✔✗✗,0,29.3,0,2025,3.8,1.4,,,,-1.79,215.3,-285.14,232.44,54.0,0.83,-51.8,,21.9,50.9,-29.0,7.7,-33.35,120.9
BRRN,— 資料不足/新上市,,,,,,,,,,,,,,,,2012,0.0,0.0,,,,,7810.92,-122876.81,1673.09,6.0,0.02,-0.0,,0.0,0.0,-0.0,0.0,-11.17,450.0
GSMT,— 資料不足/新上市,2026Q3,0.0,1,0.0,0/1,0.0,0/1,0.0,0/1,0.0,0/1,✗,0,0.0,0,2025,,0.0,,,,-0.02,40.17,-74.42,285.26,7.0,0.31,-0.0,,0.2,0.5,-0.3,0.0,-1.38,6.1
PIII,🟢 全期強勢,2026Q1,-3.9,12,83.3,10/12,83.3,10/12,83.3,10/12,75.0,3/4,✔✔✔✗,0,34.0,2,2024,1503.0,1459.1,,-18.53,-10.14,-45.26,103.07,-21.95,119.75,33.0,0.62,-91.2,-91.2,674.2,807.3,-143.5,25.5,-2.17,
NIKA,— 資料不足/新上市,,,,,,,,,,,,,,,,2024,,0.0,,,,0.0,30.8,-464.18,1606.94,6.0,0.83,-0.1,,0.0,0.3,-0.3,0.0,-0.33,1048.5
NEWH,— 資料不足/新上市,,,,,,,,,,,,,,,,2025,,,,,,0.0,104.73,-365.91,1.35,6879.0,0.7,-2.0,,0.8,0.0,-2.7,1.3,-1.02,789.6
ACGL,🔵 多數成長,2026Q1,18.6,40,72.5,29/40,75.0,15/20,75.0,9/12,100.0,4/4,✔✔✔✔,7,16.2,6,2025,17565.0,19929.0,,,22.07,11.6,18.19,5.4,70.3,,1.4,6172.0,6128.0,81446.0,57258.0,24188.0,914.0,0.0,349.4
ACGLN,🔵 多數成長,2026Q1,18.6,40,72.5,29/40,75.0,15/20,75.0,9/12,100.0,4/4,✔✔✔✔,7,16.2,6,2025,17565.0,19929.0,,,22.07,11.6,18.19,5.4,70.3,,1.4,6172.0,6128.0,81446.0,57258.0,24188.0,914.0,0.0,349.4
ACGLO,🔵 多數成長,2026Q1,18.6,40,72.5,29/40,75.0,15/20,75.0,9/12,100.0,4/4,✔✔✔✔,7,16.2,6,2025,17565.0,19929.0,,,22.07,11.6,18.19,5.4,70.3,,1.4,6172.0,6128.0,81446.0,57258.0,24188.0,914.0,0.0,349.4
ACQC,— 資料不足/新上市,,,,,,,,,,,,,,,,2025,,,,,,,31.84,-168.51,540.26,0.0,0.34,-0.4,,0.7,3.9,-3.8,0.0,-0.0,4.4
AII,— 資料不足/新上市,2026Q1,62.2,1,100.0,1/1,100.0,1/1,100.0,1/1,100.0,1/1,✔,1,62.2,0,2025,231.9,276.5,,,36.03,5.65,29.69,8.48,71.45,,1.39,138.2,133.2,1175.1,839.6,335.5,171.2,0.0,19.6
ALX,🔵 多數成長,2026Q1,-10.6,25,52.0,13/25,60.0,12/20,66.7,8/12,50.0,2/4,✗✔✔✗,0,0.8,6,2025,218.5,213.2,,,13.24,5.5,31.11,2.57,91.72,,2.6,73.4,,1096.3,1005.6,90.7,76.2,0.0,5.1
ATRA,🔵 多數成長,2026Q1,258.8,8,62.5,5/8,62.5,5/8,62.5,5/8,100.0,4/4,✔✔✔✔,5,937.4,1,2025,199.7,120.8,,29.69,27.07,2.57,-87.61,163.46,286.59,216.0,-1.56,-50.9,-50.9,20.0,57.3,-37.3,8.4,-0.0,9.0
BGFR,— 資料不足/新上市,,,,,,,,,,,,,,,,2025,0.0,0.0,,,,-0.0,23.4,-65.74,380.98,32.0,-0.12,0.0,,0.0,0.1,-0.1,0.0,-0.0,5.9
CASH,🔵 多數成長,2026Q2,6.7,26,76.9,20/26,75.0,15/20,75.0,9/12,75.0,3/4,✔✗✔✔,2,14.8,6,2025,825.6,839.9,,,22.13,7.87,21.83,2.61,88.04,,2.42,450.6,438.9,7112.4,6261.7,851.5,157.6,0.05,21.1
CBLO,— 資料不足/新上市,2026Q3,134692.3,1,100.0,1/1,100.0,1/1,100.0,1/1,100.0,1/1,✔,1,134692.3,0,2024,,0.0,,,,,110.29,-34.8,131.55,,0.63,-0.1,,0.7,0.9,-0.2,0.0,-0.0,253.9
CHPG,— 資料不足/新上市,,,,,,,,,,,,,,,,2025,,,,,,,-70.07,1.51,2.25,27.0,-0.42,-0.5,,77.6,1.7,-1.7,0.0,-0.0,
CIZN,— 資料不足/新上市,,,,,,,,,,,,,,,,2023,,,,,,0.33,4.33,0.13,96.95,,2.98,5.5,4.8,1404.6,1361.8,42.8,94.5,0.42,5.6
CON,— 資料不足/新上市,2026Q1,7.1,3,100.0,3/3,100.0,3/3,100.0,3/3,100.0,3/3,✔✔✔,3,4.2,0,2025,1871.2,2163.4,,15.44,7.69,1.3,39.18,5.76,84.29,126.0,1.68,279.4,197.1,2889.8,2435.8,424.7,61.7,0.0,128.0
CSTM,— 資料不足/新上市,2026Q1,5.3,1,100.0,1/1,100.0,1/1,100.0,1/1,100.0,1/1,✔,1,5.3,0,2025,7925.0,8449.0,,,3.23,1.92,24.4,4.67,80.63,139.0,1.79,489.0,159.0,5845.0,4713.0,1119.0,143.0,0.03,136.2
EHC,🔵 多數成長,2026Q1,10.6,25,80.0,20/25,75.0,15/20,75.0,9/12,100.0,4/4,✔✔✔✔,5,6.6,4,2025,4940.6,5935.2,,,9.54,5.54,22.45,7.74,53.96,117.0,2.08,1175.6,439.2,7313.2,3946.0,2521.7,110.5,0.48,99.2
ESLA,— 資料不足/新上市,,,,,,,,,,,,,,,,2025,,,,,,-0.35,247.87,-357.2,244.11,24.0,0.14,-1.8,,3.7,8.9,-5.3,1.9,-0.0,43.0
ESMR,— 資料不足/新上市,2026Q3,138.0,5,60.0,3/5,60.0,3/5,60.0,3/5,75.0,3/4,✔✗✔✔,2,48.7,0,2025,0.0,0.0,,,,-0.01,48.34,-63.24,230.82,8.0,0.64,-0.0,,0.1,0.2,-0.1,0.0,-0.0,3.8
EVTK,— 資料不足/新上市,2025Q3,-100.0,1,0.0,0/1,0.0,0/1,0.0,0/1,0.0,0/1,✗,0,-100.0,0,2026,0.0,0.0,,,,,24.06,,,,2.48,-0.0,,0.0,,-0.0,0.0,-0.0,4.2
EXOD,— 資料不足/新上市,2026Q1,23.9,5,100.0,5/5,100.0,5/5,100.0,5/5,100.0,4/4,✔✔✔✔,5,86.4,1,2025,123.2,121.6,,,-9.34,,-5.19,-4.93,5.13,1420.0,2.25,-25.6,-25.8,230.5,11.8,218.7,72.9,0.0,9.3
EZET,— 資料不足/新上市,,,,,,,,,,,,,,,,2026,,,,,,,-11.97,-19.14,0.02,,3.55,-28.7,,42.2,0.0,67.6,0.0,0.0,2.7
FBP,🔵 多數成長,2026Q1,7.6,29,65.5,19/29,75.0,15/20,75.0,9/12,75.0,3/4,✗✔✔✔,3,9.3,7,2025,947.4,1000.8,,,34.46,2.15,17.53,1.81,89.69,,1.3,448.6,437.5,19086.1,17118.9,1967.2,550.9,0.1,154.7
FTSP,— 資料不足/新上市,,,,,,,,,,,,,,,,2020,0.0,0.0,,,,,408.94,-990.65,342.25,1.0,0.48,-0.2,,0.0,0.2,-0.1,0.0,-0.0,351.1
GAFC,🔴 轉弱/衰退,2026Q3,-100.0,6,16.7,1/6,16.7,1/6,16.7,1/6,25.0,1/4,✗✗✔✗,0,105.0,0,2025,0.1,0.1,,,-46.23,-0.01,119.62,-379.91,417.61,24.0,0.53,-0.0,,0.0,0.0,-0.0,0.0,-0.0,7.1
GALT,— 資料不足/新上市,,,,,,,,,,,,,,,,2025,,,,,,-0.48,23.37,-195.67,926.43,215.0,0.77,-23.9,,15.8,146.0,-132.0,14.1,-0.0,65.9
GHST,— 資料不足/新上市,2026Q3,1003.2,5,40.0,2/5,40.0,2/5,40.0,2/5,50.0,2/4,✗✔✗✔,1,205.2,0,2025,0.1,0.1,,,,0.0,32.26,-18889.26,,0.0,0.9,-0.2,,0.0,,-0.6,0.0,-0.0,130.2
GLEI,— 資料不足/新上市,,,,,,,,,,,,,,,,2025,,,,,,0.0,26.09,-64.9,348.75,29.0,0.05,-0.0,,0.0,0.1,-0.0,0.0,-0.0,4.2
GPLL,— 資料不足/新上市,,,,,,,,,,,,,,,,2023,,,,,,,47.9,-582.14,1315.44,,1.0,-0.1,,0.0,0.1,-0.1,0.0,-0.0,176.3
HAFG,— 資料不足/新上市,2026Q1,555.9,1,100.0,1/1,100.0,1/1,100.0,1/1,100.0,1/1,✔,1,555.9,0,2025,0.3,1.8,7.4,-7.29,-7.69,-0.0,43.15,-14.14,132.78,75.0,0.04,-0.0,,1.0,1.3,-0.3,0.0,-0.0,74.2
HLNE,🔵 多數成長,2026Q4,-74.4,26,76.9,20/26,70.0,14/20,66.7,8/12,75.0,3/4,✔✔✔✗,0,28.6,5,2026,553.8,759.0,,,32.83,,27.23,10.81,36.37,,1.71,424.9,419.1,2304.9,838.4,915.2,371.9,0.3,
IMAA,— 資料不足/新上市,2026Q3,152.5,4,25.0,1/4,25.0,1/4,25.0,1/4,25.0,1/4,✗✗✗✔,1,38.1,0,2025,0.1,0.1,,-99.45,-99.45,-0.01,66.45,-28.08,142.26,10.0,1.63,-0.1,,0.2,0.3,-0.1,0.0,-0.0,2.6
INKT,— 資料不足/新上市,,,,,,,,,,,,,,,,2025,,,,,,-2.93,98.49,-120.4,,138.0,0.47,-5.9,,10.4,,-12.7,9.5,-0.0,5.0
JOCM,🔴 轉弱/衰退,2025Q4,0.0,8,0.0,0/8,0.0,0/8,0.0,0/8,0.0,0/4,✗✗✗✗,0,-37.5,2,2025,0.0,0.0,,,,,794.58,-5329.29,770.71,305.0,0.58,-0.5,,0.0,0.1,-0.1,0.0,-0.0,65.7
KNSL,🟢 全期強勢,2026Q1,13.6,27,100.0,27/27,100.0,20/20,100.0,12/12,100.0,4/4,✔✔✔✔,27,38.8,0,2025,1598.8,1874.0,,,26.87,21.65,25.6,8.1,68.35,,2.07,1043.7,990.1,6215.5,4248.1,1967.3,223.3,0.11,23.1
LOKV,— 資料不足/新上市,,,,,,,,,,,,,,,,2025,,,,,,,53.24,-6.81,13.28,65.0,0.08,-1.3,,242.3,32.2,-31.0,1.1,-0.0,
LUCN,— 資料不足/新上市,,,,,,,,,,,,,,,,2023,0.0,0.0,,,,0.0,27.78,,,,0.62,-0.0,,0.0,0.1,-0.1,0.0,-0.0,5.6
MAJI,— 資料不足/新上市,,,,,,,,,,,,,,,,2020,0.0,0.0,,,,,94.11,-43595.0,46425.3,0.0,0.39,-0.2,,0.0,0.5,-0.5,0.0,-0.0,249.8
MALG,— 資料不足/新上市,2022Q3,3172.2,3,100.0,3/3,100.0,3/3,100.0,3/3,100.0,3/3,✔✔✔,3,3573.1,0,2021,29.2,37.4,72.13,66.48,49.94,0.03,61.13,58.51,4.28,2967.0,0.07,1.3,1.2,31.9,1.4,30.5,3.7,0.0,609.3
MDBH,— 資料不足/新上市,,,,,,,,,,,,,,,,2025,,,,,,,-37.71,-36.97,2.16,,0.27,-5.7,,57.5,1.2,56.3,12.2,0.0,5.4
MINR,— 資料不足/新上市,,,,,,,,,,,,,,,,2026,0.0,0.0,,,-28.03,0.0,18.72,-92.81,595.89,12.0,1.08,-0.0,-0.0,0.0,0.1,-0.1,0.0,-0.0,6.6
NTCS,— 資料不足/新上市,2026Q4,100.0,4,50.0,2/4,50.0,2/4,50.0,2/4,50.0,2/4,✔✗✗✔,1,25.0,2,2026,0.0,0.0,,,-98.4,0.0,32.09,-306.33,1054.68,2.0,0.84,-0.0,,0.0,0.1,-0.1,0.0,-0.0,5.5
NUVID,— 資料不足/新上市,,,,,,,,,,,,,,,,2014,,,,,,,14.68,,,,0.07,-0.0,,0.0,,-0.1,0.0,-0.0,35.5
NWPG,— 資料不足/新上市,,,,,,,,,,,,,,,,2012,,,,,,,106.51,-532.6,,3.0,0.51,-0.1,,0.0,,-0.2,,-0.0,57.3
OMF,— 資料不足/新上市,,,,,,,,,,,,,,,,2025,,,,,,6.56,23.19,2.9,87.5,,4.0,3132.0,,27018.0,23641.0,3377.0,834.0,6.63,115.5
ORIB,— 資料不足/新上市,2025Q2,-100.0,1,0.0,0/1,0.0,0/1,0.0,0/1,0.0,0/1,✗,0,-100.0,0,2025,0.0,0.0,,-56.52,-56.52,0.0,10.47,-40.12,,1.0,0.69,-0.0,,0.0,,-0.1,0.0,-0.0,3.0
OVTZ,🟡 中性,2016Q3,-100.0,17,47.1,8/17,47.1,8/17,50.0,6/12,0.0,0/4,✗✗✗✗,0,10.1,3,2019,0.0,0.0,,,,,24.31,-537.5,,84.0,-0.04,0.0,,0.0,,-0.8,0.0,-0.0,91.4
QGAI,— 資料不足/新上市,2018Q4,-36.3,4,75.0,3/4,75.0,3/4,75.0,3/4,75.0,3/4,✔✔✔✗,0,5.4,1,2025,0.0,0.0,,,,-0.01,44.96,-337744.07,751377.97,0.0,0.63,-0.1,,0.0,0.4,-0.4,0.0,-0.0,41.0
QTZM,— 資料不足/新上市,2018Q4,-36.3,4,75.0,3/4,75.0,3/4,75.0,3/4,75.0,3/4,✔✔✔✗,0,5.4,1,2025,0.0,0.0,,,,-0.01,44.96,-337744.07,751377.97,0.0,0.63,-0.1,,0.0,0.4,-0.4,0.0,-0.0,41.0
RNAC,🔴 轉弱/衰退,2026Q1,-93.2,23,26.1,6/23,25.0,5/20,33.3,4/12,25.0,1/4,✗✔✗✗,0,0.7,1,2025,39.5,0.4,,,,-5.02,87.97,-45.18,151.36,765.0,0.57,-73.9,-79.4,288.4,436.5,-148.1,118.6,-0.0,29.4
RPDL,— 資料不足/新上市,2026Q3,-100.0,3,0.0,0/3,0.0,0/3,0.0,0/3,0.0,0/3,✗✗✗,0,-44.4,2,2026,0.0,0.0,,,,0.0,123.17,-375.49,404.85,3661.0,1.01,-0.1,,0.0,0.2,-0.1,0.0,-0.35,3.6
SDHC,— 資料不足/新上市,2026Q1,18.8,5,100.0,5/5,100.0,5/5,100.0,5/5,100.0,4/4,✔✔✔✔,5,25.2,1,2025,1011.0,971.1,21.85,,1.1,1.19,13.03,1.78,27.37,,-2.93,-31.3,-36.9,600.2,164.3,82.1,28.0,0.0,
SEZL,🔵 多數成長,2026Q1,90.8,13,76.9,10/13,76.9,10/13,75.0,9/12,100.0,4/4,✔✔✔✔,5,52.0,1,2025,162.3,235.9,,74.95,56.44,3.72,67.67,29.3,56.7,365.0,1.58,209.9,209.3,454.3,257.6,196.7,120.4,0.0,33.6
TBBK,— 資料不足/新上市,,,,,,,,,,,,,,,,2025,,141.1,,,,4.92,32.74,2.31,92.96,,1.16,265.0,257.9,9898.8,9201.8,697.0,67.2,0.02,41.6
THTG,— 資料不足/新上市,2026Q1,0.0,1,0.0,0/1,0.0,0/1,0.0,0/1,0.0,0/1,✗,0,0.0,0,2025,0.0,0.1,47.83,,-1.32,0.0,-1.63,-1.43,11.87,810.0,-13.31,0.0,,0.1,0.0,0.1,0.1,0.0,3.6
VGAS,— 資料不足/新上市,,,,,,,,,,,,,,,,2025,,,,,,,-12.35,-12.02,2.71,3593.0,1.28,-8.9,-16.6,57.9,1.6,56.3,54.3,0.0,31.9
VISM,— 資料不足/新上市,2023Q3,-100.0,1,0.0,0/1,0.0,0/1,0.0,0/1,0.0,0/1,✗,0,-100.0,0,2025,0.0,0.0,,,,0.0,19.66,-10701.59,29224.15,0.0,0.31,-0.4,,0.0,3.7,-6.8,0.0,-0.0,1077.5
VOR,— 資料不足/新上市,,,,,,,,,,,,,,,,2025,,,,,,-70.5,462.68,-137.34,129.68,3115.0,0.21,-142.7,-143.7,506.7,657.2,-150.4,169.9,-0.0,54.2
WABC,— 資料不足/新上市,,,,,,,,,,,,,,,,2025,,,,,,4.52,13.16,1.98,84.95,,1.05,121.9,119.7,5864.4,4981.8,882.7,,0.0,23.5
WH,🟡 中性,2026Q1,3.6,25,52.0,13/25,40.0,8/20,41.7,5/12,75.0,3/4,✔✗✔✔,2,16.9,3,2025,1395.0,1429.0,,28.13,13.51,2.5,43.18,4.54,89.48,98.0,1.9,367.0,321.0,4248.0,3801.0,447.0,79.0,0.0,74.9
WRLD,🟡 中性,2026Q3,0.6,40,52.5,21/40,60.0,12/20,58.3,7/12,50.0,2/4,✗✔✗✔,1,4.5,8,2026,572.8,585.2,,,5.91,6.88,9.85,3.28,66.7,,7.5,259.4,255.5,1054.1,703.1,351.0,6.1,1.67,4.6
YOU,🟢 全期強勢,2026Q1,18.1,12,91.7,11/12,91.7,11/12,91.7,11/12,100.0,4/4,✔✔✔✔,11,40.1,0,2025,645.9,900.8,,20.7,12.12,,58.9,7.68,84.98,101.0,3.41,372.5,343.1,1422.2,1208.6,185.3,170.7,0.0,87.8
YTFD,— 資料不足/新上市,,,,,,,,,,,,,,,,2025,,,,,,-0.01,22.92,-526.45,2396.41,,0.77,-0.0,,0.0,0.2,-0.2,0.0,-0.0,5.2
ZVSA,— 資料不足/新上市,,,,,,,,,,,,,,,,2025,,,,,,-4.18,176.66,-3361.84,2002.97,5.0,0.2,-5.1,,0.7,14.9,-14.1,0.3,-0.0,8.1
