日期,代號,名稱,分級,持股人數,週增減人數,持股比%,持股比增減%
2026/04/24,0050,元大台灣50,100~200張,7690,-16,5.64,-0.03
2026/04/24,0050,元大台灣50,10~15張,105567,371,7.09,0.01
2026/04/24,0050,元大台灣50,15~20張,59756,79,5.73,-0.01
2026/04/24,0050,元大台灣50,1~5張,1064226,5351,13.21,0.02
2026/04/24,0050,元大台灣50,200~400張,2132,34,3.09,0.04
2026/04/24,0050,元大台灣50,20~30張,53923,172,7.22,0.01
2026/04/24,0050,元大台灣50,30~40張,26207,18,4.98,-0.01
2026/04/24,0050,元大台灣50,400~600張,389,0,1.01,-0.01
2026/04/24,0050,元大台灣50,40~50張,14394,63,3.53,0.01
2026/04/24,0050,元大台灣50,50~100張,24162,48,9.02,0.0
2026/04/24,0050,元大台灣50,5~10張,265533,745,10.63,0.01
2026/04/24,0050,元大台灣50,600~800張,127,6,0.47,0.02
2026/04/24,0050,元大台灣50,800~1000張,55,-4,0.26,-0.02
2026/04/24,0050,元大台灣50,千張大戶,238,-3,26.27,-0.07
2026/04/24,0050,元大台灣50,零股散戶,1114076,11734,1.76,0.01
2026/05/08,0050,元大台灣50,100~200張,7798,64,5.7,0.03
2026/05/08,0050,元大台灣50,10~15張,106995,626,7.16,0.01
2026/05/08,0050,元大台灣50,15~20張,60111,185,5.75,0.0
2026/05/08,0050,元大台灣50,1~5張,1086267,11206,13.4,0.07
2026/05/08,0050,元大台灣50,200~400張,2170,35,3.14,0.04
2026/05/08,0050,元大台灣50,20~30張,54535,346,7.27,0.01
2026/05/08,0050,元大台灣50,30~40張,26510,122,5.02,0.01
2026/05/08,0050,元大台灣50,400~600張,391,5,1.02,0.01
2026/05/08,0050,元大台灣50,40~50張,14530,55,3.55,0.0
2026/05/08,0050,元大台灣50,50~100張,24453,154,9.09,0.02
2026/05/08,0050,元大台灣50,5~10張,269109,1900,10.73,0.04
2026/05/08,0050,元大台灣50,600~800張,127,4,0.47,0.01
2026/05/08,0050,元大台灣50,800~1000張,54,3,0.26,0.01
2026/05/08,0050,元大台灣50,千張大戶,235,-2,25.56,-0.3
2026/05/08,0050,元大台灣50,零股散戶,1161435,27725,1.8,0.02
2026/05/15,0050,元大台灣50,100~200張,7853,55,5.7,0.0
2026/05/15,0050,元大台灣50,10~15張,108751,1756,7.24,0.08
2026/05/15,0050,元大台灣50,15~20張,60746,635,5.78,0.03
2026/05/15,0050,元大台灣50,1~5張,1107130,20863,13.57,0.17
2026/05/15,0050,元大台灣50,200~400張,2181,11,3.14,0.0
2026/05/15,0050,元大台灣50,20~30張,55212,677,7.32,0.05
2026/05/15,0050,元大台灣50,30~40張,26782,272,5.04,0.02
2026/05/15,0050,元大台灣50,400~600張,387,-4,1.0,-0.02
2026/05/15,0050,元大台灣50,40~50張,14715,185,3.58,0.03
2026/05/15,0050,元大台灣50,50~100張,24670,217,9.11,0.02
2026/05/15,0050,元大台灣50,5~10張,273274,4165,10.84,0.11
2026/05/15,0050,元大台灣50,600~800張,126,-1,0.46,-0.01
2026/05/15,0050,元大台灣50,800~1000張,52,-2,0.25,-0.01
2026/05/15,0050,元大台灣50,千張大戶,235,0,25.06,-0.5
2026/05/15,0050,元大台灣50,零股散戶,1199984,38549,1.84,0.04
2026/05/22,0050,元大台灣50,100~200張,8012,159,5.73,0.03
2026/05/22,0050,元大台灣50,10~15張,110807,2056,7.28,0.04
2026/05/22,0050,元大台灣50,15~20張,61704,958,5.79,0.01
2026/05/22,0050,元大台灣50,1~5張,1121696,14566,13.58,0.01
2026/05/22,0050,元大台灣50,200~400張,2218,37,3.15,0.01
2026/05/22,0050,元大台灣50,20~30張,56195,983,7.36,0.04
2026/05/22,0050,元大台灣50,30~40張,27233,451,5.06,0.02
2026/05/22,0050,元大台灣50,400~600張,388,1,0.99,-0.01
2026/05/22,0050,元大台灣50,40~50張,14889,174,3.57,-0.01
2026/05/22,0050,元大台灣50,50~100張,25014,344,9.12,0.01
2026/05/22,0050,元大台灣50,5~10張,277730,4456,10.86,0.02
2026/05/22,0050,元大台灣50,600~800張,135,9,0.49,0.03
2026/05/22,0050,元大台灣50,800~1000張,53,1,0.25,0.0
2026/05/22,0050,元大台灣50,千張大戶,236,1,24.84,-0.22
2026/05/22,0050,元大台灣50,零股散戶,1227752,27768,1.85,0.01
2026/05/29,0050,元大台灣50,100~200張,7993,-19,5.64,-0.09
2026/05/29,0050,元大台灣50,10~15張,110870,63,7.19,-0.09
2026/05/29,0050,元大台灣50,15~20張,61645,-59,5.71,-0.08
2026/05/29,0050,元大台灣50,1~5張,1126545,4849,13.42,-0.16
2026/05/29,0050,元大台灣50,200~400張,2205,-13,3.09,-0.06
2026/05/29,0050,元大台灣50,20~30張,56289,94,7.27,-0.09
2026/05/29,0050,元大台灣50,30~40張,27233,0,4.99,-0.07
2026/05/29,0050,元大台灣50,400~600張,393,5,0.99,0.0
2026/05/29,0050,元大台灣50,40~50張,14999,110,3.55,-0.02
2026/05/29,0050,元大台灣50,50~100張,25074,60,9.02,-0.1
2026/05/29,0050,元大台灣50,5~10張,278070,340,10.73,-0.13
2026/05/29,0050,元大台灣50,600~800張,129,-6,0.46,-0.03
2026/05/29,0050,元大台灣50,800~1000張,61,8,0.28,0.03
2026/05/29,0050,元大台灣50,千張大戶,236,0,25.75,0.91
2026/05/29,0050,元大台灣50,零股散戶,1244873,17121,1.84,-0.01
2026/06/05,0050,元大台灣50,100~200張,8079,86,5.65,0.01
2026/06/05,0050,元大台灣50,10~15張,111911,1041,7.19,0.0
2026/06/05,0050,元大台灣50,15~20張,62025,380,5.69,-0.02
2026/06/05,0050,元大台灣50,1~5張,1143361,16816,13.47,0.05
2026/06/05,0050,元大台灣50,200~400張,2209,4,3.07,-0.02
2026/06/05,0050,元大台灣50,20~30張,56768,479,7.26,-0.01
2026/06/05,0050,元大台灣50,30~40張,27435,202,4.98,-0.01
2026/06/05,0050,元大台灣50,400~600張,388,-5,0.97,-0.02
2026/06/05,0050,元大台灣50,40~50張,15218,219,3.57,0.02
2026/06/05,0050,元大台灣50,50~100張,25236,162,9.01,-0.01
2026/06/05,0050,元大台灣50,5~10張,281301,3231,10.76,0.03
2026/06/05,0050,元大台灣50,600~800張,125,-4,0.44,-0.02
2026/06/05,0050,元大台灣50,800~1000張,63,2,0.29,0.01
2026/06/05,0050,元大台灣50,千張大戶,241,5,25.71,-0.04
2026/06/05,0050,元大台灣50,零股散戶,1273883,29010,1.85,0.01
2026/06/12,0050,元大台灣50,100~200張,8332,253,5.56,-0.09
2026/06/12,0050,元大台灣50,10~15張,117378,5467,7.22,0.03
2026/06/12,0050,元大台灣50,15~20張,64389,2364,5.65,-0.04
2026/06/12,0050,元大台灣50,1~5張,1204634,61273,13.56,0.09
2026/06/12,0050,元大台灣50,200~400張,2261,52,3.0,-0.07
2026/06/12,0050,元大台灣50,20~30張,59072,2304,7.23,-0.03
2026/06/12,0050,元大台灣50,30~40張,28553,1118,4.96,-0.02
2026/06/12,0050,元大台灣50,400~600張,397,9,0.95,-0.02
2026/06/12,0050,元大台灣50,40~50張,15707,489,3.52,-0.05
2026/06/12,0050,元大台灣50,50~100張,26116,880,8.9,-0.11
2026/06/12,0050,元大台灣50,5~10張,294579,13278,10.77,0.01
2026/06/12,0050,元大台灣50,600~800張,131,6,0.45,0.01
2026/06/12,0050,元大台灣50,800~1000張,61,-2,0.27,-0.02
2026/06/12,0050,元大台灣50,千張大戶,246,5,26.01,0.3
2026/06/12,0050,元大台灣50,零股散戶,1351068,77185,1.88,0.03
2026/06/26,0050,元大台灣50,100~200張,8506,137,5.58,0.07
2026/06/26,0050,元大台灣50,10~15張,118870,1796,7.18,0.08
2026/06/26,0050,元大台灣50,15~20張,65152,1018,5.62,0.07
2026/06/26,0050,元大台灣50,1~5張,1221223,22981,13.5,0.19
2026/06/26,0050,元大台灣50,200~400張,2265,7,2.96,0.0
2026/06/26,0050,元大台灣50,20~30張,59845,854,7.2,0.08
2026/06/26,0050,元大台灣50,30~40張,28975,457,4.95,0.06
2026/06/26,0050,元大台灣50,400~600張,404,8,0.95,0.02
2026/06/26,0050,元大台灣50,40~50張,16014,310,3.53,0.06
2026/06/26,0050,元大台灣50,50~100張,26396,294,8.85,0.07
2026/06/26,0050,元大台灣50,5~10張,297588,4246,10.69,0.11
2026/06/26,0050,元大台灣50,600~800張,136,-2,0.45,-0.01
2026/06/26,0050,元大台灣50,800~1000張,61,3,0.26,0.01
2026/06/26,0050,元大台灣50,千張大戶,246,-2,26.31,-0.85
2026/06/26,0050,元大台灣50,零股散戶,1393067,27019,1.89,0.03
2026/07/03,0050,元大台灣50,100~200張,8625,119,5.58,0.0
2026/07/03,0050,元大台灣50,10~15張,120492,1622,7.19,0.01
2026/07/03,0050,元大台灣50,15~20張,66067,915,5.63,0.01
2026/07/03,0050,元大台灣50,1~5張,1231519,10296,13.45,-0.05
2026/07/03,0050,元大台灣50,200~400張,2280,15,2.94,-0.02
2026/07/03,0050,元大台灣50,20~30張,60633,788,7.2,0.0
2026/07/03,0050,元大台灣50,30~40張,29310,335,4.94,-0.01
2026/07/03,0050,元大台灣50,400~600張,413,9,0.95,0.0
2026/07/03,0050,元大台灣50,40~50張,16206,192,3.53,0.0
2026/07/03,0050,元大台灣50,50~100張,26747,351,8.86,0.01
2026/07/03,0050,元大台灣50,5~10張,301316,3728,10.69,0.0
2026/07/03,0050,元大台灣50,600~800張,137,1,0.45,0.0
2026/07/03,0050,元大台灣50,800~1000張,64,3,0.27,0.01
2026/07/03,0050,元大台灣50,千張大戶,246,0,26.37,0.06
2026/07/03,0050,元大台灣50,零股散戶,1409008,15941,1.89,0.0
2026/07/17,0050,元大台灣50,100~200張,8776,84,5.59,0.0
2026/07/17,0050,元大台灣50,10~15張,123626,1786,7.26,0.04
2026/07/17,0050,元大台灣50,15~20張,67603,934,5.67,0.02
2026/07/17,0050,元大台灣50,1~5張,1258079,14043,13.54,0.03
2026/07/17,0050,元大台灣50,200~400張,2315,16,2.94,0.0
2026/07/17,0050,元大台灣50,20~30張,62001,849,7.25,0.03
2026/07/17,0050,元大台灣50,30~40張,29966,374,4.97,0.01
2026/07/17,0050,元大台灣50,400~600張,421,1,0.96,-0.01
2026/07/17,0050,元大台灣50,40~50張,16567,230,3.55,0.02
2026/07/17,0050,元大台灣50,50~100張,27239,257,8.88,0.0
2026/07/17,0050,元大台灣50,5~10張,308302,4077,10.76,0.03
2026/07/17,0050,元大台灣50,600~800張,139,2,0.45,0.0
2026/07/17,0050,元大台灣50,800~1000張,64,-3,0.27,-0.02
2026/07/17,0050,元大台灣50,千張大戶,249,3,25.91,-0.17
2026/07/17,0050,元大台灣50,零股散戶,1451901,22745,1.93,0.02
2026/07/24,0050,元大台灣50,100~200張,9174,398,5.69,0.1
2026/07/24,0050,元大台灣50,10~15張,128876,5250,7.38,0.12
2026/07/24,0050,元大台灣50,15~20張,70283,2680,5.75,0.08
2026/07/24,0050,元大台灣50,1~5張,1302312,44233,13.68,0.14
2026/07/24,0050,元大台灣50,200~400張,2370,55,2.94,0.0
2026/07/24,0050,元大台灣50,20~30張,64740,2739,7.38,0.13
2026/07/24,0050,元大台灣50,30~40張,31057,1091,5.02,0.05
2026/07/24,0050,元大台灣50,400~600張,434,13,0.96,0.0
2026/07/24,0050,元大台灣50,40~50張,17141,574,3.58,0.03
2026/07/24,0050,元大台灣50,50~100張,28284,1045,8.98,0.1
2026/07/24,0050,元大台灣50,5~10張,320143,11841,10.89,0.13
2026/07/24,0050,元大台灣50,600~800張,138,-1,0.44,-0.01
2026/07/24,0050,元大台灣50,800~1000張,58,-6,0.24,-0.03
2026/07/24,0050,元大台灣50,千張大戶,263,14,25.05,-0.86
2026/07/24,0050,元大台灣50,零股散戶,1472082,20181,1.93,0.0
2026/07/31,0050,元大台灣50,100~200張,9587,413,5.77,0.08
2026/07/31,0050,元大台灣50,10~15張,135891,7015,7.54,0.16
2026/07/31,0050,元大台灣50,15~20張,73930,3647,5.85,0.1
2026/07/31,0050,元大台灣50,1~5張,1358803,56491,13.88,0.2
2026/07/31,0050,元大台灣50,200~400張,2481,111,2.98,0.04
2026/07/31,0050,元大台灣50,20~30張,68425,3685,7.56,0.18
2026/07/31,0050,元大台灣50,30~40張,32670,1613,5.12,0.1
2026/07/31,0050,元大台灣50,400~600張,437,3,0.94,-0.02
2026/07/31,0050,元大台灣50,40~50張,17997,856,3.64,0.06
2026/07/31,0050,元大台灣50,50~100張,29668,1384,9.12,0.14
2026/07/31,0050,元大台灣50,5~10張,336947,16804,11.11,0.22
2026/07/31,0050,元大台灣50,600~800張,142,4,0.44,0.0
2026/07/31,0050,元大台灣50,800~1000張,62,4,0.25,0.01
2026/07/31,0050,元大台灣50,千張大戶,273,10,23.8,-1.25
2026/07/31,0050,元大台灣50,零股散戶,1495932,23850,1.93,0.0
2026/04/24,1210,大成,100~200張,209,3,3.18,0.04
2026/04/24,1210,大成,10~15張,2327,16,3.13,0.02
2026/04/24,1210,大成,15~20張,1098,-6,2.17,-0.01
2026/04/24,1210,大成,1~5張,41571,-59,9.36,0.01
2026/04/24,1210,大成,200~400張,96,-1,3.05,-0.03
2026/04/24,1210,大成,20~30張,983,19,2.68,0.06
2026/04/24,1210,大成,30~40張,481,3,1.87,0.01
2026/04/24,1210,大成,400~600張,36,0,2.0,-0.02
2026/04/24,1210,大成,40~50張,257,6,1.31,0.03
2026/04/24,1210,大成,50~100張,442,-6,3.42,-0.06
2026/04/24,1210,大成,5~10張,6986,27,5.58,0.02
2026/04/24,1210,大成,600~800張,15,2,1.12,0.15
2026/04/24,1210,大成,800~1000張,12,2,1.16,0.18
2026/04/24,1210,大成,千張大戶,80,-1,59.18,-0.4
2026/04/24,1210,大成,零股散戶,50050,-144,0.71,0.0
2026/05/08,1210,大成,100~200張,211,0,3.23,0.03
2026/05/08,1210,大成,10~15張,2354,27,3.18,0.04
2026/05/08,1210,大成,15~20張,1137,36,2.25,0.08
2026/05/08,1210,大成,1~5張,41860,355,9.45,0.11
2026/05/08,1210,大成,200~400張,94,-1,2.99,-0.02
2026/05/08,1210,大成,20~30張,990,7,2.7,0.02
2026/05/08,1210,大成,30~40張,491,9,1.91,0.04
2026/05/08,1210,大成,400~600張,37,1,2.08,0.07
2026/05/08,1210,大成,40~50張,267,11,1.36,0.06
2026/05/08,1210,大成,50~100張,445,4,3.46,0.04
2026/05/08,1210,大成,5~10張,7122,140,5.7,0.13
2026/05/08,1210,大成,600~800張,15,-1,1.12,-0.09
2026/05/08,1210,大成,800~1000張,11,1,1.07,0.11
2026/05/08,1210,大成,千張大戶,79,-1,58.73,-0.59
2026/05/08,1210,大成,零股散戶,49758,-181,0.7,-0.01
2026/05/15,1210,大成,100~200張,208,-3,3.19,-0.04
2026/05/15,1210,大成,10~15張,2371,17,3.2,0.02
2026/05/15,1210,大成,15~20張,1140,3,2.25,0.0
2026/05/15,1210,大成,1~5張,41880,20,9.47,0.02
2026/05/15,1210,大成,200~400張,98,4,3.11,0.12
2026/05/15,1210,大成,20~30張,985,-5,2.69,-0.01
2026/05/15,1210,大成,30~40張,489,-2,1.9,-0.01
2026/05/15,1210,大成,400~600張,38,1,2.11,0.03
2026/05/15,1210,大成,40~50張,269,2,1.37,0.01
2026/05/15,1210,大成,50~100張,449,4,3.49,0.03
2026/05/15,1210,大成,5~10張,7095,-27,5.68,-0.02
2026/05/15,1210,大成,600~800張,15,0,1.15,0.03
2026/05/15,1210,大成,800~1000張,10,-1,0.99,-0.08
2026/05/15,1210,大成,千張大戶,78,-1,58.64,-0.09
2026/05/15,1210,大成,零股散戶,49657,-101,0.7,0.0
2026/05/22,1210,大成,100~200張,207,-1,3.2,0.01
2026/05/22,1210,大成,10~15張,2353,-18,3.17,-0.03
2026/05/22,1210,大成,15~20張,1131,-9,2.24,-0.01
2026/05/22,1210,大成,1~5張,41690,-190,9.43,-0.04
2026/05/22,1210,大成,200~400張,97,-1,3.09,-0.02
2026/05/22,1210,大成,20~30張,991,6,2.71,0.02
2026/05/22,1210,大成,30~40張,482,-7,1.87,-0.03
2026/05/22,1210,大成,400~600張,36,-2,1.99,-0.12
2026/05/22,1210,大成,40~50張,265,-4,1.35,-0.02
2026/05/22,1210,大成,50~100張,450,1,3.51,0.02
2026/05/22,1210,大成,5~10張,7045,-50,5.64,-0.04
2026/05/22,1210,大成,600~800張,15,0,1.15,0.0
2026/05/22,1210,大成,800~1000張,10,0,0.98,-0.01
2026/05/22,1210,大成,千張大戶,79,1,58.9,0.26
2026/05/22,1210,大成,零股散戶,49532,-125,0.7,0.0
2026/05/29,1210,大成,100~200張,209,2,3.23,0.03
2026/05/29,1210,大成,10~15張,2366,13,3.19,0.02
2026/05/29,1210,大成,15~20張,1171,40,2.32,0.08
2026/05/29,1210,大成,1~5張,41795,105,9.47,0.04
2026/05/29,1210,大成,200~400張,98,1,3.16,0.07
2026/05/29,1210,大成,20~30張,987,-4,2.7,-0.01
2026/05/29,1210,大成,30~40張,486,4,1.89,0.02
2026/05/29,1210,大成,400~600張,32,-4,1.77,-0.22
2026/05/29,1210,大成,40~50張,269,4,1.37,0.02
2026/05/29,1210,大成,50~100張,451,1,3.52,0.01
2026/05/29,1210,大成,5~10張,7131,86,5.71,0.07
2026/05/29,1210,大成,600~800張,15,0,1.11,-0.04
2026/05/29,1210,大成,800~1000張,11,1,1.09,0.11
2026/05/29,1210,大成,千張大戶,80,1,58.68,-0.22
2026/05/29,1210,大成,零股散戶,49455,-77,0.7,0.0
2026/06/05,1210,大成,100~200張,206,-3,3.16,-0.07
2026/06/05,1210,大成,10~15張,2340,-26,3.16,-0.03
2026/06/05,1210,大成,15~20張,1146,-25,2.27,-0.05
2026/06/05,1210,大成,1~5張,41460,-335,9.4,-0.07
2026/06/05,1210,大成,200~400張,100,2,3.21,0.05
2026/06/05,1210,大成,20~30張,971,-16,2.65,-0.05
2026/06/05,1210,大成,30~40張,482,-4,1.87,-0.02
2026/06/05,1210,大成,400~600張,32,0,1.77,0.0
2026/06/05,1210,大成,40~50張,259,-10,1.32,-0.05
2026/06/05,1210,大成,50~100張,443,-8,3.48,-0.04
2026/06/05,1210,大成,5~10張,7085,-46,5.68,-0.03
2026/06/05,1210,大成,600~800張,21,6,1.57,0.46
2026/06/05,1210,大成,800~1000張,11,0,1.07,-0.02
2026/06/05,1210,大成,千張大戶,75,-5,58.61,-0.07
2026/06/05,1210,大成,零股散戶,49337,-118,0.7,0.0
2026/06/12,1210,大成,100~200張,202,-4,3.1,-0.06
2026/06/12,1210,大成,10~15張,2240,-100,3.02,-0.14
2026/06/12,1210,大成,15~20張,1114,-32,2.2,-0.07
2026/06/12,1210,大成,1~5張,40300,-1160,9.12,-0.28
2026/06/12,1210,大成,200~400張,100,0,3.16,-0.05
2026/06/12,1210,大成,20~30張,947,-24,2.59,-0.06
2026/06/12,1210,大成,30~40張,483,1,1.87,0.0
2026/06/12,1210,大成,400~600張,36,4,1.98,0.21
2026/06/12,1210,大成,40~50張,249,-10,1.27,-0.05
2026/06/12,1210,大成,50~100張,432,-11,3.38,-0.1
2026/06/12,1210,大成,5~10張,6882,-203,5.49,-0.19
2026/06/12,1210,大成,600~800張,19,-2,1.44,-0.13
2026/06/12,1210,大成,800~1000張,9,-2,0.89,-0.18
2026/06/12,1210,大成,千張大戶,68,-7,59.71,1.1
2026/06/12,1210,大成,零股散戶,49225,-112,0.69,-0.01
2026/06/26,1210,大成,100~200張,202,-3,3.11,-0.05
2026/06/26,1210,大成,10~15張,2225,-1,3.0,0.0
2026/06/26,1210,大成,15~20張,1119,-1,2.21,0.0
2026/06/26,1210,大成,1~5張,39671,-380,8.97,-0.09
2026/06/26,1210,大成,200~400張,95,-2,2.98,-0.07
2026/06/26,1210,大成,20~30張,932,-8,2.55,-0.02
2026/06/26,1210,大成,30~40張,470,-4,1.82,-0.02
2026/06/26,1210,大成,400~600張,34,-3,1.86,-0.18
2026/06/26,1210,大成,40~50張,252,7,1.28,0.03
2026/06/26,1210,大成,50~100張,431,5,3.37,0.04
2026/06/26,1210,大成,5~10張,6829,-10,5.46,0.0
2026/06/26,1210,大成,600~800張,18,2,1.35,0.13
2026/06/26,1210,大成,800~1000張,7,0,0.71,0.02
2026/06/26,1210,大成,千張大戶,72,2,60.56,0.2
2026/06/26,1210,大成,零股散戶,49084,-168,0.69,-0.01
2026/07/03,1210,大成,100~200張,193,-9,2.96,-0.15
2026/07/03,1210,大成,10~15張,2181,-44,2.94,-0.06
2026/07/03,1210,大成,15~20張,1108,-11,2.19,-0.02
2026/07/03,1210,大成,1~5張,39091,-580,8.82,-0.15
2026/07/03,1210,大成,200~400張,92,-3,2.86,-0.12
2026/07/03,1210,大成,20~30張,934,2,2.56,0.01
2026/07/03,1210,大成,30~40張,458,-12,1.77,-0.05
2026/07/03,1210,大成,400~600張,34,0,1.87,0.01
2026/07/03,1210,大成,40~50張,251,-1,1.28,0.0
2026/07/03,1210,大成,50~100張,421,-10,3.28,-0.09
2026/07/03,1210,大成,5~10張,6726,-103,5.37,-0.09
2026/07/03,1210,大成,600~800張,18,0,1.36,0.01
2026/07/03,1210,大成,800~1000張,10,3,1.03,0.32
2026/07/03,1210,大成,千張大戶,72,0,60.95,0.39
2026/07/03,1210,大成,零股散戶,49000,-84,0.69,0.0
2026/07/17,1210,大成,100~200張,195,3,2.97,0.06
2026/07/17,1210,大成,10~15張,2154,-23,2.9,-0.03
2026/07/17,1210,大成,15~20張,1083,-11,2.14,-0.02
2026/07/17,1210,大成,1~5張,37961,-368,8.58,-0.08
2026/07/17,1210,大成,200~400張,95,-3,2.99,-0.08
2026/07/17,1210,大成,20~30張,913,-2,2.49,-0.01
2026/07/17,1210,大成,30~40張,443,-9,1.72,-0.03
2026/07/17,1210,大成,400~600張,34,-2,1.89,-0.07
2026/07/17,1210,大成,40~50張,254,1,1.29,0.0
2026/07/17,1210,大成,50~100張,405,-5,3.17,-0.03
2026/07/17,1210,大成,5~10張,6622,-38,5.27,-0.04
2026/07/17,1210,大成,600~800張,18,2,1.39,0.15
2026/07/17,1210,大成,800~1000張,8,-3,0.8,-0.3
2026/07/17,1210,大成,千張大戶,71,1,61.65,0.47
2026/07/17,1210,大成,零股散戶,48630,-126,0.67,-0.01
2026/07/24,1210,大成,100~200張,196,1,2.98,0.01
2026/07/24,1210,大成,10~15張,2161,7,2.91,0.01
2026/07/24,1210,大成,15~20張,1068,-15,2.11,-0.03
2026/07/24,1210,大成,1~5張,37761,-200,8.54,-0.04
2026/07/24,1210,大成,200~400張,90,-5,2.85,-0.14
2026/07/24,1210,大成,20~30張,909,-4,2.48,-0.01
2026/07/24,1210,大成,30~40張,442,-1,1.71,-0.01
2026/07/24,1210,大成,400~600張,35,1,1.95,0.06
2026/07/24,1210,大成,40~50張,258,4,1.31,0.02
2026/07/24,1210,大成,50~100張,409,4,3.2,0.03
2026/07/24,1210,大成,5~10張,6605,-17,5.26,-0.01
2026/07/24,1210,大成,600~800張,18,0,1.38,-0.01
2026/07/24,1210,大成,800~1000張,9,1,0.89,0.09
2026/07/24,1210,大成,千張大戶,70,-1,61.68,0.03
2026/07/24,1210,大成,零股散戶,48528,-102,0.67,0.0
2026/07/31,1210,大成,100~200張,192,-4,2.93,-0.05
2026/07/31,1210,大成,10~15張,2133,-28,2.88,-0.03
2026/07/31,1210,大成,15~20張,1055,-13,2.08,-0.03
2026/07/31,1210,大成,1~5張,37520,-241,8.49,-0.05
2026/07/31,1210,大成,200~400張,90,0,2.81,-0.04
2026/07/31,1210,大成,20~30張,904,-5,2.46,-0.02
2026/07/31,1210,大成,30~40張,437,-5,1.69,-0.02
2026/07/31,1210,大成,400~600張,33,-2,1.83,-0.12
2026/07/31,1210,大成,40~50張,247,-11,1.26,-0.05
2026/07/31,1210,大成,50~100張,404,-5,3.17,-0.03
2026/07/31,1210,大成,5~10張,6575,-30,5.23,-0.03
2026/07/31,1210,大成,600~800張,23,5,1.78,0.4
2026/07/31,1210,大成,800~1000張,8,-1,0.79,-0.1
2026/07/31,1210,大成,千張大戶,72,2,61.86,0.18
2026/07/31,1210,大成,零股散戶,48479,-49,0.67,0.0
2026/04/24,1215,卜蜂,100~200張,55,-2,2.49,-0.1
2026/04/24,1215,卜蜂,10~15張,656,-12,2.7,-0.05
2026/04/24,1215,卜蜂,15~20張,249,0,1.48,0.01
2026/04/24,1215,卜蜂,1~5張,19861,-28,12.39,-0.02
2026/04/24,1215,卜蜂,200~400張,26,3,2.54,0.26
2026/04/24,1215,卜蜂,20~30張,229,-3,1.9,-0.02
2026/04/24,1215,卜蜂,30~40張,105,3,1.24,0.03
2026/04/24,1215,卜蜂,400~600張,7,-4,1.14,-0.77
2026/04/24,1215,卜蜂,40~50張,47,1,0.71,0.02
2026/04/24,1215,卜蜂,50~100張,105,-9,2.48,-0.23
2026/04/24,1215,卜蜂,5~10張,2035,-41,4.78,-0.1
2026/04/24,1215,卜蜂,600~800張,9,2,2.13,0.54
2026/04/24,1215,卜蜂,800~1000張,6,2,1.83,0.64
2026/04/24,1215,卜蜂,千張大戶,21,0,60.72,-0.23
2026/04/24,1215,卜蜂,零股散戶,66398,193,1.4,0.02
2026/05/08,1215,卜蜂,100~200張,54,-3,2.43,-0.15
2026/05/08,1215,卜蜂,10~15張,661,10,2.72,0.04
2026/05/08,1215,卜蜂,15~20張,259,12,1.53,0.06
2026/05/08,1215,卜蜂,1~5張,20679,611,12.95,0.42
2026/05/08,1215,卜蜂,200~400張,27,2,2.72,0.17
2026/05/08,1215,卜蜂,20~30張,248,8,2.05,0.06
2026/05/08,1215,卜蜂,30~40張,106,-2,1.25,-0.03
2026/05/08,1215,卜蜂,400~600張,9,2,1.54,0.37
2026/05/08,1215,卜蜂,40~50張,50,5,0.76,0.08
2026/05/08,1215,卜蜂,50~100張,106,3,2.5,0.06
2026/05/08,1215,卜蜂,5~10張,2149,84,5.08,0.23
2026/05/08,1215,卜蜂,600~800張,7,-1,1.59,-0.29
2026/05/08,1215,卜蜂,800~1000張,4,-1,1.19,-0.34
2026/05/08,1215,卜蜂,千張大戶,20,-1,60.2,-0.69
2026/05/08,1215,卜蜂,零股散戶,66265,-52,1.4,0.0
2026/05/15,1215,卜蜂,100~200張,56,2,2.55,0.12
2026/05/15,1215,卜蜂,10~15張,669,8,2.76,0.04
2026/05/15,1215,卜蜂,15~20張,278,19,1.65,0.12
2026/05/15,1215,卜蜂,1~5張,20939,260,13.11,0.16
2026/05/15,1215,卜蜂,200~400張,25,-2,2.59,-0.13
2026/05/15,1215,卜蜂,20~30張,245,-3,2.04,-0.01
2026/05/15,1215,卜蜂,30~40張,107,1,1.26,0.01
2026/05/15,1215,卜蜂,400~600張,6,-3,0.99,-0.55
2026/05/15,1215,卜蜂,40~50張,49,-1,0.75,-0.01
2026/05/15,1215,卜蜂,50~100張,105,-1,2.46,-0.04
2026/05/15,1215,卜蜂,5~10張,2221,72,5.26,0.18
2026/05/15,1215,卜蜂,600~800張,8,1,1.8,0.21
2026/05/15,1215,卜蜂,800~1000張,4,0,1.17,-0.02
2026/05/15,1215,卜蜂,千張大戶,20,0,60.1,-0.1
2026/05/15,1215,卜蜂,零股散戶,66272,7,1.42,0.02
2026/05/22,1215,卜蜂,100~200張,52,-4,2.37,-0.18
2026/05/22,1215,卜蜂,10~15張,633,-36,2.61,-0.15
2026/05/22,1215,卜蜂,15~20張,269,-9,1.6,-0.05
2026/05/22,1215,卜蜂,1~5張,20370,-569,12.73,-0.38
2026/05/22,1215,卜蜂,200~400張,22,-3,2.27,-0.32
2026/05/22,1215,卜蜂,20~30張,241,-4,2.0,-0.04
2026/05/22,1215,卜蜂,30~40張,98,-9,1.16,-0.1
2026/05/22,1215,卜蜂,400~600張,6,0,1.05,0.06
2026/05/22,1215,卜蜂,40~50張,51,2,0.78,0.03
2026/05/22,1215,卜蜂,50~100張,90,-15,2.08,-0.38
2026/05/22,1215,卜蜂,5~10張,2130,-91,5.03,-0.23
2026/05/22,1215,卜蜂,600~800張,8,0,1.83,0.03
2026/05/22,1215,卜蜂,800~1000張,5,1,1.46,0.29
2026/05/22,1215,卜蜂,千張大戶,22,2,61.56,1.46
2026/05/22,1215,卜蜂,零股散戶,66076,-196,1.41,-0.01
2026/05/29,1215,卜蜂,100~200張,58,6,2.65,0.28
2026/05/29,1215,卜蜂,10~15張,678,45,2.79,0.18
2026/05/29,1215,卜蜂,15~20張,284,15,1.7,0.1
2026/05/29,1215,卜蜂,1~5張,21705,1335,13.56,0.83
2026/05/29,1215,卜蜂,200~400張,26,4,2.63,0.36
2026/05/29,1215,卜蜂,20~30張,233,-8,1.95,-0.05
2026/05/29,1215,卜蜂,30~40張,102,4,1.2,0.04
2026/05/29,1215,卜蜂,400~600張,5,-1,0.85,-0.2
2026/05/29,1215,卜蜂,40~50張,53,2,0.81,0.03
2026/05/29,1215,卜蜂,50~100張,90,0,2.12,0.04
2026/05/29,1215,卜蜂,5~10張,2244,114,5.35,0.32
2026/05/29,1215,卜蜂,600~800張,8,0,1.86,0.03
2026/05/29,1215,卜蜂,800~1000張,3,-2,0.89,-0.57
2026/05/29,1215,卜蜂,千張大戶,20,-2,60.13,-1.43
2026/05/29,1215,卜蜂,零股散戶,66197,121,1.43,0.02
2026/06/05,1215,卜蜂,100~200張,57,-1,2.69,0.04
2026/06/05,1215,卜蜂,10~15張,700,22,2.9,0.11
2026/06/05,1215,卜蜂,15~20張,291,7,1.75,0.05
2026/06/05,1215,卜蜂,1~5張,22627,922,14.32,0.76
2026/06/05,1215,卜蜂,200~400張,21,-5,2.09,-0.54
2026/06/05,1215,卜蜂,20~30張,246,13,2.07,0.12
2026/06/05,1215,卜蜂,30~40張,109,7,1.28,0.08
2026/06/05,1215,卜蜂,400~600張,6,1,1.01,0.16
2026/06/05,1215,卜蜂,40~50張,58,5,0.88,0.07
2026/06/05,1215,卜蜂,50~100張,101,11,2.41,0.29
2026/06/05,1215,卜蜂,5~10張,2375,131,5.71,0.36
2026/06/05,1215,卜蜂,600~800張,8,0,1.83,-0.03
2026/06/05,1215,卜蜂,800~1000張,5,2,1.45,0.56
2026/06/05,1215,卜蜂,千張大戶,20,0,57.97,-2.16
2026/06/05,1215,卜蜂,零股散戶,67151,954,1.54,0.11
2026/06/12,1215,卜蜂,100~200張,55,-2,2.54,-0.15
2026/06/12,1215,卜蜂,10~15張,710,10,2.95,0.05
2026/06/12,1215,卜蜂,15~20張,301,10,1.8,0.05
2026/06/12,1215,卜蜂,1~5張,23323,696,14.77,0.45
2026/06/12,1215,卜蜂,200~400張,20,-1,1.93,-0.16
2026/06/12,1215,卜蜂,20~30張,254,8,2.13,0.06
2026/06/12,1215,卜蜂,30~40張,116,7,1.37,0.09
2026/06/12,1215,卜蜂,400~600張,9,3,1.44,0.43
2026/06/12,1215,卜蜂,40~50張,65,7,0.99,0.11
2026/06/12,1215,卜蜂,50~100張,101,0,2.4,-0.01
2026/06/12,1215,卜蜂,5~10張,2524,149,6.09,0.38
2026/06/12,1215,卜蜂,600~800張,12,4,2.81,0.98
2026/06/12,1215,卜蜂,800~1000張,3,-2,0.88,-0.57
2026/06/12,1215,卜蜂,千張大戶,20,0,56.25,-1.72
2026/06/12,1215,卜蜂,零股散戶,67432,281,1.56,0.02
2026/06/26,1215,卜蜂,100~200張,57,0,2.62,-0.07
2026/06/26,1215,卜蜂,10~15張,748,13,3.1,0.05
2026/06/26,1215,卜蜂,15~20張,324,10,1.94,0.05
2026/06/26,1215,卜蜂,1~5張,24053,245,15.24,0.14
2026/06/26,1215,卜蜂,200~400張,20,3,1.98,0.32
2026/06/26,1215,卜蜂,20~30張,263,0,2.21,-0.01
2026/06/26,1215,卜蜂,30~40張,125,3,1.48,0.03
2026/06/26,1215,卜蜂,400~600張,8,-3,1.34,-0.46
2026/06/26,1215,卜蜂,40~50張,66,-3,1.01,-0.05
2026/06/26,1215,卜蜂,50~100張,110,3,2.59,0.07
2026/06/26,1215,卜蜂,5~10張,2593,-16,6.24,-0.06
2026/06/26,1215,卜蜂,600~800張,10,1,2.26,0.14
2026/06/26,1215,卜蜂,800~1000張,4,-1,1.2,-0.33
2026/06/26,1215,卜蜂,千張大戶,18,0,55.13,0.14
2026/06/26,1215,卜蜂,零股散戶,67460,35,1.57,0.01
2026/07/03,1215,卜蜂,100~200張,56,-1,2.57,-0.05
2026/07/03,1215,卜蜂,10~15張,757,9,3.16,0.06
2026/07/03,1215,卜蜂,15~20張,333,9,2.0,0.06
2026/07/03,1215,卜蜂,1~5張,24513,460,15.59,0.35
2026/07/03,1215,卜蜂,200~400張,19,-1,1.87,-0.11
2026/07/03,1215,卜蜂,20~30張,255,-8,2.15,-0.06
2026/07/03,1215,卜蜂,30~40張,124,-1,1.46,-0.02
2026/07/03,1215,卜蜂,400~600張,8,0,1.31,-0.03
2026/07/03,1215,卜蜂,40~50張,72,6,1.11,0.1
2026/07/03,1215,卜蜂,50~100張,115,5,2.73,0.14
2026/07/03,1215,卜蜂,5~10張,2619,26,6.35,0.11
2026/07/03,1215,卜蜂,600~800張,7,-3,1.57,-0.69
2026/07/03,1215,卜蜂,800~1000張,4,0,1.2,0.0
2026/07/03,1215,卜蜂,千張大戶,20,2,55.24,0.11
2026/07/03,1215,卜蜂,零股散戶,67697,237,1.61,0.04
2026/07/17,1215,卜蜂,100~200張,54,-1,2.42,-0.08
2026/07/17,1215,卜蜂,10~15張,755,-4,3.16,-0.01
2026/07/17,1215,卜蜂,15~20張,342,-5,2.07,-0.02
2026/07/17,1215,卜蜂,1~5張,24692,148,15.72,0.12
2026/07/17,1215,卜蜂,200~400張,23,4,2.27,0.36
2026/07/17,1215,卜蜂,20~30張,264,8,2.22,0.06
2026/07/17,1215,卜蜂,30~40張,121,-4,1.42,-0.04
2026/07/17,1215,卜蜂,400~600張,5,-1,0.86,-0.17
2026/07/17,1215,卜蜂,40~50張,78,5,1.2,0.08
2026/07/17,1215,卜蜂,50~100張,121,4,2.85,0.07
2026/07/17,1215,卜蜂,5~10張,2631,3,6.39,0.0
2026/07/17,1215,卜蜂,600~800張,8,-2,1.78,-0.44
2026/07/17,1215,卜蜂,800~1000張,6,1,1.89,0.38
2026/07/17,1215,卜蜂,千張大戶,19,1,54.07,-0.32
2026/07/17,1215,卜蜂,零股散戶,67646,-63,1.62,0.0
2026/07/24,1215,卜蜂,100~200張,58,4,2.68,0.26
2026/07/24,1215,卜蜂,10~15張,761,6,3.17,0.01
2026/07/24,1215,卜蜂,15~20張,342,0,2.05,-0.02
2026/07/24,1215,卜蜂,1~5張,24987,295,15.96,0.24
2026/07/24,1215,卜蜂,200~400張,22,-1,2.17,-0.1
2026/07/24,1215,卜蜂,20~30張,261,-3,2.19,-0.03
2026/07/24,1215,卜蜂,30~40張,125,4,1.46,0.04
2026/07/24,1215,卜蜂,400~600張,8,3,1.39,0.53
2026/07/24,1215,卜蜂,40~50張,79,1,1.21,0.01
2026/07/24,1215,卜蜂,50~100張,116,-5,2.7,-0.15
2026/07/24,1215,卜蜂,5~10張,2694,63,6.56,0.17
2026/07/24,1215,卜蜂,600~800張,7,-1,1.59,-0.19
2026/07/24,1215,卜蜂,800~1000張,4,-2,1.22,-0.67
2026/07/24,1215,卜蜂,千張大戶,18,-1,53.96,-0.11
2026/07/24,1215,卜蜂,零股散戶,67542,-104,1.61,-0.01
2026/07/31,1215,卜蜂,100~200張,58,0,2.67,-0.01
2026/07/31,1215,卜蜂,10~15張,759,-2,3.16,-0.01
2026/07/31,1215,卜蜂,15~20張,337,-5,2.02,-0.03
2026/07/31,1215,卜蜂,1~5張,24824,-163,15.84,-0.12
2026/07/31,1215,卜蜂,200~400張,25,3,2.53,0.36
2026/07/31,1215,卜蜂,20~30張,270,9,2.28,0.09
2026/07/31,1215,卜蜂,30~40張,123,-2,1.44,-0.02
2026/07/31,1215,卜蜂,400~600張,7,-1,1.23,-0.16
2026/07/31,1215,卜蜂,40~50張,75,-4,1.15,-0.06
2026/07/31,1215,卜蜂,50~100張,116,0,2.67,-0.03
2026/07/31,1215,卜蜂,5~10張,2693,-1,6.55,-0.01
2026/07/31,1215,卜蜂,600~800張,5,-2,1.15,-0.44
2026/07/31,1215,卜蜂,800~1000張,5,1,1.53,0.31
2026/07/31,1215,卜蜂,千張大戶,18,0,54.06,0.1
2026/07/31,1215,卜蜂,零股散戶,67753,211,1.64,0.03
2026/04/24,1216,統一,100~200張,447,12,1.09,0.03
2026/04/24,1216,統一,10~15張,3760,12,0.82,0.0
2026/04/24,1216,統一,15~20張,2209,-11,0.69,0.0
2026/04/24,1216,統一,1~5張,73339,2,2.65,0.01
2026/04/24,1216,統一,200~400張,301,1,1.49,0.01
2026/04/24,1216,統一,20~30張,1811,15,0.79,0.01
2026/04/24,1216,統一,30~40張,891,6,0.54,0.0
2026/04/24,1216,統一,400~600張,154,2,1.34,0.01
2026/04/24,1216,統一,40~50張,575,14,0.46,0.01
2026/04/24,1216,統一,50~100張,966,11,1.19,0.01
2026/04/24,1216,統一,5~10張,11998,0,1.56,0.0
2026/04/24,1216,統一,600~800張,99,-2,1.19,-0.03
2026/04/24,1216,統一,800~1000張,66,-1,1.05,-0.01
2026/04/24,1216,統一,千張大戶,453,6,84.83,-0.05
2026/04/24,1216,統一,零股散戶,59586,-19,0.24,0.0
2026/05/08,1216,統一,100~200張,461,10,1.13,0.03
2026/05/08,1216,統一,10~15張,4002,142,0.88,0.03
2026/05/08,1216,統一,15~20張,2332,73,0.73,0.03
2026/05/08,1216,統一,1~5張,76260,1842,2.77,0.08
2026/05/08,1216,統一,200~400張,299,0,1.5,0.0
2026/05/08,1216,統一,20~30張,1933,62,0.84,0.02
2026/05/08,1216,統一,30~40張,942,26,0.58,0.02
2026/05/08,1216,統一,400~600張,156,0,1.36,-0.01
2026/05/08,1216,統一,40~50張,582,7,0.46,0.0
2026/05/08,1216,統一,50~100張,1010,25,1.25,0.04
2026/05/08,1216,統一,5~10張,12594,332,1.64,0.04
2026/05/08,1216,統一,600~800張,96,2,1.16,0.03
2026/05/08,1216,統一,800~1000張,64,-4,1.01,-0.06
2026/05/08,1216,統一,千張大戶,449,-4,84.39,-0.24
2026/05/08,1216,統一,零股散戶,59442,75,0.24,0.0
2026/05/15,1216,統一,100~200張,440,-21,1.07,-0.06
2026/05/15,1216,統一,10~15張,3752,-250,0.82,-0.06
2026/05/15,1216,統一,15~20張,2174,-158,0.68,-0.05
2026/05/15,1216,統一,1~5張,72668,-3592,2.63,-0.14
2026/05/15,1216,統一,200~400張,296,-3,1.47,-0.03
2026/05/15,1216,統一,20~30張,1808,-125,0.79,-0.05
2026/05/15,1216,統一,30~40張,875,-67,0.53,-0.05
2026/05/15,1216,統一,400~600張,148,-8,1.3,-0.06
2026/05/15,1216,統一,40~50張,554,-28,0.44,-0.02
2026/05/15,1216,統一,50~100張,957,-53,1.19,-0.06
2026/05/15,1216,統一,5~10張,11812,-782,1.54,-0.1
2026/05/15,1216,統一,600~800張,99,3,1.19,0.03
2026/05/15,1216,統一,800~1000張,68,4,1.07,0.06
2026/05/15,1216,統一,千張大戶,450,1,84.98,0.59
2026/05/15,1216,統一,零股散戶,58685,-757,0.24,0.0
2026/05/22,1216,統一,100~200張,443,3,1.08,0.01
2026/05/22,1216,統一,10~15張,3683,-69,0.81,-0.01
2026/05/22,1216,統一,15~20張,2128,-46,0.66,-0.02
2026/05/22,1216,統一,1~5張,71743,-925,2.59,-0.04
2026/05/22,1216,統一,200~400張,294,-2,1.46,-0.01
2026/05/22,1216,統一,20~30張,1803,-5,0.79,0.0
2026/05/22,1216,統一,30~40張,874,-1,0.53,0.0
2026/05/22,1216,統一,400~600張,144,-4,1.26,-0.04
2026/05/22,1216,統一,40~50張,549,-5,0.44,0.0
2026/05/22,1216,統一,50~100張,936,-21,1.16,-0.03
2026/05/22,1216,統一,5~10張,11609,-203,1.51,-0.03
2026/05/22,1216,統一,600~800張,100,1,1.21,0.02
2026/05/22,1216,統一,800~1000張,69,1,1.09,0.02
2026/05/22,1216,統一,千張大戶,448,-2,85.11,0.13
2026/05/22,1216,統一,零股散戶,58598,-87,0.24,0.0
2026/05/29,1216,統一,100~200張,448,5,1.09,0.01
2026/05/29,1216,統一,10~15張,3784,101,0.83,0.02
2026/05/29,1216,統一,15~20張,2229,101,0.69,0.03
2026/05/29,1216,統一,1~5張,73918,2175,2.67,0.08
2026/05/29,1216,統一,200~400張,291,-3,1.45,-0.01
2026/05/29,1216,統一,20~30張,1823,20,0.8,0.01
2026/05/29,1216,統一,30~40張,909,35,0.55,0.02
2026/05/29,1216,統一,400~600張,147,3,1.28,0.02
2026/05/29,1216,統一,40~50張,561,12,0.45,0.01
2026/05/29,1216,統一,50~100張,968,32,1.2,0.04
2026/05/29,1216,統一,5~10張,12017,408,1.57,0.06
2026/05/29,1216,統一,600~800張,103,3,1.24,0.03
2026/05/29,1216,統一,800~1000張,67,-2,1.05,-0.04
2026/05/29,1216,統一,千張大戶,446,-2,84.82,-0.29
2026/05/29,1216,統一,零股散戶,58920,322,0.24,0.0
2026/06/05,1216,統一,100~200張,466,18,1.14,0.05
2026/06/05,1216,統一,10~15張,3713,-71,0.81,-0.02
2026/06/05,1216,統一,15~20張,2204,-25,0.68,-0.01
2026/06/05,1216,統一,1~5張,72554,-1364,2.62,-0.05
2026/06/05,1216,統一,200~400張,286,-5,1.43,-0.02
2026/06/05,1216,統一,20~30張,1819,-4,0.79,-0.01
2026/06/05,1216,統一,30~40張,896,-13,0.55,0.0
2026/06/05,1216,統一,400~600張,149,2,1.31,0.03
2026/06/05,1216,統一,40~50張,549,-12,0.44,-0.01
2026/06/05,1216,統一,50~100張,945,-23,1.17,-0.03
2026/06/05,1216,統一,5~10張,11798,-219,1.54,-0.03
2026/06/05,1216,統一,600~800張,98,-5,1.18,-0.06
2026/06/05,1216,統一,800~1000張,62,-5,0.97,-0.08
2026/06/05,1216,統一,千張大戶,449,3,85.06,0.24
2026/06/05,1216,統一,零股散戶,58509,-411,0.24,0.0
2026/06/12,1216,統一,100~200張,461,-5,1.12,-0.02
2026/06/12,1216,統一,10~15張,3647,-66,0.8,-0.01
2026/06/12,1216,統一,15~20張,2126,-78,0.66,-0.02
2026/06/12,1216,統一,1~5張,70895,-1659,2.56,-0.06
2026/06/12,1216,統一,200~400張,281,-5,1.41,-0.02
2026/06/12,1216,統一,20~30張,1785,-34,0.78,-0.01
2026/06/12,1216,統一,30~40張,873,-23,0.53,-0.02
2026/06/12,1216,統一,400~600張,147,-2,1.28,-0.03
2026/06/12,1216,統一,40~50張,532,-17,0.42,-0.02
2026/06/12,1216,統一,50~100張,921,-24,1.14,-0.03
2026/06/12,1216,統一,5~10張,11528,-270,1.5,-0.04
2026/06/12,1216,統一,600~800張,107,9,1.3,0.12
2026/06/12,1216,統一,800~1000張,60,-2,0.94,-0.03
2026/06/12,1216,統一,千張大戶,446,-3,85.25,0.19
2026/06/12,1216,統一,零股散戶,58232,-277,0.23,-0.01
2026/06/26,1216,統一,100~200張,444,-6,1.08,-0.02
2026/06/26,1216,統一,10~15張,3544,-13,0.78,0.0
2026/06/26,1216,統一,15~20張,2070,-4,0.64,0.0
2026/06/26,1216,統一,1~5張,69177,-343,2.5,-0.01
2026/06/26,1216,統一,200~400張,279,-4,1.39,-0.02
2026/06/26,1216,統一,20~30張,1745,-11,0.76,-0.01
2026/06/26,1216,統一,30~40張,857,1,0.52,0.0
2026/06/26,1216,統一,400~600張,152,5,1.32,0.04
2026/06/26,1216,統一,40~50張,522,1,0.41,0.0
2026/06/26,1216,統一,50~100張,915,2,1.14,0.01
2026/06/26,1216,統一,5~10張,11167,-92,1.45,-0.01
2026/06/26,1216,統一,600~800張,106,-4,1.29,-0.05
2026/06/26,1216,統一,800~1000張,61,2,0.97,0.04
2026/06/26,1216,統一,千張大戶,440,-4,85.45,0.03
2026/06/26,1216,統一,零股散戶,57735,-56,0.23,0.0
2026/07/03,1216,統一,100~200張,445,1,1.08,0.0
2026/07/03,1216,統一,10~15張,3556,12,0.78,0.0
2026/07/03,1216,統一,15~20張,2074,4,0.64,0.0
2026/07/03,1216,統一,1~5張,69339,162,2.5,0.0
2026/07/03,1216,統一,200~400張,277,-2,1.38,-0.01
2026/07/03,1216,統一,20~30張,1747,2,0.76,0.0
2026/07/03,1216,統一,30~40張,856,-1,0.52,0.0
2026/07/03,1216,統一,400~600張,154,2,1.33,0.01
2026/07/03,1216,統一,40~50張,531,9,0.42,0.01
2026/07/03,1216,統一,50~100張,923,8,1.15,0.01
2026/07/03,1216,統一,5~10張,11193,26,1.46,0.01
2026/07/03,1216,統一,600~800張,99,-7,1.21,-0.08
2026/07/03,1216,統一,800~1000張,59,-2,0.93,-0.04
2026/07/03,1216,統一,千張大戶,444,4,85.53,0.08
2026/07/03,1216,統一,零股散戶,57702,-33,0.23,0.0
2026/07/17,1216,統一,100~200張,432,-4,1.05,-0.01
2026/07/17,1216,統一,10~15張,3387,-45,0.74,-0.01
2026/07/17,1216,統一,15~20張,1962,-55,0.61,-0.01
2026/07/17,1216,統一,1~5張,66056,-1291,2.37,-0.05
2026/07/17,1216,統一,200~400張,266,1,1.32,0.01
2026/07/17,1216,統一,20~30張,1636,-42,0.71,-0.02
2026/07/17,1216,統一,30~40張,803,-10,0.49,0.0
2026/07/17,1216,統一,400~600張,156,1,1.36,0.02
2026/07/17,1216,統一,40~50張,496,-18,0.39,-0.02
2026/07/17,1216,統一,50~100張,875,-19,1.08,-0.03
2026/07/17,1216,統一,5~10張,10605,-160,1.37,-0.03
2026/07/17,1216,統一,600~800張,100,-1,1.21,-0.02
2026/07/17,1216,統一,800~1000張,62,-2,0.97,-0.03
2026/07/17,1216,統一,千張大戶,452,5,86.01,0.19
2026/07/17,1216,統一,零股散戶,56807,-286,0.23,0.0
2026/07/24,1216,統一,100~200張,422,-10,1.02,-0.03
2026/07/24,1216,統一,10~15張,3315,-72,0.72,-0.02
2026/07/24,1216,統一,15~20張,1913,-49,0.59,-0.02
2026/07/24,1216,統一,1~5張,65086,-970,2.34,-0.03
2026/07/24,1216,統一,200~400張,263,-3,1.31,-0.01
2026/07/24,1216,統一,20~30張,1598,-38,0.7,-0.01
2026/07/24,1216,統一,30~40張,791,-12,0.48,-0.01
2026/07/24,1216,統一,400~600張,155,-1,1.35,-0.01
2026/07/24,1216,統一,40~50張,484,-12,0.38,-0.01
2026/07/24,1216,統一,50~100張,863,-12,1.07,-0.01
2026/07/24,1216,統一,5~10張,10397,-208,1.34,-0.03
2026/07/24,1216,統一,600~800張,101,1,1.23,0.02
2026/07/24,1216,統一,800~1000張,60,-2,0.94,-0.03
2026/07/24,1216,統一,千張大戶,451,-1,86.23,0.22
2026/07/24,1216,統一,零股散戶,56957,150,0.23,0.0
2026/07/31,1216,統一,100~200張,406,-16,0.98,-0.04
2026/07/31,1216,統一,10~15張,3277,-38,0.72,0.0
2026/07/31,1216,統一,15~20張,1861,-52,0.57,-0.02
2026/07/31,1216,統一,1~5張,64419,-667,2.31,-0.03
2026/07/31,1216,統一,200~400張,272,9,1.36,0.05
2026/07/31,1216,統一,20~30張,1580,-18,0.69,-0.01
2026/07/31,1216,統一,30~40張,779,-12,0.47,-0.01
2026/07/31,1216,統一,400~600張,148,-7,1.28,-0.07
2026/07/31,1216,統一,40~50張,484,0,0.38,0.0
2026/07/31,1216,統一,50~100張,846,-17,1.04,-0.03
2026/07/31,1216,統一,5~10張,10286,-111,1.33,-0.01
2026/07/31,1216,統一,600~800張,105,4,1.27,0.04
2026/07/31,1216,統一,800~1000張,66,6,1.04,0.1
2026/07/31,1216,統一,千張大戶,445,-6,86.25,0.02
2026/07/31,1216,統一,零股散戶,56728,-229,0.23,0.0
2026/04/24,1232,大統益,100~200張,26,0,2.19,-0.06
2026/04/24,1232,大統益,10~15張,198,-4,1.56,-0.03
2026/04/24,1232,大統益,15~20張,116,-5,1.31,-0.05
2026/04/24,1232,大統益,1~5張,7339,-10,8.46,0.0
2026/04/24,1232,大統益,200~400張,13,1,2.2,0.12
2026/04/24,1232,大統益,20~30張,106,2,1.69,0.03
2026/04/24,1232,大統益,30~40張,55,2,1.21,0.04
2026/04/24,1232,大統益,400~600張,4,0,1.19,-0.02
2026/04/24,1232,大統益,40~50張,33,0,0.94,0.0
2026/04/24,1232,大統益,50~100張,53,0,2.35,-0.02
2026/04/24,1232,大統益,5~10張,694,2,3.37,0.01
2026/04/24,1232,大統益,600~800張,1,0,0.44,0.0
2026/04/24,1232,大統益,800~1000張,0,0,0.0,0.0
2026/04/24,1232,大統益,千張大戶,6,0,72.34,0.0
2026/04/24,1232,大統益,零股散戶,7960,-56,0.69,0.0
2026/05/08,1232,大統益,100~200張,29,2,2.53,0.22
2026/05/08,1232,大統益,10~15張,206,2,1.63,0.03
2026/05/08,1232,大統益,15~20張,114,-4,1.29,-0.04
2026/05/08,1232,大統益,1~5張,7368,50,8.49,0.06
2026/05/08,1232,大統益,200~400張,11,-2,2.05,-0.26
2026/05/08,1232,大統益,20~30張,106,0,1.69,0.0
2026/05/08,1232,大統益,30~40張,55,0,1.21,-0.01
2026/05/08,1232,大統益,400~600張,3,0,0.93,0.0
2026/05/08,1232,大統益,40~50張,33,1,0.95,0.03
2026/05/08,1232,大統益,50~100張,53,0,2.37,0.01
2026/05/08,1232,大統益,5~10張,692,-5,3.36,-0.02
2026/05/08,1232,大統益,600~800張,1,0,0.44,0.0
2026/05/08,1232,大統益,800~1000張,0,0,0.0,0.0
2026/05/08,1232,大統益,千張大戶,6,0,72.33,-0.01
2026/05/08,1232,大統益,零股散戶,7885,-29,0.68,0.0
2026/05/15,1232,大統益,100~200張,28,-1,2.5,-0.03
2026/05/15,1232,大統益,10~15張,206,0,1.63,0.0
2026/05/15,1232,大統益,15~20張,112,-2,1.26,-0.03
2026/05/15,1232,大統益,1~5張,7392,24,8.54,0.05
2026/05/15,1232,大統益,200~400張,10,-1,1.91,-0.14
2026/05/15,1232,大統益,20~30張,108,2,1.72,0.03
2026/05/15,1232,大統益,30~40張,51,-4,1.12,-0.09
2026/05/15,1232,大統益,400~600張,3,0,0.96,0.03
2026/05/15,1232,大統益,40~50張,35,2,1.0,0.05
2026/05/15,1232,大統益,50~100張,56,3,2.54,0.17
2026/05/15,1232,大統益,5~10張,683,-9,3.32,-0.04
2026/05/15,1232,大統益,600~800張,1,0,0.44,0.0
2026/05/15,1232,大統益,800~1000張,0,0,0.0,0.0
2026/05/15,1232,大統益,千張大戶,6,0,72.31,-0.02
2026/05/15,1232,大統益,零股散戶,7873,-12,0.68,0.0
2026/05/22,1232,大統益,100~200張,30,2,2.63,0.13
2026/05/22,1232,大統益,10~15張,203,-3,1.61,-0.02
2026/05/22,1232,大統益,15~20張,114,2,1.28,0.02
2026/05/22,1232,大統益,1~5張,7411,19,8.55,0.01
2026/05/22,1232,大統益,200~400張,10,0,1.9,-0.01
2026/05/22,1232,大統益,20~30張,104,-4,1.65,-0.07
2026/05/22,1232,大統益,30~40張,54,3,1.19,0.07
2026/05/22,1232,大統益,400~600張,3,0,0.96,0.0
2026/05/22,1232,大統益,40~50張,35,0,1.0,0.0
2026/05/22,1232,大統益,50~100張,54,-2,2.4,-0.14
2026/05/22,1232,大統益,5~10張,688,5,3.34,0.02
2026/05/22,1232,大統益,600~800張,1,0,0.44,0.0
2026/05/22,1232,大統益,800~1000張,0,0,0.0,0.0
2026/05/22,1232,大統益,千張大戶,6,0,72.28,-0.03
2026/05/22,1232,大統益,零股散戶,7860,-13,0.68,0.0
2026/05/29,1232,大統益,100~200張,30,0,2.65,0.02
2026/05/29,1232,大統益,10~15張,206,3,1.63,0.02
2026/05/29,1232,大統益,15~20張,112,-2,1.26,-0.02
2026/05/29,1232,大統益,1~5張,7479,68,8.63,0.08
2026/05/29,1232,大統益,200~400張,9,-1,1.74,-0.16
2026/05/29,1232,大統益,20~30張,102,-2,1.63,-0.02
2026/05/29,1232,大統益,30~40張,54,0,1.19,0.0
2026/05/29,1232,大統益,400~600張,2,-1,0.61,-0.35
2026/05/29,1232,大統益,40~50張,37,2,1.06,0.06
2026/05/29,1232,大統益,50~100張,54,0,2.42,0.02
2026/05/29,1232,大統益,5~10張,686,-2,3.34,0.0
2026/05/29,1232,大統益,600~800張,2,1,0.83,0.39
2026/05/29,1232,大統益,800~1000張,0,0,0.0,0.0
2026/05/29,1232,大統益,千張大戶,6,0,72.26,-0.02
2026/05/29,1232,大統益,零股散戶,7839,-21,0.68,0.0
2026/06/05,1232,大統益,100~200張,29,-1,2.48,-0.17
2026/06/05,1232,大統益,10~15張,207,1,1.64,0.01
2026/06/05,1232,大統益,15~20張,116,4,1.31,0.05
2026/06/05,1232,大統益,1~5張,7562,83,8.71,0.08
2026/06/05,1232,大統益,200~400張,10,1,1.85,0.11
2026/06/05,1232,大統益,20~30張,101,-1,1.61,-0.02
2026/06/05,1232,大統益,30~40張,54,0,1.2,0.01
2026/06/05,1232,大統益,400~600張,2,0,0.61,0.0
2026/06/05,1232,大統益,40~50張,34,-3,0.98,-0.08
2026/06/05,1232,大統益,50~100張,54,0,2.41,-0.01
2026/06/05,1232,大統益,5~10張,693,7,3.37,0.03
2026/06/05,1232,大統益,600~800張,2,0,0.83,0.0
2026/06/05,1232,大統益,800~1000張,0,0,0.0,0.0
2026/06/05,1232,大統益,千張大戶,6,0,72.23,-0.03
2026/06/05,1232,大統益,零股散戶,7836,-3,0.68,0.0
2026/06/12,1232,大統益,100~200張,27,-2,2.36,-0.12
2026/06/12,1232,大統益,10~15張,209,2,1.66,0.02
2026/06/12,1232,大統益,15~20張,114,-2,1.29,-0.02
2026/06/12,1232,大統益,1~5張,7591,29,8.72,0.01
2026/06/12,1232,大統益,200~400張,11,1,1.98,0.13
2026/06/12,1232,大統益,20~30張,98,-3,1.56,-0.05
2026/06/12,1232,大統益,30~40張,56,2,1.25,0.05
2026/06/12,1232,大統益,400~600張,2,0,0.61,0.0
2026/06/12,1232,大統益,40~50張,33,-1,0.95,-0.03
2026/06/12,1232,大統益,50~100張,54,0,2.41,0.0
2026/06/12,1232,大統益,5~10張,692,-1,3.37,0.0
2026/06/12,1232,大統益,600~800張,2,0,0.88,0.05
2026/06/12,1232,大統益,800~1000張,0,0,0.0,0.0
2026/06/12,1232,大統益,千張大戶,6,0,72.2,-0.03
2026/06/12,1232,大統益,零股散戶,7871,35,0.69,0.01
2026/06/26,1232,大統益,100~200張,31,0,2.64,-0.01
2026/06/26,1232,大統益,10~15張,209,0,1.65,-0.01
2026/06/26,1232,大統益,15~20張,121,4,1.37,0.04
2026/06/26,1232,大統益,1~5張,7720,73,8.91,0.1
2026/06/26,1232,大統益,200~400張,9,0,1.65,-0.02
2026/06/26,1232,大統益,20~30張,98,-1,1.56,-0.01
2026/06/26,1232,大統益,30~40張,55,-1,1.22,-0.02
2026/06/26,1232,大統益,400~600張,2,0,0.61,0.0
2026/06/26,1232,大統益,40~50張,38,4,1.08,0.11
2026/06/26,1232,大統益,50~100張,47,-4,2.08,-0.18
2026/06/26,1232,大統益,5~10張,708,5,3.42,0.02
2026/06/26,1232,大統益,600~800張,2,0,0.88,0.0
2026/06/26,1232,大統益,800~1000張,0,0,0.0,0.0
2026/06/26,1232,大統益,千張大戶,6,0,72.16,-0.03
2026/06/26,1232,大統益,零股散戶,7913,48,0.69,0.01
2026/07/03,1232,大統益,100~200張,28,-3,2.31,-0.33
2026/07/03,1232,大統益,10~15張,212,3,1.68,0.03
2026/07/03,1232,大統益,15~20張,123,2,1.4,0.03
2026/07/03,1232,大統益,1~5張,7797,77,9.02,0.11
2026/07/03,1232,大統益,200~400張,9,0,1.64,-0.01
2026/07/03,1232,大統益,20~30張,98,0,1.56,0.0
2026/07/03,1232,大統益,30~40張,56,1,1.24,0.02
2026/07/03,1232,大統益,400~600張,2,0,0.61,0.0
2026/07/03,1232,大統益,40~50張,36,-2,1.03,-0.05
2026/07/03,1232,大統益,50~100張,50,3,2.29,0.21
2026/07/03,1232,大統益,5~10張,721,13,3.49,0.07
2026/07/03,1232,大統益,600~800張,2,0,0.84,-0.04
2026/07/03,1232,大統益,800~1000張,0,0,0.0,0.0
2026/07/03,1232,大統益,千張大戶,6,0,72.13,-0.03
2026/07/03,1232,大統益,零股散戶,7911,-2,0.7,0.01
2026/07/17,1232,大統益,100~200張,29,-1,2.52,0.02
2026/07/17,1232,大統益,10~15張,208,-6,1.65,-0.05
2026/07/17,1232,大統益,15~20張,122,-2,1.38,-0.03
2026/07/17,1232,大統益,1~5張,7484,-359,8.64,-0.37
2026/07/17,1232,大統益,200~400張,11,2,2.03,0.43
2026/07/17,1232,大統益,20~30張,102,2,1.62,0.03
2026/07/17,1232,大統益,30~40張,49,-4,1.09,-0.09
2026/07/17,1232,大統益,400~600張,3,1,0.86,0.25
2026/07/17,1232,大統益,40~50張,35,-1,1.0,-0.03
2026/07/17,1232,大統益,50~100張,49,1,2.16,0.0
2026/07/17,1232,大統益,5~10張,690,-31,3.34,-0.15
2026/07/17,1232,大統益,600~800張,2,0,0.84,0.0
2026/07/17,1232,大統益,800~1000張,0,0,0.0,0.0
2026/07/17,1232,大統益,千張大戶,6,0,72.1,-0.02
2026/07/17,1232,大統益,零股散戶,7931,-54,0.69,-0.01
2026/07/24,1232,大統益,100~200張,30,1,2.54,0.02
2026/07/24,1232,大統益,10~15張,208,0,1.66,0.01
2026/07/24,1232,大統益,15~20張,133,11,1.5,0.12
2026/07/24,1232,大統益,1~5張,7646,162,8.76,0.12
2026/07/24,1232,大統益,200~400張,10,-1,1.89,-0.14
2026/07/24,1232,大統益,20~30張,101,-1,1.63,0.01
2026/07/24,1232,大統益,30~40張,48,-1,1.07,-0.02
2026/07/24,1232,大統益,400~600張,2,-1,0.61,-0.25
2026/07/24,1232,大統益,40~50張,36,1,1.03,0.03
2026/07/24,1232,大統益,50~100張,50,1,2.22,0.06
2026/07/24,1232,大統益,5~10張,696,6,3.37,0.03
2026/07/24,1232,大統益,600~800張,2,0,0.86,0.02
2026/07/24,1232,大統益,800~1000張,0,0,0.0,0.0
2026/07/24,1232,大統益,千張大戶,6,0,72.1,0.0
2026/07/24,1232,大統益,零股散戶,8130,199,0.69,0.0
2026/07/31,1232,大統益,100~200張,33,3,2.84,0.3
2026/07/31,1232,大統益,10~15張,213,5,1.7,0.04
2026/07/31,1232,大統益,15~20張,132,-1,1.49,-0.01
2026/07/31,1232,大統益,1~5張,7586,-60,8.7,-0.06
2026/07/31,1232,大統益,200~400張,8,-2,1.47,-0.42
2026/07/31,1232,大統益,20~30張,96,-5,1.54,-0.09
2026/07/31,1232,大統益,30~40張,51,3,1.14,0.07
2026/07/31,1232,大統益,400~600張,3,1,0.9,0.29
2026/07/31,1232,大統益,40~50張,36,0,1.03,0.0
2026/07/31,1232,大統益,50~100張,48,-2,2.14,-0.08
2026/07/31,1232,大統益,5~10張,689,-7,3.34,-0.03
2026/07/31,1232,大統益,600~800張,2,0,0.86,0.0
2026/07/31,1232,大統益,800~1000張,0,0,0.0,0.0
2026/07/31,1232,大統益,千張大戶,6,0,72.1,0.0
2026/07/31,1232,大統益,零股散戶,8110,-20,0.69,0.0
2026/04/24,1303,南亞,100~200張,947,3,1.64,0.0
2026/04/24,1303,南亞,10~15張,7619,146,1.18,0.03
2026/04/24,1303,南亞,15~20張,4096,117,0.92,0.02
2026/04/24,1303,南亞,1~5張,136853,3243,3.49,0.1
2026/04/24,1303,南亞,200~400張,453,-7,1.61,-0.02
2026/04/24,1303,南亞,20~30張,3978,76,1.24,0.03
2026/04/24,1303,南亞,30~40張,1770,42,0.78,0.02
2026/04/24,1303,南亞,400~600張,180,3,1.1,0.01
2026/04/24,1303,南亞,40~50張,1169,15,0.66,0.01
2026/04/24,1303,南亞,50~100張,2172,31,1.9,0.02
2026/04/24,1303,南亞,5~10張,21565,559,2.03,0.06
2026/04/24,1303,南亞,600~800張,89,-1,0.78,-0.01
2026/04/24,1303,南亞,800~1000張,57,-1,0.64,-0.02
2026/04/24,1303,南亞,千張大戶,374,4,81.72,-0.25
2026/04/24,1303,南亞,零股散戶,87583,-380,0.23,0.0
2026/05/08,1303,南亞,100~200張,935,6,1.63,0.02
2026/05/08,1303,南亞,10~15張,7326,3,1.13,0.0
2026/05/08,1303,南亞,15~20張,3923,12,0.88,0.0
2026/05/08,1303,南亞,1~5張,129242,702,3.3,0.02
2026/05/08,1303,南亞,200~400張,453,-6,1.61,-0.02
2026/05/08,1303,南亞,20~30張,3851,28,1.2,0.01
2026/05/08,1303,南亞,30~40張,1727,0,0.76,0.0
2026/05/08,1303,南亞,400~600張,178,4,1.09,0.03
2026/05/08,1303,南亞,40~50張,1157,26,0.65,0.01
2026/05/08,1303,南亞,50~100張,2128,-14,1.86,-0.02
2026/05/08,1303,南亞,5~10張,20745,140,1.95,0.02
2026/05/08,1303,南亞,600~800張,83,-7,0.73,-0.06
2026/05/08,1303,南亞,800~1000張,60,2,0.68,0.03
2026/05/08,1303,南亞,千張大戶,374,-1,82.23,-0.04
2026/05/08,1303,南亞,零股散戶,86711,321,0.22,0.0
2026/05/15,1303,南亞,100~200張,955,20,1.66,0.03
2026/05/15,1303,南亞,10~15張,7613,287,1.18,0.05
2026/05/15,1303,南亞,15~20張,4071,148,0.92,0.04
2026/05/15,1303,南亞,1~5張,135349,6107,3.48,0.18
2026/05/15,1303,南亞,200~400張,460,7,1.64,0.03
2026/05/15,1303,南亞,20~30張,4021,170,1.25,0.05
2026/05/15,1303,南亞,30~40張,1780,53,0.78,0.02
2026/05/15,1303,南亞,400~600張,171,-7,1.05,-0.04
2026/05/15,1303,南亞,40~50張,1194,37,0.68,0.03
2026/05/15,1303,南亞,50~100張,2171,43,1.9,0.04
2026/05/15,1303,南亞,5~10張,21784,1039,2.05,0.1
2026/05/15,1303,南亞,600~800張,82,-1,0.72,-0.01
2026/05/15,1303,南亞,800~1000張,60,0,0.68,0.0
2026/05/15,1303,南亞,千張大戶,376,2,81.71,-0.52
2026/05/15,1303,南亞,零股散戶,87262,551,0.23,0.01
2026/05/22,1303,南亞,100~200張,948,-7,1.64,-0.02
2026/05/22,1303,南亞,10~15張,7611,-2,1.18,0.0
2026/05/22,1303,南亞,15~20張,4083,12,0.92,0.0
2026/05/22,1303,南亞,1~5張,133680,-1669,3.44,-0.04
2026/05/22,1303,南亞,200~400張,452,-8,1.6,-0.04
2026/05/22,1303,南亞,20~30張,3978,-43,1.24,-0.01
2026/05/22,1303,南亞,30~40張,1796,16,0.79,0.01
2026/05/22,1303,南亞,400~600張,173,2,1.07,0.02
2026/05/22,1303,南亞,40~50張,1183,-11,0.67,-0.01
2026/05/22,1303,南亞,50~100張,2162,-9,1.9,0.0
2026/05/22,1303,南亞,5~10張,21681,-103,2.04,-0.01
2026/05/22,1303,南亞,600~800張,85,3,0.75,0.03
2026/05/22,1303,南亞,800~1000張,64,4,0.72,0.04
2026/05/22,1303,南亞,千張大戶,373,-3,81.74,0.03
2026/05/22,1303,南亞,零股散戶,87023,-239,0.23,0.0
2026/05/29,1303,南亞,100~200張,924,-24,1.6,-0.04
2026/05/29,1303,南亞,10~15張,7304,-307,1.13,-0.05
2026/05/29,1303,南亞,15~20張,3849,-234,0.87,-0.05
2026/05/29,1303,南亞,1~5張,126423,-7257,3.23,-0.21
2026/05/29,1303,南亞,200~400張,451,-1,1.6,0.0
2026/05/29,1303,南亞,20~30張,3814,-164,1.19,-0.05
2026/05/29,1303,南亞,30~40張,1728,-68,0.76,-0.03
2026/05/29,1303,南亞,400~600張,169,-4,1.03,-0.04
2026/05/29,1303,南亞,40~50張,1141,-42,0.65,-0.02
2026/05/29,1303,南亞,50~100張,2089,-73,1.84,-0.06
2026/05/29,1303,南亞,5~10張,20444,-1237,1.91,-0.13
2026/05/29,1303,南亞,600~800張,83,-2,0.73,-0.02
2026/05/29,1303,南亞,800~1000張,66,2,0.75,0.03
2026/05/29,1303,南亞,千張大戶,373,0,82.43,0.69
2026/05/29,1303,南亞,零股散戶,86097,-926,0.22,-0.01
2026/06/05,1303,南亞,100~200張,901,-23,1.56,-0.04
2026/06/05,1303,南亞,10~15張,6634,-670,1.02,-0.11
2026/06/05,1303,南亞,15~20張,3500,-349,0.79,-0.08
2026/06/05,1303,南亞,1~5張,114914,-11509,2.91,-0.32
2026/06/05,1303,南亞,200~400張,444,-7,1.58,-0.02
2026/06/05,1303,南亞,20~30張,3515,-299,1.09,-0.1
2026/06/05,1303,南亞,30~40張,1617,-111,0.71,-0.05
2026/06/05,1303,南亞,400~600張,162,-7,0.99,-0.04
2026/06/05,1303,南亞,40~50張,1044,-97,0.59,-0.06
2026/06/05,1303,南亞,50~100張,1948,-141,1.7,-0.14
2026/06/05,1303,南亞,5~10張,18438,-2006,1.72,-0.19
2026/06/05,1303,南亞,600~800張,87,4,0.76,0.03
2026/06/05,1303,南亞,800~1000張,57,-9,0.64,-0.11
2026/06/05,1303,南亞,千張大戶,377,4,83.67,1.24
2026/06/05,1303,南亞,零股散戶,86215,118,0.22,0.0
2026/06/12,1303,南亞,100~200張,916,15,1.59,0.03
2026/06/12,1303,南亞,10~15張,6702,68,1.03,0.01
2026/06/12,1303,南亞,15~20張,3564,64,0.8,0.01
2026/06/12,1303,南亞,1~5張,117477,2563,2.98,0.07
2026/06/12,1303,南亞,200~400張,452,8,1.61,0.03
2026/06/12,1303,南亞,20~30張,3558,43,1.1,0.01
2026/06/12,1303,南亞,30~40張,1620,3,0.71,0.0
2026/06/12,1303,南亞,400~600張,157,-5,0.96,-0.03
2026/06/12,1303,南亞,40~50張,1045,1,0.59,0.0
2026/06/12,1303,南亞,50~100張,1966,18,1.71,0.01
2026/06/12,1303,南亞,5~10張,18754,316,1.75,0.03
2026/06/12,1303,南亞,600~800張,87,0,0.76,0.0
2026/06/12,1303,南亞,800~1000張,59,2,0.67,0.03
2026/06/12,1303,南亞,千張大戶,372,-5,83.43,-0.24
2026/06/12,1303,南亞,零股散戶,87020,805,0.22,0.0
2026/06/26,1303,南亞,100~200張,857,-13,1.49,-0.02
2026/06/26,1303,南亞,10~15張,6218,-55,0.95,-0.01
2026/06/26,1303,南亞,15~20張,3269,-32,0.73,-0.01
2026/06/26,1303,南亞,1~5張,113674,9739,2.82,0.17
2026/06/26,1303,南亞,200~400張,453,6,1.61,0.02
2026/06/26,1303,南亞,20~30張,3322,-25,1.03,0.0
2026/06/26,1303,南亞,30~40張,1544,-12,0.68,0.0
2026/06/26,1303,南亞,400~600張,154,-4,0.95,-0.02
2026/06/26,1303,南亞,40~50張,987,-9,0.56,0.0
2026/06/26,1303,南亞,50~100張,1857,-49,1.62,-0.04
2026/06/26,1303,南亞,5~10張,17454,89,1.62,0.01
2026/06/26,1303,南亞,600~800張,79,-4,0.7,-0.02
2026/06/26,1303,南亞,800~1000張,62,3,0.69,0.03
2026/06/26,1303,南亞,千張大戶,378,-3,84.26,-0.09
2026/06/26,1303,南亞,零股散戶,90830,6466,0.22,0.01
2026/07/03,1303,南亞,100~200張,842,-15,1.46,-0.03
2026/07/03,1303,南亞,10~15張,6100,-118,0.94,-0.01
2026/07/03,1303,南亞,15~20張,3153,-116,0.71,-0.02
2026/07/03,1303,南亞,1~5張,106924,-6750,2.68,-0.14
2026/07/03,1303,南亞,200~400張,449,-4,1.6,-0.01
2026/07/03,1303,南亞,20~30張,3265,-57,1.01,-0.02
2026/07/03,1303,南亞,30~40張,1522,-22,0.67,-0.01
2026/07/03,1303,南亞,400~600張,149,-5,0.92,-0.03
2026/07/03,1303,南亞,40~50張,957,-30,0.54,-0.02
2026/07/03,1303,南亞,50~100張,1864,7,1.63,0.01
2026/07/03,1303,南亞,5~10張,16940,-514,1.57,-0.05
2026/07/03,1303,南亞,600~800張,82,3,0.73,0.03
2026/07/03,1303,南亞,800~1000張,65,3,0.73,0.04
2026/07/03,1303,南亞,千張大戶,374,-4,84.53,0.27
2026/07/03,1303,南亞,零股散戶,90330,-500,0.22,0.0
2026/07/17,1303,南亞,100~200張,834,-4,1.45,0.0
2026/07/17,1303,南亞,10~15張,6078,-33,0.93,-0.01
2026/07/17,1303,南亞,15~20張,3139,-3,0.7,0.0
2026/07/17,1303,南亞,1~5張,110052,1785,2.73,0.03
2026/07/17,1303,南亞,200~400張,468,13,1.66,0.04
2026/07/17,1303,南亞,20~30張,3200,-62,0.99,-0.02
2026/07/17,1303,南亞,30~40張,1490,-11,0.65,-0.01
2026/07/17,1303,南亞,400~600張,159,7,0.98,0.04
2026/07/17,1303,南亞,40~50張,981,12,0.55,0.0
2026/07/17,1303,南亞,50~100張,1866,-4,1.63,-0.01
2026/07/17,1303,南亞,5~10張,16820,-178,1.56,-0.01
2026/07/17,1303,南亞,600~800張,84,-1,0.74,-0.01
2026/07/17,1303,南亞,800~1000張,68,7,0.76,0.08
2026/07/17,1303,南亞,千張大戶,382,5,84.35,-0.15
2026/07/17,1303,南亞,零股散戶,97586,4380,0.23,0.0
2026/07/24,1303,南亞,100~200張,854,20,1.48,0.03
2026/07/24,1303,南亞,10~15張,6221,143,0.95,0.02
2026/07/24,1303,南亞,15~20張,3198,59,0.72,0.02
2026/07/24,1303,南亞,1~5張,120605,10553,2.95,0.22
2026/07/24,1303,南亞,200~400張,460,-8,1.64,-0.02
2026/07/24,1303,南亞,20~30張,3221,21,1.0,0.01
2026/07/24,1303,南亞,30~40張,1508,18,0.66,0.01
2026/07/24,1303,南亞,400~600張,156,-3,0.96,-0.02
2026/07/24,1303,南亞,40~50張,992,11,0.56,0.01
2026/07/24,1303,南亞,50~100張,1891,25,1.66,0.03
2026/07/24,1303,南亞,5~10張,17288,468,1.61,0.05
2026/07/24,1303,南亞,600~800張,88,4,0.78,0.04
2026/07/24,1303,南亞,800~1000張,67,-1,0.75,-0.01
2026/07/24,1303,南亞,千張大戶,386,4,83.97,-0.38
2026/07/24,1303,南亞,零股散戶,104778,7192,0.25,0.02
2026/07/31,1303,南亞,100~200張,843,-11,1.46,-0.02
2026/07/31,1303,南亞,10~15張,6348,127,0.97,0.02
2026/07/31,1303,南亞,15~20張,3241,43,0.73,0.01
2026/07/31,1303,南亞,1~5張,123133,2528,3.04,0.09
2026/07/31,1303,南亞,200~400張,458,-2,1.64,0.0
2026/07/31,1303,南亞,20~30張,3246,25,1.01,0.01
2026/07/31,1303,南亞,30~40張,1518,10,0.66,0.0
2026/07/31,1303,南亞,400~600張,156,0,0.95,-0.01
2026/07/31,1303,南亞,40~50張,1003,11,0.56,0.0
2026/07/31,1303,南亞,50~100張,1863,-28,1.64,-0.02
2026/07/31,1303,南亞,5~10張,17726,438,1.64,0.03
2026/07/31,1303,南亞,600~800張,86,-2,0.76,-0.02
2026/07/31,1303,南亞,800~1000張,68,1,0.77,0.02
2026/07/31,1303,南亞,千張大戶,369,-17,83.83,-0.14
2026/07/31,1303,南亞,零股散戶,107838,3060,0.26,0.01
2026/04/24,1503,士電,100~200張,98,8,2.71,0.22
2026/04/24,1503,士電,10~15張,497,22,1.2,0.06
2026/04/24,1503,士電,15~20張,269,-6,0.94,-0.02
2026/04/24,1503,士電,1~5張,26703,-149,8.98,-0.01
2026/04/24,1503,士電,200~400張,43,0,2.37,0.02
2026/04/24,1503,士電,20~30張,254,1,1.21,0.01
2026/04/24,1503,士電,30~40張,114,0,0.77,0.01
2026/04/24,1503,士電,400~600張,15,-1,1.45,-0.08
2026/04/24,1503,士電,40~50張,77,1,0.68,0.02
2026/04/24,1503,士電,50~100張,147,-1,2.07,0.0
2026/04/24,1503,士電,5~10張,1870,-13,2.72,-0.02
2026/04/24,1503,士電,600~800張,6,-1,0.85,-0.1
2026/04/24,1503,士電,800~1000張,4,-1,0.68,-0.18
2026/04/24,1503,士電,千張大戶,46,1,72.39,0.09
2026/04/24,1503,士電,零股散戶,40014,-632,0.91,-0.01
2026/05/08,1503,士電,100~200張,95,-3,2.64,-0.1
2026/05/08,1503,士電,10~15張,496,0,1.2,0.0
2026/05/08,1503,士電,15~20張,283,7,0.99,0.03
2026/05/08,1503,士電,1~5張,26752,220,8.97,0.03
2026/05/08,1503,士電,200~400張,48,5,2.57,0.25
2026/05/08,1503,士電,20~30張,248,0,1.19,0.0
2026/05/08,1503,士電,30~40張,110,-4,0.74,-0.03
2026/05/08,1503,士電,400~600張,18,2,1.71,0.17
2026/05/08,1503,士電,40~50張,82,3,0.72,0.03
2026/05/08,1503,士電,50~100張,148,-2,2.07,-0.01
2026/05/08,1503,士電,5~10張,1848,0,2.69,0.01
2026/05/08,1503,士電,600~800張,5,0,0.7,0.0
2026/05/08,1503,士電,800~1000張,5,0,0.87,0.01
2026/05/08,1503,士電,千張大戶,45,-1,71.96,-0.38
2026/05/08,1503,士電,零股散戶,40032,212,0.91,0.0
2026/05/15,1503,士電,100~200張,93,-2,2.55,-0.09
2026/05/15,1503,士電,10~15張,520,24,1.26,0.06
2026/05/15,1503,士電,15~20張,270,-13,0.94,-0.05
2026/05/15,1503,士電,1~5張,27215,463,9.14,0.17
2026/05/15,1503,士電,200~400張,47,-1,2.59,0.02
2026/05/15,1503,士電,20~30張,249,1,1.2,0.01
2026/05/15,1503,士電,30~40張,111,1,0.75,0.01
2026/05/15,1503,士電,400~600張,14,-4,1.37,-0.34
2026/05/15,1503,士電,40~50張,82,0,0.71,-0.01
2026/05/15,1503,士電,50~100張,151,3,2.12,0.05
2026/05/15,1503,士電,5~10張,1908,60,2.8,0.11
2026/05/15,1503,士電,600~800張,7,2,0.95,0.25
2026/05/15,1503,士電,800~1000張,4,-1,0.71,-0.16
2026/05/15,1503,士電,千張大戶,45,0,71.91,-0.05
2026/05/15,1503,士電,零股散戶,40354,322,0.92,0.01
2026/05/22,1503,士電,100~200張,95,2,2.61,0.06
2026/05/22,1503,士電,10~15張,528,8,1.27,0.01
2026/05/22,1503,士電,15~20張,287,17,1.0,0.06
2026/05/22,1503,士電,1~5張,27838,623,9.4,0.26
2026/05/22,1503,士電,200~400張,48,1,2.58,-0.01
2026/05/22,1503,士電,20~30張,263,14,1.26,0.06
2026/05/22,1503,士電,30~40張,114,3,0.77,0.02
2026/05/22,1503,士電,400~600張,11,-3,1.05,-0.32
2026/05/22,1503,士電,40~50張,81,-1,0.71,0.0
2026/05/22,1503,士電,50~100張,152,1,2.12,0.0
2026/05/22,1503,士電,5~10張,2044,136,2.99,0.19
2026/05/22,1503,士電,600~800張,4,-3,0.55,-0.4
2026/05/22,1503,士電,800~1000張,4,0,0.71,0.0
2026/05/22,1503,士電,千張大戶,46,1,71.96,0.05
2026/05/22,1503,士電,零股散戶,40579,225,0.94,0.02
2026/05/29,1503,士電,100~200張,96,1,2.68,0.07
2026/05/29,1503,士電,10~15張,502,-26,1.21,-0.06
2026/05/29,1503,士電,15~20張,276,-11,0.96,-0.04
2026/05/29,1503,士電,1~5張,29846,2008,9.82,0.42
2026/05/29,1503,士電,200~400張,48,0,2.63,0.05
2026/05/29,1503,士電,20~30張,257,-6,1.24,-0.02
2026/05/29,1503,士電,30~40張,118,4,0.81,0.04
2026/05/29,1503,士電,400~600張,10,-1,0.97,-0.08
2026/05/29,1503,士電,40~50張,77,-4,0.68,-0.03
2026/05/29,1503,士電,50~100張,153,1,2.14,0.02
2026/05/29,1503,士電,5~10張,1941,-103,2.87,-0.12
2026/05/29,1503,士電,600~800張,7,3,0.97,0.42
2026/05/29,1503,士電,800~1000張,2,-2,0.34,-0.37
2026/05/29,1503,士電,千張大戶,45,-1,71.66,-0.3
2026/05/29,1503,士電,零股散戶,42326,1747,0.96,0.02
2026/06/05,1503,士電,100~200張,94,-2,2.61,-0.07
2026/06/05,1503,士電,10~15張,457,-45,1.1,-0.11
2026/06/05,1503,士電,15~20張,258,-18,0.91,-0.05
2026/06/05,1503,士電,1~5張,27928,-1918,9.05,-0.77
2026/06/05,1503,士電,200~400張,46,-2,2.47,-0.16
2026/06/05,1503,士電,20~30張,233,-24,1.12,-0.12
2026/06/05,1503,士電,30~40張,123,5,0.84,0.03
2026/06/05,1503,士電,400~600張,8,-2,0.8,-0.17
2026/06/05,1503,士電,40~50張,71,-6,0.62,-0.06
2026/06/05,1503,士電,50~100張,153,0,2.13,-0.01
2026/06/05,1503,士電,5~10張,1776,-165,2.64,-0.23
2026/06/05,1503,士電,600~800張,7,0,0.95,-0.02
2026/06/05,1503,士電,800~1000張,2,0,0.34,0.0
2026/06/05,1503,士電,千張大戶,48,3,73.43,1.77
2026/06/05,1503,士電,零股散戶,41191,-1135,0.91,-0.05
2026/06/12,1503,士電,100~200張,93,-1,2.61,0.0
2026/06/12,1503,士電,10~15張,521,64,1.26,0.16
2026/06/12,1503,士電,15~20張,287,29,1.01,0.1
2026/06/12,1503,士電,1~5張,31778,3850,10.22,1.17
2026/06/12,1503,士電,200~400張,44,-2,2.43,-0.04
2026/06/12,1503,士電,20~30張,238,5,1.15,0.03
2026/06/12,1503,士電,30~40張,113,-10,0.77,-0.07
2026/06/12,1503,士電,400~600張,12,4,1.15,0.35
2026/06/12,1503,士電,40~50張,78,7,0.68,0.06
2026/06/12,1503,士電,50~100張,152,-1,2.12,-0.01
2026/06/12,1503,士電,5~10張,1865,89,2.79,0.15
2026/06/12,1503,士電,600~800張,6,-1,0.82,-0.13
2026/06/12,1503,士電,800~1000張,2,0,0.34,0.0
2026/06/12,1503,士電,千張大戶,46,-2,71.57,-1.86
2026/06/12,1503,士電,零股散戶,44857,3666,1.01,0.1
2026/06/26,1503,士電,100~200張,90,-3,2.47,-0.12
2026/06/26,1503,士電,10~15張,522,-17,1.26,-0.05
2026/06/26,1503,士電,15~20張,280,8,0.98,0.02
2026/06/26,1503,士電,1~5張,32416,333,10.33,0.05
2026/06/26,1503,士電,200~400張,54,6,2.92,0.32
2026/06/26,1503,士電,20~30張,237,0,1.14,0.0
2026/06/26,1503,士電,30~40張,118,0,0.81,0.0
2026/06/26,1503,士電,400~600張,10,-5,0.97,-0.43
2026/06/26,1503,士電,40~50張,77,1,0.68,0.01
2026/06/26,1503,士電,50~100張,158,7,2.21,0.1
2026/06/26,1503,士電,5~10張,1878,7,2.8,0.01
2026/06/26,1503,士電,600~800張,6,0,0.82,-0.02
2026/06/26,1503,士電,800~1000張,2,0,0.34,0.0
2026/06/26,1503,士電,千張大戶,44,0,71.18,0.08
2026/06/26,1503,士電,零股散戶,45142,286,1.01,0.0
2026/07/03,1503,士電,100~200張,88,-2,2.42,-0.05
2026/07/03,1503,士電,10~15張,543,21,1.31,0.05
2026/07/03,1503,士電,15~20張,275,-5,0.97,-0.01
2026/07/03,1503,士電,1~5張,32369,-47,10.34,0.01
2026/07/03,1503,士電,200~400張,54,0,2.92,0.0
2026/07/03,1503,士電,20~30張,250,13,1.2,0.06
2026/07/03,1503,士電,30~40張,120,2,0.82,0.01
2026/07/03,1503,士電,400~600張,11,1,1.06,0.09
2026/07/03,1503,士電,40~50張,75,-2,0.66,-0.02
2026/07/03,1503,士電,50~100張,155,-3,2.17,-0.04
2026/07/03,1503,士電,5~10張,1872,-6,2.78,-0.02
2026/07/03,1503,士電,600~800張,6,0,0.81,-0.01
2026/07/03,1503,士電,800~1000張,2,0,0.33,-0.01
2026/07/03,1503,士電,千張大戶,44,0,71.12,-0.06
2026/07/03,1503,士電,零股散戶,45052,-90,1.02,0.01
2026/07/17,1503,士電,100~200張,87,3,2.41,0.11
2026/07/17,1503,士電,10~15張,553,21,1.34,0.05
2026/07/17,1503,士電,15~20張,274,-1,0.96,-0.01
2026/07/17,1503,士電,1~5張,32457,252,10.52,0.17
2026/07/17,1503,士電,200~400張,49,-2,2.63,-0.12
2026/07/17,1503,士電,20~30張,250,2,1.2,0.01
2026/07/17,1503,士電,30~40張,120,0,0.82,0.0
2026/07/17,1503,士電,400~600張,11,-2,1.09,-0.13
2026/07/17,1503,士電,40~50張,87,3,0.76,0.03
2026/07/17,1503,士電,50~100張,157,4,2.17,0.03
2026/07/17,1503,士電,5~10張,1971,94,2.91,0.13
2026/07/17,1503,士電,600~800張,6,-1,0.81,-0.14
2026/07/17,1503,士電,800~1000張,4,2,0.69,0.36
2026/07/17,1503,士電,千張大戶,42,-2,70.57,-0.52
2026/07/17,1503,士電,零股散戶,44876,39,1.03,0.01
2026/07/24,1503,士電,100~200張,89,2,2.44,0.03
2026/07/24,1503,士電,10~15張,566,13,1.37,0.03
2026/07/24,1503,士電,15~20張,275,1,0.96,0.0
2026/07/24,1503,士電,1~5張,32322,-135,10.52,0.0
2026/07/24,1503,士電,200~400張,43,-6,2.27,-0.36
2026/07/24,1503,士電,20~30張,246,-4,1.18,-0.02
2026/07/24,1503,士電,30~40張,117,-3,0.8,-0.02
2026/07/24,1503,士電,400~600張,9,-2,0.91,-0.18
2026/07/24,1503,士電,40~50張,90,3,0.79,0.03
2026/07/24,1503,士電,50~100張,152,-5,2.13,-0.04
2026/07/24,1503,士電,5~10張,1975,4,2.92,0.01
2026/07/24,1503,士電,600~800張,6,0,0.8,-0.01
2026/07/24,1503,士電,800~1000張,4,0,0.7,0.01
2026/07/24,1503,士電,千張大戶,44,2,71.09,0.52
2026/07/24,1503,士電,零股散戶,44772,-104,1.04,0.01
2026/07/31,1503,士電,100~200張,91,2,2.5,0.06
2026/07/31,1503,士電,10~15張,561,-5,1.36,-0.01
2026/07/31,1503,士電,15~20張,279,4,0.97,0.01
2026/07/31,1503,士電,1~5張,32097,-225,10.49,-0.03
2026/07/31,1503,士電,200~400張,45,2,2.34,0.07
2026/07/31,1503,士電,20~30張,255,9,1.22,0.04
2026/07/31,1503,士電,30~40張,118,1,0.81,0.01
2026/07/31,1503,士電,400~600張,9,0,0.88,-0.03
2026/07/31,1503,士電,40~50張,82,-8,0.72,-0.07
2026/07/31,1503,士電,50~100張,155,3,2.15,0.02
2026/07/31,1503,士電,5~10張,1969,-6,2.91,-0.01
2026/07/31,1503,士電,600~800張,6,0,0.8,0.0
2026/07/31,1503,士電,800~1000張,4,0,0.68,-0.02
2026/07/31,1503,士電,千張大戶,43,-1,71.04,-0.05
2026/07/31,1503,士電,零股散戶,44669,-103,1.05,0.01
2026/04/24,1504,東元,100~200張,350,-12,2.09,-0.08
2026/04/24,1504,東元,10~15張,3362,-37,1.8,-0.02
2026/04/24,1504,東元,15~20張,1965,13,1.52,0.01
2026/04/24,1504,東元,1~5張,92089,-1197,7.85,-0.09
2026/04/24,1504,東元,200~400張,187,0,2.19,0.01
2026/04/24,1504,東元,20~30張,1621,-9,1.73,-0.01
2026/04/24,1504,東元,30~40張,690,-6,1.03,-0.01
2026/04/24,1504,東元,400~600張,63,-5,1.29,-0.08
2026/04/24,1504,東元,40~50張,507,8,0.98,0.02
2026/04/24,1504,東元,50~100張,749,-2,2.23,-0.02
2026/04/24,1504,東元,5~10張,11982,-47,3.92,-0.01
2026/04/24,1504,東元,600~800張,32,0,0.91,0.0
2026/04/24,1504,東元,800~1000張,26,1,0.98,0.04
2026/04/24,1504,東元,千張大戶,151,-1,71.02,0.24
2026/04/24,1504,東元,零股散戶,67010,-133,0.38,0.0
2026/05/08,1504,東元,100~200張,358,5,2.15,0.03
2026/05/08,1504,東元,10~15張,3348,-42,1.79,-0.02
2026/05/08,1504,東元,15~20張,1968,13,1.53,0.02
2026/05/08,1504,東元,1~5張,93587,2311,7.95,0.16
2026/05/08,1504,東元,200~400張,180,4,2.1,0.04
2026/05/08,1504,東元,20~30張,1642,7,1.76,0.01
2026/05/08,1504,東元,30~40張,688,16,1.03,0.03
2026/05/08,1504,東元,400~600張,70,1,1.44,0.04
2026/05/08,1504,東元,40~50張,504,-2,0.97,0.0
2026/05/08,1504,東元,50~100張,775,13,2.33,0.05
2026/05/08,1504,東元,5~10張,12108,196,3.98,0.08
2026/05/08,1504,東元,600~800張,35,1,1.0,0.03
2026/05/08,1504,東元,800~1000張,22,-4,0.84,-0.15
2026/05/08,1504,東元,千張大戶,154,9,70.69,-0.29
2026/05/08,1504,東元,零股散戶,66736,45,0.38,0.0
2026/05/15,1504,東元,100~200張,350,-8,2.09,-0.06
2026/05/15,1504,東元,10~15張,3424,76,1.83,0.04
2026/05/15,1504,東元,15~20張,2023,55,1.57,0.04
2026/05/15,1504,東元,1~5張,94678,1091,8.05,0.1
2026/05/15,1504,東元,200~400張,191,11,2.22,0.12
2026/05/15,1504,東元,20~30張,1676,34,1.8,0.04
2026/05/15,1504,東元,30~40張,690,2,1.04,0.01
2026/05/15,1504,東元,400~600張,74,4,1.51,0.07
2026/05/15,1504,東元,40~50張,527,23,1.02,0.05
2026/05/15,1504,東元,50~100張,778,3,2.34,0.01
2026/05/15,1504,東元,5~10張,12284,176,4.04,0.06
2026/05/15,1504,東元,600~800張,39,4,1.13,0.13
2026/05/15,1504,東元,800~1000張,21,-1,0.8,-0.04
2026/05/15,1504,東元,千張大戶,147,-7,70.11,-0.58
2026/05/15,1504,東元,零股散戶,66991,255,0.38,0.0
2026/05/22,1504,東元,100~200張,338,-12,2.01,-0.08
2026/05/22,1504,東元,10~15張,3459,35,1.85,0.02
2026/05/22,1504,東元,15~20張,2024,1,1.57,0.0
2026/05/22,1504,東元,1~5張,94627,-51,8.08,0.03
2026/05/22,1504,東元,200~400張,194,3,2.27,0.05
2026/05/22,1504,東元,20~30張,1695,19,1.81,0.01
2026/05/22,1504,東元,30~40張,706,16,1.06,0.02
2026/05/22,1504,東元,400~600張,72,-2,1.46,-0.05
2026/05/22,1504,東元,40~50張,531,4,1.03,0.01
2026/05/22,1504,東元,50~100張,778,0,2.33,-0.01
2026/05/22,1504,東元,5~10張,12304,20,4.04,0.0
2026/05/22,1504,東元,600~800張,35,-4,1.0,-0.13
2026/05/22,1504,東元,800~1000張,22,1,0.84,0.04
2026/05/22,1504,東元,千張大戶,148,1,70.2,0.09
2026/05/22,1504,東元,零股散戶,66797,-194,0.38,0.0
2026/05/29,1504,東元,100~200張,340,2,2.03,0.02
2026/05/29,1504,東元,10~15張,3474,15,1.86,0.01
2026/05/29,1504,東元,15~20張,2054,30,1.59,0.02
2026/05/29,1504,東元,1~5張,94402,-225,8.05,-0.03
2026/05/29,1504,東元,200~400張,189,-5,2.22,-0.05
2026/05/29,1504,東元,20~30張,1679,-16,1.8,-0.01
2026/05/29,1504,東元,30~40張,713,7,1.07,0.01
2026/05/29,1504,東元,400~600張,71,-1,1.44,-0.02
2026/05/29,1504,東元,40~50張,518,-13,1.0,-0.03
2026/05/29,1504,東元,50~100張,784,6,2.34,0.01
2026/05/29,1504,東元,5~10張,12399,95,4.08,0.04
2026/05/29,1504,東元,600~800張,41,6,1.19,0.19
2026/05/29,1504,東元,800~1000張,20,-2,0.76,-0.08
2026/05/29,1504,東元,千張大戶,149,1,70.11,-0.09
2026/05/29,1504,東元,零股散戶,66456,-341,0.38,0.0
2026/06/05,1504,東元,100~200張,321,-19,1.92,-0.11
2026/06/05,1504,東元,10~15張,3376,-98,1.81,-0.05
2026/06/05,1504,東元,15~20張,1999,-55,1.56,-0.03
2026/06/05,1504,東元,1~5張,107499,13097,8.84,0.79
2026/06/05,1504,東元,200~400張,175,-14,2.07,-0.15
2026/06/05,1504,東元,20~30張,1643,-36,1.76,-0.04
2026/06/05,1504,東元,30~40張,691,-22,1.04,-0.03
2026/06/05,1504,東元,400~600張,41,-30,0.84,-0.6
2026/06/05,1504,東元,40~50張,478,-40,0.93,-0.07
2026/06/05,1504,東元,50~100張,736,-48,2.19,-0.15
2026/06/05,1504,東元,5~10張,12449,50,4.12,0.04
2026/06/05,1504,東元,600~800張,30,-11,0.87,-0.32
2026/06/05,1504,東元,800~1000張,17,-3,0.63,-0.13
2026/06/05,1504,東元,千張大戶,135,-14,70.94,0.83
2026/06/05,1504,東元,零股散戶,69986,3530,0.4,0.02
2026/06/12,1504,東元,100~200張,324,3,1.93,0.01
2026/06/12,1504,東元,10~15張,3781,405,2.03,0.22
2026/06/12,1504,東元,15~20張,2242,243,1.75,0.19
2026/06/12,1504,東元,1~5張,116397,8898,9.77,0.93
2026/06/12,1504,東元,200~400張,181,6,2.16,0.09
2026/06/12,1504,東元,20~30張,1808,165,1.94,0.18
2026/06/12,1504,東元,30~40張,756,65,1.14,0.1
2026/06/12,1504,東元,400~600張,48,7,1.0,0.16
2026/06/12,1504,東元,40~50張,514,36,1.0,0.07
2026/06/12,1504,東元,50~100張,792,56,2.36,0.17
2026/06/12,1504,東元,5~10張,14022,1573,4.63,0.51
2026/06/12,1504,東元,600~800張,32,2,0.93,0.06
2026/06/12,1504,東元,800~1000張,13,-4,0.49,-0.14
2026/06/12,1504,東元,千張大戶,121,-14,68.4,-2.54
2026/06/12,1504,東元,零股散戶,71293,1307,0.42,0.02
2026/06/26,1504,東元,100~200張,332,-5,2.0,-0.02
2026/06/26,1504,東元,10~15張,3913,21,2.11,0.02
2026/06/26,1504,東元,15~20張,2296,-19,1.79,-0.01
2026/06/26,1504,東元,1~5張,117665,-184,9.96,0.01
2026/06/26,1504,東元,200~400張,176,-2,2.12,0.0
2026/06/26,1504,東元,20~30張,1860,13,2.0,0.02
2026/06/26,1504,東元,30~40張,795,8,1.2,0.02
2026/06/26,1504,東元,400~600張,52,6,1.1,0.14
2026/06/26,1504,東元,40~50張,510,-15,0.99,-0.03
2026/06/26,1504,東元,50~100張,824,13,2.46,0.04
2026/06/26,1504,東元,5~10張,14599,129,4.83,0.05
2026/06/26,1504,東元,600~800張,31,1,0.89,0.03
2026/06/26,1504,東元,800~1000張,15,-2,0.55,-0.08
2026/06/26,1504,東元,千張大戶,123,4,67.52,-0.19
2026/06/26,1504,東元,零股散戶,70885,-193,0.43,0.0
2026/07/03,1504,東元,100~200張,335,3,2.02,0.02
2026/07/03,1504,東元,10~15張,3995,82,2.15,0.04
2026/07/03,1504,東元,15~20張,2372,76,1.85,0.06
2026/07/03,1504,東元,1~5張,117841,176,10.03,0.07
2026/07/03,1504,東元,200~400張,179,3,2.15,0.03
2026/07/03,1504,東元,20~30張,1893,33,2.02,0.02
2026/07/03,1504,東元,30~40張,819,24,1.23,0.03
2026/07/03,1504,東元,400~600張,54,2,1.13,0.03
2026/07/03,1504,東元,40~50張,528,18,1.02,0.03
2026/07/03,1504,東元,50~100張,838,14,2.51,0.05
2026/07/03,1504,東元,5~10張,14907,308,4.92,0.09
2026/07/03,1504,東元,600~800張,33,2,0.94,0.05
2026/07/03,1504,東元,800~1000張,15,0,0.56,0.01
2026/07/03,1504,東元,千張大戶,119,-4,66.95,-0.57
2026/07/03,1504,東元,零股散戶,70656,-229,0.43,0.0
2026/07/17,1504,東元,100~200張,338,7,2.02,0.03
2026/07/17,1504,東元,10~15張,4049,33,2.18,0.02
2026/07/17,1504,東元,15~20張,2405,-4,1.88,0.0
2026/07/17,1504,東元,1~5張,115761,-1367,9.88,-0.09
2026/07/17,1504,東元,200~400張,183,5,2.19,0.07
2026/07/17,1504,東元,20~30張,1912,30,2.05,0.03
2026/07/17,1504,東元,30~40張,823,-15,1.24,-0.02
2026/07/17,1504,東元,400~600張,58,0,1.22,0.0
2026/07/17,1504,東元,40~50張,545,13,1.06,0.03
2026/07/17,1504,東元,50~100張,842,9,2.51,0.02
2026/07/17,1504,東元,5~10張,14827,-58,4.9,-0.02
2026/07/17,1504,東元,600~800張,32,1,0.93,0.04
2026/07/17,1504,東元,800~1000張,16,-5,0.61,-0.17
2026/07/17,1504,東元,千張大戶,118,3,66.84,0.08
2026/07/17,1504,東元,零股散戶,70183,-316,0.42,0.0
2026/07/24,1504,東元,100~200張,337,-1,2.01,-0.01
2026/07/24,1504,東元,10~15張,4039,-10,2.17,-0.01
2026/07/24,1504,東元,15~20張,2417,12,1.88,0.0
2026/07/24,1504,東元,1~5張,115156,-605,9.85,-0.03
2026/07/24,1504,東元,200~400張,185,2,2.22,0.03
2026/07/24,1504,東元,20~30張,1912,0,2.05,0.0
2026/07/24,1504,東元,30~40張,826,3,1.24,0.0
2026/07/24,1504,東元,400~600張,58,0,1.19,-0.03
2026/07/24,1504,東元,40~50張,545,0,1.06,0.0
2026/07/24,1504,東元,50~100張,862,20,2.56,0.05
2026/07/24,1504,東元,5~10張,14799,-28,4.89,-0.01
2026/07/24,1504,東元,600~800張,34,2,0.98,0.05
2026/07/24,1504,東元,800~1000張,14,-2,0.52,-0.09
2026/07/24,1504,東元,千張大戶,119,1,66.87,0.03
2026/07/24,1504,東元,零股散戶,69975,-208,0.42,0.0
2026/07/31,1504,東元,100~200張,345,8,2.09,0.08
2026/07/31,1504,東元,10~15張,4130,91,2.22,0.05
2026/07/31,1504,東元,15~20張,2443,26,1.9,0.02
2026/07/31,1504,東元,1~5張,114586,-570,9.83,-0.02
2026/07/31,1504,東元,200~400張,182,-3,2.17,-0.05
2026/07/31,1504,東元,20~30張,1955,43,2.1,0.05
2026/07/31,1504,東元,30~40張,857,31,1.29,0.05
2026/07/31,1504,東元,400~600張,58,0,1.2,0.01
2026/07/31,1504,東元,40~50張,561,16,1.09,0.03
2026/07/31,1504,東元,50~100張,898,36,2.68,0.12
2026/07/31,1504,東元,5~10張,14902,103,4.92,0.03
2026/07/31,1504,東元,600~800張,29,-5,0.83,-0.15
2026/07/31,1504,東元,800~1000張,15,1,0.55,0.03
2026/07/31,1504,東元,千張大戶,121,2,66.63,-0.24
2026/07/31,1504,東元,零股散戶,69662,-313,0.42,0.0
2026/04/24,1519,華城,100~200張,71,-2,3.14,-0.12
2026/04/24,1519,華城,10~15張,242,1,0.94,0.0
2026/04/24,1519,華城,15~20張,122,-4,0.67,-0.02
2026/04/24,1519,華城,1~5張,12228,42,6.32,0.02
2026/04/24,1519,華城,200~400張,53,4,4.63,0.23
2026/04/24,1519,華城,20~30張,124,2,0.97,0.02
2026/04/24,1519,華城,30~40張,75,5,0.82,0.05
2026/04/24,1519,華城,400~600張,14,-3,2.04,-0.53
2026/04/24,1519,華城,40~50張,45,-2,0.64,-0.03
2026/04/24,1519,華城,50~100張,108,3,2.35,0.08
2026/04/24,1519,華城,5~10張,722,0,1.65,0.0
2026/04/24,1519,華城,600~800張,9,-1,1.88,-0.25
2026/04/24,1519,華城,800~1000張,12,3,3.33,0.87
2026/04/24,1519,華城,千張大戶,45,-1,68.59,-0.29
2026/04/24,1519,華城,零股散戶,53556,-811,1.94,-0.05
2026/05/08,1519,華城,100~200張,70,-3,3.1,-0.11
2026/05/08,1519,華城,10~15張,244,1,0.95,0.0
2026/05/08,1519,華城,15~20張,129,2,0.71,0.01
2026/05/08,1519,華城,1~5張,12316,-2,6.39,0.0
2026/05/08,1519,華城,200~400張,53,1,4.52,0.04
2026/05/08,1519,華城,20~30張,120,-3,0.93,-0.03
2026/05/08,1519,華城,30~40張,74,2,0.82,0.03
2026/05/08,1519,華城,400~600張,14,-1,2.17,-0.17
2026/05/08,1519,華城,40~50張,47,-4,0.67,-0.06
2026/05/08,1519,華城,50~100張,113,8,2.44,0.18
2026/05/08,1519,華城,5~10張,729,-7,1.66,-0.02
2026/05/08,1519,華城,600~800張,10,0,2.18,0.03
2026/05/08,1519,華城,800~1000張,11,2,3.1,0.57
2026/05/08,1519,華城,千張大戶,46,0,68.31,-0.5
2026/05/08,1519,華城,零股散戶,54001,526,1.97,0.02
2026/05/15,1519,華城,100~200張,67,-3,2.97,-0.13
2026/05/15,1519,華城,10~15張,246,2,0.96,0.01
2026/05/15,1519,華城,15~20張,136,7,0.75,0.04
2026/05/15,1519,華城,1~5張,12978,662,6.76,0.37
2026/05/15,1519,華城,200~400張,55,2,4.71,0.19
2026/05/15,1519,華城,20~30張,123,3,0.96,0.03
2026/05/15,1519,華城,30~40張,69,-5,0.76,-0.06
2026/05/15,1519,華城,400~600張,13,-1,1.96,-0.21
2026/05/15,1519,華城,40~50張,45,-2,0.65,-0.02
2026/05/15,1519,華城,50~100張,110,-3,2.37,-0.07
2026/05/15,1519,華城,5~10張,747,18,1.69,0.03
2026/05/15,1519,華城,600~800張,8,-2,1.77,-0.41
2026/05/15,1519,華城,800~1000張,11,0,3.03,-0.07
2026/05/15,1519,華城,千張大戶,46,0,68.54,0.23
2026/05/15,1519,華城,零股散戶,55529,1528,2.05,0.08
2026/05/22,1519,華城,100~200張,65,-2,2.93,-0.04
2026/05/22,1519,華城,10~15張,245,-1,0.95,-0.01
2026/05/22,1519,華城,15~20張,142,6,0.79,0.04
2026/05/22,1519,華城,1~5張,13553,575,7.18,0.42
2026/05/22,1519,華城,200~400張,50,-5,4.36,-0.35
2026/05/22,1519,華城,20~30張,123,0,0.96,0.0
2026/05/22,1519,華城,30~40張,77,8,0.85,0.09
2026/05/22,1519,華城,400~600張,13,0,1.92,-0.04
2026/05/22,1519,華城,40~50張,43,-2,0.62,-0.03
2026/05/22,1519,華城,50~100張,106,-4,2.27,-0.1
2026/05/22,1519,華城,5~10張,829,82,1.88,0.19
2026/05/22,1519,華城,600~800張,10,2,2.22,0.45
2026/05/22,1519,華城,800~1000張,9,-2,2.54,-0.49
2026/05/22,1519,華城,千張大戶,45,-1,68.2,-0.34
2026/05/22,1519,華城,零股散戶,57837,2308,2.25,0.2
2026/05/29,1519,華城,100~200張,66,1,2.95,0.02
2026/05/29,1519,華城,10~15張,236,-9,0.92,-0.03
2026/05/29,1519,華城,15~20張,139,-3,0.77,-0.02
2026/05/29,1519,華城,1~5張,14138,585,7.35,0.17
2026/05/29,1519,華城,200~400張,47,-3,4.04,-0.32
2026/05/29,1519,華城,20~30張,131,8,1.01,0.05
2026/05/29,1519,華城,30~40張,71,-6,0.78,-0.07
2026/05/29,1519,華城,400~600張,15,2,2.2,0.28
2026/05/29,1519,華城,40~50張,43,0,0.62,0.0
2026/05/29,1519,華城,50~100張,107,1,2.3,0.03
2026/05/29,1519,華城,5~10張,838,9,1.92,0.04
2026/05/29,1519,華城,600~800張,10,0,2.25,0.03
2026/05/29,1519,華城,800~1000張,11,2,3.12,0.58
2026/05/29,1519,華城,千張大戶,43,-2,67.43,-0.77
2026/05/29,1519,華城,零股散戶,58935,1098,2.27,0.02
2026/06/05,1519,華城,100~200張,61,-5,2.8,-0.15
2026/06/05,1519,華城,10~15張,244,8,0.94,0.02
2026/06/05,1519,華城,15~20張,139,0,0.77,0.0
2026/06/05,1519,華城,1~5張,13981,-157,7.14,-0.21
2026/06/05,1519,華城,200~400張,47,0,4.06,0.02
2026/06/05,1519,華城,20~30張,121,-10,0.94,-0.07
2026/06/05,1519,華城,30~40張,73,2,0.81,0.03
2026/06/05,1519,華城,400~600張,16,1,2.45,0.25
2026/06/05,1519,華城,40~50張,41,-2,0.59,-0.03
2026/06/05,1519,華城,50~100張,108,1,2.41,0.11
2026/06/05,1519,華城,5~10張,788,-50,1.8,-0.12
2026/06/05,1519,華城,600~800張,11,1,2.44,0.19
2026/06/05,1519,華城,800~1000張,10,-1,2.75,-0.37
2026/06/05,1519,華城,千張大戶,44,1,67.85,0.42
2026/06/05,1519,華城,零股散戶,58739,-196,2.18,-0.09
2026/06/12,1519,華城,100~200張,60,-1,2.75,-0.05
2026/06/12,1519,華城,10~15張,262,18,1.02,0.08
2026/06/12,1519,華城,15~20張,127,-12,0.7,-0.07
2026/06/12,1519,華城,1~5張,14998,1017,7.77,0.63
2026/06/12,1519,華城,200~400張,48,1,4.19,0.13
2026/06/12,1519,華城,20~30張,127,6,0.99,0.05
2026/06/12,1519,華城,30~40張,75,2,0.83,0.02
2026/06/12,1519,華城,400~600張,14,-2,2.18,-0.27
2026/06/12,1519,華城,40~50張,36,-5,0.52,-0.07
2026/06/12,1519,華城,50~100張,115,7,2.55,0.14
2026/06/12,1519,華城,5~10張,848,60,1.95,0.15
2026/06/12,1519,華城,600~800張,11,0,2.48,0.04
2026/06/12,1519,華城,800~1000張,7,-3,1.98,-0.77
2026/06/12,1519,華城,千張大戶,44,0,67.63,-0.22
2026/06/12,1519,華城,零股散戶,62561,3822,2.39,0.21
2026/06/26,1519,華城,100~200張,54,-6,2.5,-0.16
2026/06/26,1519,華城,10~15張,279,8,1.09,0.03
2026/06/26,1519,華城,15~20張,132,-8,0.74,-0.04
2026/06/26,1519,華城,1~5張,16298,351,8.4,0.16
2026/06/26,1519,華城,200~400張,42,-6,3.72,-0.52
2026/06/26,1519,華城,20~30張,134,4,1.03,0.03
2026/06/26,1519,華城,30~40張,80,4,0.88,0.04
2026/06/26,1519,華城,400~600張,16,2,2.54,0.4
2026/06/26,1519,華城,40~50張,41,8,0.59,0.12
2026/06/26,1519,華城,50~100張,109,-2,2.5,0.05
2026/06/26,1519,華城,5~10張,908,26,2.09,0.06
2026/06/26,1519,華城,600~800張,9,-2,2.03,-0.41
2026/06/26,1519,華城,800~1000張,7,1,1.95,0.32
2026/06/26,1519,華城,千張大戶,44,-1,67.33,-0.12
2026/06/26,1519,華城,零股散戶,65120,437,2.54,0.04
2026/07/03,1519,華城,100~200張,55,1,2.5,0.0
2026/07/03,1519,華城,10~15張,301,22,1.18,0.09
2026/07/03,1519,華城,15~20張,137,5,0.77,0.03
2026/07/03,1519,華城,1~5張,17560,1262,9.16,0.76
2026/07/03,1519,華城,200~400張,41,-1,3.65,-0.07
2026/07/03,1519,華城,20~30張,139,5,1.08,0.05
2026/07/03,1519,華城,30~40張,87,7,0.95,0.07
2026/07/03,1519,華城,400~600張,19,3,2.95,0.41
2026/07/03,1519,華城,40~50張,37,-4,0.53,-0.06
2026/07/03,1519,華城,50~100張,105,-4,2.37,-0.13
2026/07/03,1519,華城,5~10張,977,69,2.26,0.17
2026/07/03,1519,華城,600~800張,8,-1,1.83,-0.2
2026/07/03,1519,華城,800~1000張,7,0,1.95,0.0
2026/07/03,1519,華城,千張大戶,41,-3,66.02,-1.31
2026/07/03,1519,華城,零股散戶,67655,2535,2.73,0.19
2026/07/17,1519,華城,100~200張,53,-1,2.41,-0.06
2026/07/17,1519,華城,10~15張,310,0,1.21,-0.01
2026/07/17,1519,華城,15~20張,150,10,0.84,0.06
2026/07/17,1519,華城,1~5張,17696,-58,9.35,0.03
2026/07/17,1519,華城,200~400張,43,2,3.73,0.12
2026/07/17,1519,華城,20~30張,135,-1,1.05,0.0
2026/07/17,1519,華城,30~40張,86,-2,0.94,-0.03
2026/07/17,1519,華城,400~600張,21,2,3.24,0.29
2026/07/17,1519,華城,40~50張,36,-3,0.52,-0.04
2026/07/17,1519,華城,50~100張,92,-7,2.1,-0.13
2026/07/17,1519,華城,5~10張,1060,59,2.43,0.12
2026/07/17,1519,華城,600~800張,9,1,2.11,0.31
2026/07/17,1519,華城,800~1000張,6,0,1.76,0.11
2026/07/17,1519,華城,千張大戶,40,-2,65.37,-0.86
2026/07/17,1519,華城,零股散戶,67975,72,2.87,0.08
2026/07/24,1519,華城,100~200張,56,3,2.57,0.16
2026/07/24,1519,華城,10~15張,302,-8,1.18,-0.03
2026/07/24,1519,華城,15~20張,141,-9,0.79,-0.05
2026/07/24,1519,華城,1~5張,17466,-230,9.24,-0.11
2026/07/24,1519,華城,200~400張,43,0,3.85,0.12
2026/07/24,1519,華城,20~30張,135,0,1.05,0.0
2026/07/24,1519,華城,30~40張,87,1,0.95,0.01
2026/07/24,1519,華城,400~600張,15,-6,2.37,-0.87
2026/07/24,1519,華城,40~50張,38,2,0.55,0.03
2026/07/24,1519,華城,50~100張,87,-5,1.99,-0.11
2026/07/24,1519,華城,5~10張,1035,-25,2.38,-0.05
2026/07/24,1519,華城,600~800張,11,2,2.56,0.45
2026/07/24,1519,華城,800~1000張,6,0,1.68,-0.08
2026/07/24,1519,華城,千張大戶,42,2,65.91,0.54
2026/07/24,1519,華城,零股散戶,67378,-597,2.87,0.0
2026/07/31,1519,華城,100~200張,50,-6,2.39,-0.18
2026/07/31,1519,華城,10~15張,300,-2,1.17,-0.01
2026/07/31,1519,華城,15~20張,145,4,0.81,0.02
2026/07/31,1519,華城,1~5張,17264,-202,9.15,-0.09
2026/07/31,1519,華城,200~400張,43,0,3.86,0.01
2026/07/31,1519,華城,20~30張,137,2,1.07,0.02
2026/07/31,1519,華城,30~40張,85,-2,0.93,-0.02
2026/07/31,1519,華城,400~600張,14,-1,2.16,-0.21
2026/07/31,1519,華城,40~50張,39,1,0.56,0.01
2026/07/31,1519,華城,50~100張,96,9,2.2,0.21
2026/07/31,1519,華城,5~10張,1053,18,2.42,0.04
2026/07/31,1519,華城,600~800張,15,4,3.38,0.82
2026/07/31,1519,華城,800~1000張,6,0,1.69,0.01
2026/07/31,1519,華城,千張大戶,40,-2,65.27,-0.64
2026/07/31,1519,華城,零股散戶,66656,-722,2.86,-0.01
2026/04/24,1560,中砂,100~200張,54,0,5.1,0.03
2026/04/24,1560,中砂,10~15張,151,3,1.29,0.02
2026/04/24,1560,中砂,15~20張,74,9,0.9,0.11
2026/04/24,1560,中砂,1~5張,8392,335,9.1,0.34
2026/04/24,1560,中砂,200~400張,32,-1,6.11,-0.25
2026/04/24,1560,中砂,20~30張,88,-3,1.48,-0.04
2026/04/24,1560,中砂,30~40張,46,-1,1.08,-0.03
2026/04/24,1560,中砂,400~600張,18,1,5.91,0.27
2026/04/24,1560,中砂,40~50張,20,-7,0.62,-0.21
2026/04/24,1560,中砂,50~100張,72,9,3.38,0.38
2026/04/24,1560,中砂,5~10張,536,14,2.75,0.06
2026/04/24,1560,中砂,600~800張,11,2,4.93,0.79
2026/04/24,1560,中砂,800~1000張,7,-1,4.31,-0.64
2026/04/24,1560,中砂,千張大戶,29,0,51.73,-0.88
2026/04/24,1560,中砂,零股散戶,14297,822,1.22,0.05
2026/05/08,1560,中砂,100~200張,52,-2,4.86,-0.24
2026/05/08,1560,中砂,10~15張,149,-1,1.26,-0.02
2026/05/08,1560,中砂,15~20張,77,-2,0.93,-0.03
2026/05/08,1560,中砂,1~5張,8324,-453,9.02,-0.44
2026/05/08,1560,中砂,200~400張,38,5,7.17,0.64
2026/05/08,1560,中砂,20~30張,83,-2,1.38,-0.04
2026/05/08,1560,中砂,30~40張,45,0,1.06,0.0
2026/05/08,1560,中砂,400~600張,17,2,5.69,0.72
2026/05/08,1560,中砂,40~50張,20,-3,0.62,-0.08
2026/05/08,1560,中砂,50~100張,75,1,3.48,-0.01
2026/05/08,1560,中砂,5~10張,526,-24,2.7,-0.1
2026/05/08,1560,中砂,600~800張,12,0,5.25,-0.01
2026/05/08,1560,中砂,800~1000張,8,1,5.01,0.69
2026/05/08,1560,中砂,千張大戶,28,-1,50.27,-1.07
2026/05/08,1560,中砂,零股散戶,14421,-143,1.21,-0.02
2026/05/15,1560,中砂,100~200張,58,6,5.4,0.54
2026/05/15,1560,中砂,10~15張,143,-6,1.22,-0.04
2026/05/15,1560,中砂,15~20張,69,-8,0.83,-0.1
2026/05/15,1560,中砂,1~5張,8030,-294,8.66,-0.36
2026/05/15,1560,中砂,200~400張,34,-4,6.52,-0.65
2026/05/15,1560,中砂,20~30張,90,7,1.51,0.13
2026/05/15,1560,中砂,30~40張,46,1,1.08,0.02
2026/05/15,1560,中砂,400~600張,13,-4,4.22,-1.47
2026/05/15,1560,中砂,40~50張,20,0,0.61,-0.01
2026/05/15,1560,中砂,50~100張,71,-4,3.27,-0.21
2026/05/15,1560,中砂,5~10張,506,-20,2.61,-0.09
2026/05/15,1560,中砂,600~800張,12,0,5.24,-0.01
2026/05/15,1560,中砂,800~1000張,10,2,6.2,1.19
2026/05/15,1560,中砂,千張大戶,28,0,51.36,1.09
2026/05/15,1560,中砂,零股散戶,15140,719,1.2,-0.01
2026/05/22,1560,中砂,100~200張,60,2,5.72,0.32
2026/05/22,1560,中砂,10~15張,148,5,1.25,0.03
2026/05/22,1560,中砂,15~20張,69,0,0.83,0.0
2026/05/22,1560,中砂,1~5張,7832,-198,8.45,-0.21
2026/05/22,1560,中砂,200~400張,34,0,6.31,-0.21
2026/05/22,1560,中砂,20~30張,91,1,1.54,0.03
2026/05/22,1560,中砂,30~40張,51,5,1.2,0.12
2026/05/22,1560,中砂,400~600張,15,2,4.84,0.62
2026/05/22,1560,中砂,40~50張,26,6,0.79,0.18
2026/05/22,1560,中砂,50~100張,70,-1,3.3,0.03
2026/05/22,1560,中砂,5~10張,497,-9,2.56,-0.05
2026/05/22,1560,中砂,600~800張,13,1,5.84,0.6
2026/05/22,1560,中砂,800~1000張,8,-2,5.0,-1.2
2026/05/22,1560,中砂,千張大戶,27,-1,51.1,-0.26
2026/05/22,1560,中砂,零股散戶,14766,-374,1.19,-0.01
2026/05/29,1560,中砂,100~200張,63,3,5.93,0.21
2026/05/29,1560,中砂,10~15張,143,-5,1.22,-0.03
2026/05/29,1560,中砂,15~20張,67,-2,0.8,-0.03
2026/05/29,1560,中砂,1~5張,8066,234,8.66,0.21
2026/05/29,1560,中砂,200~400張,33,-1,6.23,-0.08
2026/05/29,1560,中砂,20~30張,95,4,1.61,0.07
2026/05/29,1560,中砂,30~40張,48,-3,1.14,-0.06
2026/05/29,1560,中砂,400~600張,15,0,4.83,-0.01
2026/05/29,1560,中砂,40~50張,22,-4,0.67,-0.12
2026/05/29,1560,中砂,50~100張,78,8,3.7,0.4
2026/05/29,1560,中砂,5~10張,509,12,2.61,0.05
2026/05/29,1560,中砂,600~800張,11,-2,4.96,-0.88
2026/05/29,1560,中砂,800~1000張,9,1,5.47,0.47
2026/05/29,1560,中砂,千張大戶,27,0,50.85,-0.25
2026/05/29,1560,中砂,零股散戶,15670,904,1.24,0.05
2026/06/05,1560,中砂,100~200張,62,-1,5.9,-0.03
2026/06/05,1560,中砂,10~15張,140,-3,1.19,-0.03
2026/06/05,1560,中砂,15~20張,72,5,0.86,0.06
2026/06/05,1560,中砂,1~5張,7985,-81,8.64,-0.02
2026/06/05,1560,中砂,200~400張,32,-1,6.19,-0.04
2026/06/05,1560,中砂,20~30張,97,2,1.64,0.03
2026/06/05,1560,中砂,30~40張,45,-3,1.06,-0.08
2026/06/05,1560,中砂,400~600張,17,2,5.58,0.75
2026/06/05,1560,中砂,40~50張,25,3,0.77,0.1
2026/06/05,1560,中砂,50~100張,84,6,3.97,0.27
2026/06/05,1560,中砂,5~10張,512,3,2.63,0.02
2026/06/05,1560,中砂,600~800張,14,3,6.5,1.54
2026/06/05,1560,中砂,800~1000張,8,-1,4.88,-0.59
2026/06/05,1560,中砂,千張大戶,26,-1,48.86,-1.99
2026/06/05,1560,中砂,零股散戶,15652,-18,1.23,-0.01
2026/06/12,1560,中砂,100~200張,64,2,6.21,0.31
2026/06/12,1560,中砂,10~15張,143,3,1.21,0.02
2026/06/12,1560,中砂,15~20張,77,5,0.91,0.05
2026/06/12,1560,中砂,1~5張,8096,111,8.81,0.17
2026/06/12,1560,中砂,200~400張,33,1,6.44,0.25
2026/06/12,1560,中砂,20~30張,94,-3,1.6,-0.04
2026/06/12,1560,中砂,30~40張,49,4,1.16,0.1
2026/06/12,1560,中砂,400~600張,15,-2,5.05,-0.53
2026/06/12,1560,中砂,40~50張,29,4,0.89,0.12
2026/06/12,1560,中砂,50~100張,81,-3,3.84,-0.13
2026/06/12,1560,中砂,5~10張,512,0,2.63,0.0
2026/06/12,1560,中砂,600~800張,11,-3,5.15,-1.35
2026/06/12,1560,中砂,800~1000張,8,0,4.84,-0.04
2026/06/12,1560,中砂,千張大戶,28,2,49.87,1.01
2026/06/12,1560,中砂,零股散戶,16129,477,1.31,0.08
2026/06/26,1560,中砂,100~200張,58,-5,5.52,-0.59
2026/06/26,1560,中砂,10~15張,139,-2,1.18,-0.02
2026/06/26,1560,中砂,15~20張,80,5,0.95,0.06
2026/06/26,1560,中砂,1~5張,7677,-345,8.28,-0.42
2026/06/26,1560,中砂,200~400張,35,-2,6.61,-0.26
2026/06/26,1560,中砂,20~30張,84,-4,1.41,-0.08
2026/06/26,1560,中砂,30~40張,56,3,1.31,0.06
2026/06/26,1560,中砂,400~600張,15,1,4.69,0.07
2026/06/26,1560,中砂,40~50張,25,-4,0.76,-0.13
2026/06/26,1560,中砂,50~100張,85,5,4.09,0.33
2026/06/26,1560,中砂,5~10張,489,-27,2.51,-0.14
2026/06/26,1560,中砂,600~800張,16,2,7.71,1.0
2026/06/26,1560,中砂,800~1000張,8,0,5.03,0.05
2026/06/26,1560,中砂,千張大戶,27,0,48.66,0.16
2026/06/26,1560,中砂,零股散戶,15340,-878,1.22,-0.09
2026/07/03,1560,中砂,100~200張,59,1,5.53,0.01
2026/07/03,1560,中砂,10~15張,140,1,1.19,0.01
2026/07/03,1560,中砂,15~20張,80,0,0.94,-0.01
2026/07/03,1560,中砂,1~5張,7464,-213,8.05,-0.23
2026/07/03,1560,中砂,200~400張,34,-1,6.54,-0.07
2026/07/03,1560,中砂,20~30張,86,2,1.46,0.05
2026/07/03,1560,中砂,30~40張,55,-1,1.27,-0.04
2026/07/03,1560,中砂,400~600張,17,2,5.41,0.72
2026/07/03,1560,中砂,40~50張,29,4,0.88,0.12
2026/07/03,1560,中砂,50~100張,85,0,3.96,-0.13
2026/07/03,1560,中砂,5~10張,475,-14,2.43,-0.08
2026/07/03,1560,中砂,600~800張,13,-3,6.18,-1.53
2026/07/03,1560,中砂,800~1000張,10,2,6.31,1.28
2026/07/03,1560,中砂,千張大戶,28,1,48.57,-0.09
2026/07/03,1560,中砂,零股散戶,15020,-320,1.19,-0.03
2026/07/17,1560,中砂,100~200張,58,-1,5.42,-0.15
2026/07/17,1560,中砂,10~15張,130,-7,1.1,-0.07
2026/07/17,1560,中砂,15~20張,81,0,0.96,0.0
2026/07/17,1560,中砂,1~5張,7517,-40,8.12,-0.06
2026/07/17,1560,中砂,200~400張,33,0,6.36,-0.1
2026/07/17,1560,中砂,20~30張,89,2,1.5,0.02
2026/07/17,1560,中砂,30~40張,55,2,1.27,0.04
2026/07/17,1560,中砂,400~600張,18,0,5.66,-0.03
2026/07/17,1560,中砂,40~50張,36,7,1.1,0.22
2026/07/17,1560,中砂,50~100張,86,-3,3.99,-0.18
2026/07/17,1560,中砂,5~10張,461,-13,2.36,-0.08
2026/07/17,1560,中砂,600~800張,11,-2,5.15,-0.93
2026/07/17,1560,中砂,800~1000張,8,-1,5.04,-0.6
2026/07/17,1560,中砂,千張大戶,27,-1,50.72,1.94
2026/07/17,1560,中砂,零股散戶,15234,101,1.2,-0.01
2026/07/24,1560,中砂,100~200張,55,-3,5.2,-0.22
2026/07/24,1560,中砂,10~15張,142,12,1.2,0.1
2026/07/24,1560,中砂,15~20張,82,1,0.97,0.01
2026/07/24,1560,中砂,1~5張,7741,224,8.36,0.24
2026/07/24,1560,中砂,200~400張,36,3,6.94,0.58
2026/07/24,1560,中砂,20~30張,94,5,1.58,0.08
2026/07/24,1560,中砂,30~40張,53,-2,1.22,-0.05
2026/07/24,1560,中砂,400~600張,18,0,5.69,0.03
2026/07/24,1560,中砂,40~50張,37,1,1.11,0.01
2026/07/24,1560,中砂,50~100張,87,1,4.02,0.03
2026/07/24,1560,中砂,5~10張,470,9,2.4,0.04
2026/07/24,1560,中砂,600~800張,12,1,5.66,0.51
2026/07/24,1560,中砂,800~1000張,7,-1,4.39,-0.65
2026/07/24,1560,中砂,千張大戶,27,0,49.94,-0.78
2026/07/24,1560,中砂,零股散戶,15708,474,1.23,0.03
2026/07/31,1560,中砂,100~200張,60,5,5.74,0.54
2026/07/31,1560,中砂,10~15張,148,6,1.25,0.05
2026/07/31,1560,中砂,15~20張,80,-2,0.94,-0.03
2026/07/31,1560,中砂,1~5張,7768,27,8.42,0.06
2026/07/31,1560,中砂,200~400張,33,-3,6.52,-0.42
2026/07/31,1560,中砂,20~30張,89,-5,1.51,-0.07
2026/07/31,1560,中砂,30~40張,55,2,1.26,0.04
2026/07/31,1560,中砂,400~600張,19,1,5.96,0.27
2026/07/31,1560,中砂,40~50張,33,-4,1.0,-0.11
2026/07/31,1560,中砂,50~100張,92,5,4.29,0.27
2026/07/31,1560,中砂,5~10張,489,19,2.47,0.07
2026/07/31,1560,中砂,600~800張,12,0,5.68,0.02
2026/07/31,1560,中砂,800~1000張,9,2,5.55,1.16
2026/07/31,1560,中砂,千張大戶,26,-1,48.06,-1.88
2026/07/31,1560,中砂,零股散戶,15839,131,1.26,0.03
2026/04/24,1712,興農,100~200張,165,3,5.51,0.07
2026/04/24,1712,興農,10~15張,931,1,2.74,0.01
2026/04/24,1712,興農,15~20張,520,-2,2.27,-0.01
2026/04/24,1712,興農,1~5張,17371,73,8.38,0.04
2026/04/24,1712,興農,200~400張,88,-2,5.7,-0.18
2026/04/24,1712,興農,20~30張,455,7,2.73,0.05
2026/04/24,1712,興農,30~40張,238,-3,2.0,-0.03
2026/04/24,1712,興農,400~600張,35,0,4.18,-0.05
2026/04/24,1712,興農,40~50張,158,2,1.73,0.02
2026/04/24,1712,興農,50~100張,291,1,4.94,0.02
2026/04/24,1712,興農,5~10張,2804,15,5.16,0.03
2026/04/24,1712,興農,600~800張,25,1,4.12,0.15
2026/04/24,1712,興農,800~1000張,14,1,2.98,0.18
2026/04/24,1712,興農,千張大戶,58,-1,46.98,-0.28
2026/04/24,1712,興農,零股散戶,58987,-4,0.5,-0.01
2026/05/08,1712,興農,100~200張,162,-2,5.46,-0.06
2026/05/08,1712,興農,10~15張,937,8,2.76,0.03
2026/05/08,1712,興農,15~20張,524,0,2.29,0.0
2026/05/08,1712,興農,1~5張,17332,-22,8.36,-0.01
2026/05/08,1712,興農,200~400張,89,0,5.78,0.05
2026/05/08,1712,興農,20~30張,445,-4,2.66,-0.03
2026/05/08,1712,興農,30~40張,243,0,2.05,0.01
2026/05/08,1712,興農,400~600張,36,0,4.28,0.01
2026/05/08,1712,興農,40~50張,161,2,1.77,0.02
2026/05/08,1712,興農,50~100張,296,6,5.02,0.09
2026/05/08,1712,興農,5~10張,2789,-5,5.14,-0.01
2026/05/08,1712,興農,600~800張,28,2,4.65,0.34
2026/05/08,1712,興農,800~1000張,10,-3,2.15,-0.63
2026/05/08,1712,興農,千張大戶,59,1,47.04,0.17
2026/05/08,1712,興農,零股散戶,58860,-136,0.5,-0.01
2026/05/15,1712,興農,100~200張,160,-2,5.38,-0.08
2026/05/15,1712,興農,10~15張,944,7,2.78,0.02
2026/05/15,1712,興農,15~20張,517,-7,2.26,-0.03
2026/05/15,1712,興農,1~5張,17377,45,8.39,0.03
2026/05/15,1712,興農,200~400張,92,3,5.98,0.2
2026/05/15,1712,興農,20~30張,451,6,2.69,0.03
2026/05/15,1712,興農,30~40張,240,-3,2.03,-0.02
2026/05/15,1712,興農,400~600張,33,-3,3.94,-0.34
2026/05/15,1712,興農,40~50張,162,1,1.78,0.01
2026/05/15,1712,興農,50~100張,302,6,5.12,0.1
2026/05/15,1712,興農,5~10張,2799,10,5.16,0.02
2026/05/15,1712,興農,600~800張,29,1,4.8,0.15
2026/05/15,1712,興農,800~1000張,11,1,2.36,0.21
2026/05/15,1712,興農,千張大戶,58,-1,46.76,-0.28
2026/05/15,1712,興農,零股散戶,58760,-100,0.5,0.0
2026/05/22,1712,興農,100~200張,160,0,5.37,-0.01
2026/05/22,1712,興農,10~15張,953,9,2.81,0.03
2026/05/22,1712,興農,15~20張,524,7,2.29,0.03
2026/05/22,1712,興農,1~5張,17446,69,8.44,0.05
2026/05/22,1712,興農,200~400張,92,0,5.98,0.0
2026/05/22,1712,興農,20~30張,454,3,2.71,0.02
2026/05/22,1712,興農,30~40張,243,3,2.04,0.01
2026/05/22,1712,興農,400~600張,35,2,4.19,0.25
2026/05/22,1712,興農,40~50張,165,3,1.81,0.03
2026/05/22,1712,興農,50~100張,300,-2,5.11,-0.01
2026/05/22,1712,興農,5~10張,2812,13,5.19,0.03
2026/05/22,1712,興農,600~800張,27,-2,4.48,-0.32
2026/05/22,1712,興農,800~1000張,10,-1,2.15,-0.21
2026/05/22,1712,興農,千張大戶,58,0,46.84,0.08
2026/05/22,1712,興農,零股散戶,58749,-11,0.51,0.01
2026/05/29,1712,興農,100~200張,156,-4,5.27,-0.1
2026/05/29,1712,興農,10~15張,947,-6,2.8,-0.01
2026/05/29,1712,興農,15~20張,542,18,2.37,0.08
2026/05/29,1712,興農,1~5張,17589,143,8.54,0.1
2026/05/29,1712,興農,200~400張,91,-1,5.89,-0.09
2026/05/29,1712,興農,20~30張,448,-6,2.67,-0.04
2026/05/29,1712,興農,30~40張,238,-5,2.0,-0.04
2026/05/29,1712,興農,400~600張,36,1,4.3,0.11
2026/05/29,1712,興農,40~50張,173,8,1.91,0.1
2026/05/29,1712,興農,50~100張,307,7,5.23,0.12
2026/05/29,1712,興農,5~10張,2916,104,5.4,0.21
2026/05/29,1712,興農,600~800張,24,-3,4.0,-0.48
2026/05/29,1712,興農,800~1000張,11,1,2.35,0.2
2026/05/29,1712,興農,千張大戶,57,-1,46.7,-0.14
2026/05/29,1712,興農,零股散戶,58715,-34,0.51,0.0
2026/06/05,1712,興農,100~200張,158,2,5.31,0.04
2026/06/05,1712,興農,10~15張,961,14,2.84,0.04
2026/06/05,1712,興農,15~20張,548,6,2.39,0.02
2026/06/05,1712,興農,1~5張,17678,89,8.59,0.05
2026/06/05,1712,興農,200~400張,90,-1,5.83,-0.06
2026/06/05,1712,興農,20~30張,441,-7,2.64,-0.03
2026/06/05,1712,興農,30~40張,234,-4,1.96,-0.04
2026/06/05,1712,興農,400~600張,34,-2,4.03,-0.27
2026/06/05,1712,興農,40~50張,172,-1,1.9,-0.01
2026/06/05,1712,興農,50~100張,308,1,5.2,-0.03
2026/06/05,1712,興農,5~10張,2967,51,5.51,0.11
2026/06/05,1712,興農,600~800張,24,0,3.93,-0.07
2026/06/05,1712,興農,800~1000張,13,2,2.78,0.43
2026/06/05,1712,興農,千張大戶,56,-1,46.5,-0.2
2026/06/05,1712,興農,零股散戶,58617,-98,0.51,0.0
2026/06/12,1712,興農,100~200張,160,2,5.35,0.04
2026/06/12,1712,興農,10~15張,958,-3,2.83,-0.01
2026/06/12,1712,興農,15~20張,556,8,2.43,0.04
2026/06/12,1712,興農,1~5張,17703,25,8.62,0.03
2026/06/12,1712,興農,200~400張,86,-4,5.52,-0.31
2026/06/12,1712,興農,20~30張,452,11,2.7,0.06
2026/06/12,1712,興農,30~40張,237,3,1.99,0.03
2026/06/12,1712,興農,400~600張,36,2,4.29,0.26
2026/06/12,1712,興農,40~50張,167,-5,1.84,-0.06
2026/06/12,1712,興農,50~100張,311,3,5.24,0.04
2026/06/12,1712,興農,5~10張,2966,-1,5.51,0.0
2026/06/12,1712,興農,600~800張,22,-2,3.65,-0.28
2026/06/12,1712,興農,800~1000張,13,0,2.73,-0.05
2026/06/12,1712,興農,千張大戶,57,1,46.71,0.21
2026/06/12,1712,興農,零股散戶,58626,9,0.51,0.0
2026/06/26,1712,興農,100~200張,157,0,5.24,-0.04
2026/06/26,1712,興農,10~15張,959,0,2.84,0.0
2026/06/26,1712,興農,15~20張,560,0,2.44,0.0
2026/06/26,1712,興農,1~5張,17730,3,8.64,0.01
2026/06/26,1712,興農,200~400張,88,2,5.72,0.2
2026/06/26,1712,興農,20~30張,458,2,2.74,0.02
2026/06/26,1712,興農,30~40張,232,-6,1.95,-0.05
2026/06/26,1712,興農,400~600張,34,-2,4.01,-0.28
2026/06/26,1712,興農,40~50張,167,2,1.84,0.02
2026/06/26,1712,興農,50~100張,308,-4,5.18,-0.08
2026/06/26,1712,興農,5~10張,3025,37,5.61,0.06
2026/06/26,1712,興農,600~800張,23,2,3.81,0.35
2026/06/26,1712,興農,800~1000張,13,-1,2.76,-0.22
2026/06/26,1712,興農,千張大戶,57,0,46.63,0.02
2026/06/26,1712,興農,零股散戶,58550,-44,0.51,0.0
2026/07/03,1712,興農,100~200張,158,1,5.23,-0.01
2026/07/03,1712,興農,10~15張,945,-14,2.8,-0.04
2026/07/03,1712,興農,15~20張,562,2,2.45,0.01
2026/07/03,1712,興農,1~5張,17690,-40,8.63,-0.01
2026/07/03,1712,興農,200~400張,90,2,5.81,0.09
2026/07/03,1712,興農,20~30張,455,-3,2.71,-0.03
2026/07/03,1712,興農,30~40張,233,1,1.96,0.01
2026/07/03,1712,興農,400~600張,32,-2,3.77,-0.24
2026/07/03,1712,興農,40~50張,167,0,1.84,0.0
2026/07/03,1712,興農,50~100張,305,-3,5.14,-0.04
2026/07/03,1712,興農,5~10張,2994,-31,5.55,-0.06
2026/07/03,1712,興農,600~800張,22,-1,3.64,-0.17
2026/07/03,1712,興農,800~1000張,15,2,3.21,0.45
2026/07/03,1712,興農,千張大戶,57,0,46.67,0.04
2026/07/03,1712,興農,零股散戶,58533,-17,0.51,0.0
2026/07/17,1712,興農,100~200張,157,-2,5.21,-0.08
2026/07/17,1712,興農,10~15張,950,3,2.81,0.0
2026/07/17,1712,興農,15~20張,559,1,2.43,0.0
2026/07/17,1712,興農,1~5張,17683,-15,8.63,0.0
2026/07/17,1712,興農,200~400張,89,1,5.78,0.06
2026/07/17,1712,興農,20~30張,462,5,2.76,0.03
2026/07/17,1712,興農,30~40張,230,-3,1.94,-0.02
2026/07/17,1712,興農,400~600張,34,1,3.99,0.1
2026/07/17,1712,興農,40~50張,171,-4,1.88,-0.05
2026/07/17,1712,興農,50~100張,302,4,5.11,0.07
2026/07/17,1712,興農,5~10張,3004,-11,5.57,-0.02
2026/07/17,1712,興農,600~800張,21,0,3.48,0.03
2026/07/17,1712,興農,800~1000張,13,0,2.76,0.0
2026/07/17,1712,興農,千張大戶,59,0,47.06,-0.12
2026/07/17,1712,興農,零股散戶,58481,-19,0.51,0.0
2026/07/24,1712,興農,100~200張,156,-1,5.21,0.0
2026/07/24,1712,興農,10~15張,961,11,2.85,0.04
2026/07/24,1712,興農,15~20張,567,8,2.47,0.04
2026/07/24,1712,興農,1~5張,17820,137,8.71,0.08
2026/07/24,1712,興農,200~400張,92,3,6.07,0.29
2026/07/24,1712,興農,20~30張,466,4,2.78,0.02
2026/07/24,1712,興農,30~40張,246,16,2.07,0.13
2026/07/24,1712,興農,400~600張,34,0,4.0,0.01
2026/07/24,1712,興農,40~50張,174,3,1.91,0.03
2026/07/24,1712,興農,50~100張,307,5,5.21,0.1
2026/07/24,1712,興農,5~10張,3037,33,5.65,0.08
2026/07/24,1712,興農,600~800張,21,0,3.49,0.01
2026/07/24,1712,興農,800~1000張,15,2,3.23,0.47
2026/07/24,1712,興農,千張大戶,54,-5,45.77,-1.29
2026/07/24,1712,興農,零股散戶,58478,-3,0.51,0.0
2026/07/31,1712,興農,100~200張,162,6,5.43,0.22
2026/07/31,1712,興農,10~15張,961,0,2.85,0.0
2026/07/31,1712,興農,15~20張,556,-11,2.43,-0.04
2026/07/31,1712,興農,1~5張,17737,-83,8.66,-0.05
2026/07/31,1712,興農,200~400張,89,-3,5.88,-0.19
2026/07/31,1712,興農,20~30張,468,2,2.79,0.01
2026/07/31,1712,興農,30~40張,244,-2,2.05,-0.02
2026/07/31,1712,興農,400~600張,34,0,3.99,-0.01
2026/07/31,1712,興農,40~50張,164,-10,1.81,-0.1
2026/07/31,1712,興農,50~100張,306,-1,5.15,-0.06
2026/07/31,1712,興農,5~10張,3030,-7,5.63,-0.02
2026/07/31,1712,興農,600~800張,20,-1,3.32,-0.17
2026/07/31,1712,興農,800~1000張,14,-1,3.01,-0.22
2026/07/31,1712,興農,千張大戶,56,2,46.4,0.63
2026/07/31,1712,興農,零股散戶,58507,29,0.51,0.0
2026/04/24,2006,東和鋼鐵,100~200張,103,2,2.07,0.08
2026/04/24,2006,東和鋼鐵,10~15張,802,17,1.35,0.03
2026/04/24,2006,東和鋼鐵,15~20張,323,0,0.78,0.0
2026/04/24,2006,東和鋼鐵,1~5張,19042,111,5.31,0.06
2026/04/24,2006,東和鋼鐵,200~400張,68,-2,2.66,-0.09
2026/04/24,2006,東和鋼鐵,20~30張,359,13,1.19,0.05
2026/04/24,2006,東和鋼鐵,30~40張,153,10,0.72,0.05
2026/04/24,2006,東和鋼鐵,400~600張,27,2,1.85,0.1
2026/04/24,2006,東和鋼鐵,40~50張,110,1,0.68,0.01
2026/04/24,2006,東和鋼鐵,50~100張,160,-2,1.51,0.01
2026/04/24,2006,東和鋼鐵,5~10張,2631,82,2.6,0.09
2026/04/24,2006,東和鋼鐵,600~800張,17,-1,1.64,-0.07
2026/04/24,2006,東和鋼鐵,800~1000張,11,-2,1.37,-0.26
2026/04/24,2006,東和鋼鐵,千張大戶,87,3,75.35,-0.03
2026/04/24,2006,東和鋼鐵,零股散戶,39989,10,0.86,0.01
2026/05/08,2006,東和鋼鐵,100~200張,104,0,2.09,0.0
2026/05/08,2006,東和鋼鐵,10~15張,840,33,1.41,0.05
2026/05/08,2006,東和鋼鐵,15~20張,334,2,0.8,0.0
2026/05/08,2006,東和鋼鐵,1~5張,19464,232,5.45,0.08
2026/05/08,2006,東和鋼鐵,200~400張,65,-3,2.59,-0.11
2026/05/08,2006,東和鋼鐵,20~30張,375,4,1.25,0.02
2026/05/08,2006,東和鋼鐵,30~40張,163,9,0.77,0.05
2026/05/08,2006,東和鋼鐵,400~600張,29,2,1.97,0.13
2026/05/08,2006,東和鋼鐵,40~50張,108,1,0.67,0.01
2026/05/08,2006,東和鋼鐵,50~100張,168,7,1.6,0.08
2026/05/08,2006,東和鋼鐵,5~10張,2707,50,2.68,0.05
2026/05/08,2006,東和鋼鐵,600~800張,21,2,2.03,0.2
2026/05/08,2006,東和鋼鐵,800~1000張,10,0,1.25,-0.01
2026/05/08,2006,東和鋼鐵,千張大戶,87,-1,74.51,-0.55
2026/05/08,2006,東和鋼鐵,零股散戶,39811,-125,0.85,0.0
2026/05/15,2006,東和鋼鐵,100~200張,106,2,2.15,0.06
2026/05/15,2006,東和鋼鐵,10~15張,849,9,1.42,0.01
2026/05/15,2006,東和鋼鐵,15~20張,348,14,0.84,0.04
2026/05/15,2006,東和鋼鐵,1~5張,19598,134,5.49,0.04
2026/05/15,2006,東和鋼鐵,200~400張,65,0,2.56,-0.03
2026/05/15,2006,東和鋼鐵,20~30張,378,3,1.26,0.01
2026/05/15,2006,東和鋼鐵,30~40張,168,5,0.79,0.02
2026/05/15,2006,東和鋼鐵,400~600張,31,2,2.13,0.16
2026/05/15,2006,東和鋼鐵,40~50張,108,0,0.67,0.0
2026/05/15,2006,東和鋼鐵,50~100張,173,5,1.63,0.03
2026/05/15,2006,東和鋼鐵,5~10張,2762,55,2.74,0.06
2026/05/15,2006,東和鋼鐵,600~800張,22,1,2.13,0.1
2026/05/15,2006,東和鋼鐵,800~1000張,11,1,1.41,0.16
2026/05/15,2006,東和鋼鐵,千張大戶,85,-2,73.87,-0.64
2026/05/15,2006,東和鋼鐵,零股散戶,39755,-56,0.85,0.0
2026/05/22,2006,東和鋼鐵,100~200張,105,-1,2.1,-0.05
2026/05/22,2006,東和鋼鐵,10~15張,862,13,1.45,0.03
2026/05/22,2006,東和鋼鐵,15~20張,361,13,0.87,0.03
2026/05/22,2006,東和鋼鐵,1~5張,19699,101,5.53,0.04
2026/05/22,2006,東和鋼鐵,200~400張,64,-1,2.47,-0.09
2026/05/22,2006,東和鋼鐵,20~30張,388,10,1.3,0.04
2026/05/22,2006,東和鋼鐵,30~40張,167,-1,0.79,0.0
2026/05/22,2006,東和鋼鐵,400~600張,33,2,2.24,0.11
2026/05/22,2006,東和鋼鐵,40~50張,110,2,0.68,0.01
2026/05/22,2006,東和鋼鐵,50~100張,172,-1,1.62,-0.01
2026/05/22,2006,東和鋼鐵,5~10張,2784,22,2.77,0.03
2026/05/22,2006,東和鋼鐵,600~800張,21,-1,1.99,-0.14
2026/05/22,2006,東和鋼鐵,800~1000張,11,0,1.38,-0.03
2026/05/22,2006,東和鋼鐵,千張大戶,86,1,73.88,0.01
2026/05/22,2006,東和鋼鐵,零股散戶,39672,-83,0.85,0.0
2026/05/29,2006,東和鋼鐵,100~200張,110,5,2.2,0.1
2026/05/29,2006,東和鋼鐵,10~15張,866,4,1.45,0.0
2026/05/29,2006,東和鋼鐵,15~20張,363,2,0.88,0.01
2026/05/29,2006,東和鋼鐵,1~5張,19811,112,5.55,0.02
2026/05/29,2006,東和鋼鐵,200~400張,66,2,2.58,0.11
2026/05/29,2006,東和鋼鐵,20~30張,387,-1,1.29,-0.01
2026/05/29,2006,東和鋼鐵,30~40張,169,2,0.8,0.01
2026/05/29,2006,東和鋼鐵,400~600張,30,-3,2.06,-0.18
2026/05/29,2006,東和鋼鐵,40~50張,114,4,0.71,0.03
2026/05/29,2006,東和鋼鐵,50~100張,175,3,1.65,0.03
2026/05/29,2006,東和鋼鐵,5~10張,2793,9,2.79,0.02
2026/05/29,2006,東和鋼鐵,600~800張,21,0,1.98,-0.01
2026/05/29,2006,東和鋼鐵,800~1000張,13,2,1.63,0.25
2026/05/29,2006,東和鋼鐵,千張大戶,84,-2,73.51,-0.37
2026/05/29,2006,東和鋼鐵,零股散戶,39547,-125,0.84,-0.01
2026/06/05,2006,東和鋼鐵,100~200張,111,1,2.22,0.02
2026/06/05,2006,東和鋼鐵,10~15張,875,9,1.47,0.02
2026/06/05,2006,東和鋼鐵,15~20張,359,-4,0.86,-0.02
2026/06/05,2006,東和鋼鐵,1~5張,19740,-71,5.53,-0.02
2026/06/05,2006,東和鋼鐵,200~400張,70,4,2.73,0.15
2026/06/05,2006,東和鋼鐵,20~30張,390,3,1.31,0.02
2026/06/05,2006,東和鋼鐵,30~40張,170,1,0.8,0.0
2026/06/05,2006,東和鋼鐵,400~600張,29,-1,2.01,-0.05
2026/06/05,2006,東和鋼鐵,40~50張,113,-1,0.7,-0.01
2026/06/05,2006,東和鋼鐵,50~100張,176,1,1.65,0.0
2026/06/05,2006,東和鋼鐵,5~10張,2783,-10,2.78,-0.01
2026/06/05,2006,東和鋼鐵,600~800張,19,-2,1.8,-0.18
2026/06/05,2006,東和鋼鐵,800~1000張,13,0,1.64,0.01
2026/06/05,2006,東和鋼鐵,千張大戶,85,1,73.57,0.06
2026/06/05,2006,東和鋼鐵,零股散戶,39454,-93,0.84,0.0
2026/06/12,2006,東和鋼鐵,100~200張,112,1,2.24,0.02
2026/06/12,2006,東和鋼鐵,10~15張,877,2,1.47,0.0
2026/06/12,2006,東和鋼鐵,15~20張,363,4,0.87,0.01
2026/06/12,2006,東和鋼鐵,1~5張,19706,-34,5.52,-0.01
2026/06/12,2006,東和鋼鐵,200~400張,69,-1,2.66,-0.07
2026/06/12,2006,東和鋼鐵,20~30張,391,1,1.31,0.0
2026/06/12,2006,東和鋼鐵,30~40張,174,4,0.82,0.02
2026/06/12,2006,東和鋼鐵,400~600張,31,2,2.14,0.13
2026/06/12,2006,東和鋼鐵,40~50張,112,-1,0.7,0.0
2026/06/12,2006,東和鋼鐵,50~100張,171,-5,1.62,-0.03
2026/06/12,2006,東和鋼鐵,5~10張,2786,3,2.79,0.01
2026/06/12,2006,東和鋼鐵,600~800張,20,1,1.9,0.1
2026/06/12,2006,東和鋼鐵,800~1000張,12,-1,1.5,-0.14
2026/06/12,2006,東和鋼鐵,千張大戶,86,1,73.55,-0.02
2026/06/12,2006,東和鋼鐵,零股散戶,39416,-38,0.84,0.0
2026/06/26,2006,東和鋼鐵,100~200張,111,-3,2.17,-0.11
2026/06/26,2006,東和鋼鐵,10~15張,855,-12,1.43,-0.03
2026/06/26,2006,東和鋼鐵,15~20張,354,-7,0.86,-0.01
2026/06/26,2006,東和鋼鐵,1~5張,19227,-195,5.39,-0.06
2026/06/26,2006,東和鋼鐵,200~400張,67,0,2.57,-0.02
2026/06/26,2006,東和鋼鐵,20~30張,377,-11,1.26,-0.04
2026/06/26,2006,東和鋼鐵,30~40張,159,-7,0.75,-0.03
2026/06/26,2006,東和鋼鐵,400~600張,29,-1,2.02,-0.05
2026/06/26,2006,東和鋼鐵,40~50張,118,4,0.73,0.02
2026/06/26,2006,東和鋼鐵,50~100張,172,1,1.64,0.03
2026/06/26,2006,東和鋼鐵,5~10張,2699,-28,2.69,-0.03
2026/06/26,2006,東和鋼鐵,600~800張,23,0,2.19,0.0
2026/06/26,2006,東和鋼鐵,800~1000張,10,0,1.27,0.0
2026/06/26,2006,東和鋼鐵,千張大戶,91,5,74.13,0.33
2026/06/26,2006,東和鋼鐵,零股散戶,39201,-106,0.83,0.0
2026/07/03,2006,東和鋼鐵,100~200張,114,3,2.22,0.05
2026/07/03,2006,東和鋼鐵,10~15張,864,9,1.45,0.02
2026/07/03,2006,東和鋼鐵,15~20張,359,5,0.86,0.0
2026/07/03,2006,東和鋼鐵,1~5張,19302,75,5.42,0.03
2026/07/03,2006,東和鋼鐵,200~400張,66,-1,2.53,-0.04
2026/07/03,2006,東和鋼鐵,20~30張,385,8,1.29,0.03
2026/07/03,2006,東和鋼鐵,30~40張,165,6,0.78,0.03
2026/07/03,2006,東和鋼鐵,400~600張,27,-2,1.82,-0.2
2026/07/03,2006,東和鋼鐵,40~50張,110,-8,0.69,-0.04
2026/07/03,2006,東和鋼鐵,50~100張,174,2,1.65,0.01
2026/07/03,2006,東和鋼鐵,5~10張,2715,16,2.71,0.02
2026/07/03,2006,東和鋼鐵,600~800張,26,3,2.48,0.29
2026/07/03,2006,東和鋼鐵,800~1000張,11,1,1.39,0.12
2026/07/03,2006,東和鋼鐵,千張大戶,90,-1,73.82,-0.31
2026/07/03,2006,東和鋼鐵,零股散戶,39182,-19,0.83,0.0
2026/07/17,2006,東和鋼鐵,100~200張,113,2,2.23,0.08
2026/07/17,2006,東和鋼鐵,10~15張,847,-13,1.42,-0.02
2026/07/17,2006,東和鋼鐵,15~20張,349,-3,0.84,-0.01
2026/07/17,2006,東和鋼鐵,1~5張,18847,-415,5.28,-0.14
2026/07/17,2006,東和鋼鐵,200~400張,72,1,2.76,0.02
2026/07/17,2006,東和鋼鐵,20~30張,381,-12,1.28,-0.04
2026/07/17,2006,東和鋼鐵,30~40張,156,-5,0.74,-0.02
2026/07/17,2006,東和鋼鐵,400~600張,25,-1,1.68,-0.1
2026/07/17,2006,東和鋼鐵,40~50張,105,-2,0.65,-0.02
2026/07/17,2006,東和鋼鐵,50~100張,180,0,1.7,-0.01
2026/07/17,2006,東和鋼鐵,5~10張,2641,-81,2.63,-0.09
2026/07/17,2006,東和鋼鐵,600~800張,25,0,2.39,-0.02
2026/07/17,2006,東和鋼鐵,800~1000張,14,4,1.72,0.46
2026/07/17,2006,東和鋼鐵,千張大戶,90,-1,73.79,-0.1
2026/07/17,2006,東和鋼鐵,零股散戶,38995,-143,0.82,0.0
2026/07/24,2006,東和鋼鐵,100~200張,113,0,2.22,-0.01
2026/07/24,2006,東和鋼鐵,10~15張,834,-13,1.4,-0.02
2026/07/24,2006,東和鋼鐵,15~20張,340,-9,0.82,-0.02
2026/07/24,2006,東和鋼鐵,1~5張,18718,-129,5.24,-0.04
2026/07/24,2006,東和鋼鐵,200~400張,72,0,2.77,0.01
2026/07/24,2006,東和鋼鐵,20~30張,381,0,1.27,-0.01
2026/07/24,2006,東和鋼鐵,30~40張,158,2,0.75,0.01
2026/07/24,2006,東和鋼鐵,400~600張,27,2,1.86,0.18
2026/07/24,2006,東和鋼鐵,40~50張,108,3,0.67,0.02
2026/07/24,2006,東和鋼鐵,50~100張,178,-2,1.68,-0.02
2026/07/24,2006,東和鋼鐵,5~10張,2638,-3,2.63,0.0
2026/07/24,2006,東和鋼鐵,600~800張,22,-3,2.16,-0.23
2026/07/24,2006,東和鋼鐵,800~1000張,18,4,2.22,0.5
2026/07/24,2006,東和鋼鐵,千張大戶,87,-3,73.43,-0.36
2026/07/24,2006,東和鋼鐵,零股散戶,38958,-37,0.82,0.0
2026/07/31,2006,東和鋼鐵,100~200張,111,-2,2.19,-0.03
2026/07/31,2006,東和鋼鐵,10~15張,814,-20,1.36,-0.04
2026/07/31,2006,東和鋼鐵,15~20張,335,-5,0.81,-0.01
2026/07/31,2006,東和鋼鐵,1~5張,18321,-397,5.13,-0.11
2026/07/31,2006,東和鋼鐵,200~400張,71,-1,2.72,-0.05
2026/07/31,2006,東和鋼鐵,20~30張,360,-21,1.2,-0.07
2026/07/31,2006,東和鋼鐵,30~40張,157,-1,0.74,-0.01
2026/07/31,2006,東和鋼鐵,400~600張,28,1,1.91,0.05
2026/07/31,2006,東和鋼鐵,40~50張,113,5,0.7,0.03
2026/07/31,2006,東和鋼鐵,50~100張,177,-1,1.66,-0.02
2026/07/31,2006,東和鋼鐵,5~10張,2552,-86,2.54,-0.09
2026/07/31,2006,東和鋼鐵,600~800張,26,4,2.53,0.37
2026/07/31,2006,東和鋼鐵,800~1000張,13,-5,1.63,-0.59
2026/07/31,2006,東和鋼鐵,千張大戶,89,2,73.98,0.55
2026/07/31,2006,東和鋼鐵,零股散戶,38943,-15,0.82,0.0
2026/04/24,2059,川湖,100~200張,47,-1,6.98,-0.14
2026/04/24,2059,川湖,10~15張,97,6,1.29,0.07
2026/04/24,2059,川湖,15~20張,61,-3,1.15,-0.05
2026/04/24,2059,川湖,1~5張,1683,-48,3.15,-0.03
2026/04/24,2059,川湖,200~400張,26,0,7.62,0.16
2026/04/24,2059,川湖,20~30張,75,6,1.96,0.16
2026/04/24,2059,川湖,30~40張,37,-2,1.36,-0.07
2026/04/24,2059,川湖,400~600張,13,0,6.54,0.09
2026/04/24,2059,川湖,40~50張,32,0,1.49,0.03
2026/04/24,2059,川湖,50~100張,70,4,5.18,0.43
2026/04/24,2059,川湖,5~10張,188,-2,1.47,0.0
2026/04/24,2059,川湖,600~800張,4,-1,3.02,-0.63
2026/04/24,2059,川湖,800~1000張,1,0,0.95,0.09
2026/04/24,2059,川湖,千張大戶,17,0,56.68,0.01
2026/04/24,2059,川湖,零股散戶,19852,-1043,1.11,-0.1
2026/05/08,2059,川湖,100~200張,50,-1,7.33,-0.16
2026/05/08,2059,川湖,10~15張,90,-4,1.2,-0.05
2026/05/08,2059,川湖,15~20張,69,6,1.31,0.12
2026/05/08,2059,川湖,1~5張,1384,-57,2.64,-0.12
2026/05/08,2059,川湖,200~400張,28,2,8.16,0.59
2026/05/08,2059,川湖,20~30張,75,3,1.97,0.1
2026/05/08,2059,川湖,30~40張,37,-6,1.36,-0.22
2026/05/08,2059,川湖,400~600張,10,-1,5.2,-0.4
2026/05/08,2059,川湖,40~50張,29,5,1.36,0.24
2026/05/08,2059,川湖,50~100張,67,-3,5.02,-0.22
2026/05/08,2059,川湖,5~10張,193,4,1.49,0.02
2026/05/08,2059,川湖,600~800張,4,0,2.99,-0.05
2026/05/08,2059,川湖,800~1000張,1,1,1.02,1.02
2026/05/08,2059,川湖,千張大戶,17,-1,58.0,-0.8
2026/05/08,2059,川湖,零股散戶,16467,-1010,0.86,-0.08
2026/05/15,2059,川湖,100~200張,42,-8,6.19,-1.14
2026/05/15,2059,川湖,10~15張,94,4,1.26,0.06
2026/05/15,2059,川湖,15~20張,68,-1,1.29,-0.02
2026/05/15,2059,川湖,1~5張,1357,-27,2.62,-0.02
2026/05/15,2059,川湖,200~400張,30,2,8.53,0.37
2026/05/15,2059,川湖,20~30張,74,-1,1.93,-0.04
2026/05/15,2059,川湖,30~40張,32,-5,1.17,-0.19
2026/05/15,2059,川湖,400~600張,11,1,5.56,0.36
2026/05/15,2059,川湖,40~50張,27,-2,1.28,-0.08
2026/05/15,2059,川湖,50~100張,66,-1,5.01,-0.01
2026/05/15,2059,川湖,5~10張,186,-7,1.45,-0.04
2026/05/15,2059,川湖,600~800張,4,0,2.9,-0.09
2026/05/15,2059,川湖,800~1000張,2,1,2.03,1.01
2026/05/15,2059,川湖,千張大戶,17,0,57.86,-0.14
2026/05/15,2059,川湖,零股散戶,17672,1205,0.84,-0.02
2026/05/22,2059,川湖,100~200張,46,4,6.91,0.72
2026/05/22,2059,川湖,10~15張,100,6,1.34,0.08
2026/05/22,2059,川湖,15~20張,66,-2,1.25,-0.04
2026/05/22,2059,川湖,1~5張,1362,5,2.62,0.0
2026/05/22,2059,川湖,200~400張,27,-3,7.93,-0.6
2026/05/22,2059,川湖,20~30張,76,2,1.99,0.06
2026/05/22,2059,川湖,30~40張,31,-1,1.12,-0.05
2026/05/22,2059,川湖,400~600張,11,0,5.73,0.17
2026/05/22,2059,川湖,40~50張,28,1,1.33,0.05
2026/05/22,2059,川湖,50~100張,65,-1,4.95,-0.06
2026/05/22,2059,川湖,5~10張,177,-9,1.37,-0.08
2026/05/22,2059,川湖,600~800張,4,0,2.9,0.0
2026/05/22,2059,川湖,800~1000張,2,0,2.03,0.0
2026/05/22,2059,川湖,千張大戶,17,0,57.59,-0.27
2026/05/22,2059,川湖,零股散戶,18065,393,0.85,0.01
2026/05/29,2059,川湖,100~200張,47,1,7.22,0.31
2026/05/29,2059,川湖,10~15張,102,2,1.37,0.03
2026/05/29,2059,川湖,15~20張,66,0,1.24,-0.01
2026/05/29,2059,川湖,1~5張,1401,39,2.69,0.07
2026/05/29,2059,川湖,200~400張,25,-2,7.12,-0.81
2026/05/29,2059,川湖,20~30張,74,-2,1.93,-0.06
2026/05/29,2059,川湖,30~40張,36,5,1.3,0.18
2026/05/29,2059,川湖,400~600張,11,0,5.72,-0.01
2026/05/29,2059,川湖,40~50張,28,0,1.33,0.0
2026/05/29,2059,川湖,50~100張,66,1,5.15,0.2
2026/05/29,2059,川湖,5~10張,174,-3,1.35,-0.02
2026/05/29,2059,川湖,600~800張,4,0,2.94,0.04
2026/05/29,2059,川湖,800~1000張,2,0,2.03,0.0
2026/05/29,2059,川湖,千張大戶,17,0,57.61,0.02
2026/05/29,2059,川湖,零股散戶,19968,1903,0.92,0.07
2026/06/05,2059,川湖,100~200張,49,2,7.36,0.14
2026/06/05,2059,川湖,10~15張,101,-1,1.36,-0.01
2026/06/05,2059,川湖,15~20張,60,-6,1.13,-0.11
2026/06/05,2059,川湖,1~5張,1337,-64,2.56,-0.13
2026/06/05,2059,川湖,200~400張,28,3,7.94,0.82
2026/06/05,2059,川湖,20~30張,86,12,2.23,0.3
2026/06/05,2059,川湖,30~40張,32,-4,1.16,-0.14
2026/06/05,2059,川湖,400~600張,8,-3,4.05,-1.67
2026/06/05,2059,川湖,40~50張,30,2,1.42,0.09
2026/06/05,2059,川湖,50~100張,64,-2,5.05,-0.1
2026/06/05,2059,川湖,5~10張,183,9,1.43,0.08
2026/06/05,2059,川湖,600~800張,5,1,3.61,0.67
2026/06/05,2059,川湖,800~1000張,2,0,2.01,-0.02
2026/06/05,2059,川湖,千張大戶,17,0,57.77,0.16
2026/06/05,2059,川湖,零股散戶,18454,-1514,0.85,-0.07
2026/06/12,2059,川湖,100~200張,58,9,8.55,1.19
2026/06/12,2059,川湖,10~15張,97,-4,1.3,-0.06
2026/06/12,2059,川湖,15~20張,64,4,1.19,0.06
2026/06/12,2059,川湖,1~5張,1236,-101,2.43,-0.13
2026/06/12,2059,川湖,200~400張,25,-3,7.32,-0.62
2026/06/12,2059,川湖,20~30張,86,0,2.27,0.04
2026/06/12,2059,川湖,30~40張,34,2,1.23,0.07
2026/06/12,2059,川湖,400~600張,7,-1,3.63,-0.42
2026/06/12,2059,川湖,40~50張,27,-3,1.27,-0.15
2026/06/12,2059,川湖,50~100張,64,0,5.02,-0.03
2026/06/12,2059,川湖,5~10張,190,7,1.49,0.06
2026/06/12,2059,川湖,600~800張,5,0,3.69,0.08
2026/06/12,2059,川湖,800~1000張,2,0,2.03,0.02
2026/06/12,2059,川湖,千張大戶,17,0,57.77,0.0
2026/06/12,2059,川湖,零股散戶,17528,-926,0.74,-0.11
2026/06/26,2059,川湖,100~200張,54,0,7.92,-0.08
2026/06/26,2059,川湖,10~15張,94,2,1.26,0.03
2026/06/26,2059,川湖,15~20張,63,-3,1.17,-0.06
2026/06/26,2059,川湖,1~5張,1264,-3,2.45,-0.03
2026/06/26,2059,川湖,200~400張,28,1,7.99,0.11
2026/06/26,2059,川湖,20~30張,91,5,2.37,0.11
2026/06/26,2059,川湖,30~40張,34,3,1.24,0.1
2026/06/26,2059,川湖,400~600張,8,-2,4.24,-1.21
2026/06/26,2059,川湖,40~50張,28,-2,1.32,-0.09
2026/06/26,2059,川湖,50~100張,67,0,5.25,0.07
2026/06/26,2059,川湖,5~10張,207,8,1.62,0.07
2026/06/26,2059,川湖,600~800張,4,2,2.96,1.36
2026/06/26,2059,川湖,800~1000張,3,2,2.98,1.98
2026/06/26,2059,川湖,千張大戶,16,-2,56.38,-2.37
2026/06/26,2059,川湖,零股散戶,17943,-219,0.74,-0.02
2026/07/03,2059,川湖,100~200張,54,0,8.03,0.11
2026/07/03,2059,川湖,10~15張,88,-6,1.18,-0.08
2026/07/03,2059,川湖,15~20張,64,1,1.19,0.02
2026/07/03,2059,川湖,1~5張,1251,-13,2.45,0.0
2026/07/03,2059,川湖,200~400張,26,-2,7.62,-0.37
2026/07/03,2059,川湖,20~30張,92,1,2.4,0.03
2026/07/03,2059,川湖,30~40張,35,1,1.3,0.06
2026/07/03,2059,川湖,400~600張,8,0,4.21,-0.03
2026/07/03,2059,川湖,40~50張,24,-4,1.14,-0.18
2026/07/03,2059,川湖,50~100張,72,5,5.61,0.36
2026/07/03,2059,川湖,5~10張,202,-5,1.59,-0.03
2026/07/03,2059,川湖,600~800張,4,0,2.97,0.01
2026/07/03,2059,川湖,800~1000張,3,0,2.98,0.0
2026/07/03,2059,川湖,千張大戶,16,0,56.54,0.16
2026/07/03,2059,川湖,零股散戶,17468,-475,0.72,-0.02
2026/07/17,2059,川湖,100~200張,63,7,9.36,1.01
2026/07/17,2059,川湖,10~15張,88,-6,1.18,-0.07
2026/07/17,2059,川湖,15~20張,69,0,1.29,0.0
2026/07/17,2059,川湖,1~5張,1248,-19,2.47,-0.01
2026/07/17,2059,川湖,200~400張,20,-5,6.02,-1.36
2026/07/17,2059,川湖,20~30張,91,3,2.34,0.05
2026/07/17,2059,川湖,30~40張,39,3,1.45,0.12
2026/07/17,2059,川湖,400~600張,9,1,4.56,0.42
2026/07/17,2059,川湖,40~50張,24,-1,1.13,-0.06
2026/07/17,2059,川湖,50~100張,72,0,5.59,-0.05
2026/07/17,2059,川湖,5~10張,209,3,1.63,0.03
2026/07/17,2059,川湖,600~800張,5,1,3.85,0.82
2026/07/17,2059,川湖,800~1000張,2,-1,1.98,-0.94
2026/07/17,2059,川湖,千張大戶,16,0,56.37,0.02
2026/07/17,2059,川湖,零股散戶,17893,336,0.71,0.01
2026/07/24,2059,川湖,100~200張,63,0,9.28,-0.08
2026/07/24,2059,川湖,10~15張,90,2,1.2,0.02
2026/07/24,2059,川湖,15~20張,70,1,1.31,0.02
2026/07/24,2059,川湖,1~5張,1284,36,2.52,0.05
2026/07/24,2059,川湖,200~400張,21,1,6.28,0.26
2026/07/24,2059,川湖,20~30張,88,-3,2.27,-0.07
2026/07/24,2059,川湖,30~40張,40,1,1.48,0.03
2026/07/24,2059,川湖,400~600張,9,0,4.5,-0.06
2026/07/24,2059,川湖,40~50張,24,0,1.13,0.0
2026/07/24,2059,川湖,50~100張,72,0,5.53,-0.06
2026/07/24,2059,川湖,5~10張,217,8,1.68,0.05
2026/07/24,2059,川湖,600~800張,5,0,3.77,-0.08
2026/07/24,2059,川湖,800~1000張,2,0,1.96,-0.02
2026/07/24,2059,川湖,千張大戶,16,0,56.28,-0.09
2026/07/24,2059,川湖,零股散戶,19298,1405,0.75,0.04
2026/07/31,2059,川湖,100~200張,65,2,9.65,0.37
2026/07/31,2059,川湖,10~15張,97,7,1.29,0.09
2026/07/31,2059,川湖,15~20張,71,1,1.33,0.02
2026/07/31,2059,川湖,1~5張,1279,-5,2.51,-0.01
2026/07/31,2059,川湖,200~400張,20,-1,6.22,-0.06
2026/07/31,2059,川湖,20~30張,90,2,2.36,0.09
2026/07/31,2059,川湖,30~40張,40,0,1.5,0.02
2026/07/31,2059,川湖,400~600張,10,1,5.01,0.51
2026/07/31,2059,川湖,40~50張,20,-4,0.96,-0.17
2026/07/31,2059,川湖,50~100張,73,1,5.56,0.03
2026/07/31,2059,川湖,5~10張,228,11,1.77,0.09
2026/07/31,2059,川湖,600~800張,4,-1,2.99,-0.78
2026/07/31,2059,川湖,800~1000張,2,0,1.96,0.0
2026/07/31,2059,川湖,千張大戶,16,0,56.04,-0.24
2026/07/31,2059,川湖,零股散戶,20980,1682,0.78,0.03
2026/04/24,2303,聯電,100~200張,1590,-45,1.74,-0.05
2026/04/24,2303,聯電,10~15張,18754,-956,1.86,-0.1
2026/04/24,2303,聯電,15~20張,10658,-623,1.54,-0.09
2026/04/24,2303,聯電,1~5張,378734,-12861,6.21,-0.26
2026/04/24,2303,聯電,200~400張,695,-10,1.55,-0.02
2026/04/24,2303,聯電,20~30張,9103,-457,1.81,-0.09
2026/04/24,2303,聯電,30~40張,4017,-158,1.12,-0.05
2026/04/24,2303,聯電,400~600張,245,-21,0.96,-0.08
2026/04/24,2303,聯電,40~50張,2440,-83,0.89,-0.03
2026/04/24,2303,聯電,50~100張,3864,-133,2.18,-0.07
2026/04/24,2303,聯電,5~10張,59364,-3414,3.6,-0.21
2026/04/24,2303,聯電,600~800張,144,9,0.8,0.05
2026/04/24,2303,聯電,800~1000張,96,-5,0.68,-0.04
2026/04/24,2303,聯電,千張大戶,642,5,74.62,1.04
2026/04/24,2303,聯電,零股散戶,257128,4598,0.37,0.0
2026/05/08,2303,聯電,100~200張,1526,-105,1.68,-0.11
2026/05/08,2303,聯電,10~15張,17682,-1116,1.75,-0.12
2026/05/08,2303,聯電,15~20張,10025,-647,1.44,-0.1
2026/05/08,2303,聯電,1~5張,367338,-12904,5.96,-0.27
2026/05/08,2303,聯電,200~400張,679,-19,1.51,-0.04
2026/05/08,2303,聯電,20~30張,8633,-476,1.71,-0.1
2026/05/08,2303,聯電,30~40張,3783,-220,1.06,-0.06
2026/05/08,2303,聯電,400~600張,258,4,1.02,0.02
2026/05/08,2303,聯電,40~50張,2267,-178,0.82,-0.07
2026/05/08,2303,聯電,50~100張,3693,-180,2.08,-0.1
2026/05/08,2303,聯電,5~10張,56171,-3477,3.41,-0.21
2026/05/08,2303,聯電,600~800張,140,-1,0.77,-0.02
2026/05/08,2303,聯電,800~1000張,91,-2,0.65,-0.01
2026/05/08,2303,聯電,千張大戶,652,10,75.69,1.18
2026/05/08,2303,聯電,零股散戶,260990,4169,0.38,0.01
2026/05/15,2303,聯電,100~200張,1506,-20,1.65,-0.03
2026/05/15,2303,聯電,10~15張,16880,-802,1.67,-0.08
2026/05/15,2303,聯電,15~20張,9475,-550,1.36,-0.08
2026/05/15,2303,聯電,1~5張,358690,-8648,5.78,-0.18
2026/05/15,2303,聯電,200~400張,696,17,1.56,0.05
2026/05/15,2303,聯電,20~30張,8243,-390,1.63,-0.08
2026/05/15,2303,聯電,30~40張,3637,-146,1.02,-0.04
2026/05/15,2303,聯電,400~600張,267,9,1.05,0.03
2026/05/15,2303,聯電,40~50張,2150,-117,0.78,-0.04
2026/05/15,2303,聯電,50~100張,3525,-168,1.98,-0.1
2026/05/15,2303,聯電,5~10張,53685,-2486,3.25,-0.16
2026/05/15,2303,聯電,600~800張,142,2,0.79,0.02
2026/05/15,2303,聯電,800~1000張,94,3,0.67,0.02
2026/05/15,2303,聯電,千張大戶,660,8,76.32,0.63
2026/05/15,2303,聯電,零股散戶,269084,8094,0.39,0.01
2026/05/22,2303,聯電,100~200張,1514,8,1.66,0.01
2026/05/22,2303,聯電,10~15張,16734,-146,1.66,-0.01
2026/05/22,2303,聯電,15~20張,9529,54,1.37,0.01
2026/05/22,2303,聯電,1~5張,371441,12751,5.94,0.16
2026/05/22,2303,聯電,200~400張,696,0,1.55,-0.01
2026/05/22,2303,聯電,20~30張,8158,-85,1.62,-0.01
2026/05/22,2303,聯電,30~40張,3604,-33,1.01,-0.01
2026/05/22,2303,聯電,400~600張,280,13,1.09,0.04
2026/05/22,2303,聯電,40~50張,2147,-3,0.78,0.0
2026/05/22,2303,聯電,50~100張,3520,-5,1.98,0.0
2026/05/22,2303,聯電,5~10張,53708,23,3.25,0.0
2026/05/22,2303,聯電,600~800張,141,-1,0.78,-0.01
2026/05/22,2303,聯電,800~1000張,88,-6,0.63,-0.04
2026/05/22,2303,聯電,千張大戶,676,16,76.21,-0.11
2026/05/22,2303,聯電,零股散戶,277855,8771,0.4,0.01
2026/05/29,2303,聯電,100~200張,1500,-14,1.65,-0.01
2026/05/29,2303,聯電,10~15張,16635,-99,1.65,-0.01
2026/05/29,2303,聯電,15~20張,9438,-91,1.36,-0.01
2026/05/29,2303,聯電,1~5張,385755,14314,6.09,0.15
2026/05/29,2303,聯電,200~400張,672,-24,1.49,-0.06
2026/05/29,2303,聯電,20~30張,8005,-153,1.58,-0.04
2026/05/29,2303,聯電,30~40張,3531,-73,0.99,-0.02
2026/05/29,2303,聯電,400~600張,270,-10,1.04,-0.05
2026/05/29,2303,聯電,40~50張,2124,-23,0.77,-0.01
2026/05/29,2303,聯電,50~100張,3488,-32,1.96,-0.02
2026/05/29,2303,聯電,5~10張,53607,-101,3.25,0.0
2026/05/29,2303,聯電,600~800張,143,2,0.78,0.0
2026/05/29,2303,聯電,800~1000張,91,3,0.65,0.02
2026/05/29,2303,聯電,千張大戶,674,-2,76.23,0.02
2026/05/29,2303,聯電,零股散戶,290978,13123,0.42,0.02
2026/06/05,2303,聯電,100~200張,1551,51,1.7,0.05
2026/06/05,2303,聯電,10~15張,17853,1218,1.77,0.12
2026/06/05,2303,聯電,15~20張,10032,594,1.45,0.09
2026/06/05,2303,聯電,1~5張,429318,43563,6.84,0.75
2026/06/05,2303,聯電,200~400張,669,-3,1.49,0.0
2026/06/05,2303,聯電,20~30張,8426,421,1.67,0.09
2026/06/05,2303,聯電,30~40張,3669,138,1.02,0.03
2026/06/05,2303,聯電,400~600張,274,4,1.06,0.02
2026/06/05,2303,聯電,40~50張,2206,82,0.8,0.03
2026/06/05,2303,聯電,50~100張,3582,94,2.01,0.05
2026/06/05,2303,聯電,5~10張,58381,4774,3.54,0.29
2026/06/05,2303,聯電,600~800張,154,11,0.85,0.07
2026/06/05,2303,聯電,800~1000張,91,0,0.64,-0.01
2026/06/05,2303,聯電,千張大戶,651,-23,74.6,-1.63
2026/06/05,2303,聯電,零股散戶,317467,26489,0.47,0.05
2026/06/12,2303,聯電,100~200張,1563,12,1.72,0.02
2026/06/12,2303,聯電,10~15張,18238,385,1.81,0.04
2026/06/12,2303,聯電,15~20張,10224,192,1.47,0.02
2026/06/12,2303,聯電,1~5張,445870,16552,7.1,0.26
2026/06/12,2303,聯電,200~400張,704,35,1.56,0.07
2026/06/12,2303,聯電,20~30張,8529,103,1.69,0.02
2026/06/12,2303,聯電,30~40張,3757,88,1.05,0.03
2026/06/12,2303,聯電,400~600張,262,-12,1.02,-0.04
2026/06/12,2303,聯電,40~50張,2262,56,0.82,0.02
2026/06/12,2303,聯電,50~100張,3620,38,2.04,0.03
2026/06/12,2303,聯電,5~10張,59829,1448,3.62,0.08
2026/06/12,2303,聯電,600~800張,159,5,0.88,0.03
2026/06/12,2303,聯電,800~1000張,92,1,0.65,0.01
2026/06/12,2303,聯電,千張大戶,668,17,73.97,-0.63
2026/06/12,2303,聯電,零股散戶,331740,14273,0.5,0.03
2026/06/26,2303,聯電,100~200張,1565,26,1.72,0.03
2026/06/26,2303,聯電,10~15張,17175,-504,1.7,-0.06
2026/06/26,2303,聯電,15~20張,9705,-274,1.4,-0.04
2026/06/26,2303,聯電,1~5張,423998,-11211,6.61,-0.24
2026/06/26,2303,聯電,200~400張,715,6,1.59,0.01
2026/06/26,2303,聯電,20~30張,8166,-234,1.62,-0.05
2026/06/26,2303,聯電,30~40張,3574,-89,1.0,-0.02
2026/06/26,2303,聯電,400~600張,262,-6,1.03,-0.02
2026/06/26,2303,聯電,40~50張,2219,-46,0.81,-0.01
2026/06/26,2303,聯電,50~100張,3530,-71,1.98,-0.05
2026/06/26,2303,聯電,5~10張,55774,-2026,3.38,-0.12
2026/06/26,2303,聯電,600~800張,158,-4,0.87,-0.03
2026/06/26,2303,聯電,800~1000張,99,4,0.7,0.02
2026/06/26,2303,聯電,千張大戶,698,21,75.02,0.57
2026/06/26,2303,聯電,零股散戶,336110,5097,0.49,0.0
2026/07/03,2303,聯電,100~200張,1583,18,1.73,0.01
2026/07/03,2303,聯電,10~15張,17768,593,1.76,0.06
2026/07/03,2303,聯電,15~20張,9919,214,1.43,0.03
2026/07/03,2303,聯電,1~5張,449670,25672,7.02,0.41
2026/07/03,2303,聯電,200~400張,732,17,1.64,0.05
2026/07/03,2303,聯電,20~30張,8383,217,1.66,0.04
2026/07/03,2303,聯電,30~40張,3614,40,1.01,0.01
2026/07/03,2303,聯電,400~600張,255,-7,1.0,-0.03
2026/07/03,2303,聯電,40~50張,2214,-5,0.8,-0.01
2026/07/03,2303,聯電,50~100張,3586,56,2.01,0.03
2026/07/03,2303,聯電,5~10張,57925,2151,3.51,0.13
2026/07/03,2303,聯電,600~800張,156,-2,0.86,-0.01
2026/07/03,2303,聯電,800~1000張,103,4,0.73,0.03
2026/07/03,2303,聯電,千張大戶,696,-2,74.23,-0.79
2026/07/03,2303,聯電,零股散戶,353429,17319,0.52,0.03
2026/07/17,2303,聯電,100~200張,1585,12,1.73,0.01
2026/07/17,2303,聯電,10~15張,18138,299,1.8,0.03
2026/07/17,2303,聯電,15~20張,10033,122,1.45,0.02
2026/07/17,2303,聯電,1~5張,459058,7966,7.19,0.13
2026/07/17,2303,聯電,200~400張,732,5,1.63,0.01
2026/07/17,2303,聯電,20~30張,8554,126,1.7,0.03
2026/07/17,2303,聯電,30~40張,3647,28,1.02,0.01
2026/07/17,2303,聯電,400~600張,251,-3,0.97,-0.02
2026/07/17,2303,聯電,40~50張,2233,25,0.81,0.01
2026/07/17,2303,聯電,50~100張,3609,23,2.02,0.01
2026/07/17,2303,聯電,5~10張,59104,927,3.58,0.06
2026/07/17,2303,聯電,600~800張,163,2,0.9,0.01
2026/07/17,2303,聯電,800~1000張,107,1,0.76,0.01
2026/07/17,2303,聯電,千張大戶,693,3,73.82,-0.33
2026/07/17,2303,聯電,零股散戶,360320,3583,0.54,0.01
2026/07/24,2303,聯電,100~200張,1613,28,1.77,0.04
2026/07/24,2303,聯電,10~15張,18941,803,1.88,0.08
2026/07/24,2303,聯電,15~20張,10381,348,1.5,0.05
2026/07/24,2303,聯電,1~5張,478181,19123,7.55,0.36
2026/07/24,2303,聯電,200~400張,756,24,1.69,0.06
2026/07/24,2303,聯電,20~30張,8812,258,1.75,0.05
2026/07/24,2303,聯電,30~40張,3802,155,1.06,0.04
2026/07/24,2303,聯電,400~600張,256,5,1.0,0.03
2026/07/24,2303,聯電,40~50張,2297,64,0.83,0.02
2026/07/24,2303,聯電,50~100張,3723,114,2.09,0.07
2026/07/24,2303,聯電,5~10張,62092,2988,3.75,0.17
2026/07/24,2303,聯電,600~800張,163,0,0.9,0.0
2026/07/24,2303,聯電,800~1000張,105,-2,0.75,-0.01
2026/07/24,2303,聯電,千張大戶,687,-6,72.85,-0.97
2026/07/24,2303,聯電,零股散戶,370773,10453,0.56,0.02
2026/07/31,2303,聯電,100~200張,1622,9,1.78,0.01
2026/07/31,2303,聯電,10~15張,19576,635,1.95,0.07
2026/07/31,2303,聯電,15~20張,10637,256,1.53,0.03
2026/07/31,2303,聯電,1~5張,486932,8751,7.75,0.2
2026/07/31,2303,聯電,200~400張,743,-13,1.66,-0.03
2026/07/31,2303,聯電,20~30張,9051,239,1.79,0.04
2026/07/31,2303,聯電,30~40張,3925,123,1.1,0.04
2026/07/31,2303,聯電,400~600張,248,-8,0.96,-0.04
2026/07/31,2303,聯電,40~50張,2333,36,0.85,0.02
2026/07/31,2303,聯電,50~100張,3777,54,2.12,0.03
2026/07/31,2303,聯電,5~10張,64409,2317,3.89,0.14
2026/07/31,2303,聯電,600~800張,165,2,0.91,0.01
2026/07/31,2303,聯電,800~1000張,101,-4,0.72,-0.03
2026/07/31,2303,聯電,千張大戶,668,-19,72.33,-0.52
2026/07/31,2303,聯電,零股散戶,375704,4931,0.58,0.02
2026/04/24,2308,台達電,100~200張,484,3,2.65,0.02
2026/04/24,2308,台達電,10~15張,1064,14,0.51,0.01
2026/04/24,2308,台達電,15~20張,520,-10,0.35,-0.01
2026/04/24,2308,台達電,1~5張,51153,2503,3.25,0.13
2026/04/24,2308,台達電,200~400張,360,9,4.02,0.12
2026/04/24,2308,台達電,20~30張,556,19,0.52,0.02
2026/04/24,2308,台達電,30~40張,332,3,0.44,0.0
2026/04/24,2308,台達電,400~600張,156,-3,2.97,-0.04
2026/04/24,2308,台達電,40~50張,242,7,0.42,0.01
2026/04/24,2308,台達電,50~100張,631,-8,1.76,-0.02
2026/04/24,2308,台達電,5~10張,3341,46,0.94,0.01
2026/04/24,2308,台達電,600~800張,82,1,2.18,0.03
2026/04/24,2308,台達電,800~1000張,49,-6,1.7,-0.22
2026/04/24,2308,台達電,千張大戶,299,0,77.22,-0.12
2026/04/24,2308,台達電,零股散戶,243461,23398,0.99,0.06
2026/05/08,2308,台達電,100~200張,489,9,2.69,0.06
2026/05/08,2308,台達電,10~15張,1063,14,0.51,0.01
2026/05/08,2308,台達電,15~20張,533,17,0.36,0.01
2026/05/08,2308,台達電,1~5張,51421,999,3.27,0.06
2026/05/08,2308,台達電,200~400張,361,-1,3.97,-0.05
2026/05/08,2308,台達電,20~30張,563,1,0.53,0.0
2026/05/08,2308,台達電,30~40張,349,9,0.46,0.01
2026/05/08,2308,台達電,400~600張,153,1,2.92,0.05
2026/05/08,2308,台達電,40~50張,243,-4,0.42,-0.01
2026/05/08,2308,台達電,50~100張,642,9,1.8,0.03
2026/05/08,2308,台達電,5~10張,3329,14,0.94,0.0
2026/05/08,2308,台達電,600~800張,82,-6,2.19,-0.14
2026/05/08,2308,台達電,800~1000張,51,3,1.76,0.1
2026/05/08,2308,台達電,千張大戶,296,-2,77.08,-0.15
2026/05/08,2308,台達電,零股散戶,266656,15875,1.03,0.03
2026/05/15,2308,台達電,100~200張,502,13,2.75,0.06
2026/05/15,2308,台達電,10~15張,1075,12,0.51,0.0
2026/05/15,2308,台達電,15~20張,540,7,0.37,0.01
2026/05/15,2308,台達電,1~5張,54417,2996,3.45,0.18
2026/05/15,2308,台達電,200~400張,353,-8,3.89,-0.08
2026/05/15,2308,台達電,20~30張,568,5,0.54,0.01
2026/05/15,2308,台達電,30~40張,349,0,0.46,0.0
2026/05/15,2308,台達電,400~600張,152,-1,2.89,-0.03
2026/05/15,2308,台達電,40~50張,240,-3,0.42,0.0
2026/05/15,2308,台達電,50~100張,649,7,1.81,0.01
2026/05/15,2308,台達電,5~10張,3417,88,0.96,0.02
2026/05/15,2308,台達電,600~800張,85,3,2.28,0.09
2026/05/15,2308,台達電,800~1000張,53,2,1.82,0.06
2026/05/15,2308,台達電,千張大戶,291,-5,76.67,-0.41
2026/05/15,2308,台達電,零股散戶,290389,23733,1.1,0.07
2026/05/22,2308,台達電,100~200張,495,-7,2.7,-0.05
2026/05/22,2308,台達電,10~15張,1101,26,0.52,0.01
2026/05/22,2308,台達電,15~20張,539,-1,0.37,0.0
2026/05/22,2308,台達電,1~5張,56476,2059,3.6,0.15
2026/05/22,2308,台達電,200~400張,361,8,3.95,0.06
2026/05/22,2308,台達電,20~30張,587,19,0.56,0.02
2026/05/22,2308,台達電,30~40張,341,-8,0.45,-0.01
2026/05/22,2308,台達電,400~600張,154,2,2.92,0.03
2026/05/22,2308,台達電,40~50張,237,-3,0.41,-0.01
2026/05/22,2308,台達電,50~100張,657,8,1.83,0.02
2026/05/22,2308,台達電,5~10張,3518,101,0.99,0.03
2026/05/22,2308,台達電,600~800張,80,-5,2.15,-0.13
2026/05/22,2308,台達電,800~1000張,52,-1,1.78,-0.04
2026/05/22,2308,台達電,千張大戶,289,-2,76.46,-0.21
2026/05/22,2308,台達電,零股散戶,321746,31357,1.23,0.13
2026/05/29,2308,台達電,100~200張,516,21,2.81,0.11
2026/05/29,2308,台達電,10~15張,1080,-21,0.51,-0.01
2026/05/29,2308,台達電,15~20張,517,-22,0.35,-0.02
2026/05/29,2308,台達電,1~5張,52912,-3564,3.38,-0.22
2026/05/29,2308,台達電,200~400張,361,0,3.95,0.0
2026/05/29,2308,台達電,20~30張,582,-5,0.55,-0.01
2026/05/29,2308,台達電,30~40張,351,10,0.47,0.02
2026/05/29,2308,台達電,400~600張,155,1,2.93,0.01
2026/05/29,2308,台達電,40~50張,234,-3,0.41,0.0
2026/05/29,2308,台達電,50~100張,670,13,1.86,0.03
2026/05/29,2308,台達電,5~10張,3400,-118,0.96,-0.03
2026/05/29,2308,台達電,600~800張,85,5,2.26,0.11
2026/05/29,2308,台達電,800~1000張,54,2,1.85,0.07
2026/05/29,2308,台達電,千張大戶,291,2,76.47,0.01
2026/05/29,2308,台達電,零股散戶,315319,-6427,1.17,-0.06
2026/06/05,2308,台達電,100~200張,508,-8,2.77,-0.04
2026/06/05,2308,台達電,10~15張,1080,0,0.51,0.0
2026/06/05,2308,台達電,15~20張,510,-7,0.35,0.0
2026/06/05,2308,台達電,1~5張,53834,922,3.42,0.04
2026/06/05,2308,台達電,200~400張,368,7,3.99,0.04
2026/06/05,2308,台達電,20~30張,582,0,0.55,0.0
2026/06/05,2308,台達電,30~40張,355,4,0.47,0.0
2026/06/05,2308,台達電,400~600張,160,5,3.04,0.11
2026/06/05,2308,台達電,40~50張,239,5,0.41,0.0
2026/06/05,2308,台達電,50~100張,678,8,1.89,0.03
2026/06/05,2308,台達電,5~10張,3422,22,0.97,0.01
2026/06/05,2308,台達電,600~800張,81,-4,2.15,-0.11
2026/06/05,2308,台達電,800~1000張,59,5,2.01,0.16
2026/06/05,2308,台達電,千張大戶,289,-2,76.2,-0.27
2026/06/05,2308,台達電,零股散戶,328351,13032,1.2,0.03
2026/06/12,2308,台達電,100~200張,511,3,2.8,0.03
2026/06/12,2308,台達電,10~15張,1115,35,0.53,0.02
2026/06/12,2308,台達電,15~20張,537,27,0.37,0.02
2026/06/12,2308,台達電,1~5張,57970,4136,3.68,0.26
2026/06/12,2308,台達電,200~400張,355,-13,3.81,-0.18
2026/06/12,2308,台達電,20~30張,588,6,0.56,0.01
2026/06/12,2308,台達電,30~40張,354,-1,0.47,0.0
2026/06/12,2308,台達電,400~600張,163,3,3.08,0.04
2026/06/12,2308,台達電,40~50張,241,2,0.42,0.01
2026/06/12,2308,台達電,50~100張,678,0,1.88,-0.01
2026/06/12,2308,台達電,5~10張,3593,171,1.01,0.04
2026/06/12,2308,台達電,600~800張,86,5,2.3,0.15
2026/06/12,2308,台達電,800~1000張,54,-5,1.85,-0.16
2026/06/12,2308,台達電,千張大戶,293,4,75.82,-0.38
2026/06/12,2308,台達電,零股散戶,373327,44976,1.35,0.15
2026/06/26,2308,台達電,100~200張,501,-8,2.74,-0.04
2026/06/26,2308,台達電,10~15張,1201,66,0.57,0.03
2026/06/26,2308,台達電,15~20張,563,8,0.38,0.0
2026/06/26,2308,台達電,1~5張,65327,5462,4.17,0.37
2026/06/26,2308,台達電,200~400張,350,-5,3.81,-0.06
2026/06/26,2308,台達電,20~30張,617,22,0.58,0.02
2026/06/26,2308,台達電,30~40張,363,11,0.48,0.01
2026/06/26,2308,台達電,400~600張,145,-10,2.76,-0.2
2026/06/26,2308,台達電,40~50張,238,-6,0.41,-0.01
2026/06/26,2308,台達電,50~100張,688,0,1.9,-0.01
2026/06/26,2308,台達電,5~10張,3923,251,1.11,0.08
2026/06/26,2308,台達電,600~800張,97,12,2.6,0.32
2026/06/26,2308,台達電,800~1000張,49,-6,1.69,-0.2
2026/06/26,2308,台達電,千張大戶,290,5,75.07,-0.55
2026/06/26,2308,台達電,零股散戶,439054,52957,1.64,0.23
2026/07/03,2308,台達電,100~200張,500,-1,2.72,-0.02
2026/07/03,2308,台達電,10~15張,1235,34,0.59,0.02
2026/07/03,2308,台達電,15~20張,592,29,0.4,0.02
2026/07/03,2308,台達電,1~5張,67486,2159,4.34,0.17
2026/07/03,2308,台達電,200~400張,352,2,3.84,0.03
2026/07/03,2308,台達電,20~30張,619,2,0.58,0.0
2026/07/03,2308,台達電,30~40張,376,13,0.5,0.02
2026/07/03,2308,台達電,400~600張,147,2,2.8,0.04
2026/07/03,2308,台達電,40~50張,252,14,0.44,0.03
2026/07/03,2308,台達電,50~100張,678,-10,1.88,-0.02
2026/07/03,2308,台達電,5~10張,3988,65,1.12,0.01
2026/07/03,2308,台達電,600~800張,93,-4,2.5,-0.1
2026/07/03,2308,台達電,800~1000張,52,3,1.8,0.11
2026/07/03,2308,台達電,千張大戶,286,-4,74.62,-0.45
2026/07/03,2308,台達電,零股散戶,471086,32032,1.79,0.15
2026/07/17,2308,台達電,100~200張,508,7,2.79,0.05
2026/07/17,2308,台達電,10~15張,1265,14,0.6,0.01
2026/07/17,2308,台達電,15~20張,606,6,0.41,0.0
2026/07/17,2308,台達電,1~5張,68655,513,4.42,0.03
2026/07/17,2308,台達電,200~400張,356,8,3.88,0.09
2026/07/17,2308,台達電,20~30張,615,2,0.58,0.0
2026/07/17,2308,台達電,30~40張,375,-1,0.5,0.0
2026/07/17,2308,台達電,400~600張,146,-4,2.79,-0.06
2026/07/17,2308,台達電,40~50張,251,3,0.44,0.01
2026/07/17,2308,台達電,50~100張,688,7,1.91,0.01
2026/07/17,2308,台達電,5~10張,4071,45,1.14,0.01
2026/07/17,2308,台達電,600~800張,87,-5,2.32,-0.14
2026/07/17,2308,台達電,800~1000張,55,6,1.88,0.2
2026/07/17,2308,台達電,千張大戶,283,-3,74.38,-0.25
2026/07/17,2308,台達電,零股散戶,483451,4469,1.87,0.04
2026/07/24,2308,台達電,100~200張,497,-11,2.71,-0.08
2026/07/24,2308,台達電,10~15張,1261,-4,0.6,0.0
2026/07/24,2308,台達電,15~20張,623,17,0.43,0.02
2026/07/24,2308,台達電,1~5張,69143,488,4.46,0.04
2026/07/24,2308,台達電,200~400張,360,4,3.91,0.03
2026/07/24,2308,台達電,20~30張,621,6,0.59,0.01
2026/07/24,2308,台達電,30~40張,368,-7,0.49,-0.01
2026/07/24,2308,台達電,400~600張,143,-3,2.74,-0.05
2026/07/24,2308,台達電,40~50張,241,-10,0.42,-0.02
2026/07/24,2308,台達電,50~100張,696,8,1.93,0.02
2026/07/24,2308,台達電,5~10張,4119,48,1.16,0.02
2026/07/24,2308,台達電,600~800張,89,2,2.37,0.05
2026/07/24,2308,台達電,800~1000張,53,-2,1.82,-0.06
2026/07/24,2308,台達電,千張大戶,284,1,74.39,0.01
2026/07/24,2308,台達電,零股散戶,485745,2294,1.91,0.04
2026/07/31,2308,台達電,100~200張,472,-25,2.58,-0.13
2026/07/31,2308,台達電,10~15張,1300,39,0.62,0.02
2026/07/31,2308,台達電,15~20張,639,16,0.44,0.01
2026/07/31,2308,台達電,1~5張,71266,2123,4.64,0.18
2026/07/31,2308,台達電,200~400張,359,-1,3.91,0.0
2026/07/31,2308,台達電,20~30張,619,-2,0.58,-0.01
2026/07/31,2308,台達電,30~40張,377,9,0.5,0.01
2026/07/31,2308,台達電,400~600張,146,3,2.79,0.05
2026/07/31,2308,台達電,40~50張,252,11,0.44,0.02
2026/07/31,2308,台達電,50~100張,702,6,1.95,0.02
2026/07/31,2308,台達電,5~10張,4330,211,1.21,0.05
2026/07/31,2308,台達電,600~800張,79,-10,2.09,-0.28
2026/07/31,2308,台達電,800~1000張,60,7,2.04,0.22
2026/07/31,2308,台達電,千張大戶,283,-1,74.11,-0.28
2026/07/31,2308,台達電,零股散戶,499026,13281,2.01,0.1
2026/04/24,2313,華通,100~200張,190,-2,2.26,-0.05
2026/04/24,2313,華通,10~15張,1739,294,1.88,0.32
2026/04/24,2313,華通,15~20張,1112,177,1.73,0.27
2026/04/24,2313,華通,1~5張,98976,5860,14.99,1.54
2026/04/24,2313,華通,200~400張,94,-13,2.16,-0.34
2026/04/24,2313,華通,20~30張,833,163,1.8,0.34
2026/04/24,2313,華通,30~40張,342,43,1.03,0.13
2026/04/24,2313,華通,400~600張,49,-1,2.01,-0.01
2026/04/24,2313,華通,40~50張,210,14,0.82,0.05
2026/04/24,2313,華通,50~100張,340,17,2.05,0.1
2026/04/24,2313,華通,5~10張,7307,1344,4.79,0.82
2026/04/24,2313,華通,600~800張,36,-1,2.14,0.0
2026/04/24,2313,華通,800~1000張,19,-5,1.44,-0.37
2026/04/24,2313,華通,千張大戶,113,-7,59.49,-2.98
2026/04/24,2313,華通,零股散戶,112279,4404,1.34,0.17
2026/05/08,2313,華通,100~200張,188,4,2.28,0.08
2026/05/08,2313,華通,10~15張,1580,-125,1.7,-0.13
2026/05/08,2313,華通,15~20張,1021,-50,1.6,-0.07
2026/05/08,2313,華通,1~5張,101772,3834,14.97,0.2
2026/05/08,2313,華通,200~400張,102,2,2.45,0.13
2026/05/08,2313,華通,20~30張,752,-39,1.64,-0.08
2026/05/08,2313,華通,30~40張,327,-16,0.98,-0.05
2026/05/08,2313,華通,400~600張,44,-2,1.8,-0.07
2026/05/08,2313,華通,40~50張,197,-1,0.77,0.0
2026/05/08,2313,華通,50~100張,321,-18,1.93,-0.13
2026/05/08,2313,華通,5~10張,6689,-453,4.41,-0.28
2026/05/08,2313,華通,600~800張,33,-2,1.92,-0.12
2026/05/08,2313,華通,800~1000張,21,3,1.59,0.24
2026/05/08,2313,華通,千張大戶,115,2,60.53,0.3
2026/05/08,2313,華通,零股散戶,117266,3496,1.37,0.0
2026/05/15,2313,華通,100~200張,193,5,2.33,0.05
2026/05/15,2313,華通,10~15張,1609,29,1.73,0.03
2026/05/15,2313,華通,15~20張,1008,-13,1.58,-0.02
2026/05/15,2313,華通,1~5張,103839,2067,15.36,0.39
2026/05/15,2313,華通,200~400張,108,6,2.59,0.14
2026/05/15,2313,華通,20~30張,755,3,1.64,0.0
2026/05/15,2313,華通,30~40張,344,17,1.04,0.06
2026/05/15,2313,華通,400~600張,46,2,1.89,0.09
2026/05/15,2313,華通,40~50張,201,4,0.78,0.01
2026/05/15,2313,華通,50~100張,333,12,1.99,0.06
2026/05/15,2313,華通,5~10張,6985,296,4.59,0.18
2026/05/15,2313,華通,600~800張,29,-4,1.69,-0.23
2026/05/15,2313,華通,800~1000張,22,1,1.65,0.06
2026/05/15,2313,華通,千張大戶,115,0,59.6,-0.93
2026/05/15,2313,華通,零股散戶,122022,4756,1.47,0.1
2026/05/22,2313,華通,100~200張,196,3,2.39,0.06
2026/05/22,2313,華通,10~15張,1553,-56,1.67,-0.06
2026/05/22,2313,華通,15~20張,972,-36,1.52,-0.06
2026/05/22,2313,華通,1~5張,105496,1657,15.31,-0.05
2026/05/22,2313,華通,200~400張,104,-4,2.51,-0.08
2026/05/22,2313,華通,20~30張,729,-26,1.58,-0.06
2026/05/22,2313,華通,30~40張,311,-33,0.94,-0.1
2026/05/22,2313,華通,400~600張,47,1,1.94,0.05
2026/05/22,2313,華通,40~50張,205,4,0.79,0.01
2026/05/22,2313,華通,50~100張,337,4,2.03,0.04
2026/05/22,2313,華通,5~10張,6701,-284,4.43,-0.16
2026/05/22,2313,華通,600~800張,31,2,1.8,0.11
2026/05/22,2313,華通,800~1000張,22,0,1.69,0.04
2026/05/22,2313,華通,千張大戶,117,2,59.9,0.3
2026/05/22,2313,華通,零股散戶,121041,-981,1.41,-0.06
2026/05/29,2313,華通,100~200張,187,-9,2.25,-0.14
2026/05/29,2313,華通,10~15張,1644,91,1.77,0.1
2026/05/29,2313,華通,15~20張,1033,61,1.62,0.1
2026/05/29,2313,華通,1~5張,112517,7021,16.38,1.07
2026/05/29,2313,華通,200~400張,103,-1,2.49,-0.02
2026/05/29,2313,華通,20~30張,733,4,1.58,0.0
2026/05/29,2313,華通,30~40張,309,-2,0.93,-0.01
2026/05/29,2313,華通,400~600張,50,3,2.05,0.11
2026/05/29,2313,華通,40~50張,186,-19,0.73,-0.06
2026/05/29,2313,華通,50~100張,348,11,2.09,0.06
2026/05/29,2313,華通,5~10張,7105,404,4.69,0.26
2026/05/29,2313,華通,600~800張,31,0,1.78,-0.02
2026/05/29,2313,華通,800~1000張,23,1,1.75,0.06
2026/05/29,2313,華通,千張大戶,115,-2,58.23,-1.67
2026/05/29,2313,華通,零股散戶,134250,13209,1.6,0.19
2026/06/05,2313,華通,100~200張,186,-1,2.22,-0.03
2026/06/05,2313,華通,10~15張,1732,88,1.87,0.1
2026/06/05,2313,華通,15~20張,1049,16,1.64,0.02
2026/06/05,2313,華通,1~5張,121813,9296,17.54,1.16
2026/06/05,2313,華通,200~400張,104,1,2.48,-0.01
2026/06/05,2313,華通,20~30張,777,44,1.67,0.09
2026/06/05,2313,華通,30~40張,330,21,0.99,0.06
2026/06/05,2313,華通,400~600張,45,-5,1.86,-0.19
2026/06/05,2313,華通,40~50張,197,11,0.77,0.04
2026/06/05,2313,華通,50~100張,341,-7,2.04,-0.05
2026/06/05,2313,華通,5~10張,7601,496,5.02,0.33
2026/06/05,2313,華通,600~800張,31,0,1.79,0.01
2026/06/05,2313,華通,800~1000張,25,2,1.88,0.13
2026/06/05,2313,華通,千張大戶,109,-6,56.33,-1.9
2026/06/05,2313,華通,零股散戶,147938,13688,1.82,0.22
2026/06/12,2313,華通,100~200張,187,1,2.26,0.04
2026/06/12,2313,華通,10~15張,1730,-2,1.87,0.0
2026/06/12,2313,華通,15~20張,1010,-39,1.57,-0.07
2026/06/12,2313,華通,1~5張,121784,-29,17.51,-0.03
2026/06/12,2313,華通,200~400張,98,-6,2.34,-0.14
2026/06/12,2313,華通,20~30張,790,13,1.71,0.04
2026/06/12,2313,華通,30~40張,314,-16,0.94,-0.05
2026/06/12,2313,華通,400~600張,50,5,2.07,0.21
2026/06/12,2313,華通,40~50張,201,4,0.79,0.02
2026/06/12,2313,華通,50~100張,343,2,2.06,0.02
2026/06/12,2313,華通,5~10張,7535,-66,4.98,-0.04
2026/06/12,2313,華通,600~800張,29,-2,1.67,-0.12
2026/06/12,2313,華通,800~1000張,24,-1,1.84,-0.04
2026/06/12,2313,華通,千張大戶,110,1,56.44,0.11
2026/06/12,2313,華通,零股散戶,151985,4047,1.87,0.05
2026/06/26,2313,華通,100~200張,185,1,2.22,-0.02
2026/06/26,2313,華通,10~15張,2096,277,2.26,0.3
2026/06/26,2313,華通,15~20張,1249,165,1.94,0.25
2026/06/26,2313,華通,1~5張,136078,8036,20.22,1.61
2026/06/26,2313,華通,200~400張,88,-6,2.1,-0.13
2026/06/26,2313,華通,20~30張,912,66,1.97,0.14
2026/06/26,2313,華通,30~40張,368,24,1.11,0.08
2026/06/26,2313,華通,400~600張,42,-10,1.73,-0.42
2026/06/26,2313,華通,40~50張,231,25,0.9,0.1
2026/06/26,2313,華通,50~100張,355,2,2.11,-0.01
2026/06/26,2313,華通,5~10張,9068,969,5.93,0.58
2026/06/26,2313,華通,600~800張,33,5,1.93,0.29
2026/06/26,2313,華通,800~1000張,21,-1,1.61,-0.07
2026/06/26,2313,華通,千張大戶,110,3,51.8,-2.82
2026/06/26,2313,華通,零股散戶,160617,2423,2.09,0.12
2026/07/03,2313,華通,100~200張,202,17,2.43,0.21
2026/07/03,2313,華通,10~15張,2158,62,2.33,0.07
2026/07/03,2313,華通,15~20張,1277,28,1.99,0.05
2026/07/03,2313,華通,1~5張,134956,-1122,20.27,0.05
2026/07/03,2313,華通,200~400張,84,-4,1.98,-0.12
2026/07/03,2313,華通,20~30張,912,0,1.97,0.0
2026/07/03,2313,華通,30~40張,393,25,1.18,0.07
2026/07/03,2313,華通,400~600張,46,4,1.89,0.16
2026/07/03,2313,華通,40~50張,229,-2,0.89,-0.01
2026/07/03,2313,華通,50~100張,359,4,2.13,0.02
2026/07/03,2313,華通,5~10張,9412,344,6.14,0.21
2026/07/03,2313,華通,600~800張,31,-2,1.82,-0.11
2026/07/03,2313,華通,800~1000張,17,-4,1.3,-0.31
2026/07/03,2313,華通,千張大戶,106,-4,51.49,-0.31
2026/07/03,2313,華通,零股散戶,159128,-1489,2.12,0.03
2026/07/17,2313,華通,100~200張,204,2,2.47,0.03
2026/07/17,2313,華通,10~15張,2061,-140,2.22,-0.16
2026/07/17,2313,華通,15~20張,1216,-65,1.89,-0.11
2026/07/17,2313,華通,1~5張,128172,-6082,19.13,-1.08
2026/07/17,2313,華通,200~400張,90,-1,2.16,0.02
2026/07/17,2313,華通,20~30張,863,-38,1.86,-0.09
2026/07/17,2313,華通,30~40張,402,-13,1.22,-0.03
2026/07/17,2313,華通,400~600張,41,-5,1.68,-0.23
2026/07/17,2313,華通,40~50張,215,-8,0.84,-0.03
2026/07/17,2313,華通,50~100張,355,-7,2.14,-0.02
2026/07/17,2313,華通,5~10張,8891,-644,5.8,-0.41
2026/07/17,2313,華通,600~800張,35,6,2.03,0.33
2026/07/17,2313,華通,800~1000張,21,-4,1.64,-0.26
2026/07/17,2313,華通,千張大戶,105,3,52.81,2.12
2026/07/17,2313,華通,零股散戶,153073,-4736,2.03,-0.09
2026/07/24,2313,華通,100~200張,199,-5,2.3,-0.17
2026/07/24,2313,華通,10~15張,2223,162,2.31,0.09
2026/07/24,2313,華通,15~20張,1288,72,1.93,0.04
2026/07/24,2313,華通,1~5張,130535,2363,19.06,-0.07
2026/07/24,2313,華通,200~400張,89,-1,2.04,-0.12
2026/07/24,2313,華通,20~30張,893,30,1.84,-0.02
2026/07/24,2313,華通,30~40張,429,27,1.25,0.03
2026/07/24,2313,華通,400~600張,38,-3,1.47,-0.21
2026/07/24,2313,華通,40~50張,225,10,0.85,0.01
2026/07/24,2313,華通,50~100張,363,8,2.1,-0.04
2026/07/24,2313,華通,5~10張,9345,454,5.86,0.06
2026/07/24,2313,華通,600~800張,36,1,2.03,0.0
2026/07/24,2313,華通,800~1000張,22,1,1.65,0.01
2026/07/24,2313,華通,千張大戶,108,3,53.21,0.4
2026/07/24,2313,華通,零股散戶,153701,628,2.0,-0.03
2026/07/31,2313,華通,100~200張,203,4,2.28,-0.02
2026/07/31,2313,華通,10~15張,2971,748,2.91,0.6
2026/07/31,2313,華通,15~20張,1296,8,1.88,-0.05
2026/07/31,2313,華通,1~5張,132772,2237,19.01,-0.05
2026/07/31,2313,華通,200~400張,99,10,2.23,0.19
2026/07/31,2313,華通,20~30張,1062,169,2.1,0.26
2026/07/31,2313,華通,30~40張,453,24,1.27,0.02
2026/07/31,2313,華通,400~600張,44,6,1.72,0.25
2026/07/31,2313,華通,40~50張,261,36,0.95,0.1
2026/07/31,2313,華通,50~100張,398,35,2.2,0.1
2026/07/31,2313,華通,5~10張,10850,1505,6.28,0.42
2026/07/31,2313,華通,600~800張,32,-4,1.82,-0.21
2026/07/31,2313,華通,800~1000張,18,-4,1.33,-0.32
2026/07/31,2313,華通,千張大戶,113,5,51.88,-1.33
2026/07/31,2313,華通,零股散戶,158904,5203,2.06,0.06
2026/04/24,2317,鴻海,100~200張,2733,-29,2.65,-0.03
2026/04/24,2317,鴻海,10~15張,30798,-864,2.74,-0.08
2026/04/24,2317,鴻海,15~20張,16010,-331,2.04,-0.04
2026/04/24,2317,鴻海,1~5張,580085,-18482,8.66,-0.29
2026/04/24,2317,鴻海,200~400張,982,-16,1.92,-0.03
2026/04/24,2317,鴻海,20~30張,14928,-305,2.64,-0.05
2026/04/24,2317,鴻海,30~40張,6638,-158,1.66,-0.04
2026/04/24,2317,鴻海,400~600張,353,13,1.23,0.05
2026/04/24,2317,鴻海,40~50張,4008,-101,1.3,-0.03
2026/04/24,2317,鴻海,50~100張,6815,-60,3.38,-0.02
2026/04/24,2317,鴻海,5~10張,91567,-2360,4.89,-0.13
2026/04/24,2317,鴻海,600~800張,159,-7,0.79,-0.03
2026/04/24,2317,鴻海,800~1000張,112,1,0.72,0.01
2026/04/24,2317,鴻海,千張大戶,768,10,64.6,0.74
2026/04/24,2317,鴻海,零股散戶,422458,-10256,0.72,-0.02
2026/05/08,2317,鴻海,100~200張,2694,-31,2.61,-0.03
2026/05/08,2317,鴻海,10~15張,28563,-1897,2.54,-0.17
2026/05/08,2317,鴻海,15~20張,14930,-905,1.9,-0.12
2026/05/08,2317,鴻海,1~5張,536932,-35633,7.96,-0.58
2026/05/08,2317,鴻海,200~400張,981,-18,1.91,-0.04
2026/05/08,2317,鴻海,20~30張,14059,-757,2.49,-0.13
2026/05/08,2317,鴻海,30~40張,6345,-278,1.58,-0.07
2026/05/08,2317,鴻海,400~600張,353,2,1.22,0.0
2026/05/08,2317,鴻海,40~50張,3856,-137,1.25,-0.04
2026/05/08,2317,鴻海,50~100張,6581,-227,3.26,-0.11
2026/05/08,2317,鴻海,5~10張,84511,-5909,4.51,-0.32
2026/05/08,2317,鴻海,600~800張,159,6,0.78,0.03
2026/05/08,2317,鴻海,800~1000張,110,-2,0.7,-0.02
2026/05/08,2317,鴻海,千張大戶,801,18,66.52,1.61
2026/05/08,2317,鴻海,零股散戶,404489,-13220,0.67,-0.04
2026/05/15,2317,鴻海,100~200張,2719,25,2.63,0.02
2026/05/15,2317,鴻海,10~15張,28413,-150,2.52,-0.02
2026/05/15,2317,鴻海,15~20張,14813,-117,1.89,-0.01
2026/05/15,2317,鴻海,1~5張,531386,-5546,7.88,-0.08
2026/05/15,2317,鴻海,200~400張,980,-1,1.92,0.01
2026/05/15,2317,鴻海,20~30張,13994,-65,2.48,-0.01
2026/05/15,2317,鴻海,30~40張,6310,-35,1.57,-0.01
2026/05/15,2317,鴻海,400~600張,353,0,1.22,0.0
2026/05/15,2317,鴻海,40~50張,3824,-32,1.24,-0.01
2026/05/15,2317,鴻海,50~100張,6585,4,3.26,0.0
2026/05/15,2317,鴻海,5~10張,83823,-688,4.47,-0.04
2026/05/15,2317,鴻海,600~800張,155,-4,0.76,-0.02
2026/05/15,2317,鴻海,800~1000張,111,1,0.7,0.0
2026/05/15,2317,鴻海,千張大戶,802,1,66.71,0.19
2026/05/15,2317,鴻海,零股散戶,400322,-4167,0.66,-0.01
2026/05/22,2317,鴻海,100~200張,2695,-24,2.61,-0.02
2026/05/22,2317,鴻海,10~15張,28065,-348,2.49,-0.03
2026/05/22,2317,鴻海,15~20張,14544,-269,1.85,-0.04
2026/05/22,2317,鴻海,1~5張,523470,-7916,7.76,-0.12
2026/05/22,2317,鴻海,200~400張,986,6,1.93,0.01
2026/05/22,2317,鴻海,20~30張,13873,-121,2.45,-0.03
2026/05/22,2317,鴻海,30~40張,6213,-97,1.55,-0.02
2026/05/22,2317,鴻海,400~600張,348,-5,1.21,-0.01
2026/05/22,2317,鴻海,40~50張,3782,-42,1.22,-0.02
2026/05/22,2317,鴻海,50~100張,6537,-48,3.24,-0.02
2026/05/22,2317,鴻海,5~10張,82654,-1169,4.41,-0.06
2026/05/22,2317,鴻海,600~800張,150,-5,0.74,-0.02
2026/05/22,2317,鴻海,800~1000張,116,5,0.74,0.04
2026/05/22,2317,鴻海,千張大戶,807,5,67.07,0.36
2026/05/22,2317,鴻海,零股散戶,395445,-4877,0.65,-0.01
2026/05/29,2317,鴻海,100~200張,2676,-19,2.59,-0.02
2026/05/29,2317,鴻海,10~15張,27285,-780,2.42,-0.07
2026/05/29,2317,鴻海,15~20張,14163,-381,1.8,-0.05
2026/05/29,2317,鴻海,1~5張,507645,-15825,7.52,-0.24
2026/05/29,2317,鴻海,200~400張,982,-4,1.92,-0.01
2026/05/29,2317,鴻海,20~30張,13570,-303,2.4,-0.05
2026/05/29,2317,鴻海,30~40張,6118,-95,1.53,-0.02
2026/05/29,2317,鴻海,400~600張,343,-5,1.19,-0.02
2026/05/29,2317,鴻海,40~50張,3718,-64,1.2,-0.02
2026/05/29,2317,鴻海,50~100張,6413,-124,3.19,-0.05
2026/05/29,2317,鴻海,5~10張,80296,-2358,4.29,-0.12
2026/05/29,2317,鴻海,600~800張,156,6,0.76,0.02
2026/05/29,2317,鴻海,800~1000張,109,-7,0.69,-0.05
2026/05/29,2317,鴻海,千張大戶,817,10,67.79,0.72
2026/05/29,2317,鴻海,零股散戶,388177,-7268,0.64,-0.01
2026/06/05,2317,鴻海,100~200張,2580,-96,2.5,-0.09
2026/06/05,2317,鴻海,10~15張,26593,-692,2.36,-0.06
2026/06/05,2317,鴻海,15~20張,13751,-412,1.75,-0.05
2026/06/05,2317,鴻海,1~5張,517951,10306,7.57,0.05
2026/06/05,2317,鴻海,200~400張,974,-8,1.91,-0.01
2026/06/05,2317,鴻海,20~30張,13149,-421,2.33,-0.07
2026/06/05,2317,鴻海,30~40張,5899,-219,1.47,-0.06
2026/06/05,2317,鴻海,400~600張,335,-8,1.16,-0.03
2026/06/05,2317,鴻海,40~50張,3536,-182,1.14,-0.06
2026/06/05,2317,鴻海,50~100張,6222,-191,3.09,-0.1
2026/06/05,2317,鴻海,5~10張,78539,-1757,4.19,-0.1
2026/06/05,2317,鴻海,600~800張,153,-3,0.75,-0.01
2026/06/05,2317,鴻海,800~1000張,117,8,0.74,0.05
2026/06/05,2317,鴻海,千張大戶,820,3,68.31,0.52
2026/06/05,2317,鴻海,零股散戶,416241,28064,0.66,0.02
2026/06/12,2317,鴻海,100~200張,2566,-14,2.47,-0.03
2026/06/12,2317,鴻海,10~15張,27068,475,2.4,0.04
2026/06/12,2317,鴻海,15~20張,13943,192,1.77,0.02
2026/06/12,2317,鴻海,1~5張,532569,14618,7.78,0.21
2026/06/12,2317,鴻海,200~400張,988,14,1.93,0.02
2026/06/12,2317,鴻海,20~30張,13314,165,2.35,0.02
2026/06/12,2317,鴻海,30~40張,5978,79,1.49,0.02
2026/06/12,2317,鴻海,400~600張,336,1,1.15,-0.01
2026/06/12,2317,鴻海,40~50張,3595,59,1.16,0.02
2026/06/12,2317,鴻海,50~100張,6262,40,3.1,0.01
2026/06/12,2317,鴻海,5~10張,80110,1571,4.26,0.07
2026/06/12,2317,鴻海,600~800張,160,7,0.78,0.03
2026/06/12,2317,鴻海,800~1000張,118,1,0.75,0.01
2026/06/12,2317,鴻海,千張大戶,822,2,67.84,-0.47
2026/06/12,2317,鴻海,零股散戶,435193,18952,0.69,0.03
2026/06/26,2317,鴻海,100~200張,2605,26,2.51,0.02
2026/06/26,2317,鴻海,10~15張,27622,466,2.45,0.05
2026/06/26,2317,鴻海,15~20張,14253,264,1.81,0.03
2026/06/26,2317,鴻海,1~5張,549023,13952,8.02,0.21
2026/06/26,2317,鴻海,200~400張,979,-4,1.91,-0.01
2026/06/26,2317,鴻海,20~30張,13547,237,2.39,0.04
2026/06/26,2317,鴻海,30~40張,6064,76,1.51,0.02
2026/06/26,2317,鴻海,400~600張,332,4,1.14,0.01
2026/06/26,2317,鴻海,40~50張,3681,69,1.19,0.03
2026/06/26,2317,鴻海,50~100張,6318,42,3.12,0.01
2026/06/26,2317,鴻海,5~10張,82435,2189,4.38,0.11
2026/06/26,2317,鴻海,600~800張,170,9,0.83,0.05
2026/06/26,2317,鴻海,800~1000張,118,1,0.74,0.0
2026/06/26,2317,鴻海,千張大戶,827,-7,67.22,-0.6
2026/06/26,2317,鴻海,零股散戶,442277,6437,0.7,0.01
2026/07/03,2317,鴻海,100~200張,2657,52,2.56,0.05
2026/07/03,2317,鴻海,10~15張,28501,879,2.52,0.07
2026/07/03,2317,鴻海,15~20張,14753,500,1.87,0.06
2026/07/03,2317,鴻海,1~5張,565133,16110,8.28,0.26
2026/07/03,2317,鴻海,200~400張,1003,24,1.96,0.05
2026/07/03,2317,鴻海,20~30張,13893,346,2.45,0.06
2026/07/03,2317,鴻海,30~40張,6254,190,1.55,0.04
2026/07/03,2317,鴻海,400~600張,328,-4,1.13,-0.01
2026/07/03,2317,鴻海,40~50張,3761,80,1.21,0.02
2026/07/03,2317,鴻海,50~100張,6494,176,3.21,0.09
2026/07/03,2317,鴻海,5~10張,85261,2826,4.54,0.16
2026/07/03,2317,鴻海,600~800張,165,-5,0.81,-0.02
2026/07/03,2317,鴻海,800~1000張,116,-2,0.73,-0.01
2026/07/03,2317,鴻海,千張大戶,819,-8,66.38,-0.84
2026/07/03,2317,鴻海,零股散戶,445909,3632,0.71,0.01
2026/07/17,2317,鴻海,100~200張,2641,-33,2.54,-0.03
2026/07/17,2317,鴻海,10~15張,28673,-53,2.54,0.0
2026/07/17,2317,鴻海,15~20張,14883,28,1.89,0.0
2026/07/17,2317,鴻海,1~5張,568477,-1305,8.34,-0.02
2026/07/17,2317,鴻海,200~400張,1023,14,2.0,0.03
2026/07/17,2317,鴻海,20~30張,13967,-9,2.46,-0.01
2026/07/17,2317,鴻海,30~40張,6312,-4,1.57,0.0
2026/07/17,2317,鴻海,400~600張,330,3,1.13,0.01
2026/07/17,2317,鴻海,40~50張,3817,41,1.23,0.01
2026/07/17,2317,鴻海,50~100張,6546,5,3.24,0.01
2026/07/17,2317,鴻海,5~10張,85913,-12,4.57,0.0
2026/07/17,2317,鴻海,600~800張,177,9,0.87,0.05
2026/07/17,2317,鴻海,800~1000張,124,4,0.79,0.03
2026/07/17,2317,鴻海,千張大戶,812,-9,66.04,-0.07
2026/07/17,2317,鴻海,零股散戶,447777,-796,0.72,0.0
2026/07/24,2317,鴻海,100~200張,2634,-7,2.54,0.0
2026/07/24,2317,鴻海,10~15張,28190,-483,2.5,-0.04
2026/07/24,2317,鴻海,15~20張,14679,-204,1.86,-0.03
2026/07/24,2317,鴻海,1~5張,556953,-11524,8.17,-0.17
2026/07/24,2317,鴻海,200~400張,1010,-13,1.98,-0.02
2026/07/24,2317,鴻海,20~30張,13753,-214,2.43,-0.03
2026/07/24,2317,鴻海,30~40張,6259,-53,1.55,-0.02
2026/07/24,2317,鴻海,400~600張,330,0,1.13,0.0
2026/07/24,2317,鴻海,40~50張,3770,-47,1.22,-0.01
2026/07/24,2317,鴻海,50~100張,6462,-84,3.2,-0.04
2026/07/24,2317,鴻海,5~10張,84393,-1520,4.49,-0.08
2026/07/24,2317,鴻海,600~800張,174,-3,0.85,-0.02
2026/07/24,2317,鴻海,800~1000張,119,-5,0.75,-0.04
2026/07/24,2317,鴻海,千張大戶,821,9,66.54,0.5
2026/07/24,2317,鴻海,零股散戶,442030,-5747,0.71,-0.01
2026/07/31,2317,鴻海,100~200張,2670,36,2.57,0.03
2026/07/31,2317,鴻海,10~15張,28601,411,2.53,0.03
2026/07/31,2317,鴻海,15~20張,14798,119,1.88,0.02
2026/07/31,2317,鴻海,1~5張,561221,4268,8.25,0.08
2026/07/31,2317,鴻海,200~400張,1027,17,2.01,0.03
2026/07/31,2317,鴻海,20~30張,13923,170,2.46,0.03
2026/07/31,2317,鴻海,30~40張,6331,72,1.57,0.02
2026/07/31,2317,鴻海,400~600張,328,-2,1.12,-0.01
2026/07/31,2317,鴻海,40~50張,3783,13,1.22,0.0
2026/07/31,2317,鴻海,50~100張,6582,120,3.25,0.05
2026/07/31,2317,鴻海,5~10張,85628,1235,4.55,0.06
2026/07/31,2317,鴻海,600~800張,175,1,0.86,0.01
2026/07/31,2317,鴻海,800~1000張,116,-3,0.73,-0.02
2026/07/31,2317,鴻海,千張大戶,825,4,66.22,-0.32
2026/07/31,2317,鴻海,零股散戶,443526,1496,0.71,0.0
2026/04/24,2324,仁寶,100~200張,815,-17,2.61,-0.06
2026/04/24,2324,仁寶,10~15張,8749,-316,2.5,-0.09
2026/04/24,2324,仁寶,15~20張,5374,-136,2.25,-0.06
2026/04/24,2324,仁寶,1~5張,160158,1088,7.87,-0.01
2026/04/24,2324,仁寶,200~400張,389,-5,2.46,-0.01
2026/04/24,2324,仁寶,20~30張,4146,-138,2.41,-0.08
2026/04/24,2324,仁寶,30~40張,1785,-42,1.44,-0.04
2026/04/24,2324,仁寶,400~600張,156,3,1.7,0.04
2026/04/24,2324,仁寶,40~50張,1267,-23,1.34,-0.03
2026/04/24,2324,仁寶,50~100張,1902,-77,3.14,-0.12
2026/04/24,2324,仁寶,5~10張,29083,-591,5.17,-0.09
2026/04/24,2324,仁寶,600~800張,68,-6,1.07,-0.09
2026/04/24,2324,仁寶,800~1000張,52,2,1.06,0.04
2026/04/24,2324,仁寶,千張大戶,395,-2,64.68,0.57
2026/04/24,2324,仁寶,零股散戶,46195,624,0.21,0.0
2026/05/08,2324,仁寶,100~200張,877,27,2.8,0.09
2026/05/08,2324,仁寶,10~15張,9149,145,2.62,0.04
2026/05/08,2324,仁寶,15~20張,5672,149,2.38,0.06
2026/05/08,2324,仁寶,1~5張,163079,576,8.06,0.06
2026/05/08,2324,仁寶,200~400張,395,6,2.49,0.04
2026/05/08,2324,仁寶,20~30張,4384,79,2.55,0.04
2026/05/08,2324,仁寶,30~40張,1848,31,1.5,0.03
2026/05/08,2324,仁寶,400~600張,145,-4,1.58,-0.04
2026/05/08,2324,仁寶,40~50張,1316,22,1.4,0.03
2026/05/08,2324,仁寶,50~100張,2000,30,3.31,0.04
2026/05/08,2324,仁寶,5~10張,30293,495,5.39,0.09
2026/05/08,2324,仁寶,600~800張,71,-4,1.11,-0.06
2026/05/08,2324,仁寶,800~1000張,62,10,1.27,0.2
2026/05/08,2324,仁寶,千張大戶,396,-1,63.25,-0.64
2026/05/08,2324,仁寶,零股散戶,46455,120,0.22,0.0
2026/05/15,2324,仁寶,100~200張,875,-2,2.79,-0.01
2026/05/15,2324,仁寶,10~15張,9069,-80,2.6,-0.02
2026/05/15,2324,仁寶,15~20張,5678,6,2.38,0.0
2026/05/15,2324,仁寶,1~5張,163100,21,8.06,0.0
2026/05/15,2324,仁寶,200~400張,400,5,2.54,0.05
2026/05/15,2324,仁寶,20~30張,4340,-44,2.53,-0.02
2026/05/15,2324,仁寶,30~40張,1870,22,1.52,0.02
2026/05/15,2324,仁寶,400~600張,143,-2,1.56,-0.02
2026/05/15,2324,仁寶,40~50張,1341,25,1.42,0.02
2026/05/15,2324,仁寶,50~100張,2008,8,3.32,0.01
2026/05/15,2324,仁寶,5~10張,30025,-268,5.35,-0.04
2026/05/15,2324,仁寶,600~800張,76,5,1.19,0.08
2026/05/15,2324,仁寶,800~1000張,57,-5,1.16,-0.11
2026/05/15,2324,仁寶,千張大戶,398,2,63.29,0.04
2026/05/15,2324,仁寶,零股散戶,46589,134,0.22,0.0
2026/05/22,2324,仁寶,100~200張,917,42,2.94,0.15
2026/05/22,2324,仁寶,10~15張,9442,373,2.71,0.11
2026/05/22,2324,仁寶,15~20張,5985,307,2.52,0.14
2026/05/22,2324,仁寶,1~5張,166486,3386,8.26,0.2
2026/05/22,2324,仁寶,200~400張,398,-2,2.53,-0.01
2026/05/22,2324,仁寶,20~30張,4603,263,2.68,0.15
2026/05/22,2324,仁寶,30~40張,1935,65,1.57,0.05
2026/05/22,2324,仁寶,400~600張,157,14,1.72,0.16
2026/05/22,2324,仁寶,40~50張,1400,59,1.49,0.07
2026/05/22,2324,仁寶,50~100張,2140,132,3.54,0.22
2026/05/22,2324,仁寶,5~10張,31187,1162,5.55,0.2
2026/05/22,2324,仁寶,600~800張,76,0,1.21,0.02
2026/05/22,2324,仁寶,800~1000張,54,-3,1.1,-0.06
2026/05/22,2324,仁寶,千張大戶,387,-11,61.87,-1.42
2026/05/22,2324,仁寶,零股散戶,46578,-11,0.22,0.0
2026/05/29,2324,仁寶,100~200張,863,-54,2.79,-0.15
2026/05/29,2324,仁寶,10~15張,8993,-449,2.58,-0.13
2026/05/29,2324,仁寶,15~20張,5683,-302,2.39,-0.13
2026/05/29,2324,仁寶,1~5張,184371,17885,8.87,0.61
2026/05/29,2324,仁寶,200~400張,391,-7,2.49,-0.04
2026/05/29,2324,仁寶,20~30張,4418,-185,2.58,-0.1
2026/05/29,2324,仁寶,30~40張,1864,-71,1.51,-0.06
2026/05/29,2324,仁寶,400~600張,160,3,1.75,0.03
2026/05/29,2324,仁寶,40~50張,1303,-97,1.39,-0.1
2026/05/29,2324,仁寶,50~100張,2073,-67,3.44,-0.1
2026/05/29,2324,仁寶,5~10張,31383,196,5.62,0.07
2026/05/29,2324,仁寶,600~800張,72,-4,1.13,-0.08
2026/05/29,2324,仁寶,800~1000張,56,2,1.15,0.05
2026/05/29,2324,仁寶,千張大戶,381,-6,61.99,0.12
2026/05/29,2324,仁寶,零股散戶,50458,3880,0.24,0.02
2026/06/05,2324,仁寶,100~200張,811,-52,2.62,-0.17
2026/06/05,2324,仁寶,10~15張,9331,338,2.68,0.1
2026/06/05,2324,仁寶,15~20張,5958,275,2.52,0.13
2026/06/05,2324,仁寶,1~5張,220978,36607,10.35,1.48
2026/06/05,2324,仁寶,200~400張,345,-46,2.2,-0.29
2026/06/05,2324,仁寶,20~30張,4476,58,2.61,0.03
2026/06/05,2324,仁寶,30~40張,1924,60,1.56,0.05
2026/06/05,2324,仁寶,400~600張,146,-14,1.61,-0.14
2026/06/05,2324,仁寶,40~50張,1368,65,1.46,0.07
2026/06/05,2324,仁寶,50~100張,2009,-64,3.35,-0.09
2026/06/05,2324,仁寶,5~10張,33281,1898,6.0,0.38
2026/06/05,2324,仁寶,600~800張,66,-6,1.06,-0.07
2026/06/05,2324,仁寶,800~1000張,48,-8,0.99,-0.16
2026/06/05,2324,仁寶,千張大戶,322,-59,60.64,-1.35
2026/06/05,2324,仁寶,零股散戶,59383,8925,0.28,0.04
2026/06/12,2324,仁寶,100~200張,819,8,2.63,0.01
2026/06/12,2324,仁寶,10~15張,9580,249,2.76,0.08
2026/06/12,2324,仁寶,15~20張,6037,79,2.55,0.03
2026/06/12,2324,仁寶,1~5張,220807,-171,10.47,0.12
2026/06/12,2324,仁寶,200~400張,345,0,2.19,-0.01
2026/06/12,2324,仁寶,20~30張,4533,57,2.64,0.03
2026/06/12,2324,仁寶,30~40張,1903,-21,1.55,-0.01
2026/06/12,2324,仁寶,400~600張,143,-3,1.57,-0.04
2026/06/12,2324,仁寶,40~50張,1367,-1,1.46,0.0
2026/06/12,2324,仁寶,50~100張,2042,33,3.39,0.04
2026/06/12,2324,仁寶,5~10張,34051,770,6.11,0.11
2026/06/12,2324,仁寶,600~800張,63,-3,1.0,-0.06
2026/06/12,2324,仁寶,800~1000張,44,-4,0.9,-0.09
2026/06/12,2324,仁寶,千張大戶,319,-3,60.4,-0.24
2026/06/12,2324,仁寶,零股散戶,60550,1167,0.29,0.01
2026/06/26,2324,仁寶,100~200張,867,28,2.8,0.1
2026/06/26,2324,仁寶,10~15張,9927,325,2.86,0.1
2026/06/26,2324,仁寶,15~20張,6194,135,2.62,0.06
2026/06/26,2324,仁寶,1~5張,224048,3278,10.69,0.2
2026/06/26,2324,仁寶,200~400張,354,11,2.22,0.06
2026/06/26,2324,仁寶,20~30張,4717,165,2.76,0.11
2026/06/26,2324,仁寶,30~40張,1959,37,1.59,0.03
2026/06/26,2324,仁寶,400~600張,149,5,1.66,0.07
2026/06/26,2324,仁寶,40~50張,1432,53,1.53,0.06
2026/06/26,2324,仁寶,50~100張,2106,60,3.48,0.08
2026/06/26,2324,仁寶,5~10張,35098,938,6.31,0.18
2026/06/26,2324,仁寶,600~800張,66,0,1.05,0.0
2026/06/26,2324,仁寶,800~1000張,43,0,0.88,0.0
2026/06/26,2324,仁寶,千張大戶,321,1,59.18,-1.03
2026/06/26,2324,仁寶,零股散戶,60100,-214,0.29,0.0
2026/07/03,2324,仁寶,100~200張,885,18,2.87,0.07
2026/07/03,2324,仁寶,10~15張,10194,267,2.94,0.08
2026/07/03,2324,仁寶,15~20張,6391,197,2.7,0.08
2026/07/03,2324,仁寶,1~5張,222366,-1682,10.7,0.01
2026/07/03,2324,仁寶,200~400張,363,9,2.29,0.07
2026/07/03,2324,仁寶,20~30張,4866,149,2.85,0.09
2026/07/03,2324,仁寶,30~40張,2043,84,1.66,0.07
2026/07/03,2324,仁寶,400~600張,141,-8,1.57,-0.09
2026/07/03,2324,仁寶,40~50張,1449,17,1.55,0.02
2026/07/03,2324,仁寶,50~100張,2163,57,3.58,0.1
2026/07/03,2324,仁寶,5~10張,35844,746,6.44,0.13
2026/07/03,2324,仁寶,600~800張,73,7,1.16,0.11
2026/07/03,2324,仁寶,800~1000張,47,4,0.96,0.08
2026/07/03,2324,仁寶,千張大戶,325,4,58.38,-0.8
2026/07/03,2324,仁寶,零股散戶,59386,-714,0.29,0.0
2026/07/17,2324,仁寶,100~200張,870,-7,2.82,-0.02
2026/07/17,2324,仁寶,10~15張,9983,-164,2.88,-0.05
2026/07/17,2324,仁寶,15~20張,6255,-88,2.64,-0.03
2026/07/17,2324,仁寶,1~5張,217344,-2768,10.45,-0.15
2026/07/17,2324,仁寶,200~400張,357,0,2.26,0.01
2026/07/17,2324,仁寶,20~30張,4748,-90,2.78,-0.05
2026/07/17,2324,仁寶,30~40張,2053,10,1.67,0.01
2026/07/17,2324,仁寶,400~600張,149,4,1.65,0.05
2026/07/17,2324,仁寶,40~50張,1414,-25,1.51,-0.03
2026/07/17,2324,仁寶,50~100張,2161,1,3.57,0.0
2026/07/17,2324,仁寶,5~10張,35172,-362,6.31,-0.07
2026/07/17,2324,仁寶,600~800張,70,-5,1.1,-0.09
2026/07/17,2324,仁寶,800~1000張,46,-3,0.94,-0.07
2026/07/17,2324,仁寶,千張大戶,324,4,59.06,0.48
2026/07/17,2324,仁寶,零股散戶,58472,-413,0.29,0.0
2026/07/24,2324,仁寶,100~200張,849,-21,2.75,-0.07
2026/07/24,2324,仁寶,10~15張,9679,-304,2.79,-0.09
2026/07/24,2324,仁寶,15~20張,6141,-114,2.59,-0.05
2026/07/24,2324,仁寶,1~5張,212009,-5335,10.17,-0.28
2026/07/24,2324,仁寶,200~400張,350,-7,2.23,-0.03
2026/07/24,2324,仁寶,20~30張,4597,-151,2.69,-0.09
2026/07/24,2324,仁寶,30~40張,1994,-59,1.62,-0.05
2026/07/24,2324,仁寶,400~600張,143,-6,1.59,-0.06
2026/07/24,2324,仁寶,40~50張,1372,-42,1.46,-0.05
2026/07/24,2324,仁寶,50~100張,2115,-46,3.5,-0.07
2026/07/24,2324,仁寶,5~10張,34251,-921,6.14,-0.17
2026/07/24,2324,仁寶,600~800張,74,4,1.15,0.05
2026/07/24,2324,仁寶,800~1000張,42,-4,0.85,-0.09
2026/07/24,2324,仁寶,千張大戶,323,-1,60.11,1.05
2026/07/24,2324,仁寶,零股散戶,57888,-584,0.28,-0.01
2026/07/31,2324,仁寶,100~200張,852,3,2.75,0.0
2026/07/31,2324,仁寶,10~15張,9787,108,2.82,0.03
2026/07/31,2324,仁寶,15~20張,6191,50,2.61,0.02
2026/07/31,2324,仁寶,1~5張,211444,-565,10.16,-0.01
2026/07/31,2324,仁寶,200~400張,366,16,2.32,0.09
2026/07/31,2324,仁寶,20~30張,4655,58,2.72,0.03
2026/07/31,2324,仁寶,30~40張,2038,44,1.66,0.04
2026/07/31,2324,仁寶,400~600張,143,0,1.58,-0.01
2026/07/31,2324,仁寶,40~50張,1378,6,1.47,0.01
2026/07/31,2324,仁寶,50~100張,2146,31,3.56,0.06
2026/07/31,2324,仁寶,5~10張,34393,142,6.16,0.02
2026/07/31,2324,仁寶,600~800張,75,1,1.17,0.02
2026/07/31,2324,仁寶,800~1000張,43,1,0.87,0.02
2026/07/31,2324,仁寶,千張大戶,323,0,59.8,-0.31
2026/07/31,2324,仁寶,零股散戶,57471,-417,0.28,0.0
2026/04/24,2327,國巨*,100~200張,341,-9,2.32,-0.06
2026/04/24,2327,國巨*,10~15張,2938,50,1.76,0.03
2026/04/24,2327,國巨*,15~20張,1740,28,1.49,0.02
2026/04/24,2327,國巨*,1~5張,97157,2966,8.83,0.28
2026/04/24,2327,國巨*,200~400張,226,3,3.14,0.08
2026/04/24,2327,國巨*,20~30張,1334,31,1.59,0.03
2026/04/24,2327,國巨*,30~40張,652,-20,1.11,-0.03
2026/04/24,2327,國巨*,400~600張,81,-1,1.87,-0.01
2026/04/24,2327,國巨*,40~50張,365,-6,0.8,-0.01
2026/04/24,2327,國巨*,50~100張,734,18,2.5,0.05
2026/04/24,2327,國巨*,5~10張,9663,261,3.52,0.08
2026/04/24,2327,國巨*,600~800張,48,1,1.61,0.03
2026/04/24,2327,國巨*,800~1000張,31,7,1.38,0.33
2026/04/24,2327,國巨*,千張大戶,211,-5,66.88,-0.85
2026/04/24,2327,國巨*,零股散戶,117451,4076,1.14,0.03
2026/05/08,2327,國巨*,100~200張,343,-5,2.37,-0.01
2026/05/08,2327,國巨*,10~15張,2705,-156,1.62,-0.1
2026/05/08,2327,國巨*,15~20張,1592,-96,1.37,-0.08
2026/05/08,2327,國巨*,1~5張,86985,-7923,7.92,-0.66
2026/05/08,2327,國巨*,200~400張,220,-4,3.04,-0.05
2026/05/08,2327,國巨*,20~30張,1241,-56,1.48,-0.07
2026/05/08,2327,國巨*,30~40張,613,-43,1.04,-0.08
2026/05/08,2327,國巨*,400~600張,80,-3,1.84,-0.08
2026/05/08,2327,國巨*,40~50張,351,-6,0.77,-0.01
2026/05/08,2327,國巨*,50~100張,710,-25,2.43,-0.08
2026/05/08,2327,國巨*,5~10張,8870,-575,3.24,-0.21
2026/05/08,2327,國巨*,600~800張,53,3,1.76,0.08
2026/05/08,2327,國巨*,800~1000張,37,5,1.62,0.22
2026/05/08,2327,國巨*,千張大戶,218,1,68.33,1.16
2026/05/08,2327,國巨*,零股散戶,114807,-2158,1.1,-0.03
2026/05/15,2327,國巨*,100~200張,376,33,2.59,0.22
2026/05/15,2327,國巨*,10~15張,2569,-136,1.54,-0.08
2026/05/15,2327,國巨*,15~20張,1513,-79,1.3,-0.07
2026/05/15,2327,國巨*,1~5張,85929,-1056,7.74,-0.18
2026/05/15,2327,國巨*,200~400張,234,14,3.22,0.18
2026/05/15,2327,國巨*,20~30張,1181,-60,1.41,-0.07
2026/05/15,2327,國巨*,30~40張,602,-11,1.02,-0.02
2026/05/15,2327,國巨*,400~600張,79,-1,1.82,-0.02
2026/05/15,2327,國巨*,40~50張,346,-5,0.75,-0.02
2026/05/15,2327,國巨*,50~100張,678,-32,2.32,-0.11
2026/05/15,2327,國巨*,5~10張,8545,-325,3.12,-0.12
2026/05/15,2327,國巨*,600~800張,59,6,1.97,0.21
2026/05/15,2327,國巨*,800~1000張,31,-6,1.36,-0.26
2026/05/15,2327,國巨*,千張大戶,223,5,68.63,0.3
2026/05/15,2327,國巨*,零股散戶,120727,5920,1.12,0.02
2026/05/22,2327,國巨*,100~200張,350,-26,2.4,-0.19
2026/05/22,2327,國巨*,10~15張,2423,-146,1.45,-0.09
2026/05/22,2327,國巨*,15~20張,1369,-144,1.17,-0.13
2026/05/22,2327,國巨*,1~5張,81675,-4254,7.34,-0.4
2026/05/22,2327,國巨*,200~400張,233,-1,3.17,-0.05
2026/05/22,2327,國巨*,20~30張,1107,-74,1.32,-0.09
2026/05/22,2327,國巨*,30~40張,551,-51,0.94,-0.08
2026/05/22,2327,國巨*,400~600張,80,1,1.86,0.04
2026/05/22,2327,國巨*,40~50張,324,-22,0.71,-0.04
2026/05/22,2327,國巨*,50~100張,661,-17,2.28,-0.04
2026/05/22,2327,國巨*,5~10張,7936,-609,2.88,-0.24
2026/05/22,2327,國巨*,600~800張,61,2,2.01,0.04
2026/05/22,2327,國巨*,800~1000張,30,-1,1.32,-0.04
2026/05/22,2327,國巨*,千張大戶,231,8,69.94,1.31
2026/05/22,2327,國巨*,零股散戶,128790,8063,1.13,0.01
2026/05/29,2327,國巨*,100~200張,357,7,2.46,0.06
2026/05/29,2327,國巨*,10~15張,2360,-63,1.41,-0.04
2026/05/29,2327,國巨*,15~20張,1349,-20,1.15,-0.02
2026/05/29,2327,國巨*,1~5張,85797,4122,7.57,0.23
2026/05/29,2327,國巨*,200~400張,239,6,3.29,0.12
2026/05/29,2327,國巨*,20~30張,1100,-7,1.31,-0.01
2026/05/29,2327,國巨*,30~40張,538,-13,0.92,-0.02
2026/05/29,2327,國巨*,400~600張,84,4,1.98,0.12
2026/05/29,2327,國巨*,40~50張,309,-15,0.67,-0.04
2026/05/29,2327,國巨*,50~100張,649,-12,2.22,-0.06
2026/05/29,2327,國巨*,5~10張,7933,-3,2.88,0.0
2026/05/29,2327,國巨*,600~800張,50,-11,1.65,-0.36
2026/05/29,2327,國巨*,800~1000張,35,5,1.55,0.23
2026/05/29,2327,國巨*,千張大戶,219,-12,69.6,-0.34
2026/05/29,2327,國巨*,零股散戶,163502,34712,1.27,0.14
2026/06/05,2327,國巨*,100~200張,350,-7,2.37,-0.09
2026/06/05,2327,國巨*,10~15張,2450,90,1.47,0.06
2026/06/05,2327,國巨*,15~20張,1353,4,1.16,0.01
2026/06/05,2327,國巨*,1~5張,91503,5706,8.02,0.45
2026/06/05,2327,國巨*,200~400張,243,4,3.34,0.05
2026/06/05,2327,國巨*,20~30張,1095,-5,1.31,0.0
2026/06/05,2327,國巨*,30~40張,541,3,0.92,0.0
2026/06/05,2327,國巨*,400~600張,84,0,1.99,0.01
2026/06/05,2327,國巨*,40~50張,300,-9,0.65,-0.02
2026/06/05,2327,國巨*,50~100張,652,3,2.21,-0.01
2026/06/05,2327,國巨*,5~10張,8098,165,2.93,0.05
2026/06/05,2327,國巨*,600~800張,48,-2,1.57,-0.08
2026/06/05,2327,國巨*,800~1000張,33,-2,1.43,-0.12
2026/06/05,2327,國巨*,千張大戶,207,-12,69.06,-0.54
2026/06/05,2327,國巨*,零股散戶,205377,41875,1.49,0.22
2026/06/12,2327,國巨*,100~200張,342,-8,2.33,-0.04
2026/06/12,2327,國巨*,10~15張,2416,-34,1.45,-0.02
2026/06/12,2327,國巨*,15~20張,1366,13,1.17,0.01
2026/06/12,2327,國巨*,1~5張,97465,5962,8.44,0.42
2026/06/12,2327,國巨*,200~400張,243,0,3.27,-0.07
2026/06/12,2327,國巨*,20~30張,1110,15,1.32,0.01
2026/06/12,2327,國巨*,30~40張,550,9,0.94,0.02
2026/06/12,2327,國巨*,400~600張,89,5,2.09,0.1
2026/06/12,2327,國巨*,40~50張,293,-7,0.64,-0.01
2026/06/12,2327,國巨*,50~100張,669,17,2.26,0.05
2026/06/12,2327,國巨*,5~10張,8267,169,2.99,0.06
2026/06/12,2327,國巨*,600~800張,47,-1,1.58,0.01
2026/06/12,2327,國巨*,800~1000張,29,-4,1.25,-0.18
2026/06/12,2327,國巨*,千張大戶,205,-2,68.55,-0.51
2026/06/12,2327,國巨*,零股散戶,243139,37762,1.64,0.15
2026/06/26,2327,國巨*,100~200張,364,3,2.49,0.0
2026/06/26,2327,國巨*,10~15張,2314,-54,1.39,-0.03
2026/06/26,2327,國巨*,15~20張,1318,4,1.12,0.0
2026/06/26,2327,國巨*,1~5張,91217,-2397,7.88,-0.22
2026/06/26,2327,國巨*,200~400張,237,0,3.26,0.03
2026/06/26,2327,國巨*,20~30張,1082,-24,1.29,-0.03
2026/06/26,2327,國巨*,30~40張,501,-36,0.85,-0.06
2026/06/26,2327,國巨*,400~600張,82,-7,1.96,-0.16
2026/06/26,2327,國巨*,40~50張,303,7,0.66,0.02
2026/06/26,2327,國巨*,50~100張,655,-20,2.23,-0.07
2026/06/26,2327,國巨*,5~10張,7749,-302,2.8,-0.11
2026/06/26,2327,國巨*,600~800張,47,1,1.56,0.01
2026/06/26,2327,國巨*,800~1000張,32,-1,1.37,-0.05
2026/06/26,2327,國巨*,千張大戶,218,10,69.45,0.67
2026/06/26,2327,國巨*,零股散戶,256204,12355,1.61,0.02
2026/07/03,2327,國巨*,100~200張,367,3,2.48,-0.01
2026/07/03,2327,國巨*,10~15張,2336,22,1.4,0.01
2026/07/03,2327,國巨*,15~20張,1306,-12,1.11,-0.01
2026/07/03,2327,國巨*,1~5張,95342,4125,8.18,0.3
2026/07/03,2327,國巨*,200~400張,238,1,3.28,0.02
2026/07/03,2327,國巨*,20~30張,1068,-14,1.27,-0.02
2026/07/03,2327,國巨*,30~40張,511,10,0.86,0.01
2026/07/03,2327,國巨*,400~600張,80,-2,1.91,-0.05
2026/07/03,2327,國巨*,40~50張,325,22,0.71,0.05
2026/07/03,2327,國巨*,50~100張,640,-15,2.18,-0.05
2026/07/03,2327,國巨*,5~10張,7838,89,2.82,0.02
2026/07/03,2327,國巨*,600~800張,46,-1,1.52,-0.04
2026/07/03,2327,國巨*,800~1000張,35,3,1.51,0.14
2026/07/03,2327,國巨*,千張大戶,212,-6,68.96,-0.49
2026/07/03,2327,國巨*,零股散戶,286686,30482,1.72,0.11
2026/07/17,2327,國巨*,100~200張,360,8,2.43,0.05
2026/07/17,2327,國巨*,10~15張,2402,61,1.44,0.04
2026/07/17,2327,國巨*,15~20張,1275,-34,1.09,-0.03
2026/07/17,2327,國巨*,1~5張,103443,3285,8.91,0.29
2026/07/17,2327,國巨*,200~400張,224,-7,3.01,-0.16
2026/07/17,2327,國巨*,20~30張,1088,34,1.29,0.03
2026/07/17,2327,國巨*,30~40張,523,-11,0.89,-0.02
2026/07/17,2327,國巨*,400~600張,82,3,1.92,0.04
2026/07/17,2327,國巨*,40~50張,320,17,0.7,0.04
2026/07/17,2327,國巨*,50~100張,657,3,2.22,0.0
2026/07/17,2327,國巨*,5~10張,8124,167,2.91,0.05
2026/07/17,2327,國巨*,600~800張,45,-1,1.49,-0.06
2026/07/17,2327,國巨*,800~1000張,32,1,1.36,0.04
2026/07/17,2327,國巨*,千張大戶,204,-4,68.1,-0.53
2026/07/17,2327,國巨*,零股散戶,368396,30601,2.16,0.2
2026/07/24,2327,國巨*,100~200張,368,8,2.51,0.08
2026/07/24,2327,國巨*,10~15張,2455,53,1.47,0.03
2026/07/24,2327,國巨*,15~20張,1315,40,1.12,0.03
2026/07/24,2327,國巨*,1~5張,106539,3096,9.23,0.32
2026/07/24,2327,國巨*,200~400張,222,-2,2.98,-0.03
2026/07/24,2327,國巨*,20~30張,1102,14,1.31,0.02
2026/07/24,2327,國巨*,30~40張,522,-1,0.89,0.0
2026/07/24,2327,國巨*,400~600張,81,-1,1.92,0.0
2026/07/24,2327,國巨*,40~50張,303,-17,0.66,-0.04
2026/07/24,2327,國巨*,50~100張,653,-4,2.21,-0.01
2026/07/24,2327,國巨*,5~10張,8380,256,3.0,0.09
2026/07/24,2327,國巨*,600~800張,39,-6,1.29,-0.2
2026/07/24,2327,國巨*,800~1000張,32,0,1.36,0.0
2026/07/24,2327,國巨*,千張大戶,209,5,67.7,-0.4
2026/07/24,2327,國巨*,零股散戶,381820,13424,2.27,0.11
2026/07/31,2327,國巨*,100~200張,366,-2,2.51,0.0
2026/07/31,2327,國巨*,10~15張,2562,107,1.54,0.07
2026/07/31,2327,國巨*,15~20張,1328,13,1.14,0.02
2026/07/31,2327,國巨*,1~5張,111872,5333,9.76,0.53
2026/07/31,2327,國巨*,200~400張,226,4,3.12,0.14
2026/07/31,2327,國巨*,20~30張,1140,38,1.36,0.05
2026/07/31,2327,國巨*,30~40張,535,13,0.91,0.02
2026/07/31,2327,國巨*,400~600張,70,-11,1.65,-0.27
2026/07/31,2327,國巨*,40~50張,313,10,0.68,0.02
2026/07/31,2327,國巨*,50~100張,648,-5,2.19,-0.02
2026/07/31,2327,國巨*,5~10張,8948,568,3.2,0.2
2026/07/31,2327,國巨*,600~800張,42,3,1.4,0.11
2026/07/31,2327,國巨*,800~1000張,33,1,1.42,0.06
2026/07/31,2327,國巨*,千張大戶,192,-17,66.64,-1.06
2026/07/31,2327,國巨*,零股散戶,394037,12217,2.4,0.13
2026/04/24,2330,台積電,100~200張,1989,9,1.07,0.01
2026/04/24,2330,台積電,10~15張,16042,79,0.75,0.0
2026/04/24,2330,台積電,15~20張,7466,10,0.5,0.0
2026/04/24,2330,台積電,1~5張,405806,2233,2.99,0.01
2026/04/24,2330,台積電,200~400張,1315,-14,1.41,-0.02
2026/04/24,2330,台積電,20~30張,7387,23,0.69,0.0
2026/04/24,2330,台積電,30~40張,3498,12,0.46,0.0
2026/04/24,2330,台積電,400~600張,552,-2,1.04,0.0
2026/04/24,2330,台積電,40~50張,1978,5,0.34,0.0
2026/04/24,2330,台積電,50~100張,3951,-2,1.06,0.0
2026/04/24,2330,台積電,5~10張,48205,208,1.33,0.01
2026/04/24,2330,台積電,600~800張,338,6,0.9,0.02
2026/04/24,2330,台積電,800~1000張,229,-8,0.79,-0.02
2026/04/24,2330,台積電,千張大戶,1503,1,85.67,-0.02
2026/04/24,2330,台積電,零股散戶,1964085,12010,0.92,0.01
2026/05/08,2330,台積電,100~200張,2004,3,1.08,0.01
2026/05/08,2330,台積電,10~15張,16216,57,0.76,0.0
2026/05/08,2330,台積電,15~20張,7591,50,0.51,0.0
2026/05/08,2330,台積電,1~5張,411783,1093,3.03,0.01
2026/05/08,2330,台積電,200~400張,1321,10,1.42,0.01
2026/05/08,2330,台積電,20~30張,7390,-46,0.69,-0.01
2026/05/08,2330,台積電,30~40張,3494,7,0.46,0.0
2026/05/08,2330,台積電,400~600張,550,-8,1.03,-0.02
2026/05/08,2330,台積電,40~50張,2009,16,0.34,0.0
2026/05/08,2330,台積電,50~100張,3969,3,1.06,0.0
2026/05/08,2330,台積電,5~10張,48610,96,1.34,0.0
2026/05/08,2330,台積電,600~800張,349,2,0.93,0.01
2026/05/08,2330,台積電,800~1000張,216,-8,0.74,-0.03
2026/05/08,2330,台積電,千張大戶,1504,7,85.58,0.0
2026/05/08,2330,台積電,零股散戶,2046777,33314,0.94,0.01
2026/05/15,2330,台積電,100~200張,1995,-9,1.07,-0.01
2026/05/15,2330,台積電,10~15張,16311,95,0.77,0.01
2026/05/15,2330,台積電,15~20張,7667,76,0.52,0.01
2026/05/15,2330,台積電,1~5張,419732,7949,3.09,0.06
2026/05/15,2330,台積電,200~400張,1318,-3,1.41,-0.01
2026/05/15,2330,台積電,20~30張,7436,46,0.7,0.01
2026/05/15,2330,台積電,30~40張,3496,2,0.46,0.0
2026/05/15,2330,台積電,400~600張,563,13,1.06,0.03
2026/05/15,2330,台積電,40~50張,2025,16,0.35,0.01
2026/05/15,2330,台積電,50~100張,3962,-7,1.06,0.0
2026/05/15,2330,台積電,5~10張,49274,664,1.36,0.02
2026/05/15,2330,台積電,600~800張,342,-7,0.91,-0.02
2026/05/15,2330,台積電,800~1000張,216,0,0.74,0.0
2026/05/15,2330,台積電,千張大戶,1502,-2,85.47,-0.11
2026/05/15,2330,台積電,零股散戶,2117995,71218,0.97,0.03
2026/05/22,2330,台積電,100~200張,1993,-2,1.07,0.0
2026/05/22,2330,台積電,10~15張,16459,148,0.77,0.0
2026/05/22,2330,台積電,15~20張,7727,60,0.52,0.0
2026/05/22,2330,台積電,1~5張,423464,3732,3.11,0.02
2026/05/22,2330,台積電,200~400張,1324,6,1.42,0.01
2026/05/22,2330,台積電,20~30張,7471,35,0.7,0.0
2026/05/22,2330,台積電,30~40張,3510,14,0.46,0.0
2026/05/22,2330,台積電,400~600張,565,2,1.06,0.0
2026/05/22,2330,台積電,40~50張,2015,-10,0.35,0.0
2026/05/22,2330,台積電,50~100張,3966,4,1.06,0.0
2026/05/22,2330,台積電,5~10張,49589,315,1.37,0.01
2026/05/22,2330,台積電,600~800張,350,8,0.93,0.02
2026/05/22,2330,台積電,800~1000張,209,-7,0.72,-0.02
2026/05/22,2330,台積電,千張大戶,1498,-4,85.39,-0.08
2026/05/22,2330,台積電,零股散戶,2150354,32359,0.98,0.01
2026/05/29,2330,台積電,100~200張,1988,-5,1.07,0.0
2026/05/29,2330,台積電,10~15張,16492,33,0.78,0.01
2026/05/29,2330,台積電,15~20張,7701,-26,0.52,0.0
2026/05/29,2330,台積電,1~5張,421963,-1501,3.11,0.0
2026/05/29,2330,台積電,200~400張,1322,-2,1.42,0.0
2026/05/29,2330,台積電,20~30張,7469,-2,0.7,0.0
2026/05/29,2330,台積電,30~40張,3530,20,0.47,0.01
2026/05/29,2330,台積電,400~600張,562,-3,1.06,0.0
2026/05/29,2330,台積電,40~50張,2013,-2,0.35,0.0
2026/05/29,2330,台積電,50~100張,3982,16,1.07,0.01
2026/05/29,2330,台積電,5~10張,49545,-44,1.37,0.0
2026/05/29,2330,台積電,600~800張,346,-4,0.92,-0.01
2026/05/29,2330,台積電,800~1000張,212,3,0.73,0.01
2026/05/29,2330,台積電,千張大戶,1498,0,85.41,0.02
2026/05/29,2330,台積電,零股散戶,2149965,-389,0.98,0.0
2026/06/05,2330,台積電,100~200張,2000,12,1.07,0.0
2026/06/05,2330,台積電,10~15張,16495,3,0.78,0.0
2026/06/05,2330,台積電,15~20張,7708,7,0.52,0.0
2026/06/05,2330,台積電,1~5張,421284,-679,3.1,-0.01
2026/06/05,2330,台積電,200~400張,1321,-1,1.42,0.0
2026/06/05,2330,台積電,20~30張,7442,-27,0.7,0.0
2026/06/05,2330,台積電,30~40張,3509,-21,0.46,-0.01
2026/06/05,2330,台積電,400~600張,563,1,1.06,0.0
2026/06/05,2330,台積電,40~50張,2018,5,0.35,0.0
2026/06/05,2330,台積電,50~100張,3997,15,1.07,0.0
2026/06/05,2330,台積電,5~10張,49448,-97,1.36,-0.01
2026/06/05,2330,台積電,600~800張,348,2,0.92,0.0
2026/06/05,2330,台積電,800~1000張,209,-3,0.72,-0.01
2026/06/05,2330,台積電,千張大戶,1499,1,85.42,0.01
2026/06/05,2330,台積電,零股散戶,2160807,10842,0.98,0.0
2026/06/12,2330,台積電,100~200張,1995,-5,1.07,0.0
2026/06/12,2330,台積電,10~15張,16669,174,0.78,0.0
2026/06/12,2330,台積電,15~20張,7840,132,0.53,0.01
2026/06/12,2330,台積電,1~5張,434344,13060,3.19,0.09
2026/06/12,2330,台積電,200~400張,1325,4,1.42,0.0
2026/06/12,2330,台積電,20~30張,7544,102,0.71,0.01
2026/06/12,2330,台積電,30~40張,3550,41,0.47,0.01
2026/06/12,2330,台積電,400~600張,554,-9,1.04,-0.02
2026/06/12,2330,台積電,40~50張,2027,9,0.35,0.0
2026/06/12,2330,台積電,50~100張,4028,31,1.08,0.01
2026/06/12,2330,台積電,5~10張,50588,1140,1.39,0.03
2026/06/12,2330,台積電,600~800張,344,-4,0.91,-0.01
2026/06/12,2330,台積電,800~1000張,223,14,0.76,0.04
2026/06/12,2330,台積電,千張大戶,1482,-17,85.18,-0.24
2026/06/12,2330,台積電,零股散戶,2314613,153806,1.03,0.05
2026/06/26,2330,台積電,100~200張,2008,10,1.08,0.01
2026/06/26,2330,台積電,10~15張,16824,197,0.79,0.01
2026/06/26,2330,台積電,15~20張,7898,75,0.53,0.0
2026/06/26,2330,台積電,1~5張,436608,5243,3.21,0.04
2026/06/26,2330,台積電,200~400張,1327,-7,1.43,-0.01
2026/06/26,2330,台積電,20~30張,7606,83,0.71,0.0
2026/06/26,2330,台積電,30~40張,3561,14,0.47,0.0
2026/06/26,2330,台積電,400~600張,552,4,1.04,0.01
2026/06/26,2330,台積電,40~50張,2031,-4,0.35,0.0
2026/06/26,2330,台積電,50~100張,4047,29,1.09,0.01
2026/06/26,2330,台積電,5~10張,50777,401,1.4,0.01
2026/06/26,2330,台積電,600~800張,355,13,0.95,0.04
2026/06/26,2330,台積電,800~1000張,214,-9,0.73,-0.03
2026/06/26,2330,台積電,千張大戶,1482,-2,85.11,-0.11
2026/06/26,2330,台積電,零股散戶,2344648,38499,1.04,0.01
2026/07/03,2330,台積電,100~200張,2002,-6,1.07,-0.01
2026/07/03,2330,台積電,10~15張,16865,41,0.79,0.0
2026/07/03,2330,台積電,15~20張,7936,38,0.53,0.0
2026/07/03,2330,台積電,1~5張,436574,-34,3.21,0.0
2026/07/03,2330,台積電,200~400張,1339,12,1.44,0.01
2026/07/03,2330,台積電,20~30張,7610,4,0.71,0.0
2026/07/03,2330,台積電,30~40張,3558,-3,0.47,0.0
2026/07/03,2330,台積電,400~600張,559,7,1.05,0.01
2026/07/03,2330,台積電,40~50張,2025,-6,0.35,0.0
2026/07/03,2330,台積電,50~100張,4064,17,1.09,0.0
2026/07/03,2330,台積電,5~10張,50892,115,1.4,0.0
2026/07/03,2330,台積電,600~800張,353,-2,0.94,-0.01
2026/07/03,2330,台積電,800~1000張,213,-1,0.73,0.0
2026/07/03,2330,台積電,千張大戶,1481,-1,85.09,-0.02
2026/07/03,2330,台積電,零股散戶,2362549,17901,1.05,0.01
2026/07/17,2330,台積電,100~200張,2026,7,1.09,0.01
2026/07/17,2330,台積電,10~15張,17100,158,0.8,0.0
2026/07/17,2330,台積電,15~20張,8041,71,0.54,0.0
2026/07/17,2330,台積電,1~5張,443727,4865,3.26,0.04
2026/07/17,2330,台積電,200~400張,1345,5,1.45,0.01
2026/07/17,2330,台積電,20~30張,7678,42,0.72,0.0
2026/07/17,2330,台積電,30~40張,3613,35,0.48,0.01
2026/07/17,2330,台積電,400~600張,567,1,1.07,0.01
2026/07/17,2330,台積電,40~50張,2030,5,0.35,0.0
2026/07/17,2330,台積電,50~100張,4084,14,1.1,0.01
2026/07/17,2330,台積電,5~10張,51603,452,1.42,0.01
2026/07/17,2330,台積電,600~800張,351,4,0.94,0.02
2026/07/17,2330,台積電,800~1000張,219,-1,0.75,0.0
2026/07/17,2330,台積電,千張大戶,1477,-1,84.91,-0.1
2026/07/17,2330,台積電,零股散戶,2398119,23794,1.06,0.01
2026/07/24,2330,台積電,100~200張,2045,19,1.1,0.01
2026/07/24,2330,台積電,10~15張,17415,315,0.82,0.02
2026/07/24,2330,台積電,15~20張,8101,60,0.54,0.0
2026/07/24,2330,台積電,1~5張,453070,9343,3.33,0.07
2026/07/24,2330,台積電,200~400張,1333,-12,1.43,-0.02
2026/07/24,2330,台積電,20~30張,7782,104,0.73,0.01
2026/07/24,2330,台積電,30~40張,3650,37,0.48,0.0
2026/07/24,2330,台積電,400~600張,576,9,1.09,0.02
2026/07/24,2330,台積電,40~50張,2054,24,0.35,0.0
2026/07/24,2330,台積電,50~100張,4108,24,1.1,0.0
2026/07/24,2330,台積電,5~10張,52616,1013,1.45,0.03
2026/07/24,2330,台積電,600~800張,345,-6,0.92,-0.02
2026/07/24,2330,台積電,800~1000張,225,6,0.77,0.02
2026/07/24,2330,台積電,千張大戶,1472,-5,84.7,-0.21
2026/07/24,2330,台積電,零股散戶,2486327,88208,1.11,0.05
2026/07/31,2330,台積電,100~200張,2047,2,1.1,0.0
2026/07/31,2330,台積電,10~15張,17525,110,0.82,0.0
2026/07/31,2330,台積電,15~20張,8129,28,0.55,0.01
2026/07/31,2330,台積電,1~5張,457999,4929,3.37,0.04
2026/07/31,2330,台積電,200~400張,1319,-14,1.42,-0.01
2026/07/31,2330,台積電,20~30張,7825,43,0.73,0.0
2026/07/31,2330,台積電,30~40張,3671,21,0.49,0.01
2026/07/31,2330,台積電,400~600張,582,6,1.1,0.01
2026/07/31,2330,台積電,40~50張,2056,2,0.35,0.0
2026/07/31,2330,台積電,50~100張,4114,6,1.1,0.0
2026/07/31,2330,台積電,5~10張,53307,691,1.47,0.02
2026/07/31,2330,台積電,600~800張,349,4,0.93,0.01
2026/07/31,2330,台積電,800~1000張,215,-10,0.74,-0.03
2026/07/31,2330,台積電,千張大戶,1475,3,84.62,-0.08
2026/07/31,2330,台積電,零股散戶,2539702,53375,1.14,0.03
2026/04/24,2337,旺宏,100~200張,445,4,3.24,0.06
2026/04/24,2337,旺宏,10~15張,5010,355,3.18,0.24
2026/04/24,2337,旺宏,15~20張,2889,166,2.67,0.15
2026/04/24,2337,旺宏,1~5張,191283,10443,18.06,1.19
2026/04/24,2337,旺宏,200~400張,223,-8,3.16,-0.13
2026/04/24,2337,旺宏,20~30張,2340,145,3.0,0.19
2026/04/24,2337,旺宏,30~40張,1039,47,1.86,0.09
2026/04/24,2337,旺宏,400~600張,93,0,2.25,-0.03
2026/04/24,2337,旺宏,40~50張,653,18,1.53,0.05
2026/04/24,2337,旺宏,50~100張,1049,38,3.76,0.11
2026/04/24,2337,旺宏,5~10張,18608,1303,7.18,0.5
2026/04/24,2337,旺宏,600~800張,35,0,1.26,0.03
2026/04/24,2337,旺宏,800~1000張,13,-6,0.57,-0.28
2026/04/24,2337,旺宏,千張大戶,157,4,46.35,-2.22
2026/04/24,2337,旺宏,零股散戶,198239,3238,1.86,0.06
2026/05/08,2337,旺宏,100~200張,436,9,3.15,0.04
2026/05/08,2337,旺宏,10~15張,4658,319,2.95,0.21
2026/05/08,2337,旺宏,15~20張,2622,107,2.43,0.11
2026/05/08,2337,旺宏,1~5張,188443,21509,17.24,1.88
2026/05/08,2337,旺宏,200~400張,230,6,3.27,0.08
2026/05/08,2337,旺宏,20~30張,2167,85,2.78,0.11
2026/05/08,2337,旺宏,30~40張,960,53,1.72,0.11
2026/05/08,2337,旺宏,400~600張,88,1,2.15,0.04
2026/05/08,2337,旺宏,40~50張,594,3,1.38,0.0
2026/05/08,2337,旺宏,50~100張,1003,20,3.59,0.06
2026/05/08,2337,旺宏,5~10張,16999,1205,6.58,0.47
2026/05/08,2337,旺宏,600~800張,43,2,1.53,0.07
2026/05/08,2337,旺宏,800~1000張,19,2,0.86,0.1
2026/05/08,2337,旺宏,千張大戶,167,12,48.45,-3.38
2026/05/08,2337,旺宏,零股散戶,205347,12426,1.85,0.11
2026/05/15,2337,旺宏,100~200張,458,22,3.27,0.12
2026/05/15,2337,旺宏,10~15張,4684,26,2.97,0.02
2026/05/15,2337,旺宏,15~20張,2632,10,2.44,0.01
2026/05/15,2337,旺宏,1~5張,191253,2810,17.5,0.26
2026/05/15,2337,旺宏,200~400張,223,-7,3.15,-0.12
2026/05/15,2337,旺宏,20~30張,2138,-29,2.74,-0.04
2026/05/15,2337,旺宏,30~40張,947,-13,1.69,-0.03
2026/05/15,2337,旺宏,400~600張,93,5,2.25,0.1
2026/05/15,2337,旺宏,40~50張,578,-16,1.35,-0.03
2026/05/15,2337,旺宏,50~100張,983,-20,3.51,-0.08
2026/05/15,2337,旺宏,5~10張,17237,238,6.67,0.09
2026/05/15,2337,旺宏,600~800張,44,1,1.58,0.05
2026/05/15,2337,旺宏,800~1000張,22,3,0.98,0.12
2026/05/15,2337,旺宏,千張大戶,165,-2,47.96,-0.49
2026/05/15,2337,旺宏,零股散戶,207285,1938,1.87,0.02
2026/05/22,2337,旺宏,100~200張,467,9,3.33,0.06
2026/05/22,2337,旺宏,10~15張,5378,694,3.41,0.44
2026/05/22,2337,旺宏,15~20張,2948,316,2.73,0.29
2026/05/22,2337,旺宏,1~5張,221082,29829,20.74,3.24
2026/05/22,2337,旺宏,200~400張,236,13,3.33,0.18
2026/05/22,2337,旺宏,20~30張,2428,290,3.11,0.37
2026/05/22,2337,旺宏,30~40張,1038,91,1.85,0.16
2026/05/22,2337,旺宏,400~600張,93,0,2.25,0.0
2026/05/22,2337,旺宏,40~50張,629,51,1.46,0.11
2026/05/22,2337,旺宏,50~100張,1047,64,3.72,0.21
2026/05/22,2337,旺宏,5~10張,20317,3080,7.83,1.16
2026/05/22,2337,旺宏,600~800張,50,6,1.79,0.21
2026/05/22,2337,旺宏,800~1000張,20,-2,0.92,-0.06
2026/05/22,2337,旺宏,千張大戶,150,-15,41.45,-6.51
2026/05/22,2337,旺宏,零股散戶,216693,9408,2.01,0.14
2026/05/29,2337,旺宏,100~200張,462,-5,3.29,-0.04
2026/05/29,2337,旺宏,10~15張,4875,-503,3.08,-0.33
2026/05/29,2337,旺宏,15~20張,2691,-257,2.49,-0.24
2026/05/29,2337,旺宏,1~5張,199230,-21852,18.45,-2.29
2026/05/29,2337,旺宏,200~400張,241,5,3.4,0.07
2026/05/29,2337,旺宏,20~30張,2194,-234,2.81,-0.3
2026/05/29,2337,旺宏,30~40張,1004,-34,1.79,-0.06
2026/05/29,2337,旺宏,400~600張,90,-3,2.17,-0.08
2026/05/29,2337,旺宏,40~50張,583,-46,1.35,-0.11
2026/05/29,2337,旺宏,50~100張,1005,-42,3.6,-0.12
2026/05/29,2337,旺宏,5~10張,18230,-2087,7.03,-0.8
2026/05/29,2337,旺宏,600~800張,45,-5,1.62,-0.17
2026/05/29,2337,旺宏,800~1000張,21,1,0.96,0.04
2026/05/29,2337,旺宏,千張大戶,160,10,45.96,4.51
2026/05/29,2337,旺宏,零股散戶,210261,-6432,1.93,-0.08
2026/06/05,2337,旺宏,100~200張,453,-9,3.23,-0.06
2026/06/05,2337,旺宏,10~15張,4706,-169,2.97,-0.11
2026/06/05,2337,旺宏,15~20張,2589,-102,2.39,-0.1
2026/06/05,2337,旺宏,1~5張,193931,-5299,17.86,-0.59
2026/06/05,2337,旺宏,200~400張,248,7,3.5,0.1
2026/06/05,2337,旺宏,20~30張,2124,-70,2.72,-0.09
2026/06/05,2337,旺宏,30~40張,944,-60,1.69,-0.1
2026/06/05,2337,旺宏,400~600張,83,-7,2.0,-0.17
2026/06/05,2337,旺宏,40~50張,580,-3,1.35,0.0
2026/06/05,2337,旺宏,50~100張,981,-24,3.52,-0.08
2026/06/05,2337,旺宏,5~10張,17584,-646,6.79,-0.24
2026/06/05,2337,旺宏,600~800張,45,0,1.6,-0.02
2026/06/05,2337,旺宏,800~1000張,21,0,0.96,0.0
2026/06/05,2337,旺宏,千張大戶,161,1,47.46,1.5
2026/06/05,2337,旺宏,零股散戶,208561,-1700,1.9,-0.03
2026/06/12,2337,旺宏,100~200張,455,2,3.25,0.02
2026/06/12,2337,旺宏,10~15張,5055,349,3.2,0.23
2026/06/12,2337,旺宏,15~20張,2738,149,2.53,0.14
2026/06/12,2337,旺宏,1~5張,203658,9727,19.04,1.18
2026/06/12,2337,旺宏,200~400張,242,-6,3.39,-0.11
2026/06/12,2337,旺宏,20~30張,2241,117,2.87,0.15
2026/06/12,2337,旺宏,30~40張,977,33,1.74,0.05
2026/06/12,2337,旺宏,400~600張,88,5,2.13,0.13
2026/06/12,2337,旺宏,40~50張,594,14,1.38,0.03
2026/06/12,2337,旺宏,50~100張,1001,20,3.58,0.06
2026/06/12,2337,旺宏,5~10張,18892,1308,7.28,0.49
2026/06/12,2337,旺宏,600~800張,42,-3,1.51,-0.09
2026/06/12,2337,旺宏,800~1000張,17,-4,0.78,-0.18
2026/06/12,2337,旺宏,千張大戶,158,-3,45.26,-2.2
2026/06/12,2337,旺宏,零股散戶,213122,4561,1.99,0.09
2026/06/26,2337,旺宏,100~200張,459,-7,3.26,-0.04
2026/06/26,2337,旺宏,10~15張,4908,-155,3.1,-0.11
2026/06/26,2337,旺宏,15~20張,2691,-114,2.49,-0.1
2026/06/26,2337,旺宏,1~5張,201170,-1546,18.6,-0.27
2026/06/26,2337,旺宏,200~400張,243,-6,3.39,-0.05
2026/06/26,2337,旺宏,20~30張,2193,-31,2.81,-0.04
2026/06/26,2337,旺宏,30~40張,962,-37,1.71,-0.07
2026/06/26,2337,旺宏,400~600張,87,-3,2.11,-0.07
2026/06/26,2337,旺宏,40~50張,600,-8,1.39,-0.02
2026/06/26,2337,旺宏,50~100張,997,-24,3.57,-0.07
2026/06/26,2337,旺宏,5~10張,18112,-494,6.99,-0.19
2026/06/26,2337,旺宏,600~800張,43,1,1.54,0.03
2026/06/26,2337,旺宏,800~1000張,19,1,0.85,0.04
2026/06/26,2337,旺宏,千張大戶,159,1,46.22,1.01
2026/06/26,2337,旺宏,零股散戶,206902,-2922,1.89,-0.06
2026/07/03,2337,旺宏,100~200張,489,30,3.47,0.21
2026/07/03,2337,旺宏,10~15張,5241,333,3.31,0.21
2026/07/03,2337,旺宏,15~20張,2860,169,2.65,0.16
2026/07/03,2337,旺宏,1~5張,214300,13130,20.04,1.44
2026/07/03,2337,旺宏,200~400張,237,-6,3.3,-0.09
2026/07/03,2337,旺宏,20~30張,2286,93,2.94,0.13
2026/07/03,2337,旺宏,30~40張,990,28,1.77,0.06
2026/07/03,2337,旺宏,400~600張,88,1,2.12,0.01
2026/07/03,2337,旺宏,40~50張,621,21,1.44,0.05
2026/07/03,2337,旺宏,50~100張,1018,21,3.63,0.06
2026/07/03,2337,旺宏,5~10張,19356,1244,7.45,0.46
2026/07/03,2337,旺宏,600~800張,48,5,1.71,0.17
2026/07/03,2337,旺宏,800~1000張,20,1,0.9,0.05
2026/07/03,2337,旺宏,千張大戶,152,-7,43.2,-3.02
2026/07/03,2337,旺宏,零股散戶,216475,9573,2.02,0.13
2026/07/17,2337,旺宏,100~200張,478,1,3.37,0.01
2026/07/17,2337,旺宏,10~15張,5643,99,3.57,0.06
2026/07/17,2337,旺宏,15~20張,3096,112,2.86,0.1
2026/07/17,2337,旺宏,1~5張,228131,4457,21.49,0.46
2026/07/17,2337,旺宏,200~400張,257,6,3.62,0.1
2026/07/17,2337,旺宏,20~30張,2476,98,3.17,0.12
2026/07/17,2337,旺宏,30~40張,1044,22,1.87,0.04
2026/07/17,2337,旺宏,400~600張,88,0,2.15,0.01
2026/07/17,2337,旺宏,40~50張,666,23,1.55,0.06
2026/07/17,2337,旺宏,50~100張,1070,8,3.83,0.04
2026/07/17,2337,旺宏,5~10張,21008,585,8.09,0.24
2026/07/17,2337,旺宏,600~800張,46,0,1.64,-0.01
2026/07/17,2337,旺宏,800~1000張,17,-1,0.75,-0.06
2026/07/17,2337,旺宏,千張大戶,157,3,39.87,-1.17
2026/07/17,2337,旺宏,零股散戶,222557,959,2.12,0.02
2026/07/24,2337,旺宏,100~200張,483,5,3.37,0.0
2026/07/24,2337,旺宏,10~15張,5699,56,3.6,0.03
2026/07/24,2337,旺宏,15~20張,3115,19,2.88,0.02
2026/07/24,2337,旺宏,1~5張,224749,-3382,21.33,-0.16
2026/07/24,2337,旺宏,200~400張,258,1,3.63,0.01
2026/07/24,2337,旺宏,20~30張,2470,-6,3.16,-0.01
2026/07/24,2337,旺宏,30~40張,1050,6,1.88,0.01
2026/07/24,2337,旺宏,400~600張,92,4,2.24,0.09
2026/07/24,2337,旺宏,40~50張,659,-7,1.53,-0.02
2026/07/24,2337,旺宏,50~100張,1071,1,3.82,-0.01
2026/07/24,2337,旺宏,5~10張,21241,233,8.16,0.07
2026/07/24,2337,旺宏,600~800張,42,-4,1.49,-0.15
2026/07/24,2337,旺宏,800~1000張,20,3,0.87,0.12
2026/07/24,2337,旺宏,千張大戶,151,-6,39.84,-0.03
2026/07/24,2337,旺宏,零股散戶,221025,-1532,2.13,0.01
2026/07/31,2337,旺宏,100~200張,505,22,3.54,0.17
2026/07/31,2337,旺宏,10~15張,6111,412,3.87,0.27
2026/07/31,2337,旺宏,15~20張,3309,194,3.05,0.17
2026/07/31,2337,旺宏,1~5張,227366,2617,21.86,0.53
2026/07/31,2337,旺宏,200~400張,254,-4,3.55,-0.08
2026/07/31,2337,旺宏,20~30張,2622,152,3.36,0.2
2026/07/31,2337,旺宏,30~40張,1106,56,1.97,0.09
2026/07/31,2337,旺宏,400~600張,91,-1,2.2,-0.04
2026/07/31,2337,旺宏,40~50張,699,40,1.62,0.09
2026/07/31,2337,旺宏,50~100張,1126,55,4.02,0.2
2026/07/31,2337,旺宏,5~10張,22542,1301,8.63,0.47
2026/07/31,2337,旺宏,600~800張,44,2,1.55,0.06
2026/07/31,2337,旺宏,800~1000張,19,-1,0.82,-0.05
2026/07/31,2337,旺宏,千張大戶,150,-1,37.75,-2.09
2026/07/31,2337,旺宏,零股散戶,220626,-399,2.14,0.01
2026/04/24,2344,華邦電,100~200張,768,-5,2.39,-0.01
2026/04/24,2344,華邦電,10~15張,9367,25,2.62,0.0
2026/04/24,2344,華邦電,15~20張,5147,-17,2.1,-0.01
2026/04/24,2344,華邦電,1~5張,276870,-7625,12.22,-0.25
2026/04/24,2344,華邦電,200~400張,334,3,2.05,0.02
2026/04/24,2344,華邦電,20~30張,4133,33,2.32,0.02
2026/04/24,2344,華邦電,30~40張,1914,22,1.51,0.02
2026/04/24,2344,華邦電,400~600張,105,-3,1.15,-0.03
2026/04/24,2344,華邦電,40~50張,1116,-4,1.14,-0.01
2026/04/24,2344,華邦電,50~100張,1841,-1,2.89,0.0
2026/04/24,2344,華邦電,5~10張,32584,-34,5.58,-0.01
2026/04/24,2344,華邦電,600~800張,55,-1,0.83,-0.03
2026/04/24,2344,華邦電,800~1000張,32,-3,0.64,-0.07
2026/04/24,2344,華邦電,千張大戶,210,0,61.78,0.38
2026/04/24,2344,華邦電,零股散戶,158174,-3607,0.72,-0.01
2026/05/08,2344,華邦電,100~200張,705,-28,2.19,-0.08
2026/05/08,2344,華邦電,10~15張,8038,-1056,2.25,-0.29
2026/05/08,2344,華邦電,15~20張,4475,-481,1.83,-0.19
2026/05/08,2344,華邦電,1~5張,253207,-18890,10.84,-1.1
2026/05/08,2344,華邦電,200~400張,322,-5,1.98,-0.03
2026/05/08,2344,華邦電,20~30張,3648,-378,2.05,-0.21
2026/05/08,2344,華邦電,30~40張,1705,-162,1.34,-0.13
2026/05/08,2344,華邦電,400~600張,113,-4,1.23,-0.04
2026/05/08,2344,華邦電,40~50張,1028,-94,1.06,-0.09
2026/05/08,2344,華邦電,50~100張,1662,-136,2.61,-0.21
2026/05/08,2344,華邦電,5~10張,27990,-3732,4.81,-0.63
2026/05/08,2344,華邦電,600~800張,52,-2,0.79,-0.03
2026/05/08,2344,華邦電,800~1000張,35,-1,0.7,-0.02
2026/05/08,2344,華邦電,千張大戶,218,13,65.61,3.14
2026/05/08,2344,華邦電,零股散戶,150828,-4669,0.65,-0.05
2026/05/15,2344,華邦電,100~200張,689,-16,2.14,-0.05
2026/05/15,2344,華邦電,10~15張,6881,-1157,1.92,-0.33
2026/05/15,2344,華邦電,15~20張,3847,-628,1.57,-0.26
2026/05/15,2344,華邦電,1~5張,214316,-38891,9.03,-1.81
2026/05/15,2344,華邦電,200~400張,318,-4,1.97,-0.01
2026/05/15,2344,華邦電,20~30張,3258,-390,1.83,-0.22
2026/05/15,2344,華邦電,30~40張,1515,-190,1.19,-0.15
2026/05/15,2344,華邦電,400~600張,112,-1,1.22,-0.01
2026/05/15,2344,華邦電,40~50張,944,-84,0.97,-0.09
2026/05/15,2344,華邦電,50~100張,1561,-101,2.46,-0.15
2026/05/15,2344,華邦電,5~10張,23790,-4200,4.09,-0.72
2026/05/15,2344,華邦電,600~800張,53,1,0.8,0.01
2026/05/15,2344,華邦電,800~1000張,37,2,0.73,0.03
2026/05/15,2344,華邦電,千張大戶,238,20,69.42,3.81
2026/05/15,2344,華邦電,零股散戶,142515,-8313,0.59,-0.06
2026/05/22,2344,華邦電,100~200張,720,31,2.24,0.1
2026/05/22,2344,華邦電,10~15張,7447,566,2.08,0.16
2026/05/22,2344,華邦電,15~20張,4208,361,1.72,0.15
2026/05/22,2344,華邦電,1~5張,246502,32186,10.37,1.34
2026/05/22,2344,華邦電,200~400張,315,-3,1.94,-0.03
2026/05/22,2344,華邦電,20~30張,3474,216,1.95,0.12
2026/05/22,2344,華邦電,30~40張,1604,89,1.26,0.07
2026/05/22,2344,華邦電,400~600張,115,3,1.28,0.06
2026/05/22,2344,華邦電,40~50張,973,29,1.0,0.03
2026/05/22,2344,華邦電,50~100張,1665,104,2.63,0.17
2026/05/22,2344,華邦電,5~10張,26248,2458,4.51,0.42
2026/05/22,2344,華邦電,600~800張,55,2,0.83,0.03
2026/05/22,2344,華邦電,800~1000張,32,-5,0.64,-0.09
2026/05/22,2344,華邦電,千張大戶,243,5,66.86,-2.56
2026/05/22,2344,華邦電,零股散戶,149139,6624,0.61,0.02
2026/05/29,2344,華邦電,100~200張,657,-63,2.04,-0.2
2026/05/29,2344,華邦電,10~15張,6198,-1249,1.72,-0.36
2026/05/29,2344,華邦電,15~20張,3512,-696,1.43,-0.29
2026/05/29,2344,華邦電,1~5張,213005,-33497,8.74,-1.63
2026/05/29,2344,華邦電,200~400張,309,-6,1.92,-0.02
2026/05/29,2344,華邦電,20~30張,2865,-609,1.6,-0.35
2026/05/29,2344,華邦電,30~40張,1399,-205,1.1,-0.16
2026/05/29,2344,華邦電,400~600張,108,-7,1.2,-0.08
2026/05/29,2344,華邦電,40~50張,826,-147,0.85,-0.15
2026/05/29,2344,華邦電,50~100張,1408,-257,2.22,-0.41
2026/05/29,2344,華邦電,5~10張,21557,-4691,3.69,-0.82
2026/05/29,2344,華邦電,600~800張,62,7,0.96,0.13
2026/05/29,2344,華邦電,800~1000張,37,5,0.74,0.1
2026/05/29,2344,華邦電,千張大戶,244,1,71.13,4.27
2026/05/29,2344,華邦電,零股散戶,150783,1644,0.59,-0.02
2026/06/05,2344,華邦電,100~200張,655,-2,2.01,-0.03
2026/06/05,2344,華邦電,10~15張,6052,-146,1.68,-0.04
2026/06/05,2344,華邦電,15~20張,3383,-129,1.38,-0.05
2026/06/05,2344,華邦電,1~5張,225163,12158,9.07,0.33
2026/06/05,2344,華邦電,200~400張,321,12,1.99,0.07
2026/06/05,2344,華邦電,20~30張,2754,-111,1.54,-0.06
2026/06/05,2344,華邦電,30~40張,1326,-73,1.03,-0.07
2026/06/05,2344,華邦電,400~600張,120,12,1.33,0.13
2026/06/05,2344,華邦電,40~50張,824,-2,0.84,-0.01
2026/06/05,2344,華邦電,50~100張,1360,-48,2.14,-0.08
2026/06/05,2344,華邦電,5~10張,21184,-373,3.63,-0.06
2026/06/05,2344,華邦電,600~800張,61,-1,0.94,-0.02
2026/06/05,2344,華邦電,800~1000張,33,-4,0.66,-0.08
2026/06/05,2344,華邦電,千張大戶,247,3,71.05,-0.08
2026/06/05,2344,華邦電,零股散戶,170180,19397,0.66,0.07
2026/06/12,2344,華邦電,100~200張,665,10,2.04,0.03
2026/06/12,2344,華邦電,10~15張,6549,497,1.82,0.14
2026/06/12,2344,華邦電,15~20張,3707,324,1.51,0.13
2026/06/12,2344,華邦電,1~5張,254780,29617,10.38,1.31
2026/06/12,2344,華邦電,200~400張,328,7,2.03,0.04
2026/06/12,2344,華邦電,20~30張,2949,195,1.65,0.11
2026/06/12,2344,華邦電,30~40張,1379,53,1.08,0.05
2026/06/12,2344,華邦電,400~600張,125,5,1.39,0.06
2026/06/12,2344,華邦電,40~50張,855,31,0.88,0.04
2026/06/12,2344,華邦電,50~100張,1403,43,2.19,0.05
2026/06/12,2344,華邦電,5~10張,23378,2194,4.0,0.37
2026/06/12,2344,華邦電,600~800張,65,4,1.0,0.06
2026/06/12,2344,華邦電,800~1000張,32,-1,0.63,-0.03
2026/06/12,2344,華邦電,千張大戶,252,5,68.57,-2.48
2026/06/12,2344,華邦電,零股散戶,184723,14543,0.74,0.08
2026/06/26,2344,華邦電,100~200張,662,-5,2.05,0.0
2026/06/26,2344,華邦電,10~15張,6146,260,1.71,0.08
2026/06/26,2344,華邦電,15~20張,3364,45,1.37,0.02
2026/06/26,2344,華邦電,1~5張,232859,17157,9.39,0.64
2026/06/26,2344,華邦電,200~400張,332,3,2.07,0.04
2026/06/26,2344,華邦電,20~30張,2805,57,1.56,0.03
2026/06/26,2344,華邦電,30~40張,1309,9,1.02,0.01
2026/06/26,2344,華邦電,400~600張,122,2,1.36,0.03
2026/06/26,2344,華邦電,40~50張,804,-22,0.82,-0.03
2026/06/26,2344,華邦電,50~100張,1348,34,2.13,0.06
2026/06/26,2344,華邦電,5~10張,21286,689,3.64,0.12
2026/06/26,2344,華邦電,600~800張,66,1,1.01,0.01
2026/06/26,2344,華邦電,800~1000張,36,-3,0.71,-0.07
2026/06/26,2344,華邦電,千張大戶,273,5,70.33,-1.02
2026/06/26,2344,華邦電,零股散戶,192350,17605,0.74,0.07
2026/07/03,2344,華邦電,100~200張,665,3,2.06,0.01
2026/07/03,2344,華邦電,10~15張,6751,605,1.88,0.17
2026/07/03,2344,華邦電,15~20張,3682,318,1.5,0.13
2026/07/03,2344,華邦電,1~5張,259990,27131,10.63,1.24
2026/07/03,2344,華邦電,200~400張,328,-4,2.03,-0.04
2026/07/03,2344,華邦電,20~30張,2985,180,1.66,0.1
2026/07/03,2344,華邦電,30~40張,1353,44,1.06,0.04
2026/07/03,2344,華邦電,400~600張,117,-5,1.3,-0.06
2026/07/03,2344,華邦電,40~50張,864,60,0.88,0.06
2026/07/03,2344,華邦電,50~100張,1374,26,2.16,0.03
2026/07/03,2344,華邦電,5~10張,23623,2337,4.03,0.39
2026/07/03,2344,華邦電,600~800張,67,1,1.02,0.01
2026/07/03,2344,華邦電,800~1000張,37,1,0.74,0.03
2026/07/03,2344,華邦電,千張大戶,259,-14,68.12,-2.21
2026/07/03,2344,華邦電,零股散戶,216777,24427,0.87,0.13
2026/07/17,2344,華邦電,100~200張,667,4,2.05,0.01
2026/07/17,2344,華邦電,10~15張,7099,11,1.97,0.0
2026/07/17,2344,華邦電,15~20張,3894,67,1.58,0.03
2026/07/17,2344,華邦電,1~5張,274379,1964,11.25,0.06
2026/07/17,2344,華邦電,200~400張,327,-16,2.0,-0.12
2026/07/17,2344,華邦電,20~30張,3107,-18,1.73,-0.01
2026/07/17,2344,華邦電,30~40張,1452,35,1.13,0.02
2026/07/17,2344,華邦電,400~600張,120,4,1.34,0.06
2026/07/17,2344,華邦電,40~50張,871,11,0.89,0.01
2026/07/17,2344,華邦電,50~100張,1449,12,2.25,0.0
2026/07/17,2344,華邦電,5~10張,25459,280,4.32,0.04
2026/07/17,2344,華邦電,600~800張,59,-2,0.89,-0.03
2026/07/17,2344,華邦電,800~1000張,43,5,0.84,0.08
2026/07/17,2344,華邦電,千張大戶,251,-5,66.74,-0.19
2026/07/17,2344,華邦電,零股散戶,225958,1900,0.93,0.01
2026/07/24,2344,華邦電,100~200張,659,-8,1.98,-0.07
2026/07/24,2344,華邦電,10~15張,7429,330,2.03,0.06
2026/07/24,2344,華邦電,15~20張,4071,177,1.62,0.04
2026/07/24,2344,華邦電,1~5張,279814,5435,11.38,0.13
2026/07/24,2344,華邦電,200~400張,338,11,2.04,0.04
2026/07/24,2344,華邦電,20~30張,3257,150,1.78,0.05
2026/07/24,2344,華邦電,30~40張,1486,34,1.14,0.01
2026/07/24,2344,華邦電,400~600張,116,-4,1.26,-0.08
2026/07/24,2344,華邦電,40~50張,892,21,0.9,0.01
2026/07/24,2344,華邦電,50~100張,1498,49,2.29,0.04
2026/07/24,2344,華邦電,5~10張,26594,1135,4.43,0.11
2026/07/24,2344,華邦電,600~800張,65,6,0.99,0.1
2026/07/24,2344,華邦電,800~1000張,38,-5,0.75,-0.09
2026/07/24,2344,華邦電,千張大戶,250,-1,66.39,-0.35
2026/07/24,2344,華邦電,零股散戶,226599,641,0.93,0.0
2026/07/31,2344,華邦電,100~200張,682,23,2.0,0.02
2026/07/31,2344,華邦電,10~15張,7939,510,2.13,0.1
2026/07/31,2344,華邦電,15~20張,4277,206,1.68,0.06
2026/07/31,2344,華邦電,1~5張,288061,8247,11.64,0.26
2026/07/31,2344,華邦電,200~400張,346,8,2.04,0.0
2026/07/31,2344,華邦電,20~30張,3460,203,1.86,0.08
2026/07/31,2344,華邦電,30~40張,1575,89,1.19,0.05
2026/07/31,2344,華邦電,400~600張,112,-4,1.19,-0.07
2026/07/31,2344,華邦電,40~50張,938,46,0.93,0.03
2026/07/31,2344,華邦電,50~100張,1537,39,2.31,0.02
2026/07/31,2344,華邦電,5~10張,28369,1775,4.64,0.21
2026/07/31,2344,華邦電,600~800張,71,6,1.05,0.06
2026/07/31,2344,華邦電,800~1000張,36,-2,0.7,-0.05
2026/07/31,2344,華邦電,千張大戶,248,-2,65.63,-0.76
2026/07/31,2344,華邦電,零股散戶,227323,724,0.93,0.0
2026/04/24,2345,智邦,100~200張,253,-5,6.36,-0.16
2026/04/24,2345,智邦,10~15張,340,7,0.74,0.01
2026/04/24,2345,智邦,15~20張,202,4,0.64,0.01
2026/04/24,2345,智邦,1~5張,8454,619,2.57,0.14
2026/04/24,2345,智邦,200~400張,190,5,9.65,0.3
2026/04/24,2345,智邦,20~30張,260,4,1.16,0.02
2026/04/24,2345,智邦,30~40張,163,1,1.0,0.0
2026/04/24,2345,智邦,400~600張,58,-4,5.03,-0.28
2026/04/24,2345,智邦,40~50張,106,-7,0.85,-0.06
2026/04/24,2345,智邦,50~100張,339,14,4.41,0.19
2026/04/24,2345,智邦,5~10張,823,-1,1.06,0.0
2026/04/24,2345,智邦,600~800張,46,1,5.72,0.19
2026/04/24,2345,智邦,800~1000張,18,-1,2.83,-0.15
2026/04/24,2345,智邦,千張大戶,96,-2,57.21,-0.26
2026/04/24,2345,智邦,零股散戶,52925,4852,0.68,0.05
2026/05/08,2345,智邦,100~200張,263,2,6.64,0.05
2026/05/08,2345,智邦,10~15張,353,13,0.77,0.03
2026/05/08,2345,智邦,15~20張,199,-8,0.64,-0.02
2026/05/08,2345,智邦,1~5張,8065,-352,2.49,-0.08
2026/05/08,2345,智邦,200~400張,181,-2,9.22,-0.17
2026/05/08,2345,智邦,20~30張,265,-5,1.19,-0.03
2026/05/08,2345,智邦,30~40張,157,-3,0.97,-0.02
2026/05/08,2345,智邦,400~600張,59,-1,5.07,-0.1
2026/05/08,2345,智邦,40~50張,104,-3,0.83,-0.03
2026/05/08,2345,智邦,50~100張,339,0,4.36,-0.04
2026/05/08,2345,智邦,5~10張,824,3,1.06,0.0
2026/05/08,2345,智邦,600~800張,45,-1,5.6,-0.22
2026/05/08,2345,智邦,800~1000張,21,3,3.22,0.38
2026/05/08,2345,智邦,千張大戶,98,2,57.19,0.24
2026/05/08,2345,智邦,零股散戶,53620,-316,0.67,-0.01
2026/05/15,2345,智邦,100~200張,267,4,6.69,0.05
2026/05/15,2345,智邦,10~15張,340,-13,0.74,-0.03
2026/05/15,2345,智邦,15~20張,200,1,0.64,0.0
2026/05/15,2345,智邦,1~5張,7963,-102,2.46,-0.03
2026/05/15,2345,智邦,200~400張,192,11,9.82,0.6
2026/05/15,2345,智邦,20~30張,276,11,1.24,0.05
2026/05/15,2345,智邦,30~40張,166,9,1.03,0.06
2026/05/15,2345,智邦,400~600張,51,-8,4.43,-0.64
2026/05/15,2345,智邦,40~50張,102,-2,0.82,-0.01
2026/05/15,2345,智邦,50~100張,342,3,4.39,0.03
2026/05/15,2345,智邦,5~10張,832,8,1.07,0.01
2026/05/15,2345,智邦,600~800張,46,1,5.7,0.1
2026/05/15,2345,智邦,800~1000張,18,-3,2.76,-0.46
2026/05/15,2345,智邦,千張大戶,102,4,57.42,0.23
2026/05/15,2345,智邦,零股散戶,57756,4136,0.71,0.04
2026/05/22,2345,智邦,100~200張,261,-6,6.5,-0.19
2026/05/22,2345,智邦,10~15張,356,16,0.78,0.04
2026/05/22,2345,智邦,15~20張,203,3,0.65,0.01
2026/05/22,2345,智邦,1~5張,8519,556,2.6,0.14
2026/05/22,2345,智邦,200~400張,184,-8,9.31,-0.51
2026/05/22,2345,智邦,20~30張,279,3,1.26,0.02
2026/05/22,2345,智邦,30~40張,167,1,1.04,0.01
2026/05/22,2345,智邦,400~600張,58,7,5.04,0.61
2026/05/22,2345,智邦,40~50張,111,9,0.89,0.07
2026/05/22,2345,智邦,50~100張,344,2,4.44,0.05
2026/05/22,2345,智邦,5~10張,830,-2,1.07,0.0
2026/05/22,2345,智邦,600~800張,43,-3,5.33,-0.37
2026/05/22,2345,智邦,800~1000張,17,-1,2.61,-0.15
2026/05/22,2345,智邦,千張大戶,103,1,57.65,0.23
2026/05/22,2345,智邦,零股散戶,61267,3511,0.75,0.04
2026/05/29,2345,智邦,100~200張,255,-6,6.33,-0.17
2026/05/29,2345,智邦,10~15張,355,-1,0.78,0.0
2026/05/29,2345,智邦,15~20張,209,6,0.67,0.02
2026/05/29,2345,智邦,1~5張,8807,288,2.7,0.1
2026/05/29,2345,智邦,200~400張,186,2,9.31,0.0
2026/05/29,2345,智邦,20~30張,275,-4,1.24,-0.02
2026/05/29,2345,智邦,30~40張,178,11,1.1,0.06
2026/05/29,2345,智邦,400~600張,58,0,5.02,-0.02
2026/05/29,2345,智邦,40~50張,115,4,0.93,0.04
2026/05/29,2345,智邦,50~100張,341,-3,4.44,0.0
2026/05/29,2345,智邦,5~10張,829,-1,1.07,0.0
2026/05/29,2345,智邦,600~800張,45,2,5.53,0.2
2026/05/29,2345,智邦,800~1000張,19,2,2.95,0.34
2026/05/29,2345,智邦,千張大戶,101,-2,57.08,-0.57
2026/05/29,2345,智邦,零股散戶,63462,2195,0.79,0.04
2026/06/05,2345,智邦,100~200張,254,-1,6.36,0.03
2026/06/05,2345,智邦,10~15張,349,-6,0.76,-0.02
2026/06/05,2345,智邦,15~20張,215,6,0.69,0.02
2026/06/05,2345,智邦,1~5張,8556,-251,2.63,-0.07
2026/06/05,2345,智邦,200~400張,180,-6,8.93,-0.38
2026/06/05,2345,智邦,20~30張,267,-8,1.19,-0.05
2026/06/05,2345,智邦,30~40張,181,3,1.13,0.03
2026/06/05,2345,智邦,400~600張,57,-1,4.81,-0.21
2026/06/05,2345,智邦,40~50張,119,4,0.96,0.03
2026/06/05,2345,智邦,50~100張,335,-6,4.39,-0.05
2026/06/05,2345,智邦,5~10張,844,15,1.09,0.02
2026/06/05,2345,智邦,600~800張,48,3,5.87,0.34
2026/06/05,2345,智邦,800~1000張,21,2,3.31,0.36
2026/06/05,2345,智邦,千張大戶,101,0,57.02,-0.06
2026/06/05,2345,智邦,零股散戶,63130,-332,0.78,-0.01
2026/06/12,2345,智邦,100~200張,251,-3,6.34,-0.02
2026/06/12,2345,智邦,10~15張,348,-1,0.76,0.0
2026/06/12,2345,智邦,15~20張,219,4,0.7,0.01
2026/06/12,2345,智邦,1~5張,8703,147,2.68,0.05
2026/06/12,2345,智邦,200~400張,176,-4,8.85,-0.08
2026/06/12,2345,智邦,20~30張,274,7,1.23,0.04
2026/06/12,2345,智邦,30~40張,171,-10,1.07,-0.06
2026/06/12,2345,智邦,400~600張,55,-2,4.69,-0.12
2026/06/12,2345,智邦,40~50張,119,0,0.95,-0.01
2026/06/12,2345,智邦,50~100張,342,7,4.49,0.1
2026/06/12,2345,智邦,5~10張,840,-4,1.08,-0.01
2026/06/12,2345,智邦,600~800張,47,-1,5.73,-0.14
2026/06/12,2345,智邦,800~1000張,25,4,3.93,0.62
2026/06/12,2345,智邦,千張大戶,98,-3,56.62,-0.4
2026/06/12,2345,智邦,零股散戶,64894,1764,0.8,0.02
2026/06/26,2345,智邦,100~200張,257,5,6.43,0.07
2026/06/26,2345,智邦,10~15張,357,5,0.78,0.01
2026/06/26,2345,智邦,15~20張,226,2,0.72,0.0
2026/06/26,2345,智邦,1~5張,8751,313,2.68,0.08
2026/06/26,2345,智邦,200~400張,170,-4,8.38,-0.37
2026/06/26,2345,智邦,20~30張,282,8,1.26,0.03
2026/06/26,2345,智邦,30~40張,167,0,1.04,0.0
2026/06/26,2345,智邦,400~600張,59,3,5.02,0.26
2026/06/26,2345,智邦,40~50張,114,-1,0.91,-0.01
2026/06/26,2345,智邦,50~100張,346,-3,4.5,-0.05
2026/06/26,2345,智邦,5~10張,844,20,1.09,0.03
2026/06/26,2345,智邦,600~800張,44,-2,5.4,-0.25
2026/06/26,2345,智邦,800~1000張,26,1,4.17,0.16
2026/06/26,2345,智邦,千張大戶,97,-1,56.75,0.02
2026/06/26,2345,智邦,零股散戶,64267,1227,0.79,0.01
2026/07/03,2345,智邦,100~200張,254,-3,6.32,-0.11
2026/07/03,2345,智邦,10~15張,353,-4,0.77,-0.01
2026/07/03,2345,智邦,15~20張,221,-5,0.7,-0.02
2026/07/03,2345,智邦,1~5張,7818,-933,2.44,-0.24
2026/07/03,2345,智邦,200~400張,175,5,8.63,0.25
2026/07/03,2345,智邦,20~30張,279,-3,1.25,-0.01
2026/07/03,2345,智邦,30~40張,173,6,1.08,0.04
2026/07/03,2345,智邦,400~600張,60,1,5.17,0.15
2026/07/03,2345,智邦,40~50張,116,2,0.93,0.02
2026/07/03,2345,智邦,50~100張,351,5,4.59,0.09
2026/07/03,2345,智邦,5~10張,815,-29,1.05,-0.04
2026/07/03,2345,智邦,600~800張,43,-1,5.29,-0.11
2026/07/03,2345,智邦,800~1000張,25,-1,3.97,-0.2
2026/07/03,2345,智邦,千張大戶,99,2,57.02,0.27
2026/07/03,2345,智邦,零股散戶,58407,-5860,0.71,-0.08
2026/07/17,2345,智邦,100~200張,247,-6,6.21,-0.13
2026/07/17,2345,智邦,10~15張,350,-4,0.77,0.0
2026/07/17,2345,智邦,15~20張,225,1,0.72,0.01
2026/07/17,2345,智邦,1~5張,8531,131,2.64,0.05
2026/07/17,2345,智邦,200~400張,177,3,8.79,0.16
2026/07/17,2345,智邦,20~30張,279,3,1.24,0.01
2026/07/17,2345,智邦,30~40張,172,-1,1.07,-0.01
2026/07/17,2345,智邦,400~600張,58,0,5.06,0.02
2026/07/17,2345,智邦,40~50張,114,-2,0.91,-0.01
2026/07/17,2345,智邦,50~100張,358,-1,4.6,-0.02
2026/07/17,2345,智邦,5~10張,846,9,1.1,0.02
2026/07/17,2345,智邦,600~800張,41,0,5.04,0.01
2026/07/17,2345,智邦,800~1000張,24,-1,3.76,-0.16
2026/07/17,2345,智邦,千張大戶,99,-1,57.23,0.03
2026/07/17,2345,智邦,零股散戶,62578,1523,0.78,0.03
2026/07/24,2345,智邦,100~200張,246,-1,6.16,-0.05
2026/07/24,2345,智邦,10~15張,366,16,0.8,0.03
2026/07/24,2345,智邦,15~20張,223,-2,0.71,-0.01
2026/07/24,2345,智邦,1~5張,8571,40,2.66,0.02
2026/07/24,2345,智邦,200~400張,172,-5,8.49,-0.3
2026/07/24,2345,智邦,20~30張,285,6,1.26,0.02
2026/07/24,2345,智邦,30~40張,168,-4,1.06,-0.01
2026/07/24,2345,智邦,400~600張,62,4,5.33,0.27
2026/07/24,2345,智邦,40~50張,116,2,0.93,0.02
2026/07/24,2345,智邦,50~100張,359,1,4.6,0.0
2026/07/24,2345,智邦,5~10張,849,3,1.1,0.0
2026/07/24,2345,智邦,600~800張,41,0,5.05,0.01
2026/07/24,2345,智邦,800~1000張,24,0,3.74,-0.02
2026/07/24,2345,智邦,千張大戶,99,0,57.25,0.02
2026/07/24,2345,智邦,零股散戶,62861,283,0.79,0.01
2026/07/31,2345,智邦,100~200張,249,3,6.21,0.05
2026/07/31,2345,智邦,10~15張,366,0,0.8,0.0
2026/07/31,2345,智邦,15~20張,216,-7,0.69,-0.02
2026/07/31,2345,智邦,1~5張,8656,85,2.69,0.03
2026/07/31,2345,智邦,200~400張,171,-1,8.48,-0.01
2026/07/31,2345,智邦,20~30張,282,-3,1.26,0.0
2026/07/31,2345,智邦,30~40張,157,-11,0.99,-0.07
2026/07/31,2345,智邦,400~600張,62,0,5.4,0.07
2026/07/31,2345,智邦,40~50張,120,4,0.96,0.03
2026/07/31,2345,智邦,50~100張,355,-4,4.53,-0.07
2026/07/31,2345,智邦,5~10張,844,-5,1.09,-0.01
2026/07/31,2345,智邦,600~800張,38,-3,4.72,-0.33
2026/07/31,2345,智邦,800~1000張,24,0,3.78,0.04
2026/07/31,2345,智邦,千張大戶,98,-1,57.51,0.26
2026/07/31,2345,智邦,零股散戶,63557,696,0.81,0.02
2026/04/24,2347,聯強,100~200張,148,-3,1.25,-0.04
2026/04/24,2347,聯強,10~15張,1055,-21,0.78,-0.02
2026/04/24,2347,聯強,15~20張,530,2,0.56,0.0
2026/04/24,2347,聯強,1~5張,21632,-388,2.65,-0.04
2026/04/24,2347,聯強,200~400張,106,5,1.77,0.08
2026/04/24,2347,聯強,20~30張,490,-8,0.73,-0.01
2026/04/24,2347,聯強,30~40張,212,-6,0.44,-0.02
2026/04/24,2347,聯強,400~600張,48,2,1.43,0.07
2026/04/24,2347,聯強,40~50張,169,-2,0.46,-0.01
2026/04/24,2347,聯強,50~100張,291,-8,1.25,-0.02
2026/04/24,2347,聯強,5~10張,3222,-64,1.44,-0.03
2026/04/24,2347,聯強,600~800張,27,0,1.11,-0.01
2026/04/24,2347,聯強,800~1000張,21,0,1.12,0.0
2026/04/24,2347,聯強,千張大戶,160,0,84.76,0.05
2026/04/24,2347,聯強,零股散戶,13076,-101,0.17,0.0
2026/05/08,2347,聯強,100~200張,153,5,1.3,0.05
2026/05/08,2347,聯強,10~15張,1033,-3,0.76,-0.01
2026/05/08,2347,聯強,15~20張,527,3,0.56,0.01
2026/05/08,2347,聯強,1~5張,21471,-73,2.62,-0.02
2026/05/08,2347,聯強,200~400張,104,-1,1.73,-0.03
2026/05/08,2347,聯強,20~30張,495,4,0.73,0.0
2026/05/08,2347,聯強,30~40張,203,-3,0.42,-0.01
2026/05/08,2347,聯強,400~600張,46,0,1.35,-0.01
2026/05/08,2347,聯強,40~50張,150,-9,0.41,-0.02
2026/05/08,2347,聯強,50~100張,299,6,1.28,0.03
2026/05/08,2347,聯強,5~10張,3184,-8,1.43,0.0
2026/05/08,2347,聯強,600~800張,29,-2,1.2,-0.09
2026/05/08,2347,聯強,800~1000張,17,-2,0.92,-0.1
2026/05/08,2347,聯強,千張大戶,161,2,85.06,0.21
2026/05/08,2347,聯強,零股散戶,12899,-72,0.17,0.0
2026/05/15,2347,聯強,100~200張,155,2,1.33,0.03
2026/05/15,2347,聯強,10~15張,1028,-5,0.76,0.0
2026/05/15,2347,聯強,15~20張,538,11,0.57,0.01
2026/05/15,2347,聯強,1~5張,21402,-69,2.61,-0.01
2026/05/15,2347,聯強,200~400張,102,-2,1.7,-0.03
2026/05/15,2347,聯強,20~30張,489,-6,0.73,0.0
2026/05/15,2347,聯強,30~40張,206,3,0.43,0.01
2026/05/15,2347,聯強,400~600張,47,1,1.39,0.04
2026/05/15,2347,聯強,40~50張,148,-2,0.4,-0.01
2026/05/15,2347,聯強,50~100張,300,1,1.28,0.0
2026/05/15,2347,聯強,5~10張,3175,-9,1.42,-0.01
2026/05/15,2347,聯強,600~800張,24,-5,0.97,-0.23
2026/05/15,2347,聯強,800~1000張,22,5,1.19,0.27
2026/05/15,2347,聯強,千張大戶,160,-1,84.98,-0.08
2026/05/15,2347,聯強,零股散戶,12898,-1,0.17,0.0
2026/05/22,2347,聯強,100~200張,153,-2,1.31,-0.02
2026/05/22,2347,聯強,10~15張,1026,-2,0.76,0.0
2026/05/22,2347,聯強,15~20張,535,-3,0.56,-0.01
2026/05/22,2347,聯強,1~5張,21282,-120,2.6,-0.01
2026/05/22,2347,聯強,200~400張,99,-3,1.63,-0.07
2026/05/22,2347,聯強,20~30張,489,0,0.72,-0.01
2026/05/22,2347,聯強,30~40張,208,2,0.43,0.0
2026/05/22,2347,聯強,400~600張,48,1,1.4,0.01
2026/05/22,2347,聯強,40~50張,146,-2,0.4,0.0
2026/05/22,2347,聯強,50~100張,302,2,1.28,0.0
2026/05/22,2347,聯強,5~10張,3172,-3,1.42,0.0
2026/05/22,2347,聯強,600~800張,26,2,1.07,0.1
2026/05/22,2347,聯強,800~1000張,21,-1,1.14,-0.05
2026/05/22,2347,聯強,千張大戶,163,3,85.04,0.06
2026/05/22,2347,聯強,零股散戶,12793,-105,0.17,0.0
2026/05/29,2347,聯強,100~200張,153,0,1.3,-0.01
2026/05/29,2347,聯強,10~15張,1014,-12,0.75,-0.01
2026/05/29,2347,聯強,15~20張,529,-6,0.56,0.0
2026/05/29,2347,聯強,1~5張,21075,-207,2.57,-0.03
2026/05/29,2347,聯強,200~400張,100,1,1.63,0.0
2026/05/29,2347,聯強,20~30張,487,-2,0.72,0.0
2026/05/29,2347,聯強,30~40張,206,-2,0.43,0.0
2026/05/29,2347,聯強,400~600張,47,-1,1.37,-0.03
2026/05/29,2347,聯強,40~50張,149,3,0.4,0.0
2026/05/29,2347,聯強,50~100張,298,-4,1.26,-0.02
2026/05/29,2347,聯強,5~10張,3149,-23,1.41,-0.01
2026/05/29,2347,聯強,600~800張,26,0,1.05,-0.02
2026/05/29,2347,聯強,800~1000張,22,1,1.2,0.06
2026/05/29,2347,聯強,千張大戶,162,-1,85.11,0.07
2026/05/29,2347,聯強,零股散戶,12723,-70,0.17,0.0
2026/06/05,2347,聯強,100~200張,156,3,1.33,0.03
2026/06/05,2347,聯強,10~15張,993,-21,0.73,-0.02
2026/06/05,2347,聯強,15~20張,516,-13,0.54,-0.02
2026/06/05,2347,聯強,1~5張,21410,335,2.6,0.03
2026/06/05,2347,聯強,200~400張,104,4,1.71,0.08
2026/06/05,2347,聯強,20~30張,489,2,0.72,0.0
2026/06/05,2347,聯強,30~40張,200,-6,0.42,-0.01
2026/06/05,2347,聯強,400~600張,47,0,1.36,-0.01
2026/06/05,2347,聯強,40~50張,151,2,0.41,0.01
2026/06/05,2347,聯強,50~100張,298,0,1.25,-0.01
2026/06/05,2347,聯強,5~10張,3144,-5,1.41,0.0
2026/06/05,2347,聯強,600~800張,25,-1,1.02,-0.03
2026/06/05,2347,聯強,800~1000張,20,-2,1.08,-0.12
2026/06/05,2347,聯強,千張大戶,164,2,85.18,0.07
2026/06/05,2347,聯強,零股散戶,12962,239,0.17,0.0
2026/06/12,2347,聯強,100~200張,152,-4,1.28,-0.05
2026/06/12,2347,聯強,10~15張,985,-8,0.73,0.0
2026/06/12,2347,聯強,15~20張,512,-4,0.54,0.0
2026/06/12,2347,聯強,1~5張,21323,-87,2.59,-0.01
2026/06/12,2347,聯強,200~400張,104,0,1.72,0.01
2026/06/12,2347,聯強,20~30張,476,-13,0.7,-0.02
2026/06/12,2347,聯強,30~40張,202,2,0.42,0.0
2026/06/12,2347,聯強,400~600張,47,0,1.37,0.01
2026/06/12,2347,聯強,40~50張,151,0,0.41,0.0
2026/06/12,2347,聯強,50~100張,303,5,1.26,0.01
2026/06/12,2347,聯強,5~10張,3132,-12,1.4,-0.01
2026/06/12,2347,聯強,600~800張,29,4,1.19,0.17
2026/06/12,2347,聯強,800~1000張,21,1,1.12,0.04
2026/06/12,2347,聯強,千張大戶,164,0,85.03,-0.15
2026/06/12,2347,聯強,零股散戶,13045,83,0.17,0.0
2026/06/26,2347,聯強,100~200張,152,-3,1.3,-0.01
2026/06/26,2347,聯強,10~15張,949,-20,0.7,-0.02
2026/06/26,2347,聯強,15~20張,502,-11,0.53,-0.01
2026/06/26,2347,聯強,1~5張,20814,-290,2.53,-0.04
2026/06/26,2347,聯強,200~400張,96,-4,1.57,-0.09
2026/06/26,2347,聯強,20~30張,459,-19,0.68,-0.03
2026/06/26,2347,聯強,30~40張,201,1,0.42,0.0
2026/06/26,2347,聯強,400~600張,54,4,1.56,0.1
2026/06/26,2347,聯強,40~50張,152,0,0.41,0.0
2026/06/26,2347,聯強,50~100張,289,-10,1.21,-0.03
2026/06/26,2347,聯強,5~10張,3070,-51,1.37,-0.02
2026/06/26,2347,聯強,600~800張,27,-2,1.11,-0.08
2026/06/26,2347,聯強,800~1000張,19,-1,1.02,-0.05
2026/06/26,2347,聯強,千張大戶,168,5,85.36,0.28
2026/06/26,2347,聯強,零股散戶,12955,-56,0.17,0.0
2026/07/03,2347,聯強,100~200張,141,-11,1.19,-0.11
2026/07/03,2347,聯強,10~15張,962,13,0.71,0.01
2026/07/03,2347,聯強,15~20張,500,-2,0.53,0.0
2026/07/03,2347,聯強,1~5張,20662,-152,2.51,-0.02
2026/07/03,2347,聯強,200~400張,98,2,1.59,0.02
2026/07/03,2347,聯強,20~30張,465,6,0.69,0.01
2026/07/03,2347,聯強,30~40張,198,-3,0.41,-0.01
2026/07/03,2347,聯強,400~600張,50,-4,1.45,-0.11
2026/07/03,2347,聯強,40~50張,152,0,0.41,0.0
2026/07/03,2347,聯強,50~100張,292,3,1.23,0.02
2026/07/03,2347,聯強,5~10張,3053,-17,1.36,-0.01
2026/07/03,2347,聯強,600~800張,32,5,1.32,0.21
2026/07/03,2347,聯強,800~1000張,18,-1,0.97,-0.05
2026/07/03,2347,聯強,千張大戶,165,-3,85.39,0.03
2026/07/03,2347,聯強,零股散戶,12974,19,0.17,0.0
2026/07/17,2347,聯強,100~200張,146,6,1.24,0.06
2026/07/17,2347,聯強,10~15張,962,18,0.71,0.01
2026/07/17,2347,聯強,15~20張,511,23,0.54,0.03
2026/07/17,2347,聯強,1~5張,20978,222,2.55,0.04
2026/07/17,2347,聯強,200~400張,102,4,1.69,0.07
2026/07/17,2347,聯強,20~30張,460,17,0.68,0.03
2026/07/17,2347,聯強,30~40張,200,7,0.42,0.02
2026/07/17,2347,聯強,400~600張,48,-1,1.4,-0.04
2026/07/17,2347,聯強,40~50張,148,0,0.4,0.0
2026/07/17,2347,聯強,50~100張,300,3,1.26,0.01
2026/07/17,2347,聯強,5~10張,3087,33,1.38,0.01
2026/07/17,2347,聯強,600~800張,27,-3,1.1,-0.12
2026/07/17,2347,聯強,800~1000張,19,-1,1.02,-0.05
2026/07/17,2347,聯強,千張大戶,161,0,85.38,-0.04
2026/07/17,2347,聯強,零股散戶,13017,-45,0.17,0.0
2026/07/24,2347,聯強,100~200張,152,6,1.29,0.05
2026/07/24,2347,聯強,10~15張,960,-2,0.71,0.0
2026/07/24,2347,聯強,15~20張,489,-22,0.51,-0.03
2026/07/24,2347,聯強,1~5張,20724,-254,2.52,-0.03
2026/07/24,2347,聯強,200~400張,98,-4,1.63,-0.06
2026/07/24,2347,聯強,20~30張,457,-3,0.67,-0.01
2026/07/24,2347,聯強,30~40張,210,10,0.44,0.02
2026/07/24,2347,聯強,400~600張,49,1,1.43,0.03
2026/07/24,2347,聯強,40~50張,146,-2,0.39,-0.01
2026/07/24,2347,聯強,50~100張,295,-5,1.24,-0.02
2026/07/24,2347,聯強,5~10張,3054,-33,1.37,-0.01
2026/07/24,2347,聯強,600~800張,25,-2,1.02,-0.08
2026/07/24,2347,聯強,800~1000張,21,2,1.12,0.1
2026/07/24,2347,聯強,千張大戶,157,-4,85.42,0.04
2026/07/24,2347,聯強,零股散戶,12934,-83,0.17,0.0
2026/07/31,2347,聯強,100~200張,147,-5,1.23,-0.06
2026/07/31,2347,聯強,10~15張,960,0,0.71,0.0
2026/07/31,2347,聯強,15~20張,494,5,0.52,0.01
2026/07/31,2347,聯強,1~5張,20609,-115,2.5,-0.02
2026/07/31,2347,聯強,200~400張,99,1,1.64,0.01
2026/07/31,2347,聯強,20~30張,456,-1,0.67,0.0
2026/07/31,2347,聯強,30~40張,200,-10,0.42,-0.02
2026/07/31,2347,聯強,400~600張,50,1,1.45,0.02
2026/07/31,2347,聯強,40~50張,149,3,0.4,0.01
2026/07/31,2347,聯強,50~100張,297,2,1.25,0.01
2026/07/31,2347,聯強,5~10張,3050,-4,1.36,-0.01
2026/07/31,2347,聯強,600~800張,25,0,1.03,0.01
2026/07/31,2347,聯強,800~1000張,23,2,1.23,0.11
2026/07/31,2347,聯強,千張大戶,158,1,85.36,-0.06
2026/07/31,2347,聯強,零股散戶,12832,-102,0.17,0.0
2026/04/24,2357,華碩,100~200張,178,0,3.46,-0.04
2026/04/24,2357,華碩,10~15張,775,-25,1.3,-0.04
2026/04/24,2357,華碩,15~20張,429,-12,1.03,-0.04
2026/04/24,2357,華碩,1~5張,33208,-845,7.88,-0.18
2026/04/24,2357,華碩,200~400張,117,1,4.62,0.08
2026/04/24,2357,華碩,20~30張,349,-1,1.17,-0.01
2026/04/24,2357,華碩,30~40張,192,1,0.9,0.0
2026/04/24,2357,華碩,400~600張,43,0,2.81,0.0
2026/04/24,2357,華碩,40~50張,143,7,0.88,0.04
2026/04/24,2357,華碩,50~100張,256,-2,2.43,-0.05
2026/04/24,2357,華碩,5~10張,2609,-38,2.61,-0.04
2026/04/24,2357,華碩,600~800張,30,-1,2.8,-0.11
2026/04/24,2357,華碩,800~1000張,28,1,3.38,0.15
2026/04/24,2357,華碩,千張大戶,94,1,62.35,0.27
2026/04/24,2357,華碩,零股散戶,87169,-1926,2.3,-0.05
2026/05/08,2357,華碩,100~200張,190,9,3.68,0.16
2026/05/08,2357,華碩,10~15張,770,-17,1.29,-0.03
2026/05/08,2357,華碩,15~20張,434,-8,1.05,-0.02
2026/05/08,2357,華碩,1~5張,32971,-768,7.82,-0.21
2026/05/08,2357,華碩,200~400張,113,-4,4.48,-0.15
2026/05/08,2357,華碩,20~30張,352,-7,1.18,-0.02
2026/05/08,2357,華碩,30~40張,183,-14,0.86,-0.07
2026/05/08,2357,華碩,400~600張,46,3,3.02,0.19
2026/05/08,2357,華碩,40~50張,145,4,0.89,0.02
2026/05/08,2357,華碩,50~100張,254,-5,2.42,-0.04
2026/05/08,2357,華碩,5~10張,2585,-73,2.59,-0.08
2026/05/08,2357,華碩,600~800張,31,-1,2.86,-0.12
2026/05/08,2357,華碩,800~1000張,30,3,3.59,0.34
2026/05/08,2357,華碩,千張大戶,93,2,61.93,0.06
2026/05/08,2357,華碩,零股散戶,86355,-901,2.27,-0.04
2026/05/15,2357,華碩,100~200張,186,-4,3.63,-0.05
2026/05/15,2357,華碩,10~15張,741,-29,1.24,-0.05
2026/05/15,2357,華碩,15~20張,408,-26,0.99,-0.06
2026/05/15,2357,華碩,1~5張,31659,-1312,7.46,-0.36
2026/05/15,2357,華碩,200~400張,115,2,4.51,0.03
2026/05/15,2357,華碩,20~30張,335,-17,1.12,-0.06
2026/05/15,2357,華碩,30~40張,175,-8,0.82,-0.04
2026/05/15,2357,華碩,400~600張,46,0,2.98,-0.04
2026/05/15,2357,華碩,40~50張,143,-2,0.88,-0.01
2026/05/15,2357,華碩,50~100張,252,-2,2.41,-0.01
2026/05/15,2357,華碩,5~10張,2477,-108,2.48,-0.11
2026/05/15,2357,華碩,600~800張,28,-3,2.57,-0.29
2026/05/15,2357,華碩,800~1000張,35,5,4.22,0.63
2026/05/15,2357,華碩,千張大戶,97,4,62.38,0.45
2026/05/15,2357,華碩,零股散戶,85206,-1149,2.23,-0.04
2026/05/22,2357,華碩,100~200張,191,5,3.66,0.03
2026/05/22,2357,華碩,10~15張,756,15,1.27,0.03
2026/05/22,2357,華碩,15~20張,410,2,0.99,0.0
2026/05/22,2357,華碩,1~5張,31766,107,7.51,0.05
2026/05/22,2357,華碩,200~400張,113,-2,4.36,-0.15
2026/05/22,2357,華碩,20~30張,344,9,1.15,0.03
2026/05/22,2357,華碩,30~40張,171,-4,0.8,-0.02
2026/05/22,2357,華碩,400~600張,51,5,3.32,0.34
2026/05/22,2357,華碩,40~50張,143,0,0.88,0.0
2026/05/22,2357,華碩,50~100張,258,6,2.45,0.04
2026/05/22,2357,華碩,5~10張,2494,17,2.49,0.01
2026/05/22,2357,華碩,600~800張,29,1,2.7,0.13
2026/05/22,2357,華碩,800~1000張,31,-4,3.73,-0.49
2026/05/22,2357,華碩,千張大戶,97,0,62.38,0.0
2026/05/22,2357,華碩,零股散戶,84943,-263,2.23,0.0
2026/05/29,2357,華碩,100~200張,185,-6,3.6,-0.06
2026/05/29,2357,華碩,10~15張,735,-21,1.24,-0.03
2026/05/29,2357,華碩,15~20張,390,-20,0.94,-0.05
2026/05/29,2357,華碩,1~5張,30345,-1421,7.15,-0.36
2026/05/29,2357,華碩,200~400張,111,-2,4.32,-0.04
2026/05/29,2357,華碩,20~30張,332,-12,1.11,-0.04
2026/05/29,2357,華碩,30~40張,171,0,0.8,0.0
2026/05/29,2357,華碩,400~600張,50,-1,3.23,-0.09
2026/05/29,2357,華碩,40~50張,138,-5,0.84,-0.04
2026/05/29,2357,華碩,50~100張,254,-4,2.42,-0.03
2026/05/29,2357,華碩,5~10張,2367,-127,2.37,-0.12
2026/05/29,2357,華碩,600~800張,30,1,2.78,0.08
2026/05/29,2357,華碩,800~1000張,34,3,4.09,0.36
2026/05/29,2357,華碩,千張大戶,98,1,62.85,0.47
2026/05/29,2357,華碩,零股散戶,83261,-1682,2.18,-0.05
2026/06/05,2357,華碩,100~200張,177,-8,3.4,-0.2
2026/06/05,2357,華碩,10~15張,687,-48,1.16,-0.08
2026/06/05,2357,華碩,15~20張,352,-38,0.85,-0.09
2026/06/05,2357,華碩,1~5張,28429,-1916,6.63,-0.52
2026/06/05,2357,華碩,200~400張,109,-2,4.23,-0.09
2026/06/05,2357,華碩,20~30張,309,-23,1.04,-0.07
2026/06/05,2357,華碩,30~40張,155,-16,0.73,-0.07
2026/06/05,2357,華碩,400~600張,47,-3,3.03,-0.2
2026/06/05,2357,華碩,40~50張,129,-9,0.79,-0.05
2026/06/05,2357,華碩,50~100張,243,-11,2.31,-0.11
2026/06/05,2357,華碩,5~10張,2133,-234,2.12,-0.25
2026/06/05,2357,華碩,600~800張,32,2,3.0,0.22
2026/06/05,2357,華碩,800~1000張,35,1,4.26,0.17
2026/06/05,2357,華碩,千張大戶,101,3,64.27,1.42
2026/06/05,2357,華碩,零股散戶,83901,640,2.11,-0.07
2026/06/12,2357,華碩,100~200張,184,7,3.53,0.13
2026/06/12,2357,華碩,10~15張,690,3,1.16,0.0
2026/06/12,2357,華碩,15~20張,343,-9,0.82,-0.03
2026/06/12,2357,華碩,1~5張,28984,555,6.79,0.16
2026/06/12,2357,華碩,200~400張,114,5,4.48,0.25
2026/06/12,2357,華碩,20~30張,335,26,1.13,0.09
2026/06/12,2357,華碩,30~40張,151,-4,0.71,-0.02
2026/06/12,2357,華碩,400~600張,43,-4,2.78,-0.25
2026/06/12,2357,華碩,40~50張,125,-4,0.77,-0.02
2026/06/12,2357,華碩,50~100張,244,1,2.33,0.02
2026/06/12,2357,華碩,5~10張,2143,10,2.13,0.01
2026/06/12,2357,華碩,600~800張,30,-2,2.8,-0.2
2026/06/12,2357,華碩,800~1000張,33,-2,3.97,-0.29
2026/06/12,2357,華碩,千張大戶,102,1,64.4,0.13
2026/06/12,2357,華碩,零股散戶,85550,1649,2.13,0.02
2026/06/26,2357,華碩,100~200張,185,4,3.59,0.11
2026/06/26,2357,華碩,10~15張,754,62,1.27,0.11
2026/06/26,2357,華碩,15~20張,378,36,0.91,0.09
2026/06/26,2357,華碩,1~5張,31504,1889,7.41,0.48
2026/06/26,2357,華碩,200~400張,104,-5,4.06,-0.19
2026/06/26,2357,華碩,20~30張,348,13,1.17,0.05
2026/06/26,2357,華碩,30~40張,160,-5,0.75,-0.03
2026/06/26,2357,華碩,400~600張,52,2,3.38,0.07
2026/06/26,2357,華碩,40~50張,136,5,0.83,0.03
2026/06/26,2357,華碩,50~100張,242,0,2.32,-0.01
2026/06/26,2357,華碩,5~10張,2304,128,2.29,0.12
2026/06/26,2357,華碩,600~800張,30,-1,2.82,-0.04
2026/06/26,2357,華碩,800~1000張,32,1,3.87,0.13
2026/06/26,2357,華碩,千張大戶,101,-2,63.05,-0.96
2026/06/26,2357,華碩,零股散戶,88718,2313,2.21,0.06
2026/07/03,2357,華碩,100~200張,179,-6,3.46,-0.13
2026/07/03,2357,華碩,10~15張,773,19,1.31,0.04
2026/07/03,2357,華碩,15~20張,401,23,0.96,0.05
2026/07/03,2357,華碩,1~5張,32968,1464,7.8,0.39
2026/07/03,2357,華碩,200~400張,107,3,4.14,0.08
2026/07/03,2357,華碩,20~30張,350,2,1.17,0.0
2026/07/03,2357,華碩,30~40張,167,7,0.79,0.04
2026/07/03,2357,華碩,400~600張,53,1,3.51,0.13
2026/07/03,2357,華碩,40~50張,130,-6,0.8,-0.03
2026/07/03,2357,華碩,50~100張,251,9,2.39,0.07
2026/07/03,2357,華碩,5~10張,2420,116,2.41,0.12
2026/07/03,2357,華碩,600~800張,32,2,3.03,0.21
2026/07/03,2357,華碩,800~1000張,26,-6,3.13,-0.74
2026/07/03,2357,華碩,千張大戶,99,-2,62.72,-0.33
2026/07/03,2357,華碩,零股散戶,91328,2610,2.3,0.09
2026/07/17,2357,華碩,100~200張,181,-11,3.54,-0.19
2026/07/17,2357,華碩,10~15張,779,9,1.32,0.02
2026/07/17,2357,華碩,15~20張,390,-13,0.94,-0.03
2026/07/17,2357,華碩,1~5張,32290,-258,7.62,-0.08
2026/07/17,2357,華碩,200~400張,107,4,4.1,0.11
2026/07/17,2357,華碩,20~30張,344,-1,1.15,0.0
2026/07/17,2357,華碩,30~40張,160,-5,0.75,-0.03
2026/07/17,2357,華碩,400~600張,55,2,3.67,0.18
2026/07/17,2357,華碩,40~50張,139,11,0.86,0.07
2026/07/17,2357,華碩,50~100張,251,3,2.39,0.04
2026/07/17,2357,華碩,5~10張,2418,-4,2.41,0.0
2026/07/17,2357,華碩,600~800張,36,6,3.35,0.54
2026/07/17,2357,華碩,800~1000張,30,0,3.63,-0.01
2026/07/17,2357,華碩,千張大戶,97,-2,61.91,-0.59
2026/07/17,2357,華碩,零股散戶,91088,-396,2.3,-0.01
2026/07/24,2357,華碩,100~200張,184,3,3.56,0.02
2026/07/24,2357,華碩,10~15張,730,-49,1.23,-0.09
2026/07/24,2357,華碩,15~20張,372,-18,0.9,-0.04
2026/07/24,2357,華碩,1~5張,31084,-1206,7.32,-0.3
2026/07/24,2357,華碩,200~400張,112,5,4.26,0.16
2026/07/24,2357,華碩,20~30張,333,-11,1.12,-0.03
2026/07/24,2357,華碩,30~40張,166,6,0.78,0.03
2026/07/24,2357,華碩,400~600張,48,-7,3.12,-0.55
2026/07/24,2357,華碩,40~50張,130,-9,0.8,-0.06
2026/07/24,2357,華碩,50~100張,256,5,2.44,0.05
2026/07/24,2357,華碩,5~10張,2311,-107,2.31,-0.1
2026/07/24,2357,華碩,600~800張,41,5,3.82,0.47
2026/07/24,2357,華碩,800~1000張,27,-3,3.31,-0.32
2026/07/24,2357,華碩,千張大戶,98,1,62.71,0.8
2026/07/24,2357,華碩,零股散戶,89254,-1834,2.24,-0.06
2026/07/31,2357,華碩,100~200張,180,-4,3.47,-0.09
2026/07/31,2357,華碩,10~15張,724,-6,1.22,-0.01
2026/07/31,2357,華碩,15~20張,370,-2,0.89,-0.01
2026/07/31,2357,華碩,1~5張,30454,-630,7.17,-0.15
2026/07/31,2357,華碩,200~400張,118,6,4.45,0.19
2026/07/31,2357,華碩,20~30張,330,-3,1.11,-0.01
2026/07/31,2357,華碩,30~40張,170,4,0.8,0.02
2026/07/31,2357,華碩,400~600張,50,2,3.26,0.14
2026/07/31,2357,華碩,40~50張,128,-2,0.79,-0.01
2026/07/31,2357,華碩,50~100張,252,-4,2.42,-0.02
2026/07/31,2357,華碩,5~10張,2253,-58,2.25,-0.06
2026/07/31,2357,華碩,600~800張,37,-4,3.43,-0.39
2026/07/31,2357,華碩,800~1000張,30,3,3.69,0.38
2026/07/31,2357,華碩,千張大戶,97,-1,62.76,0.05
2026/07/31,2357,華碩,零股散戶,88241,-1013,2.22,-0.02
2026/04/24,2360,致茂,100~200張,198,-4,6.61,-0.2
2026/04/24,2360,致茂,10~15張,264,17,0.79,0.05
2026/04/24,2360,致茂,15~20張,134,3,0.56,0.01
2026/04/24,2360,致茂,1~5張,4971,1088,1.96,0.37
2026/04/24,2360,致茂,200~400張,136,1,9.0,0.01
2026/04/24,2360,致茂,20~30張,195,0,1.15,0.01
2026/04/24,2360,致茂,30~40張,127,5,1.04,0.04
2026/04/24,2360,致茂,400~600張,56,1,6.39,0.16
2026/04/24,2360,致茂,40~50張,101,-6,1.07,-0.07
2026/04/24,2360,致茂,50~100張,289,14,4.86,0.21
2026/04/24,2360,致茂,5~10張,451,14,0.79,0.02
2026/04/24,2360,致茂,600~800張,29,-2,4.66,-0.26
2026/04/24,2360,致茂,800~1000張,26,5,5.49,1.12
2026/04/24,2360,致茂,千張大戶,75,-5,55.09,-1.59
2026/04/24,2360,致茂,零股散戶,24658,8409,0.48,0.13
2026/05/08,2360,致茂,100~200張,202,10,6.79,0.36
2026/05/08,2360,致茂,10~15張,289,21,0.86,0.06
2026/05/08,2360,致茂,15~20張,145,14,0.61,0.06
2026/05/08,2360,致茂,1~5張,4496,-236,1.8,-0.07
2026/05/08,2360,致茂,200~400張,140,7,9.46,0.67
2026/05/08,2360,致茂,20~30張,187,-22,1.11,-0.13
2026/05/08,2360,致茂,30~40張,136,3,1.12,0.03
2026/05/08,2360,致茂,400~600張,54,-5,6.28,-0.49
2026/05/08,2360,致茂,40~50張,117,18,1.24,0.2
2026/05/08,2360,致茂,50~100張,298,5,5.09,0.15
2026/05/08,2360,致茂,5~10張,435,-8,0.76,-0.02
2026/05/08,2360,致茂,600~800張,30,-4,4.93,-0.53
2026/05/08,2360,致茂,800~1000張,26,3,5.48,0.64
2026/05/08,2360,致茂,千張大戶,73,-1,53.93,-0.9
2026/05/08,2360,致茂,零股散戶,24208,-102,0.46,-0.02
2026/05/15,2360,致茂,100~200張,204,2,6.8,0.01
2026/05/15,2360,致茂,10~15張,278,-11,0.83,-0.03
2026/05/15,2360,致茂,15~20張,156,11,0.66,0.05
2026/05/15,2360,致茂,1~5張,4447,-49,1.79,-0.01
2026/05/15,2360,致茂,200~400張,140,0,9.34,-0.12
2026/05/15,2360,致茂,20~30張,196,9,1.16,0.05
2026/05/15,2360,致茂,30~40張,134,-2,1.1,-0.02
2026/05/15,2360,致茂,400~600張,58,4,6.7,0.42
2026/05/15,2360,致茂,40~50張,115,-2,1.22,-0.02
2026/05/15,2360,致茂,50~100張,302,4,5.14,0.05
2026/05/15,2360,致茂,5~10張,436,1,0.76,0.0
2026/05/15,2360,致茂,600~800張,28,-2,4.51,-0.42
2026/05/15,2360,致茂,800~1000張,25,-1,5.17,-0.31
2026/05/15,2360,致茂,千張大戶,77,4,54.31,0.38
2026/05/15,2360,致茂,零股散戶,24671,463,0.45,-0.01
2026/05/22,2360,致茂,100~200張,200,-4,6.62,-0.18
2026/05/22,2360,致茂,10~15張,279,1,0.83,0.0
2026/05/22,2360,致茂,15~20張,159,3,0.67,0.01
2026/05/22,2360,致茂,1~5張,4342,-105,1.76,-0.03
2026/05/22,2360,致茂,200~400張,141,1,9.4,0.06
2026/05/22,2360,致茂,20~30張,194,-2,1.14,-0.02
2026/05/22,2360,致茂,30~40張,129,-5,1.07,-0.03
2026/05/22,2360,致茂,400~600張,57,-1,6.59,-0.11
2026/05/22,2360,致茂,40~50張,116,1,1.22,0.0
2026/05/22,2360,致茂,50~100張,310,8,5.25,0.11
2026/05/22,2360,致茂,5~10張,426,-10,0.75,-0.01
2026/05/22,2360,致茂,600~800張,28,0,4.48,-0.03
2026/05/22,2360,致茂,800~1000張,24,-1,5.01,-0.16
2026/05/22,2360,致茂,千張大戶,78,1,54.67,0.36
2026/05/22,2360,致茂,零股散戶,24191,-480,0.45,0.0
2026/05/29,2360,致茂,100~200張,208,8,6.85,0.23
2026/05/29,2360,致茂,10~15張,288,9,0.85,0.02
2026/05/29,2360,致茂,15~20張,153,-6,0.65,-0.02
2026/05/29,2360,致茂,1~5張,3884,-458,1.59,-0.17
2026/05/29,2360,致茂,200~400張,135,-6,8.93,-0.47
2026/05/29,2360,致茂,20~30張,199,5,1.18,0.04
2026/05/29,2360,致茂,30~40張,136,7,1.11,0.04
2026/05/29,2360,致茂,400~600張,59,2,6.6,0.01
2026/05/29,2360,致茂,40~50張,106,-10,1.12,-0.1
2026/05/29,2360,致茂,50~100張,319,9,5.35,0.1
2026/05/29,2360,致茂,5~10張,417,-9,0.73,-0.02
2026/05/29,2360,致茂,600~800張,32,4,5.22,0.74
2026/05/29,2360,致茂,800~1000張,20,-4,4.18,-0.83
2026/05/29,2360,致茂,千張大戶,79,1,55.17,0.5
2026/05/29,2360,致茂,零股散戶,21678,-2513,0.4,-0.05
2026/06/05,2360,致茂,100~200張,211,3,6.92,0.07
2026/06/05,2360,致茂,10~15張,281,-7,0.83,-0.02
2026/06/05,2360,致茂,15~20張,159,6,0.67,0.02
2026/06/05,2360,致茂,1~5張,3833,-51,1.59,0.0
2026/06/05,2360,致茂,200~400張,131,-4,8.92,-0.01
2026/06/05,2360,致茂,20~30張,196,-3,1.16,-0.02
2026/06/05,2360,致茂,30~40張,134,-2,1.09,-0.02
2026/06/05,2360,致茂,400~600張,62,3,6.92,0.32
2026/06/05,2360,致茂,40~50張,113,7,1.19,0.07
2026/06/05,2360,致茂,50~100張,311,-8,5.23,-0.12
2026/06/05,2360,致茂,5~10張,421,4,0.74,0.01
2026/06/05,2360,致茂,600~800張,30,-2,4.89,-0.33
2026/06/05,2360,致茂,800~1000張,20,0,4.22,0.04
2026/06/05,2360,致茂,千張大戶,79,0,55.14,-0.03
2026/06/05,2360,致茂,零股散戶,21991,313,0.41,0.01
2026/06/12,2360,致茂,100~200張,211,0,6.93,0.01
2026/06/12,2360,致茂,10~15張,280,-1,0.83,0.0
2026/06/12,2360,致茂,15~20張,158,-1,0.67,0.0
2026/06/12,2360,致茂,1~5張,4141,308,1.69,0.1
2026/06/12,2360,致茂,200~400張,131,0,8.82,-0.1
2026/06/12,2360,致茂,20~30張,199,3,1.17,0.01
2026/06/12,2360,致茂,30~40張,138,4,1.13,0.04
2026/06/12,2360,致茂,400~600張,62,0,7.0,0.08
2026/06/12,2360,致茂,40~50張,109,-4,1.15,-0.04
2026/06/12,2360,致茂,50~100張,300,-11,5.01,-0.22
2026/06/12,2360,致茂,5~10張,426,5,0.75,0.01
2026/06/12,2360,致茂,600~800張,28,-2,4.54,-0.35
2026/06/12,2360,致茂,800~1000張,22,2,4.68,0.46
2026/06/12,2360,致茂,千張大戶,79,0,55.11,-0.03
2026/06/12,2360,致茂,零股散戶,24182,2191,0.45,0.04
2026/06/26,2360,致茂,100~200張,209,5,6.82,0.21
2026/06/26,2360,致茂,10~15張,288,7,0.86,0.02
2026/06/26,2360,致茂,15~20張,155,-3,0.65,-0.02
2026/06/26,2360,致茂,1~5張,4317,39,1.77,0.01
2026/06/26,2360,致茂,200~400張,133,-4,8.87,-0.35
2026/06/26,2360,致茂,20~30張,211,6,1.23,0.02
2026/06/26,2360,致茂,30~40張,132,-1,1.08,0.0
2026/06/26,2360,致茂,400~600張,63,6,7.2,0.72
2026/06/26,2360,致茂,40~50張,105,-3,1.11,-0.03
2026/06/26,2360,致茂,50~100張,295,-3,4.91,-0.04
2026/06/26,2360,致茂,5~10張,442,-3,0.78,-0.01
2026/06/26,2360,致茂,600~800張,28,0,4.59,0.02
2026/06/26,2360,致茂,800~1000張,21,0,4.45,0.03
2026/06/26,2360,致茂,千張大戶,78,-2,55.12,-0.61
2026/06/26,2360,致茂,零股散戶,25905,687,0.48,0.02
2026/07/03,2360,致茂,100~200張,222,13,7.22,0.4
2026/07/03,2360,致茂,10~15張,296,8,0.88,0.02
2026/07/03,2360,致茂,15~20張,165,10,0.69,0.04
2026/07/03,2360,致茂,1~5張,4216,-101,1.72,-0.05
2026/07/03,2360,致茂,200~400張,130,-3,8.72,-0.15
2026/07/03,2360,致茂,20~30張,229,18,1.33,0.1
2026/07/03,2360,致茂,30~40張,139,7,1.14,0.06
2026/07/03,2360,致茂,400~600張,65,2,7.48,0.28
2026/07/03,2360,致茂,40~50張,107,2,1.13,0.02
2026/07/03,2360,致茂,50~100張,293,-2,4.85,-0.06
2026/07/03,2360,致茂,5~10張,462,20,0.81,0.03
2026/07/03,2360,致茂,600~800張,27,-1,4.49,-0.1
2026/07/03,2360,致茂,800~1000張,22,1,4.74,0.29
2026/07/03,2360,致茂,千張大戶,75,-3,54.24,-0.88
2026/07/03,2360,致茂,零股散戶,25474,-431,0.48,0.0
2026/07/17,2360,致茂,100~200張,218,2,7.12,0.08
2026/07/17,2360,致茂,10~15張,306,-2,0.9,-0.01
2026/07/17,2360,致茂,15~20張,169,4,0.71,0.02
2026/07/17,2360,致茂,1~5張,4359,-35,1.81,0.0
2026/07/17,2360,致茂,200~400張,128,-5,8.47,-0.4
2026/07/17,2360,致茂,20~30張,212,-16,1.24,-0.09
2026/07/17,2360,致茂,30~40張,142,6,1.16,0.04
2026/07/17,2360,致茂,400~600張,62,0,7.17,-0.05
2026/07/17,2360,致茂,40~50張,108,1,1.14,0.01
2026/07/17,2360,致茂,50~100張,294,9,4.87,0.14
2026/07/17,2360,致茂,5~10張,475,8,0.84,0.02
2026/07/17,2360,致茂,600~800張,26,1,4.13,0.12
2026/07/17,2360,致茂,800~1000張,25,-2,5.32,-0.48
2026/07/17,2360,致茂,千張大戶,77,3,54.51,0.61
2026/07/17,2360,致茂,零股散戶,27207,-207,0.53,0.0
2026/07/24,2360,致茂,100~200張,220,2,7.17,0.05
2026/07/24,2360,致茂,10~15張,295,-11,0.87,-0.03
2026/07/24,2360,致茂,15~20張,164,-5,0.69,-0.02
2026/07/24,2360,致茂,1~5張,4177,-182,1.73,-0.08
2026/07/24,2360,致茂,200~400張,128,0,8.37,-0.1
2026/07/24,2360,致茂,20~30張,216,4,1.26,0.02
2026/07/24,2360,致茂,30~40張,137,-5,1.12,-0.04
2026/07/24,2360,致茂,400~600張,69,7,7.85,0.68
2026/07/24,2360,致茂,40~50張,113,5,1.19,0.05
2026/07/24,2360,致茂,50~100張,299,5,4.97,0.1
2026/07/24,2360,致茂,5~10張,480,5,0.85,0.01
2026/07/24,2360,致茂,600~800張,26,0,4.23,0.1
2026/07/24,2360,致茂,800~1000張,23,-2,4.9,-0.42
2026/07/24,2360,致茂,千張大戶,77,0,54.23,-0.28
2026/07/24,2360,致茂,零股散戶,25320,-1887,0.5,-0.03
2026/07/31,2360,致茂,100~200張,217,-3,7.07,-0.1
2026/07/31,2360,致茂,10~15張,293,-2,0.86,-0.01
2026/07/31,2360,致茂,15~20張,162,-2,0.68,-0.01
2026/07/31,2360,致茂,1~5張,4122,-55,1.72,-0.01
2026/07/31,2360,致茂,200~400張,132,4,8.66,0.29
2026/07/31,2360,致茂,20~30張,218,2,1.27,0.01
2026/07/31,2360,致茂,30~40張,131,-6,1.07,-0.05
2026/07/31,2360,致茂,400~600張,70,1,8.02,0.17
2026/07/31,2360,致茂,40~50張,109,-4,1.15,-0.04
2026/07/31,2360,致茂,50~100張,296,-3,4.89,-0.08
2026/07/31,2360,致茂,5~10張,472,-8,0.83,-0.02
2026/07/31,2360,致茂,600~800張,22,-4,3.53,-0.7
2026/07/31,2360,致茂,800~1000張,28,5,5.89,0.99
2026/07/31,2360,致茂,千張大戶,75,-2,53.78,-0.45
2026/07/31,2360,致茂,零股散戶,25138,-182,0.49,-0.01
2026/04/24,2368,金像電,100~200張,145,0,3.96,0.03
2026/04/24,2368,金像電,10~15張,304,-2,0.72,-0.01
2026/04/24,2368,金像電,15~20張,168,1,0.57,0.0
2026/04/24,2368,金像電,1~5張,12292,-40,3.83,-0.01
2026/04/24,2368,金像電,200~400張,93,-4,5.11,-0.22
2026/04/24,2368,金像電,20~30張,173,-3,0.82,-0.01
2026/04/24,2368,金像電,30~40張,89,-4,0.6,-0.02
2026/04/24,2368,金像電,400~600張,46,3,4.48,0.36
2026/04/24,2368,金像電,40~50張,72,-2,0.63,-0.02
2026/04/24,2368,金像電,50~100張,207,-1,2.86,-0.03
2026/04/24,2368,金像電,5~10張,862,-12,1.24,-0.01
2026/04/24,2368,金像電,600~800張,25,-1,3.37,-0.16
2026/04/24,2368,金像電,800~1000張,13,-1,2.22,-0.16
2026/04/24,2368,金像電,千張大戶,60,1,68.53,0.23
2026/04/24,2368,金像電,零股散戶,43571,1785,0.99,0.02
2026/05/08,2368,金像電,100~200張,137,-7,3.78,-0.13
2026/05/08,2368,金像電,10~15張,288,6,0.68,0.01
2026/05/08,2368,金像電,15~20張,163,2,0.55,0.0
2026/05/08,2368,金像電,1~5張,12007,-124,3.73,-0.05
2026/05/08,2368,金像電,200~400張,94,2,5.17,0.12
2026/05/08,2368,金像電,20~30張,172,0,0.81,0.0
2026/05/08,2368,金像電,30~40張,87,-6,0.58,-0.05
2026/05/08,2368,金像電,400~600張,40,-3,3.9,-0.19
2026/05/08,2368,金像電,40~50張,71,6,0.62,0.06
2026/05/08,2368,金像電,50~100張,206,-4,2.88,-0.05
2026/05/08,2368,金像電,5~10張,858,8,1.23,0.01
2026/05/08,2368,金像電,600~800張,28,3,3.72,0.39
2026/05/08,2368,金像電,800~1000張,12,0,2.04,0.0
2026/05/08,2368,金像電,千張大戶,61,-2,69.22,-0.15
2026/05/08,2368,金像電,零股散戶,47067,998,1.01,0.01
2026/05/15,2368,金像電,100~200張,136,-1,3.67,-0.11
2026/05/15,2368,金像電,10~15張,287,-1,0.68,0.0
2026/05/15,2368,金像電,15~20張,156,-7,0.53,-0.02
2026/05/15,2368,金像電,1~5張,12056,49,3.74,0.01
2026/05/15,2368,金像電,200~400張,90,-4,4.92,-0.25
2026/05/15,2368,金像電,20~30張,175,3,0.82,0.01
2026/05/15,2368,金像電,30~40張,85,-2,0.57,-0.01
2026/05/15,2368,金像電,400~600張,46,6,4.37,0.47
2026/05/15,2368,金像電,40~50張,71,0,0.62,0.0
2026/05/15,2368,金像電,50~100張,197,-9,2.72,-0.16
2026/05/15,2368,金像電,5~10張,855,-3,1.22,-0.01
2026/05/15,2368,金像電,600~800張,23,-5,3.09,-0.63
2026/05/15,2368,金像電,800~1000張,14,2,2.41,0.37
2026/05/15,2368,金像電,千張大戶,61,0,69.5,0.28
2026/05/15,2368,金像電,零股散戶,50578,3511,1.05,0.04
2026/05/22,2368,金像電,100~200張,134,-2,3.61,-0.06
2026/05/22,2368,金像電,10~15張,284,-3,0.67,-0.01
2026/05/22,2368,金像電,15~20張,170,14,0.57,0.04
2026/05/22,2368,金像電,1~5張,13504,1448,4.16,0.42
2026/05/22,2368,金像電,200~400張,87,-3,4.79,-0.13
2026/05/22,2368,金像電,20~30張,181,6,0.86,0.04
2026/05/22,2368,金像電,30~40張,91,6,0.61,0.04
2026/05/22,2368,金像電,400~600張,42,-4,3.92,-0.45
2026/05/22,2368,金像電,40~50張,71,0,0.62,0.0
2026/05/22,2368,金像電,50~100張,183,-14,2.5,-0.22
2026/05/22,2368,金像電,5~10張,890,35,1.27,0.05
2026/05/22,2368,金像電,600~800張,25,2,3.36,0.27
2026/05/22,2368,金像電,800~1000張,11,-3,1.9,-0.51
2026/05/22,2368,金像電,千張大戶,62,1,69.91,0.41
2026/05/22,2368,金像電,零股散戶,57136,6558,1.17,0.12
2026/05/29,2368,金像電,100~200張,133,-1,3.62,0.01
2026/05/29,2368,金像電,10~15張,296,12,0.71,0.04
2026/05/29,2368,金像電,15~20張,159,-11,0.54,-0.03
2026/05/29,2368,金像電,1~5張,13355,-149,4.13,-0.03
2026/05/29,2368,金像電,200~400張,89,2,4.87,0.08
2026/05/29,2368,金像電,20~30張,177,-4,0.83,-0.03
2026/05/29,2368,金像電,30~40張,91,0,0.61,0.0
2026/05/29,2368,金像電,400~600張,42,0,3.86,-0.06
2026/05/29,2368,金像電,40~50張,69,-2,0.6,-0.02
2026/05/29,2368,金像電,50~100張,192,9,2.61,0.11
2026/05/29,2368,金像電,5~10張,892,2,1.27,0.0
2026/05/29,2368,金像電,600~800張,20,-5,2.69,-0.67
2026/05/29,2368,金像電,800~1000張,12,1,2.1,0.2
2026/05/29,2368,金像電,千張大戶,62,0,70.3,0.39
2026/05/29,2368,金像電,零股散戶,58359,1223,1.2,0.03
2026/06/05,2368,金像電,100~200張,141,8,3.81,0.19
2026/06/05,2368,金像電,10~15張,302,6,0.72,0.01
2026/06/05,2368,金像電,15~20張,161,2,0.55,0.01
2026/06/05,2368,金像電,1~5張,13176,-179,4.07,-0.06
2026/06/05,2368,金像電,200~400張,95,6,5.24,0.37
2026/06/05,2368,金像電,20~30張,175,-2,0.82,-0.01
2026/06/05,2368,金像電,30~40張,95,4,0.64,0.03
2026/06/05,2368,金像電,400~600張,40,-2,3.72,-0.14
2026/06/05,2368,金像電,40~50張,55,-14,0.48,-0.12
2026/06/05,2368,金像電,50~100張,194,2,2.63,0.02
2026/06/05,2368,金像電,5~10張,887,-5,1.27,0.0
2026/06/05,2368,金像電,600~800張,13,-7,1.73,-0.96
2026/06/05,2368,金像電,800~1000張,16,4,2.74,0.64
2026/06/05,2368,金像電,千張大戶,60,-2,70.3,0.0
2026/06/05,2368,金像電,零股散戶,59483,1124,1.22,0.02
2026/06/12,2368,金像電,100~200張,134,-7,3.6,-0.21
2026/06/12,2368,金像電,10~15張,296,-6,0.7,-0.02
2026/06/12,2368,金像電,15~20張,167,6,0.56,0.01
2026/06/12,2368,金像電,1~5張,12270,-906,3.8,-0.27
2026/06/12,2368,金像電,200~400張,101,6,5.58,0.34
2026/06/12,2368,金像電,20~30張,179,4,0.85,0.03
2026/06/12,2368,金像電,30~40張,88,-7,0.59,-0.05
2026/06/12,2368,金像電,400~600張,40,0,3.76,0.04
2026/06/12,2368,金像電,40~50張,57,2,0.5,0.02
2026/06/12,2368,金像電,50~100張,192,-2,2.62,-0.01
2026/06/12,2368,金像電,5~10張,863,-24,1.23,-0.04
2026/06/12,2368,金像電,600~800張,13,0,1.73,0.0
2026/06/12,2368,金像電,800~1000張,16,0,2.74,0.0
2026/06/12,2368,金像電,千張大戶,60,0,70.54,0.24
2026/06/12,2368,金像電,零股散戶,55512,-3971,1.12,-0.1
2026/06/26,2368,金像電,100~200張,143,7,3.86,0.22
2026/06/26,2368,金像電,10~15張,317,8,0.75,0.02
2026/06/26,2368,金像電,15~20張,167,-4,0.56,-0.02
2026/06/26,2368,金像電,1~5張,14756,1998,4.54,0.61
2026/06/26,2368,金像電,200~400張,91,-4,5.11,-0.21
2026/06/26,2368,金像電,20~30張,185,8,0.87,0.03
2026/06/26,2368,金像電,30~40張,94,4,0.64,0.03
2026/06/26,2368,金像電,400~600張,34,-4,3.23,-0.34
2026/06/26,2368,金像電,40~50張,61,3,0.53,0.02
2026/06/26,2368,金像電,50~100張,176,-12,2.42,-0.16
2026/06/26,2368,金像電,5~10張,959,85,1.37,0.13
2026/06/26,2368,金像電,600~800張,16,1,2.11,0.1
2026/06/26,2368,金像電,800~1000張,17,2,2.89,0.32
2026/06/26,2368,金像電,千張大戶,56,-5,69.64,-1.01
2026/06/26,2368,金像電,零股散戶,69779,12238,1.41,0.25
2026/07/03,2368,金像電,100~200張,140,-3,3.74,-0.12
2026/07/03,2368,金像電,10~15張,312,-5,0.73,-0.02
2026/07/03,2368,金像電,15~20張,164,-3,0.55,-0.01
2026/07/03,2368,金像電,1~5張,14758,2,4.54,0.0
2026/07/03,2368,金像電,200~400張,88,-3,4.81,-0.3
2026/07/03,2368,金像電,20~30張,189,4,0.89,0.02
2026/07/03,2368,金像電,30~40張,98,4,0.66,0.02
2026/07/03,2368,金像電,400~600張,34,0,3.19,-0.04
2026/07/03,2368,金像電,40~50張,58,-3,0.5,-0.03
2026/07/03,2368,金像電,50~100張,180,4,2.46,0.04
2026/07/03,2368,金像電,5~10張,971,12,1.38,0.01
2026/07/03,2368,金像電,600~800張,16,0,2.07,-0.04
2026/07/03,2368,金像電,800~1000張,16,-1,2.7,-0.19
2026/07/03,2368,金像電,千張大戶,62,6,70.25,0.61
2026/07/03,2368,金像電,零股散戶,70373,594,1.45,0.04
2026/07/17,2368,金像電,100~200張,134,-1,3.59,0.02
2026/07/17,2368,金像電,10~15張,328,8,0.77,0.02
2026/07/17,2368,金像電,15~20張,166,-1,0.55,-0.01
2026/07/17,2368,金像電,1~5張,14804,142,4.64,0.09
2026/07/17,2368,金像電,200~400張,80,-6,4.29,-0.37
2026/07/17,2368,金像電,20~30張,189,-2,0.88,-0.01
2026/07/17,2368,金像電,30~40張,93,1,0.63,0.01
2026/07/17,2368,金像電,400~600張,33,-4,3.07,-0.4
2026/07/17,2368,金像電,40~50張,64,4,0.55,0.04
2026/07/17,2368,金像電,50~100張,179,0,2.43,0.01
2026/07/17,2368,金像電,5~10張,971,-4,1.37,-0.01
2026/07/17,2368,金像電,600~800張,21,2,2.73,0.25
2026/07/17,2368,金像電,800~1000張,14,-1,2.37,-0.17
2026/07/17,2368,金像電,千張大戶,61,1,70.49,0.44
2026/07/17,2368,金像電,零股散戶,73066,1837,1.56,0.08
2026/07/24,2368,金像電,100~200張,132,-2,3.51,-0.08
2026/07/24,2368,金像電,10~15張,333,5,0.78,0.01
2026/07/24,2368,金像電,15~20張,177,11,0.59,0.04
2026/07/24,2368,金像電,1~5張,15336,532,4.81,0.17
2026/07/24,2368,金像電,200~400張,81,1,4.3,0.01
2026/07/24,2368,金像電,20~30張,184,-5,0.85,-0.03
2026/07/24,2368,金像電,30~40張,88,-5,0.59,-0.04
2026/07/24,2368,金像電,400~600張,37,4,3.48,0.41
2026/07/24,2368,金像電,40~50張,56,-8,0.48,-0.07
2026/07/24,2368,金像電,50~100張,180,1,2.4,-0.03
2026/07/24,2368,金像電,5~10張,996,25,1.4,0.03
2026/07/24,2368,金像電,600~800張,18,-3,2.39,-0.34
2026/07/24,2368,金像電,800~1000張,11,-3,1.84,-0.53
2026/07/24,2368,金像電,千張大戶,62,1,70.89,0.4
2026/07/24,2368,金像電,零股散戶,74697,1631,1.63,0.07
2026/07/31,2368,金像電,100~200張,125,-7,3.33,-0.18
2026/07/31,2368,金像電,10~15張,328,-5,0.76,-0.02
2026/07/31,2368,金像電,15~20張,185,8,0.62,0.03
2026/07/31,2368,金像電,1~5張,15227,-109,4.8,-0.01
2026/07/31,2368,金像電,200~400張,77,-4,4.11,-0.19
2026/07/31,2368,金像電,20~30張,172,-12,0.8,-0.05
2026/07/31,2368,金像電,30~40張,91,3,0.61,0.02
2026/07/31,2368,金像電,400~600張,35,-2,3.27,-0.21
2026/07/31,2368,金像電,40~50張,58,2,0.49,0.01
2026/07/31,2368,金像電,50~100張,190,10,2.55,0.15
2026/07/31,2368,金像電,5~10張,1028,32,1.44,0.04
2026/07/31,2368,金像電,600~800張,16,-2,2.11,-0.28
2026/07/31,2368,金像電,800~1000張,11,0,1.83,-0.01
2026/07/31,2368,金像電,千張大戶,62,0,71.53,0.64
2026/07/31,2368,金像電,零股散戶,74382,-315,1.66,0.03
2026/04/24,2371,大同,100~200張,709,21,4.6,0.14
2026/04/24,2371,大同,10~15張,6125,124,3.6,0.08
2026/04/24,2371,大同,15~20張,4178,123,3.56,0.11
2026/04/24,2371,大同,1~5張,103321,529,11.01,0.08
2026/04/24,2371,大同,200~400張,281,0,3.69,0.01
2026/04/24,2371,大同,20~30張,3366,51,3.98,0.06
2026/04/24,2371,大同,30~40張,1616,44,2.67,0.08
2026/04/24,2371,大同,400~600張,99,4,2.27,0.1
2026/04/24,2371,大同,40~50張,1052,32,2.26,0.07
2026/04/24,2371,大同,50~100張,1744,41,5.83,0.16
2026/04/24,2371,大同,5~10張,20089,249,7.34,0.1
2026/04/24,2371,大同,600~800張,41,-3,1.34,-0.08
2026/04/24,2371,大同,800~1000張,32,1,1.33,0.04
2026/04/24,2371,大同,千張大戶,129,-3,45.0,-0.92
2026/04/24,2371,大同,零股散戶,135399,-285,1.45,-0.01
2026/05/08,2371,大同,100~200張,712,-4,4.64,0.0
2026/05/08,2371,大同,10~15張,6089,-32,3.58,-0.02
2026/05/08,2371,大同,15~20張,4221,44,3.6,0.04
2026/05/08,2371,大同,1~5張,102291,-407,10.92,-0.03
2026/05/08,2371,大同,200~400張,287,10,3.75,0.13
2026/05/08,2371,大同,20~30張,3375,6,4.0,0.01
2026/05/08,2371,大同,30~40張,1651,34,2.73,0.06
2026/05/08,2371,大同,400~600張,97,-2,2.25,-0.01
2026/05/08,2371,大同,40~50張,1029,-10,2.21,-0.02
2026/05/08,2371,大同,50~100張,1764,5,5.87,0.0
2026/05/08,2371,大同,5~10張,20064,17,7.34,0.01
2026/05/08,2371,大同,600~800張,39,-2,1.27,-0.07
2026/05/08,2371,大同,800~1000張,32,-3,1.33,-0.14
2026/05/08,2371,大同,千張大戶,131,-1,45.03,0.06
2026/05/08,2371,大同,零股散戶,134513,-506,1.42,-0.02
2026/05/15,2371,大同,100~200張,724,12,4.7,0.06
2026/05/15,2371,大同,10~15張,6190,101,3.64,0.06
2026/05/15,2371,大同,15~20張,4213,-8,3.59,-0.01
2026/05/15,2371,大同,1~5張,101933,-358,10.89,-0.03
2026/05/15,2371,大同,200~400張,300,13,3.92,0.17
2026/05/15,2371,大同,20~30張,3534,159,4.19,0.19
2026/05/15,2371,大同,30~40張,1672,21,2.76,0.03
2026/05/15,2371,大同,400~600張,91,-6,2.12,-0.13
2026/05/15,2371,大同,40~50張,1076,47,2.31,0.1
2026/05/15,2371,大同,50~100張,1814,50,6.0,0.13
2026/05/15,2371,大同,5~10張,20343,279,7.45,0.11
2026/05/15,2371,大同,600~800張,41,2,1.34,0.07
2026/05/15,2371,大同,800~1000張,30,-2,1.27,-0.06
2026/05/15,2371,大同,千張大戶,129,-2,44.32,-0.71
2026/05/15,2371,大同,零股散戶,134048,-465,1.41,-0.01
2026/05/22,2371,大同,100~200張,729,5,4.74,0.04
2026/05/22,2371,大同,10~15張,6245,55,3.67,0.03
2026/05/22,2371,大同,15~20張,4259,46,3.63,0.04
2026/05/22,2371,大同,1~5張,101726,-207,10.88,-0.01
2026/05/22,2371,大同,200~400張,298,-2,3.89,-0.03
2026/05/22,2371,大同,20~30張,3556,22,4.22,0.03
2026/05/22,2371,大同,30~40張,1688,16,2.79,0.03
2026/05/22,2371,大同,400~600張,89,-2,2.06,-0.06
2026/05/22,2371,大同,40~50張,1094,18,2.35,0.04
2026/05/22,2371,大同,50~100張,1854,40,6.13,0.13
2026/05/22,2371,大同,5~10張,20382,39,7.46,0.01
2026/05/22,2371,大同,600~800張,43,2,1.41,0.07
2026/05/22,2371,大同,800~1000張,32,2,1.33,0.06
2026/05/22,2371,大同,千張大戶,126,-3,43.97,-0.35
2026/05/22,2371,大同,零股散戶,133713,-335,1.41,0.0
2026/05/29,2371,大同,100~200張,737,8,4.83,0.09
2026/05/29,2371,大同,10~15張,6278,33,3.69,0.02
2026/05/29,2371,大同,15~20張,4291,32,3.66,0.03
2026/05/29,2371,大同,1~5張,101782,56,10.91,0.03
2026/05/29,2371,大同,200~400張,292,-6,3.77,-0.12
2026/05/29,2371,大同,20~30張,3550,-6,4.21,-0.01
2026/05/29,2371,大同,30~40張,1686,-2,2.79,0.0
2026/05/29,2371,大同,400~600張,92,3,2.14,0.08
2026/05/29,2371,大同,40~50張,1149,55,2.47,0.12
2026/05/29,2371,大同,50~100張,1876,22,6.22,0.09
2026/05/29,2371,大同,5~10張,20461,79,7.5,0.04
2026/05/29,2371,大同,600~800張,44,1,1.43,0.02
2026/05/29,2371,大同,800~1000張,30,-2,1.25,-0.08
2026/05/29,2371,大同,千張大戶,124,-2,43.65,-0.32
2026/05/29,2371,大同,零股散戶,133242,-471,1.39,-0.02
2026/06/05,2371,大同,100~200張,738,1,4.85,0.02
2026/06/05,2371,大同,10~15張,6289,11,3.7,0.01
2026/06/05,2371,大同,15~20張,4274,-17,3.65,-0.01
2026/06/05,2371,大同,1~5張,105487,3705,11.25,0.34
2026/06/05,2371,大同,200~400張,283,-9,3.7,-0.07
2026/06/05,2371,大同,20~30張,3579,29,4.25,0.04
2026/06/05,2371,大同,30~40張,1700,14,2.81,0.02
2026/06/05,2371,大同,400~600張,95,3,2.2,0.06
2026/06/05,2371,大同,40~50張,1161,12,2.49,0.02
2026/06/05,2371,大同,50~100張,1868,-8,6.17,-0.05
2026/06/05,2371,大同,5~10張,20762,301,7.65,0.15
2026/06/05,2371,大同,600~800張,43,-1,1.39,-0.04
2026/06/05,2371,大同,800~1000張,32,2,1.33,0.08
2026/06/05,2371,大同,千張大戶,117,-7,43.1,-0.55
2026/06/05,2371,大同,零股散戶,132858,-384,1.38,-0.01
2026/06/12,2371,大同,100~200張,748,10,4.9,0.05
2026/06/12,2371,大同,10~15張,6432,143,3.79,0.09
2026/06/12,2371,大同,15~20張,4369,95,3.73,0.08
2026/06/12,2371,大同,1~5張,105176,-311,11.26,0.01
2026/06/12,2371,大同,200~400張,286,3,3.75,0.05
2026/06/12,2371,大同,20~30張,3629,50,4.31,0.06
2026/06/12,2371,大同,30~40張,1772,72,2.93,0.12
2026/06/12,2371,大同,400~600張,100,5,2.33,0.13
2026/06/12,2371,大同,40~50張,1171,10,2.52,0.03
2026/06/12,2371,大同,50~100張,1924,56,6.39,0.22
2026/06/12,2371,大同,5~10張,20893,131,7.68,0.03
2026/06/12,2371,大同,600~800張,41,-2,1.35,-0.04
2026/06/12,2371,大同,800~1000張,29,-3,1.21,-0.12
2026/06/12,2371,大同,千張大戶,117,0,42.4,-0.7
2026/06/12,2371,大同,零股散戶,132674,-184,1.37,-0.01
2026/06/26,2371,大同,100~200張,776,18,5.1,0.13
2026/06/26,2371,大同,10~15張,6452,-1,3.8,0.0
2026/06/26,2371,大同,15~20張,4446,67,3.8,0.06
2026/06/26,2371,大同,1~5張,103830,-792,11.15,-0.06
2026/06/26,2371,大同,200~400張,296,8,3.89,0.09
2026/06/26,2371,大同,20~30張,3697,23,4.39,0.03
2026/06/26,2371,大同,30~40張,1805,36,2.99,0.06
2026/06/26,2371,大同,400~600張,96,-2,2.22,-0.06
2026/06/26,2371,大同,40~50張,1170,13,2.52,0.03
2026/06/26,2371,大同,50~100張,1955,10,6.48,0.03
2026/06/26,2371,大同,5~10張,20962,97,7.69,0.03
2026/06/26,2371,大同,600~800張,39,1,1.25,0.01
2026/06/26,2371,大同,800~1000張,33,1,1.37,0.04
2026/06/26,2371,大同,千張大戶,113,-4,41.9,-0.4
2026/06/26,2371,大同,零股散戶,131945,-417,1.36,-0.01
2026/07/03,2371,大同,100~200張,773,-3,5.05,-0.05
2026/07/03,2371,大同,10~15張,6486,34,3.82,0.02
2026/07/03,2371,大同,15~20張,4487,41,3.83,0.03
2026/07/03,2371,大同,1~5張,102830,-1000,11.06,-0.09
2026/07/03,2371,大同,200~400張,305,9,4.0,0.11
2026/07/03,2371,大同,20~30張,3682,-15,4.38,-0.01
2026/07/03,2371,大同,30~40張,1806,1,3.0,0.01
2026/07/03,2371,大同,400~600張,97,1,2.23,0.01
2026/07/03,2371,大同,40~50張,1171,1,2.52,0.0
2026/07/03,2371,大同,50~100張,1962,7,6.5,0.02
2026/07/03,2371,大同,5~10張,20953,-9,7.69,0.0
2026/07/03,2371,大同,600~800張,41,2,1.34,0.09
2026/07/03,2371,大同,800~1000張,33,0,1.36,-0.01
2026/07/03,2371,大同,千張大戶,114,1,41.79,-0.11
2026/07/03,2371,大同,零股散戶,131623,-322,1.36,0.0
2026/07/17,2371,大同,100~200張,779,1,5.07,0.01
2026/07/17,2371,大同,10~15張,6402,-34,3.77,-0.02
2026/07/17,2371,大同,15~20張,4436,-33,3.79,-0.03
2026/07/17,2371,大同,1~5張,101831,-453,10.96,-0.05
2026/07/17,2371,大同,200~400張,304,0,3.96,-0.03
2026/07/17,2371,大同,20~30張,3722,22,4.42,0.02
2026/07/17,2371,大同,30~40張,1777,-12,2.95,-0.02
2026/07/17,2371,大同,400~600張,100,5,2.3,0.13
2026/07/17,2371,大同,40~50張,1172,-3,2.52,-0.01
2026/07/17,2371,大同,50~100張,1964,5,6.51,0.02
2026/07/17,2371,大同,5~10張,20818,-54,7.64,-0.02
2026/07/17,2371,大同,600~800張,43,0,1.4,0.0
2026/07/17,2371,大同,800~1000張,28,-3,1.14,-0.12
2026/07/17,2371,大同,千張大戶,121,4,42.15,0.13
2026/07/17,2371,大同,零股散戶,131276,-237,1.35,0.0
2026/07/24,2371,大同,100~200張,790,11,5.12,0.05
2026/07/24,2371,大同,10~15張,6410,8,3.77,0.0
2026/07/24,2371,大同,15~20張,4461,25,3.81,0.02
2026/07/24,2371,大同,1~5張,101515,-316,10.93,-0.03
2026/07/24,2371,大同,200~400張,301,-3,3.94,-0.02
2026/07/24,2371,大同,20~30張,3750,28,4.45,0.03
2026/07/24,2371,大同,30~40張,1805,28,2.99,0.04
2026/07/24,2371,大同,400~600張,96,-4,2.21,-0.09
2026/07/24,2371,大同,40~50張,1182,10,2.55,0.03
2026/07/24,2371,大同,50~100張,1973,9,6.54,0.03
2026/07/24,2371,大同,5~10張,20837,19,7.64,0.0
2026/07/24,2371,大同,600~800張,42,-1,1.35,-0.05
2026/07/24,2371,大同,800~1000張,31,3,1.27,0.13
2026/07/24,2371,大同,千張大戶,117,-4,42.01,-0.14
2026/07/24,2371,大同,零股散戶,130960,-316,1.34,-0.01
2026/07/31,2371,大同,100~200張,794,4,5.12,0.0
2026/07/31,2371,大同,10~15張,6444,34,3.8,0.03
2026/07/31,2371,大同,15~20張,4409,-52,3.76,-0.05
2026/07/31,2371,大同,1~5張,100804,-711,10.86,-0.07
2026/07/31,2371,大同,200~400張,301,0,3.89,-0.05
2026/07/31,2371,大同,20~30張,3778,28,4.48,0.03
2026/07/31,2371,大同,30~40張,1798,-7,2.98,-0.01
2026/07/31,2371,大同,400~600張,94,-2,2.17,-0.04
2026/07/31,2371,大同,40~50張,1169,-13,2.51,-0.04
2026/07/31,2371,大同,50~100張,1964,-9,6.52,-0.02
2026/07/31,2371,大同,5~10張,20714,-123,7.59,-0.05
2026/07/31,2371,大同,600~800張,39,-3,1.26,-0.09
2026/07/31,2371,大同,800~1000張,32,1,1.32,0.05
2026/07/31,2371,大同,千張大戶,117,0,42.32,0.31
2026/07/31,2371,大同,零股散戶,130798,-162,1.34,0.0
2026/04/24,2375,凱美,100~200張,41,-2,5.35,-0.3
2026/04/24,2375,凱美,10~15張,344,30,3.93,0.32
2026/04/24,2375,凱美,15~20張,211,4,3.47,0.06
2026/04/24,2375,凱美,1~5張,16849,49,28.97,0.31
2026/04/24,2375,凱美,200~400張,17,-1,4.47,-0.29
2026/04/24,2375,凱美,20~30張,145,-6,3.39,-0.15
2026/04/24,2375,凱美,30~40張,56,-1,1.79,-0.05
2026/04/24,2375,凱美,400~600張,6,0,2.85,-0.12
2026/04/24,2375,凱美,40~50張,37,1,1.55,0.03
2026/04/24,2375,凱美,50~100張,75,-3,4.9,-0.12
2026/04/24,2375,凱美,5~10張,1420,36,9.78,0.26
2026/04/24,2375,凱美,600~800張,2,0,1.12,-0.21
2026/04/24,2375,凱美,800~1000張,1,0,0.77,-0.08
2026/04/24,2375,凱美,千張大戶,9,0,21.87,0.37
2026/04/24,2375,凱美,零股散戶,43383,-6,5.72,-0.02
2026/05/08,2375,凱美,100~200張,37,-1,4.72,-0.09
2026/05/08,2375,凱美,10~15張,351,7,4.02,0.08
2026/05/08,2375,凱美,15~20張,202,-5,3.33,-0.05
2026/05/08,2375,凱美,1~5張,17376,-98,29.22,-0.28
2026/05/08,2375,凱美,200~400張,17,-4,4.54,-1.05
2026/05/08,2375,凱美,20~30張,151,10,3.51,0.21
2026/05/08,2375,凱美,30~40張,65,2,2.11,0.08
2026/05/08,2375,凱美,400~600張,7,3,3.18,1.26
2026/05/08,2375,凱美,40~50張,35,1,1.46,0.04
2026/05/08,2375,凱美,50~100張,79,0,5.15,-0.02
2026/05/08,2375,凱美,5~10張,1370,-32,9.46,-0.22
2026/05/08,2375,凱美,600~800張,3,1,1.77,0.6
2026/05/08,2375,凱美,800~1000張,2,1,1.68,0.91
2026/05/08,2375,凱美,千張大戶,8,-1,20.08,-1.44
2026/05/08,2375,凱美,零股散戶,43519,0,5.7,-0.02
2026/05/15,2375,凱美,100~200張,38,1,4.85,0.13
2026/05/15,2375,凱美,10~15張,356,5,4.09,0.07
2026/05/15,2375,凱美,15~20張,193,-9,3.19,-0.14
2026/05/15,2375,凱美,1~5張,17374,-2,28.8,-0.42
2026/05/15,2375,凱美,200~400張,19,2,5.45,0.91
2026/05/15,2375,凱美,20~30張,134,-17,3.11,-0.4
2026/05/15,2375,凱美,30~40張,64,-1,2.08,-0.03
2026/05/15,2375,凱美,400~600張,6,-1,2.72,-0.46
2026/05/15,2375,凱美,40~50張,42,7,1.77,0.31
2026/05/15,2375,凱美,50~100張,67,-12,4.36,-0.79
2026/05/15,2375,凱美,5~10張,1326,-44,9.21,-0.25
2026/05/15,2375,凱美,600~800張,2,-1,1.2,-0.57
2026/05/15,2375,凱美,800~1000張,3,1,2.58,0.9
2026/05/15,2375,凱美,千張大戶,9,1,20.81,0.73
2026/05/15,2375,凱美,零股散戶,43783,264,5.7,0.0
2026/05/22,2375,凱美,100~200張,41,3,5.31,0.46
2026/05/22,2375,凱美,10~15張,280,-76,3.21,-0.88
2026/05/22,2375,凱美,15~20張,173,-20,2.86,-0.33
2026/05/22,2375,凱美,1~5張,15526,-1848,25.65,-3.15
2026/05/22,2375,凱美,200~400張,16,-3,4.57,-0.88
2026/05/22,2375,凱美,20~30張,109,-25,2.54,-0.57
2026/05/22,2375,凱美,30~40張,56,-8,1.8,-0.28
2026/05/22,2375,凱美,400~600張,6,0,2.87,0.15
2026/05/22,2375,凱美,40~50張,44,2,1.86,0.09
2026/05/22,2375,凱美,50~100張,55,-12,3.58,-0.78
2026/05/22,2375,凱美,5~10張,1132,-194,7.88,-1.33
2026/05/22,2375,凱美,600~800張,1,-1,0.66,-0.54
2026/05/22,2375,凱美,800~1000張,3,0,2.49,-0.09
2026/05/22,2375,凱美,千張大戶,14,5,29.08,8.27
2026/05/22,2375,凱美,零股散戶,43375,-408,5.56,-0.14
2026/05/29,2375,凱美,100~200張,33,-8,4.24,-1.07
2026/05/29,2375,凱美,10~15張,267,-13,3.09,-0.12
2026/05/29,2375,凱美,15~20張,149,-24,2.46,-0.4
2026/05/29,2375,凱美,1~5張,17030,1504,26.78,1.13
2026/05/29,2375,凱美,200~400張,16,0,4.33,-0.24
2026/05/29,2375,凱美,20~30張,95,-14,2.19,-0.35
2026/05/29,2375,凱美,30~40張,40,-16,1.28,-0.52
2026/05/29,2375,凱美,400~600張,3,-3,1.41,-1.46
2026/05/29,2375,凱美,40~50張,38,-6,1.63,-0.23
2026/05/29,2375,凱美,50~100張,57,2,3.8,0.22
2026/05/29,2375,凱美,5~10張,996,-136,6.93,-0.95
2026/05/29,2375,凱美,600~800張,2,1,1.25,0.59
2026/05/29,2375,凱美,800~1000張,3,0,2.47,-0.02
2026/05/29,2375,凱美,千張大戶,16,2,32.52,3.44
2026/05/29,2375,凱美,零股散戶,45636,2261,5.55,-0.01
2026/06/05,2375,凱美,100~200張,29,-4,3.76,-0.48
2026/06/05,2375,凱美,10~15張,293,26,3.4,0.31
2026/06/05,2375,凱美,15~20張,150,1,2.46,0.0
2026/06/05,2375,凱美,1~5張,20627,3597,32.0,5.22
2026/06/05,2375,凱美,200~400張,16,0,4.34,0.01
2026/06/05,2375,凱美,20~30張,103,8,2.37,0.18
2026/06/05,2375,凱美,30~40張,36,-4,1.15,-0.13
2026/06/05,2375,凱美,400~600張,2,-1,0.87,-0.54
2026/06/05,2375,凱美,40~50張,38,0,1.62,-0.01
2026/06/05,2375,凱美,50~100張,55,-2,3.56,-0.24
2026/06/05,2375,凱美,5~10張,1112,116,7.74,0.81
2026/06/05,2375,凱美,600~800張,2,0,1.23,-0.02
2026/06/05,2375,凱美,800~1000張,2,-1,1.58,-0.89
2026/06/05,2375,凱美,千張大戶,14,-2,28.01,-4.51
2026/06/05,2375,凱美,零股散戶,47845,2209,5.84,0.29
2026/06/12,2375,凱美,100~200張,27,-2,3.36,-0.4
2026/06/12,2375,凱美,10~15張,282,-11,3.28,-0.12
2026/06/12,2375,凱美,15~20張,142,-8,2.31,-0.15
2026/06/12,2375,凱美,1~5張,19741,-886,30.53,-1.47
2026/06/12,2375,凱美,200~400張,18,2,4.74,0.4
2026/06/12,2375,凱美,20~30張,118,15,2.76,0.39
2026/06/12,2375,凱美,30~40張,37,1,1.17,0.02
2026/06/12,2375,凱美,400~600張,3,1,1.32,0.45
2026/06/12,2375,凱美,40~50張,36,-2,1.53,-0.09
2026/06/12,2375,凱美,50~100張,56,1,3.63,0.07
2026/06/12,2375,凱美,5~10張,1114,2,7.73,-0.01
2026/06/12,2375,凱美,600~800張,1,-1,0.62,-0.61
2026/06/12,2375,凱美,800~1000張,3,1,2.4,0.82
2026/06/12,2375,凱美,千張大戶,14,0,28.74,0.73
2026/06/12,2375,凱美,零股散戶,47867,22,5.78,-0.06
2026/06/26,2375,凱美,100~200張,18,-7,2.29,-0.94
2026/06/26,2375,凱美,10~15張,276,-3,3.22,-0.04
2026/06/26,2375,凱美,15~20張,148,5,2.44,0.09
2026/06/26,2375,凱美,1~5張,23868,5254,35.65,7.08
2026/06/26,2375,凱美,200~400張,18,0,5.11,0.02
2026/06/26,2375,凱美,20~30張,112,-4,2.62,-0.09
2026/06/26,2375,凱美,30~40張,43,7,1.43,0.27
2026/06/26,2375,凱美,400~600張,3,2,1.25,0.79
2026/06/26,2375,凱美,40~50張,35,-5,1.47,-0.21
2026/06/26,2375,凱美,50~100張,53,-2,3.54,-0.14
2026/06/26,2375,凱美,5~10張,1183,137,8.35,1.05
2026/06/26,2375,凱美,600~800張,4,0,2.43,-0.11
2026/06/26,2375,凱美,800~1000張,1,-2,0.77,-1.57
2026/06/26,2375,凱美,千張大戶,11,-4,23.47,-6.54
2026/06/26,2375,凱美,零股散戶,50947,3264,5.9,0.36
2026/07/03,2375,凱美,100~200張,24,6,3.1,0.81
2026/07/03,2375,凱美,10~15張,261,-15,3.03,-0.19
2026/07/03,2375,凱美,15~20張,123,-25,2.02,-0.42
2026/07/03,2375,凱美,1~5張,21641,-2227,32.43,-3.22
2026/07/03,2375,凱美,200~400張,11,-7,3.08,-2.03
2026/07/03,2375,凱美,20~30張,102,-10,2.37,-0.25
2026/07/03,2375,凱美,30~40張,35,-8,1.18,-0.25
2026/07/03,2375,凱美,400~600張,7,4,3.13,1.88
2026/07/03,2375,凱美,40~50張,38,3,1.61,0.14
2026/07/03,2375,凱美,50~100張,46,-7,3.08,-0.46
2026/07/03,2375,凱美,5~10張,1073,-110,7.53,-0.82
2026/07/03,2375,凱美,600~800張,3,-1,1.99,-0.44
2026/07/03,2375,凱美,800~1000張,3,2,2.66,1.89
2026/07/03,2375,凱美,千張大戶,14,3,26.88,3.41
2026/07/03,2375,凱美,零股散戶,50992,45,5.84,-0.06
2026/07/17,2375,凱美,100~200張,25,3,3.3,0.49
2026/07/17,2375,凱美,10~15張,267,-3,3.09,-0.04
2026/07/17,2375,凱美,15~20張,140,2,2.3,0.03
2026/07/17,2375,凱美,1~5張,23801,-152,36.45,0.36
2026/07/17,2375,凱美,200~400張,11,-2,3.23,-0.21
2026/07/17,2375,凱美,20~30張,105,3,2.42,0.05
2026/07/17,2375,凱美,30~40張,27,-3,0.88,-0.1
2026/07/17,2375,凱美,400~600張,6,1,2.68,0.35
2026/07/17,2375,凱美,40~50張,41,4,1.73,0.17
2026/07/17,2375,凱美,50~100張,47,-2,3.01,-0.23
2026/07/17,2375,凱美,5~10張,1178,34,8.16,0.12
2026/07/17,2375,凱美,600~800張,6,-1,3.91,-0.72
2026/07/17,2375,凱美,800~1000張,1,-1,0.78,-0.76
2026/07/17,2375,凱美,千張大戶,9,0,21.95,0.51
2026/07/17,2375,凱美,零股散戶,51488,-559,6.02,-0.05
2026/07/24,2375,凱美,100~200張,21,-4,2.73,-0.57
2026/07/24,2375,凱美,10~15張,273,6,3.16,0.07
2026/07/24,2375,凱美,15~20張,134,-6,2.22,-0.08
2026/07/24,2375,凱美,1~5張,23154,-647,35.73,-0.72
2026/07/24,2375,凱美,200~400張,14,3,3.79,0.56
2026/07/24,2375,凱美,20~30張,103,-2,2.41,-0.01
2026/07/24,2375,凱美,30~40張,25,-2,0.81,-0.07
2026/07/24,2375,凱美,400~600張,5,-1,2.2,-0.48
2026/07/24,2375,凱美,40~50張,43,2,1.82,0.09
2026/07/24,2375,凱美,50~100張,46,-1,3.02,0.01
2026/07/24,2375,凱美,5~10張,1182,4,8.19,0.03
2026/07/24,2375,凱美,600~800張,9,3,5.77,1.86
2026/07/24,2375,凱美,800~1000張,2,1,1.64,0.86
2026/07/24,2375,凱美,千張大戶,8,-1,20.48,-1.47
2026/07/24,2375,凱美,零股散戶,51066,-422,5.96,-0.06
2026/07/31,2375,凱美,100~200張,17,-4,2.2,-0.53
2026/07/31,2375,凱美,10~15張,275,2,3.18,0.02
2026/07/31,2375,凱美,15~20張,132,-2,2.2,-0.02
2026/07/31,2375,凱美,1~5張,22714,-440,35.26,-0.47
2026/07/31,2375,凱美,200~400張,14,0,3.91,0.12
2026/07/31,2375,凱美,20~30張,99,-4,2.3,-0.11
2026/07/31,2375,凱美,30~40張,29,4,0.95,0.14
2026/07/31,2375,凱美,400~600張,3,-2,1.28,-0.92
2026/07/31,2375,凱美,40~50張,44,1,1.87,0.05
2026/07/31,2375,凱美,50~100張,42,-4,2.75,-0.27
2026/07/31,2375,凱美,5~10張,1194,12,8.25,0.06
2026/07/31,2375,凱美,600~800張,6,-3,3.85,-1.92
2026/07/31,2375,凱美,800~1000張,4,2,3.23,1.59
2026/07/31,2375,凱美,千張大戶,10,2,22.81,2.33
2026/07/31,2375,凱美,零股散戶,50617,-449,5.91,-0.05
2026/04/24,2379,瑞昱,100~200張,173,-5,4.79,-0.17
2026/04/24,2379,瑞昱,10~15張,331,-12,0.79,-0.03
2026/04/24,2379,瑞昱,15~20張,144,-9,0.49,-0.04
2026/04/24,2379,瑞昱,1~5張,12502,-579,4.14,-0.2
2026/04/24,2379,瑞昱,200~400張,133,-4,7.66,-0.21
2026/04/24,2379,瑞昱,20~30張,201,-5,0.97,-0.02
2026/04/24,2379,瑞昱,30~40張,112,-8,0.76,-0.06
2026/04/24,2379,瑞昱,400~600張,68,8,6.54,0.72
2026/04/24,2379,瑞昱,40~50張,93,6,0.8,0.05
2026/04/24,2379,瑞昱,50~100張,218,-2,3.01,-0.04
2026/04/24,2379,瑞昱,5~10張,1004,-41,1.42,-0.06
2026/04/24,2379,瑞昱,600~800張,37,2,4.98,0.28
2026/04/24,2379,瑞昱,800~1000張,24,-1,4.18,-0.17
2026/04/24,2379,瑞昱,千張大戶,91,3,58.54,0.02
2026/04/24,2379,瑞昱,零股散戶,58429,-1391,0.86,-0.06
2026/05/08,2379,瑞昱,100~200張,173,-6,4.85,-0.08
2026/05/08,2379,瑞昱,10~15張,327,5,0.77,0.01
2026/05/08,2379,瑞昱,15~20張,149,1,0.51,0.0
2026/05/08,2379,瑞昱,1~5張,12749,425,4.21,0.14
2026/05/08,2379,瑞昱,200~400張,134,1,7.74,0.11
2026/05/08,2379,瑞昱,20~30張,202,3,0.97,0.01
2026/05/08,2379,瑞昱,30~40張,106,-2,0.72,-0.01
2026/05/08,2379,瑞昱,400~600張,58,-1,5.54,-0.08
2026/05/08,2379,瑞昱,40~50張,97,-4,0.84,-0.03
2026/05/08,2379,瑞昱,50~100張,220,8,3.08,0.14
2026/05/08,2379,瑞昱,5~10張,1010,16,1.43,0.03
2026/05/08,2379,瑞昱,600~800張,41,0,5.43,-0.04
2026/05/08,2379,瑞昱,800~1000張,23,-5,3.96,-0.87
2026/05/08,2379,瑞昱,千張大戶,94,2,59.01,0.66
2026/05/08,2379,瑞昱,零股散戶,58574,770,0.85,0.01
2026/05/15,2379,瑞昱,100~200張,176,3,4.94,0.09
2026/05/15,2379,瑞昱,10~15張,321,-6,0.76,-0.01
2026/05/15,2379,瑞昱,15~20張,147,-2,0.5,-0.01
2026/05/15,2379,瑞昱,1~5張,12363,-386,4.04,-0.17
2026/05/15,2379,瑞昱,200~400張,134,0,7.75,0.01
2026/05/15,2379,瑞昱,20~30張,196,-6,0.94,-0.03
2026/05/15,2379,瑞昱,30~40張,113,7,0.78,0.06
2026/05/15,2379,瑞昱,400~600張,56,-2,5.4,-0.14
2026/05/15,2379,瑞昱,40~50張,98,1,0.85,0.01
2026/05/15,2379,瑞昱,50~100張,224,4,3.15,0.07
2026/05/15,2379,瑞昱,5~10張,966,-44,1.37,-0.06
2026/05/15,2379,瑞昱,600~800張,38,-3,5.07,-0.36
2026/05/15,2379,瑞昱,800~1000張,28,5,4.84,0.88
2026/05/15,2379,瑞昱,千張大戶,91,-3,58.71,-0.3
2026/05/15,2379,瑞昱,零股散戶,58717,143,0.84,-0.01
2026/05/22,2379,瑞昱,100~200張,172,-4,4.82,-0.12
2026/05/22,2379,瑞昱,10~15張,311,-10,0.74,-0.02
2026/05/22,2379,瑞昱,15~20張,147,0,0.5,0.0
2026/05/22,2379,瑞昱,1~5張,12115,-248,3.95,-0.09
2026/05/22,2379,瑞昱,200~400張,129,-5,7.41,-0.34
2026/05/22,2379,瑞昱,20~30張,199,3,0.96,0.02
2026/05/22,2379,瑞昱,30~40張,107,-6,0.74,-0.04
2026/05/22,2379,瑞昱,400~600張,64,8,6.13,0.73
2026/05/22,2379,瑞昱,40~50張,96,-2,0.83,-0.02
2026/05/22,2379,瑞昱,50~100張,226,2,3.18,0.03
2026/05/22,2379,瑞昱,5~10張,960,-6,1.36,-0.01
2026/05/22,2379,瑞昱,600~800張,38,0,5.04,-0.03
2026/05/22,2379,瑞昱,800~1000張,28,0,4.86,0.02
2026/05/22,2379,瑞昱,千張大戶,91,0,58.57,-0.14
2026/05/22,2379,瑞昱,零股散戶,58378,-339,0.84,0.0
2026/05/29,2379,瑞昱,100~200張,174,2,4.89,0.07
2026/05/29,2379,瑞昱,10~15張,308,-3,0.73,-0.01
2026/05/29,2379,瑞昱,15~20張,152,5,0.52,0.02
2026/05/29,2379,瑞昱,1~5張,11477,-638,3.76,-0.19
2026/05/29,2379,瑞昱,200~400張,127,-2,7.24,-0.17
2026/05/29,2379,瑞昱,20~30張,195,-4,0.95,-0.01
2026/05/29,2379,瑞昱,30~40張,107,0,0.73,-0.01
2026/05/29,2379,瑞昱,400~600張,70,6,6.76,0.63
2026/05/29,2379,瑞昱,40~50張,99,3,0.86,0.03
2026/05/29,2379,瑞昱,50~100張,227,1,3.17,-0.01
2026/05/29,2379,瑞昱,5~10張,933,-27,1.33,-0.03
2026/05/29,2379,瑞昱,600~800張,34,-4,4.55,-0.49
2026/05/29,2379,瑞昱,800~1000張,25,-3,4.34,-0.52
2026/05/29,2379,瑞昱,千張大戶,94,3,59.28,0.71
2026/05/29,2379,瑞昱,零股散戶,57288,-1090,0.8,-0.04
2026/06/05,2379,瑞昱,100~200張,166,-8,4.62,-0.27
2026/06/05,2379,瑞昱,10~15張,304,-4,0.72,-0.01
2026/06/05,2379,瑞昱,15~20張,156,4,0.54,0.02
2026/06/05,2379,瑞昱,1~5張,11493,16,3.75,-0.01
2026/06/05,2379,瑞昱,200~400張,139,12,7.9,0.66
2026/06/05,2379,瑞昱,20~30張,189,-6,0.92,-0.03
2026/06/05,2379,瑞昱,30~40張,110,3,0.75,0.02
2026/06/05,2379,瑞昱,400~600張,68,-2,6.59,-0.17
2026/06/05,2379,瑞昱,40~50張,99,0,0.86,0.0
2026/06/05,2379,瑞昱,50~100張,232,5,3.23,0.06
2026/06/05,2379,瑞昱,5~10張,917,-16,1.3,-0.03
2026/06/05,2379,瑞昱,600~800張,34,0,4.61,0.06
2026/06/05,2379,瑞昱,800~1000張,25,0,4.39,0.05
2026/06/05,2379,瑞昱,千張大戶,93,-1,58.94,-0.34
2026/06/05,2379,瑞昱,零股散戶,57798,510,0.81,0.01
2026/06/12,2379,瑞昱,100~200張,164,-2,4.55,-0.07
2026/06/12,2379,瑞昱,10~15張,302,-2,0.71,-0.01
2026/06/12,2379,瑞昱,15~20張,157,1,0.54,0.0
2026/06/12,2379,瑞昱,1~5張,11263,-230,3.68,-0.07
2026/06/12,2379,瑞昱,200~400張,133,-6,7.58,-0.32
2026/06/12,2379,瑞昱,20~30張,197,8,0.96,0.04
2026/06/12,2379,瑞昱,30~40張,109,-1,0.75,0.0
2026/06/12,2379,瑞昱,400~600張,62,-6,5.99,-0.6
2026/06/12,2379,瑞昱,40~50張,92,-7,0.8,-0.06
2026/06/12,2379,瑞昱,50~100張,237,5,3.27,0.04
2026/06/12,2379,瑞昱,5~10張,916,-1,1.3,0.0
2026/06/12,2379,瑞昱,600~800張,39,5,5.21,0.6
2026/06/12,2379,瑞昱,800~1000張,23,-2,3.97,-0.42
2026/06/12,2379,瑞昱,千張大戶,87,-6,59.8,0.86
2026/06/12,2379,瑞昱,零股散戶,58141,343,0.81,0.0
2026/06/26,2379,瑞昱,100~200張,164,-5,4.55,-0.16
2026/06/26,2379,瑞昱,10~15張,311,6,0.74,0.02
2026/06/26,2379,瑞昱,15~20張,144,-10,0.49,-0.04
2026/06/26,2379,瑞昱,1~5張,12784,1971,4.05,0.51
2026/06/26,2379,瑞昱,200~400張,132,3,7.6,0.25
2026/06/26,2379,瑞昱,20~30張,196,-4,0.95,-0.02
2026/06/26,2379,瑞昱,30~40張,114,4,0.78,0.03
2026/06/26,2379,瑞昱,400~600張,69,4,6.58,0.3
2026/06/26,2379,瑞昱,40~50張,99,9,0.86,0.08
2026/06/26,2379,瑞昱,50~100張,223,-11,3.07,-0.15
2026/06/26,2379,瑞昱,5~10張,897,3,1.28,0.01
2026/06/26,2379,瑞昱,600~800張,37,0,5.05,0.06
2026/06/26,2379,瑞昱,800~1000張,23,-3,4.06,-0.48
2026/06/26,2379,瑞昱,千張大戶,87,1,58.77,-0.66
2026/06/26,2379,瑞昱,零股散戶,71489,13554,1.1,0.27
2026/07/03,2379,瑞昱,100~200張,166,2,4.63,0.08
2026/07/03,2379,瑞昱,10~15張,307,-4,0.73,-0.01
2026/07/03,2379,瑞昱,15~20張,144,0,0.49,0.0
2026/07/03,2379,瑞昱,1~5張,13238,454,4.18,0.13
2026/07/03,2379,瑞昱,200~400張,137,5,7.69,0.09
2026/07/03,2379,瑞昱,20~30張,194,-2,0.94,-0.01
2026/07/03,2379,瑞昱,30~40張,114,0,0.77,-0.01
2026/07/03,2379,瑞昱,400~600張,64,-5,6.2,-0.38
2026/07/03,2379,瑞昱,40~50張,100,1,0.87,0.01
2026/07/03,2379,瑞昱,50~100張,226,3,3.14,0.07
2026/07/03,2379,瑞昱,5~10張,907,10,1.3,0.02
2026/07/03,2379,瑞昱,600~800張,37,0,4.96,-0.09
2026/07/03,2379,瑞昱,800~1000張,25,2,4.38,0.32
2026/07/03,2379,瑞昱,千張大戶,83,-4,58.52,-0.25
2026/07/03,2379,瑞昱,零股散戶,72465,976,1.14,0.04
2026/07/17,2379,瑞昱,100~200張,166,6,4.61,0.16
2026/07/17,2379,瑞昱,10~15張,307,3,0.73,0.01
2026/07/17,2379,瑞昱,15~20張,156,-2,0.54,0.0
2026/07/17,2379,瑞昱,1~5張,13632,448,4.37,0.2
2026/07/17,2379,瑞昱,200~400張,133,-1,7.43,-0.09
2026/07/17,2379,瑞昱,20~30張,194,7,0.95,0.04
2026/07/17,2379,瑞昱,30~40張,114,0,0.77,0.0
2026/07/17,2379,瑞昱,400~600張,59,-8,5.75,-0.75
2026/07/17,2379,瑞昱,40~50張,96,-1,0.84,-0.01
2026/07/17,2379,瑞昱,50~100張,239,6,3.28,0.03
2026/07/17,2379,瑞昱,5~10張,951,39,1.36,0.05
2026/07/17,2379,瑞昱,600~800張,35,2,4.66,0.23
2026/07/17,2379,瑞昱,800~1000張,25,3,4.44,0.59
2026/07/17,2379,瑞昱,千張大戶,84,-2,59.04,-0.49
2026/07/17,2379,瑞昱,零股散戶,72840,161,1.16,0.01
2026/07/24,2379,瑞昱,100~200張,174,8,4.83,0.22
2026/07/24,2379,瑞昱,10~15張,307,0,0.73,0.0
2026/07/24,2379,瑞昱,15~20張,156,0,0.53,-0.01
2026/07/24,2379,瑞昱,1~5張,13188,-444,4.23,-0.14
2026/07/24,2379,瑞昱,200~400張,128,-5,7.06,-0.37
2026/07/24,2379,瑞昱,20~30張,191,-3,0.93,-0.02
2026/07/24,2379,瑞昱,30~40張,114,0,0.76,-0.01
2026/07/24,2379,瑞昱,400~600張,63,4,6.12,0.37
2026/07/24,2379,瑞昱,40~50張,98,2,0.86,0.02
2026/07/24,2379,瑞昱,50~100張,236,-3,3.23,-0.05
2026/07/24,2379,瑞昱,5~10張,938,-13,1.34,-0.02
2026/07/24,2379,瑞昱,600~800張,34,-1,4.51,-0.15
2026/07/24,2379,瑞昱,800~1000張,27,2,4.72,0.28
2026/07/24,2379,瑞昱,千張大戶,84,0,58.92,-0.12
2026/07/24,2379,瑞昱,零股散戶,72069,-771,1.15,-0.01
2026/07/31,2379,瑞昱,100~200張,176,2,4.92,0.09
2026/07/31,2379,瑞昱,10~15張,303,-4,0.72,-0.01
2026/07/31,2379,瑞昱,15~20張,155,-1,0.53,0.0
2026/07/31,2379,瑞昱,1~5張,12735,-453,4.1,-0.13
2026/07/31,2379,瑞昱,200~400張,124,-4,6.77,-0.29
2026/07/31,2379,瑞昱,20~30張,187,-4,0.91,-0.02
2026/07/31,2379,瑞昱,30~40張,120,6,0.81,0.05
2026/07/31,2379,瑞昱,400~600張,69,6,6.72,0.6
2026/07/31,2379,瑞昱,40~50張,100,2,0.87,0.01
2026/07/31,2379,瑞昱,50~100張,239,3,3.28,0.05
2026/07/31,2379,瑞昱,5~10張,918,-20,1.3,-0.04
2026/07/31,2379,瑞昱,600~800張,34,0,4.48,-0.03
2026/07/31,2379,瑞昱,800~1000張,24,-3,4.19,-0.53
2026/07/31,2379,瑞昱,千張大戶,86,2,59.21,0.29
2026/07/31,2379,瑞昱,零股散戶,70744,-1325,1.12,-0.03
2026/04/24,2382,廣達,100~200張,353,-5,1.29,-0.02
2026/04/24,2382,廣達,10~15張,2333,-81,0.76,-0.03
2026/04/24,2382,廣達,15~20張,1398,-38,0.66,-0.02
2026/04/24,2382,廣達,1~5張,98341,-3422,4.71,-0.18
2026/04/24,2382,廣達,200~400張,223,1,1.63,0.02
2026/04/24,2382,廣達,20~30張,1023,-46,0.67,-0.03
2026/04/24,2382,廣達,30~40張,510,-16,0.47,-0.01
2026/04/24,2382,廣達,400~600張,104,4,1.31,0.05
2026/04/24,2382,廣達,40~50張,295,-1,0.35,0.0
2026/04/24,2382,廣達,50~100張,590,3,1.11,0.0
2026/04/24,2382,廣達,5~10張,9169,-380,1.8,-0.08
2026/04/24,2382,廣達,600~800張,71,-4,1.27,-0.07
2026/04/24,2382,廣達,800~1000張,55,-2,1.28,-0.05
2026/04/24,2382,廣達,千張大戶,286,2,82.16,0.42
2026/04/24,2382,廣達,零股散戶,96743,-506,0.46,-0.01
2026/05/08,2382,廣達,100~200張,358,15,1.31,0.05
2026/05/08,2382,廣達,10~15張,2348,-35,0.76,-0.02
2026/05/08,2382,廣達,15~20張,1375,-38,0.65,-0.02
2026/05/08,2382,廣達,1~5張,98147,-1471,4.68,-0.09
2026/05/08,2382,廣達,200~400張,222,0,1.61,0.0
2026/05/08,2382,廣達,20~30張,1026,-8,0.67,-0.01
2026/05/08,2382,廣達,30~40張,497,-11,0.45,-0.01
2026/05/08,2382,廣達,400~600張,102,-1,1.3,-0.01
2026/05/08,2382,廣達,40~50張,292,0,0.35,0.0
2026/05/08,2382,廣達,50~100張,594,-14,1.11,-0.03
2026/05/08,2382,廣達,5~10張,9094,-177,1.79,-0.03
2026/05/08,2382,廣達,600~800張,71,-3,1.26,-0.07
2026/05/08,2382,廣達,800~1000張,61,4,1.41,0.08
2026/05/08,2382,廣達,千張大戶,284,0,82.11,0.15
2026/05/08,2382,廣達,零股散戶,98573,759,0.47,0.0
2026/05/15,2382,廣達,100~200張,344,-14,1.26,-0.05
2026/05/15,2382,廣達,10~15張,2357,9,0.77,0.01
2026/05/15,2382,廣達,15~20張,1354,-21,0.64,-0.01
2026/05/15,2382,廣達,1~5張,97490,-657,4.65,-0.03
2026/05/15,2382,廣達,200~400張,224,2,1.63,0.02
2026/05/15,2382,廣達,20~30張,1000,-26,0.65,-0.02
2026/05/15,2382,廣達,30~40張,495,-2,0.45,0.0
2026/05/15,2382,廣達,400~600張,104,2,1.33,0.03
2026/05/15,2382,廣達,40~50張,298,6,0.35,0.0
2026/05/15,2382,廣達,50~100張,595,1,1.11,0.0
2026/05/15,2382,廣達,5~10張,8999,-95,1.77,-0.02
2026/05/15,2382,廣達,600~800張,76,5,1.35,0.09
2026/05/15,2382,廣達,800~1000張,63,2,1.47,0.06
2026/05/15,2382,廣達,千張大戶,282,-2,82.02,-0.09
2026/05/15,2382,廣達,零股散戶,98308,-265,0.46,-0.01
2026/05/22,2382,廣達,100~200張,352,8,1.28,0.02
2026/05/22,2382,廣達,10~15張,2563,206,0.84,0.07
2026/05/22,2382,廣達,15~20張,1473,119,0.69,0.05
2026/05/22,2382,廣達,1~5張,109138,11648,5.2,0.55
2026/05/22,2382,廣達,200~400張,211,-13,1.54,-0.09
2026/05/22,2382,廣達,20~30張,1074,74,0.7,0.05
2026/05/22,2382,廣達,30~40張,518,23,0.47,0.02
2026/05/22,2382,廣達,400~600張,104,0,1.33,0.0
2026/05/22,2382,廣達,40~50張,318,20,0.38,0.03
2026/05/22,2382,廣達,50~100張,616,21,1.15,0.04
2026/05/22,2382,廣達,5~10張,9871,872,1.95,0.18
2026/05/22,2382,廣達,600~800張,71,-5,1.25,-0.1
2026/05/22,2382,廣達,800~1000張,62,-1,1.45,-0.02
2026/05/22,2382,廣達,千張大戶,272,-10,81.18,-0.84
2026/05/22,2382,廣達,零股散戶,107565,9257,0.51,0.05
2026/05/29,2382,廣達,100~200張,351,-1,1.28,0.0
2026/05/29,2382,廣達,10~15張,2594,31,0.85,0.01
2026/05/29,2382,廣達,15~20張,1526,53,0.72,0.03
2026/05/29,2382,廣達,1~5張,115069,5931,5.43,0.23
2026/05/29,2382,廣達,200~400張,207,-4,1.52,-0.02
2026/05/29,2382,廣達,20~30張,1121,47,0.73,0.03
2026/05/29,2382,廣達,30~40張,530,12,0.48,0.01
2026/05/29,2382,廣達,400~600張,104,0,1.31,-0.02
2026/05/29,2382,廣達,40~50張,318,0,0.38,0.0
2026/05/29,2382,廣達,50~100張,614,-2,1.15,0.0
2026/05/29,2382,廣達,5~10張,10189,318,2.01,0.06
2026/05/29,2382,廣達,600~800張,78,7,1.37,0.12
2026/05/29,2382,廣達,800~1000張,62,0,1.44,-0.01
2026/05/29,2382,廣達,千張大戶,267,-5,80.72,-0.46
2026/05/29,2382,廣達,零股散戶,113355,5790,0.53,0.02
2026/06/05,2382,廣達,100~200張,333,-18,1.22,-0.06
2026/06/05,2382,廣達,10~15張,2278,-316,0.74,-0.11
2026/06/05,2382,廣達,15~20張,1305,-221,0.61,-0.11
2026/06/05,2382,廣達,1~5張,112429,-2640,5.14,-0.29
2026/06/05,2382,廣達,200~400張,217,10,1.61,0.09
2026/06/05,2382,廣達,20~30張,988,-133,0.65,-0.08
2026/06/05,2382,廣達,30~40張,470,-60,0.43,-0.05
2026/06/05,2382,廣達,400~600張,111,7,1.4,0.09
2026/06/05,2382,廣達,40~50張,290,-28,0.34,-0.04
2026/06/05,2382,廣達,50~100張,558,-56,1.04,-0.11
2026/06/05,2382,廣達,5~10張,9016,-1173,1.78,-0.23
2026/06/05,2382,廣達,600~800張,76,-2,1.36,-0.01
2026/06/05,2382,廣達,800~1000張,54,-8,1.26,-0.18
2026/06/05,2382,廣達,千張大戶,277,10,81.77,1.05
2026/06/05,2382,廣達,零股散戶,133033,19678,0.57,0.04
2026/06/12,2382,廣達,100~200張,340,7,1.25,0.03
2026/06/12,2382,廣達,10~15張,2314,36,0.75,0.01
2026/06/12,2382,廣達,15~20張,1347,42,0.63,0.02
2026/06/12,2382,廣達,1~5張,115643,3214,5.31,0.17
2026/06/12,2382,廣達,200~400張,214,-3,1.57,-0.04
2026/06/12,2382,廣達,20~30張,984,-4,0.64,-0.01
2026/06/12,2382,廣達,30~40張,486,16,0.44,0.01
2026/06/12,2382,廣達,400~600張,115,4,1.46,0.06
2026/06/12,2382,廣達,40~50張,290,0,0.34,0.0
2026/06/12,2382,廣達,50~100張,552,-6,1.02,-0.02
2026/06/12,2382,廣達,5~10張,9263,247,1.83,0.05
2026/06/12,2382,廣達,600~800張,73,-3,1.3,-0.06
2026/06/12,2382,廣達,800~1000張,57,3,1.32,0.06
2026/06/12,2382,廣達,千張大戶,268,-9,81.44,-0.33
2026/06/12,2382,廣達,零股散戶,138239,5206,0.6,0.03
2026/06/26,2382,廣達,100~200張,344,0,1.26,0.0
2026/06/26,2382,廣達,10~15張,2411,60,0.79,0.02
2026/06/26,2382,廣達,15~20張,1366,-3,0.64,-0.01
2026/06/26,2382,廣達,1~5張,117729,1023,5.43,0.06
2026/06/26,2382,廣達,200~400張,200,-10,1.47,-0.09
2026/06/26,2382,廣達,20~30張,1009,3,0.66,0.0
2026/06/26,2382,廣達,30~40張,494,14,0.45,0.01
2026/06/26,2382,廣達,400~600張,113,3,1.43,0.03
2026/06/26,2382,廣達,40~50張,310,-6,0.37,-0.01
2026/06/26,2382,廣達,50~100張,547,4,1.02,0.01
2026/06/26,2382,廣達,5~10張,9519,104,1.88,0.02
2026/06/26,2382,廣達,600~800張,76,5,1.34,0.08
2026/06/26,2382,廣達,800~1000張,56,-1,1.29,-0.03
2026/06/26,2382,廣達,千張大戶,259,-8,81.27,-0.13
2026/06/26,2382,廣達,零股散戶,139127,164,0.62,0.01
2026/07/03,2382,廣達,100~200張,339,-5,1.25,-0.01
2026/07/03,2382,廣達,10~15張,2389,-22,0.78,-0.01
2026/07/03,2382,廣達,15~20張,1353,-13,0.64,0.0
2026/07/03,2382,廣達,1~5張,116457,-1272,5.38,-0.05
2026/07/03,2382,廣達,200~400張,199,-1,1.47,0.0
2026/07/03,2382,廣達,20~30張,1006,-3,0.66,0.0
2026/07/03,2382,廣達,30~40張,499,5,0.46,0.01
2026/07/03,2382,廣達,400~600張,114,1,1.44,0.01
2026/07/03,2382,廣達,40~50張,305,-5,0.36,-0.01
2026/07/03,2382,廣達,50~100張,548,1,1.02,0.0
2026/07/03,2382,廣達,5~10張,9456,-63,1.87,-0.01
2026/07/03,2382,廣達,600~800張,68,-8,1.2,-0.14
2026/07/03,2382,廣達,800~1000張,57,1,1.32,0.03
2026/07/03,2382,廣達,千張大戶,261,2,81.48,0.21
2026/07/03,2382,廣達,零股散戶,137423,-1704,0.61,-0.01
2026/07/17,2382,廣達,100~200張,340,2,1.25,0.01
2026/07/17,2382,廣達,10~15張,2415,56,0.79,0.02
2026/07/17,2382,廣達,15~20張,1328,-9,0.63,0.0
2026/07/17,2382,廣達,1~5張,117834,3261,5.44,0.15
2026/07/17,2382,廣達,200~400張,187,-8,1.38,-0.06
2026/07/17,2382,廣達,20~30張,1007,17,0.66,0.01
2026/07/17,2382,廣達,30~40張,501,15,0.46,0.02
2026/07/17,2382,廣達,400~600張,111,1,1.4,0.02
2026/07/17,2382,廣達,40~50張,303,-3,0.36,0.0
2026/07/17,2382,廣達,50~100張,549,9,1.03,0.02
2026/07/17,2382,廣達,5~10張,9515,203,1.88,0.04
2026/07/17,2382,廣達,600~800張,63,-5,1.12,-0.09
2026/07/17,2382,廣達,800~1000張,53,-2,1.23,-0.04
2026/07/17,2382,廣達,千張大戶,266,-2,81.71,-0.09
2026/07/17,2382,廣達,零股散戶,134946,63,0.6,0.0
2026/07/24,2382,廣達,100~200張,342,2,1.25,0.0
2026/07/24,2382,廣達,10~15張,2537,122,0.83,0.04
2026/07/24,2382,廣達,15~20張,1383,55,0.65,0.02
2026/07/24,2382,廣達,1~5張,119257,1423,5.55,0.11
2026/07/24,2382,廣達,200~400張,198,11,1.44,0.06
2026/07/24,2382,廣達,20~30張,1036,29,0.68,0.02
2026/07/24,2382,廣達,30~40張,506,5,0.46,0.0
2026/07/24,2382,廣達,400~600張,112,1,1.42,0.02
2026/07/24,2382,廣達,40~50張,304,1,0.36,0.0
2026/07/24,2382,廣達,50~100張,564,15,1.05,0.02
2026/07/24,2382,廣達,5~10張,9855,340,1.94,0.06
2026/07/24,2382,廣達,600~800張,53,-10,0.93,-0.19
2026/07/24,2382,廣達,800~1000張,60,7,1.39,0.16
2026/07/24,2382,廣達,千張大戶,259,-7,81.34,-0.37
2026/07/24,2382,廣達,零股散戶,136807,1861,0.62,0.02
2026/07/31,2382,廣達,100~200張,351,9,1.29,0.04
2026/07/31,2382,廣達,10~15張,2754,217,0.9,0.07
2026/07/31,2382,廣達,15~20張,1497,114,0.71,0.06
2026/07/31,2382,廣達,1~5張,124044,4787,5.83,0.28
2026/07/31,2382,廣達,200~400張,207,9,1.52,0.08
2026/07/31,2382,廣達,20~30張,1120,84,0.74,0.06
2026/07/31,2382,廣達,30~40張,542,36,0.5,0.04
2026/07/31,2382,廣達,400~600張,110,-2,1.39,-0.03
2026/07/31,2382,廣達,40~50張,325,21,0.38,0.02
2026/07/31,2382,廣達,50~100張,595,31,1.1,0.05
2026/07/31,2382,廣達,5~10張,10610,755,2.09,0.15
2026/07/31,2382,廣達,600~800張,58,5,1.02,0.09
2026/07/31,2382,廣達,800~1000張,64,4,1.47,0.08
2026/07/31,2382,廣達,千張大戶,251,-8,80.36,-0.98
2026/07/31,2382,廣達,零股散戶,139336,2529,0.64,0.02
2026/04/24,2383,台光電,100~200張,147,1,5.78,0.08
2026/04/24,2383,台光電,10~15張,293,11,1.03,0.04
2026/04/24,2383,台光電,15~20張,165,5,0.82,0.03
2026/04/24,2383,台光電,1~5張,6993,175,3.21,0.08
2026/04/24,2383,台光電,200~400張,98,-1,7.71,-0.05
2026/04/24,2383,台光電,20~30張,224,5,1.57,0.04
2026/04/24,2383,台光電,30~40張,133,-11,1.3,-0.12
2026/04/24,2383,台光電,400~600張,46,-3,6.19,-0.44
2026/04/24,2383,台光電,40~50張,118,9,1.49,0.11
2026/04/24,2383,台光電,50~100張,233,1,4.61,0.03
2026/04/24,2383,台光電,5~10張,620,26,1.29,0.05
2026/04/24,2383,台光電,600~800張,20,1,3.87,0.05
2026/04/24,2383,台光電,800~1000張,12,-2,2.94,-0.58
2026/04/24,2383,台光電,千張大戶,61,1,57.1,0.6
2026/04/24,2383,台光電,零股散戶,58074,6867,1.01,0.07
2026/05/08,2383,台光電,100~200張,144,0,5.6,0.01
2026/05/08,2383,台光電,10~15張,278,-1,0.97,-0.01
2026/05/08,2383,台光電,15~20張,170,5,0.84,0.03
2026/05/08,2383,台光電,1~5張,7098,-225,3.25,-0.09
2026/05/08,2383,台光電,200~400張,100,2,7.85,0.16
2026/05/08,2383,台光電,20~30張,218,0,1.52,-0.01
2026/05/08,2383,台光電,30~40張,138,1,1.35,0.02
2026/05/08,2383,台光電,400~600張,45,-1,6.08,-0.04
2026/05/08,2383,台光電,40~50張,111,-8,1.41,-0.1
2026/05/08,2383,台光電,50~100張,242,4,4.79,0.1
2026/05/08,2383,台光電,5~10張,648,5,1.35,0.01
2026/05/08,2383,台光電,600~800張,20,-2,3.89,-0.29
2026/05/08,2383,台光電,800~1000張,13,1,3.28,0.29
2026/05/08,2383,台光電,千張大戶,61,1,56.6,-0.03
2026/05/08,2383,台光電,零股散戶,73651,-366,1.15,-0.03
2026/05/15,2383,台光電,100~200張,140,-4,5.5,-0.1
2026/05/15,2383,台光電,10~15張,282,4,0.98,0.01
2026/05/15,2383,台光電,15~20張,181,11,0.89,0.05
2026/05/15,2383,台光電,1~5張,7078,-20,3.25,0.0
2026/05/15,2383,台光電,200~400張,98,-2,7.76,-0.09
2026/05/15,2383,台光電,20~30張,215,-3,1.51,-0.01
2026/05/15,2383,台光電,30~40張,139,1,1.37,0.02
2026/05/15,2383,台光電,400~600張,47,2,6.32,0.24
2026/05/15,2383,台光電,40~50張,114,3,1.44,0.03
2026/05/15,2383,台光電,50~100張,240,-2,4.79,0.0
2026/05/15,2383,台光電,5~10張,641,-7,1.33,-0.02
2026/05/15,2383,台光電,600~800張,18,-2,3.49,-0.4
2026/05/15,2383,台光電,800~1000張,12,-1,2.99,-0.29
2026/05/15,2383,台光電,千張大戶,62,1,57.15,0.55
2026/05/15,2383,台光電,零股散戶,75241,1590,1.16,0.01
2026/05/22,2383,台光電,100~200張,132,-8,5.24,-0.26
2026/05/22,2383,台光電,10~15張,281,-1,0.98,0.0
2026/05/22,2383,台光電,15~20張,198,17,0.98,0.09
2026/05/22,2383,台光電,1~5張,7119,41,3.27,0.02
2026/05/22,2383,台光電,200~400張,101,3,8.01,0.25
2026/05/22,2383,台光電,20~30張,208,-7,1.45,-0.06
2026/05/22,2383,台光電,30~40張,147,8,1.44,0.07
2026/05/22,2383,台光電,400~600張,44,-3,5.86,-0.46
2026/05/22,2383,台光電,40~50張,112,-2,1.42,-0.02
2026/05/22,2383,台光電,50~100張,239,-1,4.81,0.02
2026/05/22,2383,台光電,5~10張,647,6,1.34,0.01
2026/05/22,2383,台光電,600~800張,20,2,3.89,0.4
2026/05/22,2383,台光電,800~1000張,12,0,3.01,0.02
2026/05/22,2383,台光電,千張大戶,60,-2,56.97,-0.18
2026/05/22,2383,台光電,零股散戶,79808,4567,1.23,0.07
2026/05/29,2383,台光電,100~200張,141,9,5.52,0.28
2026/05/29,2383,台光電,10~15張,292,11,1.02,0.04
2026/05/29,2383,台光電,15~20張,206,8,1.02,0.04
2026/05/29,2383,台光電,1~5張,6897,-222,3.18,-0.09
2026/05/29,2383,台光電,200~400張,100,-1,7.96,-0.05
2026/05/29,2383,台光電,20~30張,211,3,1.48,0.03
2026/05/29,2383,台光電,30~40張,147,0,1.44,0.0
2026/05/29,2383,台光電,400~600張,44,0,5.82,-0.04
2026/05/29,2383,台光電,40~50張,109,-3,1.37,-0.05
2026/05/29,2383,台光電,50~100張,242,3,4.85,0.04
2026/05/29,2383,台光電,5~10張,630,-17,1.31,-0.03
2026/05/29,2383,台光電,600~800張,21,1,4.1,0.21
2026/05/29,2383,台光電,800~1000張,12,0,3.01,0.0
2026/05/29,2383,台光電,千張大戶,60,0,56.67,-0.3
2026/05/29,2383,台光電,零股散戶,78359,-1449,1.17,-0.06
2026/06/05,2383,台光電,100~200張,137,-4,5.34,-0.18
2026/06/05,2383,台光電,10~15張,295,3,1.03,0.01
2026/06/05,2383,台光電,15~20張,208,2,1.03,0.01
2026/06/05,2383,台光電,1~5張,7179,282,3.3,0.12
2026/06/05,2383,台光電,200~400張,106,6,8.59,0.63
2026/06/05,2383,台光電,20~30張,208,-3,1.46,-0.02
2026/06/05,2383,台光電,30~40張,146,-1,1.42,-0.02
2026/06/05,2383,台光電,400~600張,37,-7,5.02,-0.8
2026/06/05,2383,台光電,40~50張,117,8,1.47,0.1
2026/06/05,2383,台光電,50~100張,239,-3,4.81,-0.04
2026/06/05,2383,台光電,5~10張,639,9,1.33,0.02
2026/06/05,2383,台光電,600~800張,22,1,4.27,0.17
2026/06/05,2383,台光電,800~1000張,13,1,3.3,0.29
2026/06/05,2383,台光電,千張大戶,59,-1,56.23,-0.44
2026/06/05,2383,台光電,零股散戶,89408,11049,1.31,0.14
2026/06/12,2383,台光電,100~200張,140,3,5.43,0.09
2026/06/12,2383,台光電,10~15張,296,1,1.02,-0.01
2026/06/12,2383,台光電,15~20張,202,-6,0.99,-0.04
2026/06/12,2383,台光電,1~5張,6906,-273,3.2,-0.1
2026/06/12,2383,台光電,200~400張,105,-1,8.52,-0.07
2026/06/12,2383,台光電,20~30張,218,10,1.53,0.07
2026/06/12,2383,台光電,30~40張,149,3,1.45,0.03
2026/06/12,2383,台光電,400~600張,40,3,5.49,0.47
2026/06/12,2383,台光電,40~50張,110,-7,1.39,-0.08
2026/06/12,2383,台光電,50~100張,241,2,4.84,0.03
2026/06/12,2383,台光電,5~10張,635,-4,1.32,-0.01
2026/06/12,2383,台光電,600~800張,19,-3,3.75,-0.52
2026/06/12,2383,台光電,800~1000張,13,0,3.27,-0.03
2026/06/12,2383,台光電,千張大戶,60,1,56.48,0.25
2026/06/12,2383,台光電,零股散戶,85387,-4021,1.25,-0.06
2026/06/26,2383,台光電,100~200張,145,-1,5.6,-0.05
2026/06/26,2383,台光電,10~15張,291,10,1.01,0.04
2026/06/26,2383,台光電,15~20張,197,-8,0.98,-0.03
2026/06/26,2383,台光電,1~5張,6503,-312,3.06,-0.11
2026/06/26,2383,台光電,200~400張,105,1,8.44,0.07
2026/06/26,2383,台光電,20~30張,219,3,1.54,0.02
2026/06/26,2383,台光電,30~40張,158,10,1.53,0.09
2026/06/26,2383,台光電,400~600張,38,0,5.28,0.08
2026/06/26,2383,台光電,40~50張,108,-6,1.36,-0.07
2026/06/26,2383,台光電,50~100張,229,0,4.59,-0.02
2026/06/26,2383,台光電,5~10張,633,-4,1.31,-0.01
2026/06/26,2383,台光電,600~800張,18,0,3.5,0.03
2026/06/26,2383,台光電,800~1000張,11,-5,2.65,-1.36
2026/06/26,2383,台光電,千張大戶,60,0,57.91,1.39
2026/06/26,2383,台光電,零股散戶,79604,-6800,1.15,-0.1
2026/07/03,2383,台光電,100~200張,140,-5,5.43,-0.17
2026/07/03,2383,台光電,10~15張,293,2,1.02,0.01
2026/07/03,2383,台光電,15~20張,195,-2,0.97,-0.01
2026/07/03,2383,台光電,1~5張,6562,59,3.08,0.02
2026/07/03,2383,台光電,200~400張,107,2,8.7,0.26
2026/07/03,2383,台光電,20~30張,227,8,1.6,0.06
2026/07/03,2383,台光電,30~40張,158,0,1.53,0.0
2026/07/03,2383,台光電,400~600張,37,-1,5.18,-0.1
2026/07/03,2383,台光電,40~50張,107,-1,1.35,-0.01
2026/07/03,2383,台光電,50~100張,232,3,4.68,0.09
2026/07/03,2383,台光電,5~10張,645,12,1.34,0.03
2026/07/03,2383,台光電,600~800張,16,-2,3.07,-0.43
2026/07/03,2383,台光電,800~1000張,12,1,2.88,0.23
2026/07/03,2383,台光電,千張大戶,61,1,57.96,0.05
2026/07/03,2383,台光電,零股散戶,78544,-1060,1.15,0.0
2026/07/17,2383,台光電,100~200張,149,-1,5.78,-0.05
2026/07/17,2383,台光電,10~15張,298,2,1.03,0.0
2026/07/17,2383,台光電,15~20張,190,-6,0.94,-0.03
2026/07/17,2383,台光電,1~5張,6724,8,3.14,0.01
2026/07/17,2383,台光電,200~400張,102,-2,8.28,-0.06
2026/07/17,2383,台光電,20~30張,217,-2,1.52,-0.02
2026/07/17,2383,台光電,30~40張,155,1,1.5,0.02
2026/07/17,2383,台光電,400~600張,38,-4,5.31,-0.61
2026/07/17,2383,台光電,40~50張,109,-1,1.38,-0.01
2026/07/17,2383,台光電,50~100張,225,0,4.51,0.0
2026/07/17,2383,台光電,5~10張,644,-14,1.33,-0.03
2026/07/17,2383,台光電,600~800張,15,0,2.9,-0.02
2026/07/17,2383,台光電,800~1000張,13,0,3.08,-0.05
2026/07/17,2383,台光電,千張大戶,64,3,57.95,0.79
2026/07/17,2383,台光電,零股散戶,91916,2271,1.27,0.04
2026/07/24,2383,台光電,100~200張,150,1,5.93,0.15
2026/07/24,2383,台光電,10~15張,300,2,1.04,0.01
2026/07/24,2383,台光電,15~20張,186,-4,0.92,-0.02
2026/07/24,2383,台光電,1~5張,6767,43,3.17,0.03
2026/07/24,2383,台光電,200~400張,97,-5,8.0,-0.28
2026/07/24,2383,台光電,20~30張,216,-1,1.53,0.01
2026/07/24,2383,台光電,30~40張,153,-2,1.48,-0.02
2026/07/24,2383,台光電,400~600張,39,1,5.41,0.1
2026/07/24,2383,台光電,40~50張,104,-5,1.32,-0.06
2026/07/24,2383,台光電,50~100張,223,-2,4.47,-0.04
2026/07/24,2383,台光電,5~10張,648,4,1.34,0.01
2026/07/24,2383,台光電,600~800張,15,0,3.0,0.1
2026/07/24,2383,台光電,800~1000張,12,-1,2.92,-0.16
2026/07/24,2383,台光電,千張大戶,65,1,58.1,0.15
2026/07/24,2383,台光電,零股散戶,92395,479,1.29,0.02
2026/07/31,2383,台光電,100~200張,147,-3,5.73,-0.2
2026/07/31,2383,台光電,10~15張,305,5,1.06,0.02
2026/07/31,2383,台光電,15~20張,181,-5,0.89,-0.03
2026/07/31,2383,台光電,1~5張,6829,62,3.19,0.02
2026/07/31,2383,台光電,200~400張,98,1,7.93,-0.07
2026/07/31,2383,台光電,20~30張,212,-4,1.49,-0.04
2026/07/31,2383,台光電,30~40張,161,8,1.57,0.09
2026/07/31,2383,台光電,400~600張,40,1,5.57,0.16
2026/07/31,2383,台光電,40~50張,99,-5,1.25,-0.07
2026/07/31,2383,台光電,50~100張,224,1,4.45,-0.02
2026/07/31,2383,台光電,5~10張,643,-5,1.32,-0.02
2026/07/31,2383,台光電,600~800張,15,0,2.94,-0.06
2026/07/31,2383,台光電,800~1000張,12,0,2.97,0.05
2026/07/31,2383,台光電,千張大戶,66,1,58.22,0.12
2026/07/31,2383,台光電,零股散戶,94534,2139,1.34,0.05
2026/04/24,2395,研華,100~200張,168,4,2.84,0.07
2026/04/24,2395,研華,10~15張,366,1,0.52,0.0
2026/04/24,2395,研華,15~20張,210,-8,0.42,-0.02
2026/04/24,2395,研華,1~5張,10661,-542,2.21,-0.1
2026/04/24,2395,研華,200~400張,118,-4,3.69,-0.16
2026/04/24,2395,研華,20~30張,240,-3,0.7,0.0
2026/04/24,2395,研華,30~40張,125,0,0.5,0.0
2026/04/24,2395,研華,400~600張,56,3,3.18,0.17
2026/04/24,2395,研華,40~50張,73,-2,0.37,-0.02
2026/04/24,2395,研華,50~100張,201,-2,1.65,-0.02
2026/04/24,2395,研華,5~10張,1049,-54,0.89,-0.05
2026/04/24,2395,研華,600~800張,26,1,2.11,0.09
2026/04/24,2395,研華,800~1000張,15,-1,1.57,-0.11
2026/04/24,2395,研華,千張大戶,93,1,78.92,0.17
2026/04/24,2395,研華,零股散戶,18495,-742,0.35,-0.02
2026/05/08,2395,研華,100~200張,168,1,2.84,0.02
2026/05/08,2395,研華,10~15張,332,-45,0.47,-0.07
2026/05/08,2395,研華,15~20張,200,2,0.41,0.01
2026/05/08,2395,研華,1~5張,10080,-477,2.06,-0.13
2026/05/08,2395,研華,200~400張,117,-2,3.62,-0.1
2026/05/08,2395,研華,20~30張,222,-14,0.64,-0.04
2026/05/08,2395,研華,30~40張,114,-13,0.45,-0.06
2026/05/08,2395,研華,400~600張,57,2,3.17,0.08
2026/05/08,2395,研華,40~50張,80,3,0.41,0.01
2026/05/08,2395,研華,50~100張,186,-19,1.53,-0.16
2026/05/08,2395,研華,5~10張,985,-45,0.84,-0.04
2026/05/08,2395,研華,600~800張,26,0,2.04,-0.03
2026/05/08,2395,研華,800~1000張,19,0,1.97,0.0
2026/05/08,2395,研華,千張大戶,94,3,79.13,0.51
2026/05/08,2395,研華,零股散戶,18800,399,0.34,-0.01
2026/05/15,2395,研華,100~200張,174,6,2.95,0.11
2026/05/15,2395,研華,10~15張,337,5,0.48,0.01
2026/05/15,2395,研華,15~20張,203,3,0.41,0.0
2026/05/15,2395,研華,1~5張,10152,72,2.07,0.01
2026/05/15,2395,研華,200~400張,119,2,3.74,0.12
2026/05/15,2395,研華,20~30張,217,-5,0.62,-0.02
2026/05/15,2395,研華,30~40張,121,7,0.48,0.03
2026/05/15,2395,研華,400~600張,55,-2,3.06,-0.11
2026/05/15,2395,研華,40~50張,77,-3,0.4,-0.01
2026/05/15,2395,研華,50~100張,190,4,1.56,0.03
2026/05/15,2395,研華,5~10張,935,-50,0.8,-0.04
2026/05/15,2395,研華,600~800張,27,1,2.11,0.07
2026/05/15,2395,研華,800~1000張,18,-1,1.92,-0.05
2026/05/15,2395,研華,千張大戶,94,0,78.99,-0.14
2026/05/15,2395,研華,零股散戶,19931,1131,0.35,0.01
2026/05/22,2395,研華,100~200張,171,-3,2.94,-0.01
2026/05/22,2395,研華,10~15張,336,-1,0.48,0.0
2026/05/22,2395,研華,15~20張,214,11,0.43,0.02
2026/05/22,2395,研華,1~5張,10582,430,2.15,0.08
2026/05/22,2395,研華,200~400張,117,-2,3.69,-0.05
2026/05/22,2395,研華,20~30張,208,-9,0.6,-0.02
2026/05/22,2395,研華,30~40張,122,1,0.48,0.0
2026/05/22,2395,研華,400~600張,61,6,3.39,0.33
2026/05/22,2395,研華,40~50張,80,3,0.41,0.01
2026/05/22,2395,研華,50~100張,199,9,1.64,0.08
2026/05/22,2395,研華,5~10張,960,25,0.83,0.03
2026/05/22,2395,研華,600~800張,25,-2,1.96,-0.15
2026/05/22,2395,研華,800~1000張,21,3,2.23,0.31
2026/05/22,2395,研華,千張大戶,90,-4,78.35,-0.64
2026/05/22,2395,研華,零股散戶,20326,395,0.35,0.0
2026/05/29,2395,研華,100~200張,178,7,3.01,0.07
2026/05/29,2395,研華,10~15張,349,13,0.5,0.02
2026/05/29,2395,研華,15~20張,212,-2,0.43,0.0
2026/05/29,2395,研華,1~5張,10873,291,2.2,0.05
2026/05/29,2395,研華,200~400張,122,5,3.93,0.24
2026/05/29,2395,研華,20~30張,214,6,0.62,0.02
2026/05/29,2395,研華,30~40張,121,-1,0.48,0.0
2026/05/29,2395,研華,400~600張,58,-3,3.22,-0.17
2026/05/29,2395,研華,40~50張,86,6,0.44,0.03
2026/05/29,2395,研華,50~100張,196,-3,1.61,-0.03
2026/05/29,2395,研華,5~10張,979,19,0.85,0.02
2026/05/29,2395,研華,600~800張,26,1,2.06,0.1
2026/05/29,2395,研華,800~1000張,18,-3,1.87,-0.36
2026/05/29,2395,研華,千張大戶,91,1,78.36,0.01
2026/05/29,2395,研華,零股散戶,21113,787,0.36,0.01
2026/06/05,2395,研華,100~200張,179,1,3.03,0.02
2026/06/05,2395,研華,10~15張,334,-15,0.47,-0.03
2026/06/05,2395,研華,15~20張,227,15,0.46,0.03
2026/06/05,2395,研華,1~5張,11041,168,2.2,0.0
2026/06/05,2395,研華,200~400張,130,8,4.16,0.23
2026/06/05,2395,研華,20~30張,197,-17,0.57,-0.05
2026/06/05,2395,研華,30~40張,120,-1,0.47,-0.01
2026/06/05,2395,研華,400~600張,60,2,3.41,0.19
2026/06/05,2395,研華,40~50張,83,-3,0.43,-0.01
2026/06/05,2395,研華,50~100張,203,7,1.67,0.06
2026/06/05,2395,研華,5~10張,990,11,0.86,0.01
2026/06/05,2395,研華,600~800張,28,2,2.27,0.21
2026/06/05,2395,研華,800~1000張,18,0,1.9,0.03
2026/06/05,2395,研華,千張大戶,89,-2,77.65,-0.71
2026/06/05,2395,研華,零股散戶,22165,1052,0.37,0.01
2026/06/12,2395,研華,100~200張,183,4,3.08,0.05
2026/06/12,2395,研華,10~15張,352,18,0.5,0.03
2026/06/12,2395,研華,15~20張,213,-14,0.43,-0.03
2026/06/12,2395,研華,1~5張,11182,141,2.24,0.04
2026/06/12,2395,研華,200~400張,129,-1,4.15,-0.01
2026/06/12,2395,研華,20~30張,201,4,0.58,0.01
2026/06/12,2395,研華,30~40張,129,9,0.5,0.03
2026/06/12,2395,研華,400~600張,58,-2,3.28,-0.13
2026/06/12,2395,研華,40~50張,78,-5,0.4,-0.03
2026/06/12,2395,研華,50~100張,213,10,1.75,0.08
2026/06/12,2395,研華,5~10張,1003,13,0.86,0.0
2026/06/12,2395,研華,600~800張,22,-6,1.75,-0.52
2026/06/12,2395,研華,800~1000張,19,1,2.0,0.1
2026/06/12,2395,研華,千張大戶,92,3,78.0,0.35
2026/06/12,2395,研華,零股散戶,23229,1064,0.39,0.02
2026/06/26,2395,研華,100~200張,185,5,3.13,0.08
2026/06/26,2395,研華,10~15張,357,5,0.51,0.01
2026/06/26,2395,研華,15~20張,210,3,0.42,0.0
2026/06/26,2395,研華,1~5張,10941,-161,2.2,-0.03
2026/06/26,2395,研華,200~400張,125,-8,4.04,-0.22
2026/06/26,2395,研華,20~30張,205,-3,0.59,-0.01
2026/06/26,2395,研華,30~40張,124,-7,0.49,-0.02
2026/06/26,2395,研華,400~600張,65,6,3.67,0.32
2026/06/26,2395,研華,40~50張,81,7,0.41,0.03
2026/06/26,2395,研華,50~100張,220,1,1.79,0.01
2026/06/26,2395,研華,5~10張,1002,17,0.86,0.02
2026/06/26,2395,研華,600~800張,19,-3,1.49,-0.25
2026/06/26,2395,研華,800~1000張,21,2,2.17,0.16
2026/06/26,2395,研華,千張大戶,92,1,77.77,-0.09
2026/06/26,2395,研華,零股散戶,22886,-193,0.39,0.0
2026/07/03,2395,研華,100~200張,180,-5,3.06,-0.07
2026/07/03,2395,研華,10~15張,352,-5,0.5,-0.01
2026/07/03,2395,研華,15~20張,203,-7,0.41,-0.01
2026/07/03,2395,研華,1~5張,10392,-549,2.08,-0.12
2026/07/03,2395,研華,200~400張,124,-1,3.96,-0.08
2026/07/03,2395,研華,20~30張,205,0,0.59,0.0
2026/07/03,2395,研華,30~40張,124,0,0.49,0.0
2026/07/03,2395,研華,400~600張,64,-1,3.58,-0.09
2026/07/03,2395,研華,40~50張,78,-3,0.4,-0.01
2026/07/03,2395,研華,50~100張,222,2,1.81,0.02
2026/07/03,2395,研華,5~10張,996,-6,0.86,0.0
2026/07/03,2395,研華,600~800張,22,3,1.72,0.23
2026/07/03,2395,研華,800~1000張,20,-1,2.07,-0.1
2026/07/03,2395,研華,千張大戶,94,2,78.03,0.26
2026/07/03,2395,研華,零股散戶,22081,-805,0.37,-0.02
2026/07/17,2395,研華,100~200張,181,-6,3.05,-0.1
2026/07/17,2395,研華,10~15張,336,-7,0.48,-0.01
2026/07/17,2395,研華,15~20張,207,0,0.42,0.0
2026/07/17,2395,研華,1~5張,9835,165,1.98,0.03
2026/07/17,2395,研華,200~400張,121,-3,3.87,-0.12
2026/07/17,2395,研華,20~30張,206,2,0.59,0.0
2026/07/17,2395,研華,30~40張,124,2,0.49,0.01
2026/07/17,2395,研華,400~600張,66,-4,3.69,-0.24
2026/07/17,2395,研華,40~50張,83,5,0.43,0.03
2026/07/17,2395,研華,50~100張,219,0,1.78,-0.01
2026/07/17,2395,研華,5~10張,958,-3,0.82,-0.01
2026/07/17,2395,研華,600~800張,22,1,1.72,0.08
2026/07/17,2395,研華,800~1000張,20,1,2.09,0.11
2026/07/17,2395,研華,千張大戶,94,0,78.17,0.23
2026/07/17,2395,研華,零股散戶,20935,83,0.35,0.0
2026/07/24,2395,研華,100~200張,192,11,3.21,0.16
2026/07/24,2395,研華,10~15張,340,4,0.48,0.0
2026/07/24,2395,研華,15~20張,195,-12,0.39,-0.03
2026/07/24,2395,研華,1~5張,9537,-298,1.92,-0.06
2026/07/24,2395,研華,200~400張,120,-1,3.85,-0.02
2026/07/24,2395,研華,20~30張,202,-4,0.59,0.0
2026/07/24,2395,研華,30~40張,124,0,0.49,0.0
2026/07/24,2395,研華,400~600張,64,-2,3.61,-0.08
2026/07/24,2395,研華,40~50張,81,-2,0.41,-0.02
2026/07/24,2395,研華,50~100張,211,-8,1.73,-0.05
2026/07/24,2395,研華,5~10張,947,-11,0.81,-0.01
2026/07/24,2395,研華,600~800張,25,3,1.95,0.23
2026/07/24,2395,研華,800~1000張,19,-1,1.98,-0.11
2026/07/24,2395,研華,千張大戶,94,0,78.15,-0.02
2026/07/24,2395,研華,零股散戶,21367,432,0.35,0.0
2026/07/31,2395,研華,100~200張,195,3,3.28,0.07
2026/07/31,2395,研華,10~15張,332,-8,0.47,-0.01
2026/07/31,2395,研華,15~20張,199,4,0.4,0.01
2026/07/31,2395,研華,1~5張,9232,-305,1.87,-0.05
2026/07/31,2395,研華,200~400張,121,1,3.91,0.06
2026/07/31,2395,研華,20~30張,203,1,0.58,-0.01
2026/07/31,2395,研華,30~40張,120,-4,0.47,-0.02
2026/07/31,2395,研華,400~600張,63,-1,3.51,-0.1
2026/07/31,2395,研華,40~50張,82,1,0.42,0.01
2026/07/31,2395,研華,50~100張,213,2,1.72,-0.01
2026/07/31,2395,研華,5~10張,932,-15,0.8,-0.01
2026/07/31,2395,研華,600~800張,25,0,1.93,-0.02
2026/07/31,2395,研華,800~1000張,21,2,2.19,0.21
2026/07/31,2395,研華,千張大戶,92,-2,78.02,-0.13
2026/07/31,2395,研華,零股散戶,21090,-277,0.34,-0.01
2026/04/24,2404,漢唐,100~200張,85,-4,6.19,-0.41
2026/04/24,2404,漢唐,10~15張,306,-16,2.01,-0.09
2026/04/24,2404,漢唐,15~20張,193,-3,1.81,-0.03
2026/04/24,2404,漢唐,1~5張,17352,0,15.26,-0.25
2026/04/24,2404,漢唐,200~400張,43,0,6.21,-0.14
2026/04/24,2404,漢唐,20~30張,165,-16,2.18,-0.2
2026/04/24,2404,漢唐,30~40張,99,-4,1.83,-0.07
2026/04/24,2404,漢唐,400~600張,22,3,5.69,0.7
2026/04/24,2404,漢唐,40~50張,58,-3,1.37,-0.07
2026/04/24,2404,漢唐,50~100張,118,4,4.29,0.06
2026/04/24,2404,漢唐,5~10張,1098,-37,4.39,-0.15
2026/04/24,2404,漢唐,600~800張,10,-2,3.76,-0.74
2026/04/24,2404,漢唐,800~1000張,7,-1,3.19,-0.41
2026/04/24,2404,漢唐,千張大戶,26,3,38.3,1.88
2026/04/24,2404,漢唐,零股散戶,57844,2032,3.45,-0.07
2026/05/08,2404,漢唐,100~200張,76,-1,5.54,-0.18
2026/05/08,2404,漢唐,10~15張,305,2,2.0,0.01
2026/05/08,2404,漢唐,15~20張,190,-3,1.78,-0.03
2026/05/08,2404,漢唐,1~5張,18384,275,16.16,0.2
2026/05/08,2404,漢唐,200~400張,51,6,7.53,0.84
2026/05/08,2404,漢唐,20~30張,161,-7,2.11,-0.12
2026/05/08,2404,漢唐,30~40張,106,5,1.94,0.07
2026/05/08,2404,漢唐,400~600張,18,2,4.75,0.65
2026/05/08,2404,漢唐,40~50張,65,4,1.54,0.09
2026/05/08,2404,漢唐,50~100張,122,-3,4.51,-0.06
2026/05/08,2404,漢唐,5~10張,1143,-3,4.58,0.01
2026/05/08,2404,漢唐,600~800張,12,-1,4.42,-0.41
2026/05/08,2404,漢唐,800~1000張,8,1,3.6,0.46
2026/05/08,2404,漢唐,千張大戶,23,-2,35.8,-1.58
2026/05/08,2404,漢唐,零股散戶,59818,461,3.68,0.06
2026/05/15,2404,漢唐,100~200張,77,1,5.68,0.14
2026/05/15,2404,漢唐,10~15張,307,2,2.02,0.02
2026/05/15,2404,漢唐,15~20張,185,-5,1.74,-0.04
2026/05/15,2404,漢唐,1~5張,17956,-428,15.73,-0.43
2026/05/15,2404,漢唐,200~400張,51,0,7.63,0.1
2026/05/15,2404,漢唐,20~30張,168,7,2.2,0.09
2026/05/15,2404,漢唐,30~40張,99,-7,1.83,-0.11
2026/05/15,2404,漢唐,400~600張,20,2,5.14,0.39
2026/05/15,2404,漢唐,40~50張,64,-1,1.52,-0.02
2026/05/15,2404,漢唐,50~100張,118,-4,4.45,-0.06
2026/05/15,2404,漢唐,5~10張,1119,-24,4.47,-0.11
2026/05/15,2404,漢唐,600~800張,15,3,5.55,1.13
2026/05/15,2404,漢唐,800~1000張,5,-3,2.3,-1.3
2026/05/15,2404,漢唐,千張大戶,24,1,36.13,0.33
2026/05/15,2404,漢唐,零股散戶,58344,-1474,3.54,-0.14
2026/05/22,2404,漢唐,100~200張,81,4,6.02,0.34
2026/05/22,2404,漢唐,10~15張,288,-19,1.89,-0.13
2026/05/22,2404,漢唐,15~20張,159,-26,1.48,-0.26
2026/05/22,2404,漢唐,1~5張,16455,-1501,14.37,-1.36
2026/05/22,2404,漢唐,200~400張,49,-2,7.21,-0.42
2026/05/22,2404,漢唐,20~30張,172,4,2.26,0.06
2026/05/22,2404,漢唐,30~40張,105,6,1.93,0.1
2026/05/22,2404,漢唐,400~600張,19,-1,4.99,-0.15
2026/05/22,2404,漢唐,40~50張,62,-2,1.48,-0.04
2026/05/22,2404,漢唐,50~100張,124,6,4.65,0.2
2026/05/22,2404,漢唐,5~10張,1060,-59,4.22,-0.25
2026/05/22,2404,漢唐,600~800張,15,0,5.6,0.05
2026/05/22,2404,漢唐,800~1000張,7,2,3.28,0.98
2026/05/22,2404,漢唐,千張大戶,26,2,37.25,1.12
2026/05/22,2404,漢唐,零股散戶,55041,-3303,3.3,-0.24
2026/05/29,2404,漢唐,100~200張,83,2,6.24,0.22
2026/05/29,2404,漢唐,10~15張,277,-11,1.82,-0.07
2026/05/29,2404,漢唐,15~20張,153,-6,1.43,-0.05
2026/05/29,2404,漢唐,1~5張,14555,-1900,12.75,-1.62
2026/05/29,2404,漢唐,200~400張,48,-1,7.21,0.0
2026/05/29,2404,漢唐,20~30張,168,-4,2.21,-0.05
2026/05/29,2404,漢唐,30~40張,97,-8,1.77,-0.16
2026/05/29,2404,漢唐,400~600張,12,-7,3.09,-1.9
2026/05/29,2404,漢唐,40~50張,57,-5,1.36,-0.12
2026/05/29,2404,漢唐,50~100張,122,-2,4.51,-0.14
2026/05/29,2404,漢唐,5~10張,961,-99,3.8,-0.42
2026/05/29,2404,漢唐,600~800張,19,4,6.89,1.29
2026/05/29,2404,漢唐,800~1000張,9,2,4.15,0.87
2026/05/29,2404,漢唐,千張大戶,27,1,39.69,2.44
2026/05/29,2404,漢唐,零股散戶,52419,-2622,3.0,-0.3
2026/06/05,2404,漢唐,100~200張,81,-2,6.06,-0.18
2026/06/05,2404,漢唐,10~15張,277,0,1.82,0.0
2026/06/05,2404,漢唐,15~20張,164,11,1.53,0.1
2026/06/05,2404,漢唐,1~5張,15090,535,13.26,0.51
2026/06/05,2404,漢唐,200~400張,53,5,7.93,0.72
2026/06/05,2404,漢唐,20~30張,163,-5,2.14,-0.07
2026/06/05,2404,漢唐,30~40張,98,1,1.79,0.02
2026/06/05,2404,漢唐,400~600張,15,3,3.83,0.74
2026/06/05,2404,漢唐,40~50張,61,4,1.45,0.09
2026/06/05,2404,漢唐,50~100張,122,0,4.52,0.01
2026/06/05,2404,漢唐,5~10張,984,23,3.89,0.09
2026/06/05,2404,漢唐,600~800張,17,-2,6.29,-0.6
2026/06/05,2404,漢唐,800~1000張,11,2,5.07,0.92
2026/06/05,2404,漢唐,千張大戶,26,-1,37.26,-2.43
2026/06/05,2404,漢唐,零股散戶,53526,1107,3.08,0.08
2026/06/12,2404,漢唐,100~200張,89,8,6.61,0.55
2026/06/12,2404,漢唐,10~15張,291,14,1.91,0.09
2026/06/12,2404,漢唐,15~20張,168,4,1.57,0.04
2026/06/12,2404,漢唐,1~5張,14668,-422,12.93,-0.33
2026/06/12,2404,漢唐,200~400張,51,-2,7.82,-0.11
2026/06/12,2404,漢唐,20~30張,157,-6,2.06,-0.08
2026/06/12,2404,漢唐,30~40張,108,10,1.98,0.19
2026/06/12,2404,漢唐,400~600張,14,-1,3.54,-0.29
2026/06/12,2404,漢唐,40~50張,57,-4,1.34,-0.11
2026/06/12,2404,漢唐,50~100張,123,1,4.54,0.02
2026/06/12,2404,漢唐,5~10張,977,-7,3.84,-0.05
2026/06/12,2404,漢唐,600~800張,17,0,6.31,0.02
2026/06/12,2404,漢唐,800~1000張,9,-2,4.15,-0.92
2026/06/12,2404,漢唐,千張大戶,29,3,38.33,1.07
2026/06/12,2404,漢唐,零股散戶,52419,-1107,3.0,-0.08
2026/06/26,2404,漢唐,100~200張,87,-4,6.56,-0.33
2026/06/26,2404,漢唐,10~15張,270,-11,1.78,-0.06
2026/06/26,2404,漢唐,15~20張,162,1,1.52,0.01
2026/06/26,2404,漢唐,1~5張,13470,-661,11.93,-0.52
2026/06/26,2404,漢唐,200~400張,58,8,8.78,1.3
2026/06/26,2404,漢唐,20~30張,157,2,2.06,0.04
2026/06/26,2404,漢唐,30~40張,96,-6,1.77,-0.1
2026/06/26,2404,漢唐,400~600張,17,0,4.42,0.21
2026/06/26,2404,漢唐,40~50張,65,4,1.55,0.1
2026/06/26,2404,漢唐,50~100張,115,-2,4.22,-0.12
2026/06/26,2404,漢唐,5~10張,937,-17,3.69,-0.08
2026/06/26,2404,漢唐,600~800張,13,-2,4.78,-0.76
2026/06/26,2404,漢唐,800~1000張,9,0,3.98,-0.2
2026/06/26,2404,漢唐,千張大戶,30,1,40.04,0.58
2026/06/26,2404,漢唐,零股散戶,51491,-1750,2.85,-0.06
2026/07/03,2404,漢唐,100~200張,89,2,6.66,0.1
2026/07/03,2404,漢唐,10~15張,263,-7,1.72,-0.06
2026/07/03,2404,漢唐,15~20張,164,2,1.53,0.01
2026/07/03,2404,漢唐,1~5張,12512,-958,11.14,-0.79
2026/07/03,2404,漢唐,200~400張,62,4,9.38,0.6
2026/07/03,2404,漢唐,20~30張,155,-2,2.04,-0.02
2026/07/03,2404,漢唐,30~40張,100,4,1.83,0.06
2026/07/03,2404,漢唐,400~600張,18,1,4.62,0.2
2026/07/03,2404,漢唐,40~50張,69,4,1.65,0.1
2026/07/03,2404,漢唐,50~100張,106,-9,3.92,-0.3
2026/07/03,2404,漢唐,5~10張,895,-42,3.53,-0.16
2026/07/03,2404,漢唐,600~800張,16,3,5.88,1.1
2026/07/03,2404,漢唐,800~1000張,9,0,4.08,0.1
2026/07/03,2404,漢唐,千張大戶,28,-2,39.25,-0.79
2026/07/03,2404,漢唐,零股散戶,49663,-1828,2.69,-0.16
2026/07/17,2404,漢唐,100~200張,77,-6,5.79,-0.37
2026/07/17,2404,漢唐,10~15張,269,-5,1.77,-0.03
2026/07/17,2404,漢唐,15~20張,173,6,1.62,0.06
2026/07/17,2404,漢唐,1~5張,12730,-223,11.38,-0.16
2026/07/17,2404,漢唐,200~400張,60,-4,8.91,-0.73
2026/07/17,2404,漢唐,20~30張,157,3,2.08,0.05
2026/07/17,2404,漢唐,30~40張,97,-1,1.78,-0.02
2026/07/17,2404,漢唐,400~600張,17,0,4.42,0.01
2026/07/17,2404,漢唐,40~50張,64,-2,1.53,-0.05
2026/07/17,2404,漢唐,50~100張,114,-1,4.24,-0.02
2026/07/17,2404,漢唐,5~10張,920,-15,3.65,-0.05
2026/07/17,2404,漢唐,600~800張,17,1,6.32,0.44
2026/07/17,2404,漢唐,800~1000張,7,-1,3.26,-0.37
2026/07/17,2404,漢唐,千張大戶,30,1,40.44,1.25
2026/07/17,2404,漢唐,零股散戶,50735,-128,2.75,-0.01
2026/07/24,2404,漢唐,100~200張,82,5,6.27,0.48
2026/07/24,2404,漢唐,10~15張,271,2,1.78,0.01
2026/07/24,2404,漢唐,15~20張,174,1,1.63,0.01
2026/07/24,2404,漢唐,1~5張,12866,136,11.51,0.13
2026/07/24,2404,漢唐,200~400張,55,-5,8.29,-0.62
2026/07/24,2404,漢唐,20~30張,157,0,2.07,-0.01
2026/07/24,2404,漢唐,30~40張,94,-3,1.73,-0.05
2026/07/24,2404,漢唐,400~600張,21,4,5.5,1.08
2026/07/24,2404,漢唐,40~50張,66,2,1.56,0.03
2026/07/24,2404,漢唐,50~100張,112,-2,4.14,-0.1
2026/07/24,2404,漢唐,5~10張,942,22,3.74,0.09
2026/07/24,2404,漢唐,600~800張,17,0,6.43,0.11
2026/07/24,2404,漢唐,800~1000張,3,-4,1.37,-1.89
2026/07/24,2404,漢唐,千張大戶,30,0,41.09,0.65
2026/07/24,2404,漢唐,零股散戶,51222,487,2.79,0.04
2026/07/31,2404,漢唐,100~200張,84,2,6.35,0.08
2026/07/31,2404,漢唐,10~15張,283,12,1.87,0.09
2026/07/31,2404,漢唐,15~20張,168,-6,1.58,-0.05
2026/07/31,2404,漢唐,1~5張,12927,61,11.62,0.11
2026/07/31,2404,漢唐,200~400張,52,-3,8.0,-0.29
2026/07/31,2404,漢唐,20~30張,155,-2,2.04,-0.03
2026/07/31,2404,漢唐,30~40張,99,5,1.82,0.09
2026/07/31,2404,漢唐,400~600張,21,0,5.57,0.07
2026/07/31,2404,漢唐,40~50張,69,3,1.65,0.09
2026/07/31,2404,漢唐,50~100張,107,-5,3.94,-0.2
2026/07/31,2404,漢唐,5~10張,963,21,3.83,0.09
2026/07/31,2404,漢唐,600~800張,13,-4,4.8,-1.63
2026/07/31,2404,漢唐,800~1000張,7,4,3.23,1.86
2026/07/31,2404,漢唐,千張大戶,30,0,40.79,-0.3
2026/07/31,2404,漢唐,零股散戶,51534,312,2.84,0.05
2026/04/24,2408,南亞科,100~200張,340,11,1.58,0.06
2026/04/24,2408,南亞科,10~15張,3231,82,1.33,0.03
2026/04/24,2408,南亞科,15~20張,1961,13,1.18,0.01
2026/04/24,2408,南亞科,1~5張,147813,-2822,8.79,-0.14
2026/04/24,2408,南亞科,200~400張,174,-1,1.54,-0.01
2026/04/24,2408,南亞科,20~30張,1459,-10,1.2,-0.01
2026/04/24,2408,南亞科,30~40張,664,-18,0.77,-0.02
2026/04/24,2408,南亞科,400~600張,60,1,0.92,0.01
2026/04/24,2408,南亞科,40~50張,393,22,0.59,0.04
2026/04/24,2408,南亞科,50~100張,657,9,1.51,0.01
2026/04/24,2408,南亞科,5~10張,12179,-151,3.07,-0.03
2026/04/24,2408,南亞科,600~800張,28,2,0.63,0.04
2026/04/24,2408,南亞科,800~1000張,20,4,0.59,0.13
2026/04/24,2408,南亞科,千張大戶,116,-7,75.33,-0.1
2026/04/24,2408,南亞科,零股散戶,160355,-3779,0.9,-0.02
2026/05/08,2408,南亞科,100~200張,307,-19,1.29,-0.06
2026/05/08,2408,南亞科,10~15張,2585,-406,0.96,-0.15
2026/05/08,2408,南亞科,15~20張,1744,-127,0.94,-0.07
2026/05/08,2408,南亞科,1~5張,132003,-13024,6.75,-0.85
2026/05/08,2408,南亞科,200~400張,175,0,1.4,0.01
2026/05/08,2408,南亞科,20~30張,1286,-128,0.96,-0.09
2026/05/08,2408,南亞科,30~40張,590,-44,0.61,-0.05
2026/05/08,2408,南亞科,400~600張,53,-7,0.73,-0.1
2026/05/08,2408,南亞科,40~50張,346,-42,0.46,-0.06
2026/05/08,2408,南亞科,50~100張,651,1,1.37,0.02
2026/05/08,2408,南亞科,5~10張,10054,-1479,2.3,-0.33
2026/05/08,2408,南亞科,600~800張,32,10,0.64,0.2
2026/05/08,2408,南亞科,800~1000張,21,-1,0.56,-0.02
2026/05/08,2408,南亞科,千張大戶,138,11,80.23,1.61
2026/05/08,2408,南亞科,零股散戶,155425,-3760,0.72,-0.06
2026/05/15,2408,南亞科,100~200張,317,10,1.33,0.04
2026/05/15,2408,南亞科,10~15張,2437,-148,0.9,-0.06
2026/05/15,2408,南亞科,15~20張,1648,-96,0.89,-0.05
2026/05/15,2408,南亞科,1~5張,117529,-14474,5.99,-0.76
2026/05/15,2408,南亞科,200~400張,191,16,1.52,0.12
2026/05/15,2408,南亞科,20~30張,1298,12,0.97,0.01
2026/05/15,2408,南亞科,30~40張,566,-24,0.59,-0.02
2026/05/15,2408,南亞科,400~600張,56,3,0.77,0.04
2026/05/15,2408,南亞科,40~50張,365,19,0.49,0.03
2026/05/15,2408,南亞科,50~100張,650,-1,1.34,-0.03
2026/05/15,2408,南亞科,5~10張,9149,-905,2.09,-0.21
2026/05/15,2408,南亞科,600~800張,31,-1,0.63,-0.01
2026/05/15,2408,南亞科,800~1000張,22,1,0.58,0.02
2026/05/15,2408,南亞科,千張大戶,144,6,81.16,0.93
2026/05/15,2408,南亞科,零股散戶,152149,-3276,0.67,-0.05
2026/05/22,2408,南亞科,100~200張,324,7,1.36,0.03
2026/05/22,2408,南亞科,10~15張,2872,435,1.07,0.17
2026/05/22,2408,南亞科,15~20張,1783,135,0.96,0.07
2026/05/22,2408,南亞科,1~5張,136632,19103,7.06,1.07
2026/05/22,2408,南亞科,200~400張,192,1,1.54,0.02
2026/05/22,2408,南亞科,20~30張,1406,108,1.04,0.07
2026/05/22,2408,南亞科,30~40張,634,68,0.66,0.07
2026/05/22,2408,南亞科,400~600張,59,3,0.8,0.03
2026/05/22,2408,南亞科,40~50張,388,23,0.52,0.03
2026/05/22,2408,南亞科,50~100張,692,42,1.45,0.11
2026/05/22,2408,南亞科,5~10張,10823,1674,2.45,0.36
2026/05/22,2408,南亞科,600~800張,29,-2,0.59,-0.04
2026/05/22,2408,南亞科,800~1000張,24,2,0.63,0.05
2026/05/22,2408,南亞科,千張大戶,141,-3,79.03,-2.13
2026/05/22,2408,南亞科,零股散戶,168962,16813,0.78,0.11
2026/05/29,2408,南亞科,100~200張,321,-3,1.35,-0.01
2026/05/29,2408,南亞科,10~15張,2655,-217,0.99,-0.08
2026/05/29,2408,南亞科,15~20張,1640,-143,0.88,-0.08
2026/05/29,2408,南亞科,1~5張,126649,-9983,6.44,-0.62
2026/05/29,2408,南亞科,200~400張,180,-12,1.44,-0.1
2026/05/29,2408,南亞科,20~30張,1358,-48,1.01,-0.03
2026/05/29,2408,南亞科,30~40張,599,-35,0.62,-0.04
2026/05/29,2408,南亞科,400~600張,62,3,0.86,0.06
2026/05/29,2408,南亞科,40~50張,379,-9,0.51,-0.01
2026/05/29,2408,南亞科,50~100張,657,-35,1.37,-0.08
2026/05/29,2408,南亞科,5~10張,9755,-1068,2.22,-0.23
2026/05/29,2408,南亞科,600~800張,30,1,0.61,0.02
2026/05/29,2408,南亞科,800~1000張,22,-2,0.58,-0.05
2026/05/29,2408,南亞科,千張大戶,141,0,80.3,1.27
2026/05/29,2408,南亞科,零股散戶,169460,498,0.75,-0.03
2026/06/05,2408,南亞科,100~200張,316,-5,1.32,-0.03
2026/06/05,2408,南亞科,10~15張,2454,-201,0.91,-0.08
2026/06/05,2408,南亞科,15~20張,1618,-22,0.87,-0.01
2026/06/05,2408,南亞科,1~5張,124437,-2212,6.23,-0.21
2026/06/05,2408,南亞科,200~400張,192,12,1.53,0.09
2026/06/05,2408,南亞科,20~30張,1265,-93,0.93,-0.08
2026/06/05,2408,南亞科,30~40張,557,-42,0.57,-0.05
2026/06/05,2408,南亞科,400~600張,60,-2,0.82,-0.04
2026/06/05,2408,南亞科,40~50張,371,-8,0.5,-0.01
2026/06/05,2408,南亞科,50~100張,664,7,1.38,0.01
2026/06/05,2408,南亞科,5~10張,9057,-698,2.06,-0.16
2026/06/05,2408,南亞科,600~800張,28,-2,0.57,-0.04
2026/06/05,2408,南亞科,800~1000張,24,2,0.64,0.06
2026/06/05,2408,南亞科,千張大戶,153,12,80.83,0.53
2026/06/05,2408,南亞科,零股散戶,177911,8451,0.76,0.01
2026/06/12,2408,南亞科,100~200張,324,8,1.35,0.03
2026/06/12,2408,南亞科,10~15張,2658,204,0.99,0.08
2026/06/12,2408,南亞科,15~20張,1632,14,0.87,0.0
2026/06/12,2408,南亞科,1~5張,134436,9999,6.81,0.58
2026/06/12,2408,南亞科,200~400張,187,-5,1.51,-0.02
2026/06/12,2408,南亞科,20~30張,1336,71,0.99,0.06
2026/06/12,2408,南亞科,30~40張,593,36,0.61,0.04
2026/06/12,2408,南亞科,400~600張,59,-1,0.8,-0.02
2026/06/12,2408,南亞科,40~50張,382,11,0.51,0.01
2026/06/12,2408,南亞科,50~100張,671,7,1.4,0.02
2026/06/12,2408,南亞科,5~10張,9838,781,2.23,0.17
2026/06/12,2408,南亞科,600~800張,33,5,0.67,0.1
2026/06/12,2408,南亞科,800~1000張,26,2,0.68,0.04
2026/06/12,2408,南亞科,千張大戶,150,-3,79.66,-1.17
2026/06/12,2408,南亞科,零股散戶,191730,13819,0.84,0.08
2026/06/26,2408,南亞科,100~200張,317,-11,1.34,-0.03
2026/06/26,2408,南亞科,10~15張,2241,-2,0.83,0.0
2026/06/26,2408,南亞科,15~20張,1427,-44,0.76,-0.03
2026/06/26,2408,南亞科,1~5張,118218,7930,5.9,0.35
2026/06/26,2408,南亞科,200~400張,191,7,1.53,0.06
2026/06/26,2408,南亞科,20~30張,1148,-39,0.84,-0.04
2026/06/26,2408,南亞科,30~40張,549,21,0.57,0.03
2026/06/26,2408,南亞科,400~600張,61,-2,0.85,-0.02
2026/06/26,2408,南亞科,40~50張,349,-13,0.47,-0.02
2026/06/26,2408,南亞科,50~100張,634,8,1.32,0.02
2026/06/26,2408,南亞科,5~10張,8446,238,1.92,0.05
2026/06/26,2408,南亞科,600~800張,35,5,0.71,0.1
2026/06/26,2408,南亞科,800~1000張,16,-7,0.41,-0.19
2026/06/26,2408,南亞科,千張大戶,157,-1,81.69,-0.35
2026/06/26,2408,南亞科,零股散戶,196754,23393,0.8,0.07
2026/07/03,2408,南亞科,100~200張,335,18,1.4,0.06
2026/07/03,2408,南亞科,10~15張,2439,198,0.9,0.07
2026/07/03,2408,南亞科,15~20張,1494,67,0.8,0.04
2026/07/03,2408,南亞科,1~5張,125349,7131,6.31,0.41
2026/07/03,2408,南亞科,200~400張,183,-8,1.46,-0.07
2026/07/03,2408,南亞科,20~30張,1192,44,0.88,0.04
2026/07/03,2408,南亞科,30~40張,549,0,0.56,-0.01
2026/07/03,2408,南亞科,400~600張,71,10,0.98,0.13
2026/07/03,2408,南亞科,40~50張,376,27,0.5,0.03
2026/07/03,2408,南亞科,50~100張,648,14,1.35,0.03
2026/07/03,2408,南亞科,5~10張,9029,583,2.04,0.12
2026/07/03,2408,南亞科,600~800張,31,-4,0.62,-0.09
2026/07/03,2408,南亞科,800~1000張,16,0,0.41,0.0
2026/07/03,2408,南亞科,千張大戶,152,-5,80.83,-0.86
2026/07/03,2408,南亞科,零股散戶,212985,16231,0.89,0.09
2026/07/17,2408,南亞科,100~200張,344,7,1.43,0.01
2026/07/17,2408,南亞科,10~15張,2498,-36,0.92,-0.02
2026/07/17,2408,南亞科,15~20張,1569,-12,0.84,0.0
2026/07/17,2408,南亞科,1~5張,128556,-1575,6.42,-0.14
2026/07/17,2408,南亞科,200~400張,204,23,1.65,0.18
2026/07/17,2408,南亞科,20~30張,1195,11,0.88,0.01
2026/07/17,2408,南亞科,30~40張,563,-23,0.58,-0.02
2026/07/17,2408,南亞科,400~600張,68,4,0.94,0.06
2026/07/17,2408,南亞科,40~50張,391,12,0.52,0.01
2026/07/17,2408,南亞科,50~100張,659,5,1.39,0.01
2026/07/17,2408,南亞科,5~10張,9168,-173,2.07,-0.04
2026/07/17,2408,南亞科,600~800張,37,2,0.73,0.02
2026/07/17,2408,南亞科,800~1000張,19,0,0.48,-0.01
2026/07/17,2408,南亞科,千張大戶,149,4,80.18,-0.06
2026/07/17,2408,南亞科,零股散戶,214958,-3645,0.89,-0.03
2026/07/24,2408,南亞科,100~200張,343,-1,1.42,-0.01
2026/07/24,2408,南亞科,10~15張,2580,82,0.95,0.03
2026/07/24,2408,南亞科,15~20張,1624,55,0.87,0.03
2026/07/24,2408,南亞科,1~5張,129852,1296,6.53,0.11
2026/07/24,2408,南亞科,200~400張,207,3,1.67,0.02
2026/07/24,2408,南亞科,20~30張,1227,32,0.9,0.02
2026/07/24,2408,南亞科,30~40張,557,-6,0.57,-0.01
2026/07/24,2408,南亞科,400~600張,70,2,0.98,0.04
2026/07/24,2408,南亞科,40~50張,403,12,0.54,0.02
2026/07/24,2408,南亞科,50~100張,697,38,1.47,0.08
2026/07/24,2408,南亞科,5~10張,9341,173,2.11,0.04
2026/07/24,2408,南亞科,600~800張,36,-1,0.71,-0.02
2026/07/24,2408,南亞科,800~1000張,26,7,0.68,0.2
2026/07/24,2408,南亞科,千張大戶,144,-5,79.61,-0.57
2026/07/24,2408,南亞科,零股散戶,216593,1635,0.9,0.01
2026/07/31,2408,南亞科,100~200張,352,9,1.46,0.04
2026/07/31,2408,南亞科,10~15張,2914,334,1.08,0.13
2026/07/31,2408,南亞科,15~20張,1722,98,0.92,0.05
2026/07/31,2408,南亞科,1~5張,138675,8823,7.07,0.54
2026/07/31,2408,南亞科,200~400張,214,7,1.73,0.06
2026/07/31,2408,南亞科,20~30張,1335,108,0.98,0.08
2026/07/31,2408,南亞科,30~40張,582,25,0.6,0.03
2026/07/31,2408,南亞科,400~600張,75,5,1.06,0.08
2026/07/31,2408,南亞科,40~50張,408,5,0.55,0.01
2026/07/31,2408,南亞科,50~100張,711,14,1.48,0.01
2026/07/31,2408,南亞科,5~10張,10384,1043,2.33,0.22
2026/07/31,2408,南亞科,600~800張,30,-6,0.6,-0.11
2026/07/31,2408,南亞科,800~1000張,22,-4,0.57,-0.11
2026/07/31,2408,南亞科,千張大戶,147,3,78.54,-1.07
2026/07/31,2408,南亞科,零股散戶,226427,9834,0.97,0.07
2026/04/24,2412,中華電,100~200張,946,-1,1.65,0.0
2026/04/24,2412,中華電,10~15張,8664,-63,1.4,-0.01
2026/04/24,2412,中華電,15~20張,5559,-34,1.29,-0.01
2026/04/24,2412,中華電,1~5張,156799,-977,4.15,-0.02
2026/04/24,2412,中華電,200~400張,343,-1,1.25,0.0
2026/04/24,2412,中華電,20~30張,6051,-14,1.96,0.0
2026/04/24,2412,中華電,30~40張,3880,-6,1.75,0.0
2026/04/24,2412,中華電,400~600張,129,-3,0.81,-0.02
2026/04/24,2412,中華電,40~50張,2191,-11,1.27,-0.01
2026/04/24,2412,中華電,50~100張,3821,-11,3.38,-0.01
2026/04/24,2412,中華電,5~10張,23769,-107,2.35,-0.01
2026/04/24,2412,中華電,600~800張,67,2,0.59,0.02
2026/04/24,2412,中華電,800~1000張,40,-2,0.46,-0.03
2026/04/24,2412,中華電,千張大戶,298,-3,77.31,0.1
2026/04/24,2412,中華電,零股散戶,89419,-427,0.3,0.0
2026/05/08,2412,中華電,100~200張,946,10,1.65,0.02
2026/05/08,2412,中華電,10~15張,8638,-1,1.4,0.0
2026/05/08,2412,中華電,15~20張,5549,-4,1.29,0.0
2026/05/08,2412,中華電,1~5張,156669,166,4.14,0.0
2026/05/08,2412,中華電,200~400張,343,2,1.24,0.0
2026/05/08,2412,中華電,20~30張,6058,18,1.96,0.01
2026/05/08,2412,中華電,30~40張,3881,9,1.75,0.01
2026/05/08,2412,中華電,400~600張,125,-4,0.78,-0.03
2026/05/08,2412,中華電,40~50張,2190,-4,1.27,0.0
2026/05/08,2412,中華電,50~100張,3813,-4,3.38,0.0
2026/05/08,2412,中華電,5~10張,23765,54,2.35,0.0
2026/05/08,2412,中華電,600~800張,63,-2,0.55,-0.02
2026/05/08,2412,中華電,800~1000張,42,0,0.49,0.0
2026/05/08,2412,中華電,千張大戶,303,4,77.38,0.0
2026/05/08,2412,中華電,零股散戶,88798,-281,0.3,0.0
2026/05/15,2412,中華電,100~200張,932,-14,1.63,-0.02
2026/05/15,2412,中華電,10~15張,8611,-27,1.39,-0.01
2026/05/15,2412,中華電,15~20張,5504,-45,1.28,-0.01
2026/05/15,2412,中華電,1~5張,155578,-1091,4.11,-0.03
2026/05/15,2412,中華電,200~400張,338,-5,1.22,-0.02
2026/05/15,2412,中華電,20~30張,6014,-44,1.94,-0.02
2026/05/15,2412,中華電,30~40張,3867,-14,1.74,-0.01
2026/05/15,2412,中華電,400~600張,126,1,0.79,0.01
2026/05/15,2412,中華電,40~50張,2167,-23,1.26,-0.01
2026/05/15,2412,中華電,50~100張,3788,-25,3.35,-0.03
2026/05/15,2412,中華電,5~10張,23565,-200,2.33,-0.02
2026/05/15,2412,中華電,600~800張,63,0,0.55,0.0
2026/05/15,2412,中華電,800~1000張,39,-3,0.45,-0.04
2026/05/15,2412,中華電,千張大戶,304,1,77.57,0.19
2026/05/15,2412,中華電,零股散戶,88493,-305,0.3,0.0
2026/05/22,2412,中華電,100~200張,923,-9,1.61,-0.02
2026/05/22,2412,中華電,10~15張,8506,-105,1.38,-0.01
2026/05/22,2412,中華電,15~20張,5455,-49,1.27,-0.01
2026/05/22,2412,中華電,1~5張,154309,-1269,4.07,-0.04
2026/05/22,2412,中華電,200~400張,338,0,1.22,0.0
2026/05/22,2412,中華電,20~30張,5935,-79,1.92,-0.02
2026/05/22,2412,中華電,30~40張,3802,-65,1.71,-0.03
2026/05/22,2412,中華電,400~600張,122,-4,0.76,-0.03
2026/05/22,2412,中華電,40~50張,2172,5,1.26,0.0
2026/05/22,2412,中華電,50~100張,3706,-82,3.28,-0.07
2026/05/22,2412,中華電,5~10張,23304,-261,2.31,-0.02
2026/05/22,2412,中華電,600~800張,62,-1,0.54,-0.01
2026/05/22,2412,中華電,800~1000張,40,1,0.46,0.01
2026/05/22,2412,中華電,千張大戶,302,-2,77.84,0.27
2026/05/22,2412,中華電,零股散戶,88344,-149,0.3,0.0
2026/05/29,2412,中華電,100~200張,939,16,1.64,0.03
2026/05/29,2412,中華電,10~15張,8578,72,1.39,0.01
2026/05/29,2412,中華電,15~20張,5476,21,1.27,0.0
2026/05/29,2412,中華電,1~5張,155435,1126,4.1,0.03
2026/05/29,2412,中華電,200~400張,336,-2,1.21,-0.01
2026/05/29,2412,中華電,20~30張,5981,46,1.93,0.01
2026/05/29,2412,中華電,30~40張,3820,18,1.72,0.01
2026/05/29,2412,中華電,400~600張,125,3,0.78,0.02
2026/05/29,2412,中華電,40~50張,2170,-2,1.26,0.0
2026/05/29,2412,中華電,50~100張,3737,31,3.3,0.02
2026/05/29,2412,中華電,5~10張,23500,196,2.33,0.02
2026/05/29,2412,中華電,600~800張,61,-1,0.54,0.0
2026/05/29,2412,中華電,800~1000張,41,1,0.47,0.01
2026/05/29,2412,中華電,千張大戶,302,0,77.69,-0.15
2026/05/29,2412,中華電,零股散戶,88177,-167,0.3,0.0
2026/06/05,2412,中華電,100~200張,920,-19,1.6,-0.04
2026/06/05,2412,中華電,10~15張,8458,-120,1.37,-0.02
2026/06/05,2412,中華電,15~20張,5374,-102,1.25,-0.02
2026/06/05,2412,中華電,1~5張,153680,-1755,4.05,-0.05
2026/06/05,2412,中華電,200~400張,338,2,1.22,0.01
2026/06/05,2412,中華電,20~30張,5915,-66,1.91,-0.02
2026/06/05,2412,中華電,30~40張,3777,-43,1.7,-0.02
2026/06/05,2412,中華電,400~600張,118,-7,0.74,-0.04
2026/06/05,2412,中華電,40~50張,2153,-17,1.25,-0.01
2026/06/05,2412,中華電,50~100張,3684,-53,3.26,-0.04
2026/06/05,2412,中華電,5~10張,23223,-277,2.3,-0.03
2026/06/05,2412,中華電,600~800張,60,-1,0.52,-0.02
2026/06/05,2412,中華電,800~1000張,45,4,0.52,0.05
2026/06/05,2412,中華電,千張大戶,297,-5,77.94,0.25
2026/06/05,2412,中華電,零股散戶,87661,-516,0.29,-0.01
2026/06/12,2412,中華電,100~200張,903,-17,1.57,-0.03
2026/06/12,2412,中華電,10~15張,8390,-68,1.36,-0.01
2026/06/12,2412,中華電,15~20張,5351,-23,1.24,-0.01
2026/06/12,2412,中華電,1~5張,152850,-830,4.03,-0.02
2026/06/12,2412,中華電,200~400張,329,-9,1.19,-0.03
2026/06/12,2412,中華電,20~30張,5905,-10,1.91,0.0
2026/06/12,2412,中華電,30~40張,3724,-53,1.67,-0.03
2026/06/12,2412,中華電,400~600張,121,3,0.76,0.02
2026/06/12,2412,中華電,40~50張,2135,-18,1.24,-0.01
2026/06/12,2412,中華電,50~100張,3654,-30,3.23,-0.03
2026/06/12,2412,中華電,5~10張,23000,-223,2.28,-0.02
2026/06/12,2412,中華電,600~800張,57,-3,0.5,-0.02
2026/06/12,2412,中華電,800~1000張,48,3,0.55,0.03
2026/06/12,2412,中華電,千張大戶,299,2,78.1,0.16
2026/06/12,2412,中華電,零股散戶,87851,190,0.29,0.0
2026/06/26,2412,中華電,100~200張,893,-3,1.56,-0.01
2026/06/26,2412,中華電,10~15張,8383,12,1.36,0.01
2026/06/26,2412,中華電,15~20張,5376,21,1.25,0.01
2026/06/26,2412,中華電,1~5張,152865,349,4.03,0.01
2026/06/26,2412,中華電,200~400張,328,0,1.18,-0.01
2026/06/26,2412,中華電,20~30張,5869,-6,1.9,0.0
2026/06/26,2412,中華電,30~40張,3718,11,1.67,0.0
2026/06/26,2412,中華電,400~600張,114,-4,0.71,-0.03
2026/06/26,2412,中華電,40~50張,2118,-6,1.23,0.0
2026/06/26,2412,中華電,50~100張,3667,17,3.24,0.01
2026/06/26,2412,中華電,5~10張,22981,3,2.28,0.0
2026/06/26,2412,中華電,600~800張,59,-2,0.52,-0.02
2026/06/26,2412,中華電,800~1000張,48,2,0.56,0.03
2026/06/26,2412,中華電,千張大戶,296,-4,78.15,0.0
2026/06/26,2412,中華電,零股散戶,87740,-44,0.29,0.0
2026/07/03,2412,中華電,100~200張,902,9,1.57,0.01
2026/07/03,2412,中華電,10~15張,8436,53,1.36,0.0
2026/07/03,2412,中華電,15~20張,5432,56,1.26,0.01
2026/07/03,2412,中華電,1~5張,154547,1682,4.07,0.04
2026/07/03,2412,中華電,200~400張,322,-6,1.15,-0.03
2026/07/03,2412,中華電,20~30張,5895,26,1.91,0.01
2026/07/03,2412,中華電,30~40張,3735,17,1.68,0.01
2026/07/03,2412,中華電,400~600張,121,7,0.76,0.05
2026/07/03,2412,中華電,40~50張,2121,3,1.23,0.0
2026/07/03,2412,中華電,50~100張,3683,16,3.25,0.01
2026/07/03,2412,中華電,5~10張,23185,204,2.3,0.02
2026/07/03,2412,中華電,600~800張,51,-8,0.45,-0.07
2026/07/03,2412,中華電,800~1000張,52,4,0.61,0.05
2026/07/03,2412,中華電,千張大戶,293,-3,78.03,-0.12
2026/07/03,2412,中華電,零股散戶,87999,259,0.29,0.0
2026/07/17,2412,中華電,100~200張,945,43,1.65,0.08
2026/07/17,2412,中華電,10~15張,8756,252,1.42,0.04
2026/07/17,2412,中華電,15~20張,5580,112,1.29,0.02
2026/07/17,2412,中華電,1~5張,160867,4199,4.25,0.12
2026/07/17,2412,中華電,200~400張,337,13,1.21,0.05
2026/07/17,2412,中華電,20~30張,6074,126,1.96,0.04
2026/07/17,2412,中華電,30~40張,3817,54,1.72,0.03
2026/07/17,2412,中華電,400~600張,126,4,0.79,0.02
2026/07/17,2412,中華電,40~50張,2188,41,1.27,0.02
2026/07/17,2412,中華電,50~100張,3812,98,3.37,0.09
2026/07/17,2412,中華電,5~10張,24181,695,2.4,0.07
2026/07/17,2412,中華電,600~800張,46,-4,0.41,-0.03
2026/07/17,2412,中華電,800~1000張,47,0,0.56,0.0
2026/07/17,2412,中華電,千張大戶,292,-2,77.33,-0.56
2026/07/17,2412,中華電,零股散戶,89468,1132,0.3,0.01
2026/07/24,2412,中華電,100~200張,930,-15,1.62,-0.03
2026/07/24,2412,中華電,10~15張,8667,-89,1.4,-0.02
2026/07/24,2412,中華電,15~20張,5520,-60,1.28,-0.01
2026/07/24,2412,中華電,1~5張,159216,-1651,4.2,-0.05
2026/07/24,2412,中華電,200~400張,338,1,1.22,0.01
2026/07/24,2412,中華電,20~30張,6027,-47,1.95,-0.01
2026/07/24,2412,中華電,30~40張,3823,6,1.72,0.0
2026/07/24,2412,中華電,400~600張,125,-1,0.78,-0.01
2026/07/24,2412,中華電,40~50張,2261,73,1.31,0.04
2026/07/24,2412,中華電,50~100張,3864,52,3.41,0.04
2026/07/24,2412,中華電,5~10張,23898,-283,2.37,-0.03
2026/07/24,2412,中華電,600~800張,47,1,0.42,0.01
2026/07/24,2412,中華電,800~1000張,46,-1,0.54,-0.02
2026/07/24,2412,中華電,千張大戶,292,0,77.4,0.07
2026/07/24,2412,中華電,零股散戶,89945,477,0.3,0.0
2026/07/31,2412,中華電,100~200張,922,-8,1.61,-0.01
2026/07/31,2412,中華電,10~15張,8562,-105,1.39,-0.01
2026/07/31,2412,中華電,15~20張,5420,-100,1.26,-0.02
2026/07/31,2412,中華電,1~5張,157135,-2081,4.14,-0.06
2026/07/31,2412,中華電,200~400張,332,-6,1.19,-0.03
2026/07/31,2412,中華電,20~30張,5936,-91,1.92,-0.03
2026/07/31,2412,中華電,30~40張,3786,-37,1.71,-0.01
2026/07/31,2412,中華電,400~600張,125,0,0.78,0.0
2026/07/31,2412,中華電,40~50張,2217,-44,1.29,-0.02
2026/07/31,2412,中華電,50~100張,3815,-49,3.37,-0.04
2026/07/31,2412,中華電,5~10張,23619,-279,2.34,-0.03
2026/07/31,2412,中華電,600~800張,49,2,0.43,0.01
2026/07/31,2412,中華電,800~1000張,47,1,0.55,0.01
2026/07/31,2412,中華電,千張大戶,294,2,77.65,0.25
2026/07/31,2412,中華電,零股散戶,89873,-72,0.3,0.0
2026/04/24,2449,京元電子,100~200張,238,-2,2.77,0.0
2026/04/24,2449,京元電子,10~15張,1648,72,1.7,0.08
2026/04/24,2449,京元電子,15~20張,951,74,1.42,0.11
2026/04/24,2449,京元電子,1~5張,76400,5814,11.07,0.85
2026/04/24,2449,京元電子,200~400張,164,-3,3.73,-0.01
2026/04/24,2449,京元電子,20~30張,729,35,1.5,0.08
2026/04/24,2449,京元電子,30~40張,345,16,1.0,0.05
2026/04/24,2449,京元電子,400~600張,80,-2,3.13,-0.08
2026/04/24,2449,京元電子,40~50張,219,3,0.82,0.01
2026/04/24,2449,京元電子,50~100張,397,3,2.32,0.0
2026/04/24,2449,京元電子,5~10張,6006,460,3.78,0.29
2026/04/24,2449,京元電子,600~800張,43,-5,2.41,-0.32
2026/04/24,2449,京元電子,800~1000張,24,-1,1.76,-0.09
2026/04/24,2449,京元電子,千張大戶,143,-3,61.37,-1.06
2026/04/24,2449,京元電子,零股散戶,92526,5533,1.14,0.11
2026/05/08,2449,京元電子,100~200張,246,7,2.85,0.08
2026/05/08,2449,京元電子,10~15張,1538,-127,1.59,-0.13
2026/05/08,2449,京元電子,15~20張,871,-106,1.3,-0.16
2026/05/08,2449,京元電子,1~5張,74542,-3647,10.53,-0.79
2026/05/08,2449,京元電子,200~400張,173,9,4.01,0.27
2026/05/08,2449,京元電子,20~30張,665,-67,1.37,-0.14
2026/05/08,2449,京元電子,30~40張,328,-23,0.94,-0.08
2026/05/08,2449,京元電子,400~600張,76,-5,2.98,-0.24
2026/05/08,2449,京元電子,40~50張,206,-8,0.77,-0.03
2026/05/08,2449,京元電子,50~100張,385,-20,2.22,-0.15
2026/05/08,2449,京元電子,5~10張,5519,-529,3.48,-0.32
2026/05/08,2449,京元電子,600~800張,44,0,2.52,0.04
2026/05/08,2449,京元電子,800~1000張,23,0,1.7,-0.01
2026/05/08,2449,京元電子,千張大戶,154,13,62.5,1.66
2026/05/08,2449,京元電子,零股散戶,100561,6531,1.16,0.0
2026/05/15,2449,京元電子,100~200張,242,-4,2.86,0.01
2026/05/15,2449,京元電子,10~15張,1767,229,1.83,0.24
2026/05/15,2449,京元電子,15~20張,1024,153,1.54,0.24
2026/05/15,2449,京元電子,1~5張,98862,24320,13.92,3.39
2026/05/15,2449,京元電子,200~400張,171,-2,3.88,-0.13
2026/05/15,2449,京元電子,20~30張,784,119,1.63,0.26
2026/05/15,2449,京元電子,30~40張,363,35,1.05,0.11
2026/05/15,2449,京元電子,400~600張,71,-5,2.81,-0.17
2026/05/15,2449,京元電子,40~50張,236,30,0.88,0.11
2026/05/15,2449,京元電子,50~100張,414,29,2.41,0.19
2026/05/15,2449,京元電子,5~10張,6805,1286,4.31,0.83
2026/05/15,2449,京元電子,600~800張,36,-8,2.06,-0.46
2026/05/15,2449,京元電子,800~1000張,31,8,2.29,0.59
2026/05/15,2449,京元電子,千張大戶,136,-18,56.9,-5.6
2026/05/15,2449,京元電子,零股散戶,124875,24314,1.57,0.41
2026/05/22,2449,京元電子,100~200張,247,5,2.87,0.01
2026/05/22,2449,京元電子,10~15張,1850,83,1.91,0.08
2026/05/22,2449,京元電子,15~20張,1052,28,1.58,0.04
2026/05/22,2449,京元電子,1~5張,103684,4822,14.77,0.85
2026/05/22,2449,京元電子,200~400張,172,1,3.94,0.06
2026/05/22,2449,京元電子,20~30張,836,52,1.73,0.1
2026/05/22,2449,京元電子,30~40張,379,16,1.09,0.04
2026/05/22,2449,京元電子,400~600張,65,-6,2.57,-0.24
2026/05/22,2449,京元電子,40~50張,246,10,0.92,0.04
2026/05/22,2449,京元電子,50~100張,410,-4,2.4,-0.01
2026/05/22,2449,京元電子,5~10張,7278,473,4.59,0.28
2026/05/22,2449,京元電子,600~800張,38,2,2.15,0.09
2026/05/22,2449,京元電子,800~1000張,22,-9,1.65,-0.64
2026/05/22,2449,京元電子,千張大戶,136,0,56.07,-0.83
2026/05/22,2449,京元電子,零股散戶,128838,3963,1.68,0.11
2026/05/29,2449,京元電子,100~200張,247,0,2.86,-0.01
2026/05/29,2449,京元電子,10~15張,1711,-139,1.77,-0.14
2026/05/29,2449,京元電子,15~20張,1015,-37,1.52,-0.06
2026/05/29,2449,京元電子,1~5張,95490,-8194,13.54,-1.23
2026/05/29,2449,京元電子,200~400張,169,-3,3.9,-0.04
2026/05/29,2449,京元電子,20~30張,777,-59,1.61,-0.12
2026/05/29,2449,京元電子,30~40張,364,-15,1.05,-0.04
2026/05/29,2449,京元電子,400~600張,64,-1,2.54,-0.03
2026/05/29,2449,京元電子,40~50張,226,-20,0.85,-0.07
2026/05/29,2449,京元電子,50~100張,402,-8,2.33,-0.07
2026/05/29,2449,京元電子,5~10張,6658,-620,4.2,-0.39
2026/05/29,2449,京元電子,600~800張,41,3,2.29,0.14
2026/05/29,2449,京元電子,800~1000張,23,1,1.7,0.05
2026/05/29,2449,京元電子,千張大戶,143,7,58.19,2.12
2026/05/29,2449,京元電子,零股散戶,126352,-2486,1.58,-0.1
2026/06/05,2449,京元電子,100~200張,264,17,3.03,0.17
2026/06/05,2449,京元電子,10~15張,1749,38,1.81,0.04
2026/06/05,2449,京元電子,15~20張,1015,0,1.52,0.0
2026/06/05,2449,京元電子,1~5張,94173,-1317,13.35,-0.19
2026/06/05,2449,京元電子,200~400張,160,-9,3.72,-0.18
2026/06/05,2449,京元電子,20~30張,795,18,1.64,0.03
2026/06/05,2449,京元電子,30~40張,363,-1,1.05,0.0
2026/06/05,2449,京元電子,400~600張,68,4,2.75,0.21
2026/06/05,2449,京元電子,40~50張,238,12,0.9,0.05
2026/06/05,2449,京元電子,50~100張,393,-9,2.29,-0.04
2026/06/05,2449,京元電子,5~10張,6728,70,4.24,0.04
2026/06/05,2449,京元電子,600~800張,39,-2,2.21,-0.08
2026/06/05,2449,京元電子,800~1000張,23,0,1.72,0.02
2026/06/05,2449,京元電子,千張大戶,143,0,58.13,-0.06
2026/06/05,2449,京元電子,零股散戶,125638,-714,1.57,-0.01
2026/06/12,2449,京元電子,100~200張,258,-6,2.95,-0.08
2026/06/12,2449,京元電子,10~15張,1938,189,2.01,0.2
2026/06/12,2449,京元電子,15~20張,1112,97,1.66,0.14
2026/06/12,2449,京元電子,1~5張,103735,9562,14.94,1.59
2026/06/12,2449,京元電子,200~400張,162,2,3.78,0.06
2026/06/12,2449,京元電子,20~30張,860,65,1.78,0.14
2026/06/12,2449,京元電子,30~40張,390,27,1.13,0.08
2026/06/12,2449,京元電子,400~600張,67,-1,2.68,-0.07
2026/06/12,2449,京元電子,40~50張,253,15,0.95,0.05
2026/06/12,2449,京元電子,50~100張,411,18,2.39,0.1
2026/06/12,2449,京元電子,5~10張,7580,852,4.76,0.52
2026/06/12,2449,京元電子,600~800張,37,-2,2.09,-0.12
2026/06/12,2449,京元電子,800~1000張,17,-6,1.27,-0.45
2026/06/12,2449,京元電子,千張大戶,143,0,55.78,-2.35
2026/06/12,2449,京元電子,零股散戶,133907,8269,1.76,0.19
2026/06/26,2449,京元電子,100~200張,247,-10,2.85,-0.08
2026/06/26,2449,京元電子,10~15張,1692,-289,1.75,-0.3
2026/06/26,2449,京元電子,15~20張,959,-161,1.44,-0.24
2026/06/26,2449,京元電子,1~5張,88240,-17819,12.52,-2.8
2026/06/26,2449,京元電子,200~400張,158,-4,3.6,-0.18
2026/06/26,2449,京元電子,20~30張,773,-124,1.6,-0.25
2026/06/26,2449,京元電子,30~40張,339,-61,0.98,-0.18
2026/06/26,2449,京元電子,400~600張,69,3,2.75,0.1
2026/06/26,2449,京元電子,40~50張,232,-31,0.87,-0.12
2026/06/26,2449,京元電子,50~100張,377,-44,2.2,-0.28
2026/06/26,2449,京元電子,5~10張,6374,-1380,4.02,-0.85
2026/06/26,2449,京元電子,600~800張,35,-3,2.01,-0.15
2026/06/26,2449,京元電子,800~1000張,23,8,1.7,0.57
2026/06/26,2449,京元電子,千張大戶,150,7,60.13,5.08
2026/06/26,2449,京元電子,零股散戶,120950,-14710,1.5,-0.31
2026/07/03,2449,京元電子,100~200張,234,-13,2.7,-0.15
2026/07/03,2449,京元電子,10~15張,1579,-113,1.63,-0.12
2026/07/03,2449,京元電子,15~20張,902,-57,1.35,-0.09
2026/07/03,2449,京元電子,1~5張,80894,-7346,11.49,-1.03
2026/07/03,2449,京元電子,200~400張,166,8,3.85,0.25
2026/07/03,2449,京元電子,20~30張,738,-35,1.53,-0.07
2026/07/03,2449,京元電子,30~40張,334,-5,0.97,-0.01
2026/07/03,2449,京元電子,400~600張,72,3,2.91,0.16
2026/07/03,2449,京元電子,40~50張,219,-13,0.82,-0.05
2026/07/03,2449,京元電子,50~100張,368,-9,2.15,-0.05
2026/07/03,2449,京元電子,5~10張,5930,-444,3.75,-0.27
2026/07/03,2449,京元電子,600~800張,36,1,2.09,0.08
2026/07/03,2449,京元電子,800~1000張,19,-4,1.42,-0.28
2026/07/03,2449,京元電子,千張大戶,151,1,61.9,1.77
2026/07/03,2449,京元電子,零股散戶,114157,-6793,1.37,-0.13
2026/07/17,2449,京元電子,100~200張,246,4,2.86,0.07
2026/07/17,2449,京元電子,10~15張,1689,17,1.75,0.02
2026/07/17,2449,京元電子,15~20張,971,23,1.46,0.04
2026/07/17,2449,京元電子,1~5張,87451,1297,12.45,0.21
2026/07/17,2449,京元電子,200~400張,156,0,3.65,0.01
2026/07/17,2449,京元電子,20~30張,736,-1,1.51,-0.01
2026/07/17,2449,京元電子,30~40張,364,1,1.05,0.0
2026/07/17,2449,京元電子,400~600張,69,1,2.77,0.04
2026/07/17,2449,京元電子,40~50張,228,2,0.86,0.01
2026/07/17,2449,京元電子,50~100張,389,4,2.26,0.0
2026/07/17,2449,京元電子,5~10張,6422,147,4.04,0.08
2026/07/17,2449,京元電子,600~800張,35,-1,2.0,-0.07
2026/07/17,2449,京元電子,800~1000張,23,-1,1.69,-0.06
2026/07/17,2449,京元電子,千張大戶,154,5,60.09,-0.38
2026/07/17,2449,京元電子,零股散戶,121684,2146,1.48,0.04
2026/07/24,2449,京元電子,100~200張,251,5,2.93,0.07
2026/07/24,2449,京元電子,10~15張,1859,170,1.92,0.17
2026/07/24,2449,京元電子,15~20張,1045,74,1.57,0.11
2026/07/24,2449,京元電子,1~5張,94386,6935,13.54,1.09
2026/07/24,2449,京元電子,200~400張,157,1,3.7,0.05
2026/07/24,2449,京元電子,20~30張,805,69,1.65,0.14
2026/07/24,2449,京元電子,30~40張,384,20,1.11,0.06
2026/07/24,2449,京元電子,400~600張,63,-6,2.53,-0.24
2026/07/24,2449,京元電子,40~50張,250,22,0.94,0.08
2026/07/24,2449,京元電子,50~100張,404,15,2.37,0.11
2026/07/24,2449,京元電子,5~10張,6984,562,4.38,0.34
2026/07/24,2449,京元電子,600~800張,38,3,2.17,0.17
2026/07/24,2449,京元電子,800~1000張,23,0,1.71,0.02
2026/07/24,2449,京元電子,千張大戶,148,-6,57.8,-2.29
2026/07/24,2449,京元電子,零股散戶,126899,5215,1.59,0.11
2026/07/31,2449,京元電子,100~200張,243,-8,2.84,-0.09
2026/07/31,2449,京元電子,10~15張,2074,215,2.14,0.22
2026/07/31,2449,京元電子,15~20張,1138,93,1.69,0.12
2026/07/31,2449,京元電子,1~5張,98395,4009,14.41,0.87
2026/07/31,2449,京元電子,200~400張,153,-4,3.55,-0.15
2026/07/31,2449,京元電子,20~30張,897,92,1.85,0.2
2026/07/31,2449,京元電子,30~40張,412,28,1.19,0.08
2026/07/31,2449,京元電子,400~600張,67,4,2.7,0.17
2026/07/31,2449,京元電子,40~50張,251,1,0.94,0.0
2026/07/31,2449,京元電子,50~100張,431,27,2.51,0.14
2026/07/31,2449,京元電子,5~10張,7648,664,4.76,0.38
2026/07/31,2449,京元電子,600~800張,38,0,2.18,0.01
2026/07/31,2449,京元電子,800~1000張,26,3,1.96,0.25
2026/07/31,2449,京元電子,千張大戶,142,-6,55.5,-2.3
2026/07/31,2449,京元電子,零股散戶,129687,2788,1.7,0.11
2026/04/24,2454,聯發科,100~200張,479,-12,4.28,-0.1
2026/04/24,2454,聯發科,10~15張,937,-52,0.73,-0.04
2026/04/24,2454,聯發科,15~20張,501,-52,0.55,-0.06
2026/04/24,2454,聯發科,1~5張,38037,-4130,3.96,-0.45
2026/04/24,2454,聯發科,200~400張,331,11,5.8,0.2
2026/04/24,2454,聯發科,20~30張,509,-13,0.78,-0.02
2026/04/24,2454,聯發科,30~40張,307,4,0.67,0.01
2026/04/24,2454,聯發科,400~600張,134,-6,4.09,-0.17
2026/04/24,2454,聯發科,40~50張,217,-3,0.61,0.0
2026/04/24,2454,聯發科,50~100張,622,10,2.78,0.05
2026/04/24,2454,聯發科,5~10張,2674,-244,1.22,-0.11
2026/04/24,2454,聯發科,600~800張,73,3,3.15,0.1
2026/04/24,2454,聯發科,800~1000張,51,2,2.84,0.11
2026/04/24,2454,聯發科,千張大戶,234,1,67.03,0.65
2026/04/24,2454,聯發科,零股散戶,242908,-9737,1.44,-0.16
2026/05/08,2454,聯發科,100~200張,469,0,4.22,0.01
2026/05/08,2454,聯發科,10~15張,920,18,0.71,0.01
2026/05/08,2454,聯發科,15~20張,514,-1,0.57,0.0
2026/05/08,2454,聯發科,1~5張,36195,-454,3.76,-0.05
2026/05/08,2454,聯發科,200~400張,344,8,6.09,0.18
2026/05/08,2454,聯發科,20~30張,532,30,0.82,0.05
2026/05/08,2454,聯發科,30~40張,300,0,0.65,0.0
2026/05/08,2454,聯發科,400~600張,138,-1,4.21,-0.04
2026/05/08,2454,聯發科,40~50張,223,-2,0.62,-0.01
2026/05/08,2454,聯發科,50~100張,674,27,3.04,0.12
2026/05/08,2454,聯發科,5~10張,2572,-49,1.17,-0.02
2026/05/08,2454,聯發科,600~800張,65,-5,2.81,-0.22
2026/05/08,2454,聯發科,800~1000張,46,-2,2.55,-0.13
2026/05/08,2454,聯發科,千張大戶,238,0,67.25,0.05
2026/05/08,2454,聯發科,零股散戶,289402,39032,1.44,0.03
2026/05/15,2454,聯發科,100~200張,473,4,4.26,0.04
2026/05/15,2454,聯發科,10~15張,922,2,0.72,0.01
2026/05/15,2454,聯發科,15~20張,534,20,0.59,0.02
2026/05/15,2454,聯發科,1~5張,37197,1002,3.87,0.11
2026/05/15,2454,聯發科,200~400張,335,-9,5.93,-0.16
2026/05/15,2454,聯發科,20~30張,542,10,0.84,0.02
2026/05/15,2454,聯發科,30~40張,300,0,0.65,0.0
2026/05/15,2454,聯發科,400~600張,142,4,4.36,0.15
2026/05/15,2454,聯發科,40~50張,231,8,0.64,0.02
2026/05/15,2454,聯發科,50~100張,681,7,3.06,0.02
2026/05/15,2454,聯發科,5~10張,2639,67,1.2,0.03
2026/05/15,2454,聯發科,600~800張,58,-7,2.52,-0.29
2026/05/15,2454,聯發科,800~1000張,44,-2,2.46,-0.09
2026/05/15,2454,聯發科,千張大戶,237,-1,67.27,0.02
2026/05/15,2454,聯發科,零股散戶,328022,38620,1.56,0.12
2026/05/22,2454,聯發科,100~200張,471,-2,4.22,-0.04
2026/05/22,2454,聯發科,10~15張,933,11,0.73,0.01
2026/05/22,2454,聯發科,15~20張,527,-7,0.58,-0.01
2026/05/22,2454,聯發科,1~5張,37788,591,3.93,0.06
2026/05/22,2454,聯發科,200~400張,340,5,6.0,0.07
2026/05/22,2454,聯發科,20~30張,550,8,0.85,0.01
2026/05/22,2454,聯發科,30~40張,300,0,0.65,0.0
2026/05/22,2454,聯發科,400~600張,139,-3,4.26,-0.1
2026/05/22,2454,聯發科,40~50張,243,12,0.68,0.04
2026/05/22,2454,聯發科,50~100張,685,4,3.07,0.01
2026/05/22,2454,聯發科,5~10張,2692,53,1.23,0.03
2026/05/22,2454,聯發科,600~800張,64,6,2.78,0.26
2026/05/22,2454,聯發科,800~1000張,45,1,2.54,0.08
2026/05/22,2454,聯發科,千張大戶,235,-2,66.81,-0.46
2026/05/22,2454,聯發科,零股散戶,338926,10904,1.61,0.05
2026/05/29,2454,聯發科,100~200張,482,11,4.33,0.11
2026/05/29,2454,聯發科,10~15張,940,7,0.73,0.0
2026/05/29,2454,聯發科,15~20張,527,0,0.58,0.0
2026/05/29,2454,聯發科,1~5張,37682,-106,3.91,-0.02
2026/05/29,2454,聯發科,200~400張,331,-9,5.81,-0.19
2026/05/29,2454,聯發科,20~30張,540,-10,0.83,-0.02
2026/05/29,2454,聯發科,30~40張,311,11,0.68,0.03
2026/05/29,2454,聯發科,400~600張,149,10,4.53,0.27
2026/05/29,2454,聯發科,40~50張,253,10,0.71,0.03
2026/05/29,2454,聯發科,50~100張,679,-6,3.07,0.0
2026/05/29,2454,聯發科,5~10張,2639,-53,1.2,-0.03
2026/05/29,2454,聯發科,600~800張,66,2,2.87,0.09
2026/05/29,2454,聯發科,800~1000張,45,0,2.53,-0.01
2026/05/29,2454,聯發科,千張大戶,233,-2,66.52,-0.29
2026/05/29,2454,聯發科,零股散戶,376594,37668,1.65,0.04
2026/06/05,2454,聯發科,100~200張,497,15,4.41,0.08
2026/06/05,2454,聯發科,10~15張,961,21,0.75,0.02
2026/06/05,2454,聯發科,15~20張,533,6,0.59,0.01
2026/06/05,2454,聯發科,1~5張,38717,1035,3.99,0.08
2026/06/05,2454,聯發科,200~400張,341,10,5.97,0.16
2026/06/05,2454,聯發科,20~30張,556,16,0.85,0.02
2026/06/05,2454,聯發科,30~40張,327,16,0.71,0.03
2026/06/05,2454,聯發科,400~600張,148,-1,4.53,0.0
2026/06/05,2454,聯發科,40~50張,240,-13,0.67,-0.04
2026/06/05,2454,聯發科,50~100張,679,0,3.04,-0.03
2026/06/05,2454,聯發科,5~10張,2686,47,1.23,0.03
2026/06/05,2454,聯發科,600~800張,59,-7,2.57,-0.3
2026/06/05,2454,聯發科,800~1000張,47,2,2.6,0.07
2026/06/05,2454,聯發科,千張大戶,235,2,66.28,-0.24
2026/06/05,2454,聯發科,零股散戶,417526,40932,1.74,0.09
2026/06/12,2454,聯發科,100~200張,504,7,4.5,0.09
2026/06/12,2454,聯發科,10~15張,956,-5,0.74,-0.01
2026/06/12,2454,聯發科,15~20張,549,16,0.61,0.02
2026/06/12,2454,聯發科,1~5張,39803,1086,4.12,0.13
2026/06/12,2454,聯發科,200~400張,344,3,6.04,0.07
2026/06/12,2454,聯發科,20~30張,577,21,0.89,0.04
2026/06/12,2454,聯發科,30~40張,320,-7,0.7,-0.01
2026/06/12,2454,聯發科,400~600張,139,-9,4.23,-0.3
2026/06/12,2454,聯發科,40~50張,245,5,0.69,0.02
2026/06/12,2454,聯發科,50~100張,687,8,3.07,0.03
2026/06/12,2454,聯發科,5~10張,2752,66,1.26,0.03
2026/06/12,2454,聯發科,600~800張,67,8,2.89,0.32
2026/06/12,2454,聯發科,800~1000張,47,0,2.58,-0.02
2026/06/12,2454,聯發科,千張大戶,233,-2,65.71,-0.57
2026/06/12,2454,聯發科,零股散戶,465291,47765,1.9,0.16
2026/06/26,2454,聯發科,100~200張,503,-2,4.5,-0.03
2026/06/26,2454,聯發科,10~15張,961,2,0.75,0.0
2026/06/26,2454,聯發科,15~20張,547,2,0.6,0.0
2026/06/26,2454,聯發科,1~5張,40075,1048,4.14,0.11
2026/06/26,2454,聯發科,200~400張,340,0,5.91,-0.06
2026/06/26,2454,聯發科,20~30張,598,18,0.92,0.03
2026/06/26,2454,聯發科,30~40張,335,-2,0.73,0.0
2026/06/26,2454,聯發科,400~600張,147,10,4.48,0.31
2026/06/26,2454,聯發科,40~50張,254,19,0.71,0.05
2026/06/26,2454,聯發科,50~100張,694,-9,3.12,-0.03
2026/06/26,2454,聯發科,5~10張,2772,27,1.26,0.01
2026/06/26,2454,聯發科,600~800張,64,-5,2.78,-0.18
2026/06/26,2454,聯發科,800~1000張,51,1,2.83,0.05
2026/06/26,2454,聯發科,千張大戶,227,-3,65.29,-0.33
2026/06/26,2454,聯發科,零股散戶,465375,19065,1.91,0.08
2026/07/03,2454,聯發科,100~200張,511,8,4.57,0.07
2026/07/03,2454,聯發科,10~15張,979,18,0.76,0.01
2026/07/03,2454,聯發科,15~20張,559,12,0.62,0.02
2026/07/03,2454,聯發科,1~5張,42104,2029,4.35,0.21
2026/07/03,2454,聯發科,200~400張,335,-5,5.79,-0.12
2026/07/03,2454,聯發科,20~30張,620,22,0.95,0.03
2026/07/03,2454,聯發科,30~40張,345,10,0.75,0.02
2026/07/03,2454,聯發科,400~600張,143,-4,4.34,-0.14
2026/07/03,2454,聯發科,40~50張,246,-8,0.69,-0.02
2026/07/03,2454,聯發科,50~100張,688,-6,3.07,-0.05
2026/07/03,2454,聯發科,5~10張,2867,95,1.31,0.05
2026/07/03,2454,聯發科,600~800張,67,3,2.91,0.13
2026/07/03,2454,聯發科,800~1000張,50,-1,2.78,-0.05
2026/07/03,2454,聯發科,千張大戶,225,-2,64.93,-0.36
2026/07/03,2454,聯發科,零股散戶,523165,57790,2.11,0.2
2026/07/17,2454,聯發科,100~200張,513,5,4.6,0.04
2026/07/17,2454,聯發科,10~15張,1008,30,0.78,0.02
2026/07/17,2454,聯發科,15~20張,562,6,0.62,0.01
2026/07/17,2454,聯發科,1~5張,43991,581,4.57,0.08
2026/07/17,2454,聯發科,200~400張,323,-6,5.58,-0.14
2026/07/17,2454,聯發科,20~30張,631,11,0.97,0.02
2026/07/17,2454,聯發科,30~40張,350,-1,0.76,-0.01
2026/07/17,2454,聯發科,400~600張,142,4,4.29,0.11
2026/07/17,2454,聯發科,40~50張,230,-4,0.64,-0.02
2026/07/17,2454,聯發科,50~100張,698,-4,3.09,-0.03
2026/07/17,2454,聯發科,5~10張,2937,17,1.34,0.01
2026/07/17,2454,聯發科,600~800張,69,-2,3.02,-0.05
2026/07/17,2454,聯發科,800~1000張,53,2,2.95,0.1
2026/07/17,2454,聯發科,千張大戶,221,-1,64.33,-0.28
2026/07/17,2454,聯發科,零股散戶,579178,22180,2.38,0.13
2026/07/24,2454,聯發科,100~200張,508,-5,4.52,-0.08
2026/07/24,2454,聯發科,10~15張,1000,-8,0.78,0.0
2026/07/24,2454,聯發科,15~20張,574,12,0.63,0.01
2026/07/24,2454,聯發科,1~5張,43811,-180,4.55,-0.02
2026/07/24,2454,聯發科,200~400張,333,10,5.74,0.16
2026/07/24,2454,聯發科,20~30張,631,0,0.97,0.0
2026/07/24,2454,聯發科,30~40張,349,-1,0.76,0.0
2026/07/24,2454,聯發科,400~600張,142,0,4.3,0.01
2026/07/24,2454,聯發科,40~50張,235,5,0.66,0.02
2026/07/24,2454,聯發科,50~100張,711,13,3.14,0.05
2026/07/24,2454,聯發科,5~10張,2966,29,1.35,0.01
2026/07/24,2454,聯發科,600~800張,67,-2,2.91,-0.11
2026/07/24,2454,聯發科,800~1000張,52,-1,2.91,-0.04
2026/07/24,2454,聯發科,千張大戶,225,4,64.3,-0.03
2026/07/24,2454,聯發科,零股散戶,575479,-3699,2.4,0.02
2026/07/31,2454,聯發科,100~200張,515,7,4.56,0.04
2026/07/31,2454,聯發科,10~15張,1005,5,0.78,0.0
2026/07/31,2454,聯發科,15~20張,579,5,0.64,0.01
2026/07/31,2454,聯發科,1~5張,44875,1064,4.67,0.12
2026/07/31,2454,聯發科,200~400張,333,0,5.76,0.02
2026/07/31,2454,聯發科,20~30張,636,5,0.98,0.01
2026/07/31,2454,聯發科,30~40張,349,0,0.76,0.0
2026/07/31,2454,聯發科,400~600張,139,-3,4.19,-0.11
2026/07/31,2454,聯發科,40~50張,237,2,0.66,0.0
2026/07/31,2454,聯發科,50~100張,707,-4,3.13,-0.01
2026/07/31,2454,聯發科,5~10張,3038,72,1.38,0.03
2026/07/31,2454,聯發科,600~800張,68,1,2.98,0.07
2026/07/31,2454,聯發科,800~1000張,50,-2,2.79,-0.12
2026/07/31,2454,聯發科,千張大戶,230,5,64.11,-0.19
2026/07/31,2454,聯發科,零股散戶,592051,16572,2.52,0.12
2026/04/24,2480,敦陽科,100~200張,54,1,7.16,0.12
2026/04/24,2480,敦陽科,10~15張,392,0,4.63,-0.01
2026/04/24,2480,敦陽科,15~20張,259,0,4.34,0.0
2026/04/24,2480,敦陽科,1~5張,9109,87,17.31,0.13
2026/04/24,2480,敦陽科,200~400張,23,0,6.39,-0.01
2026/04/24,2480,敦陽科,20~30張,199,-3,4.7,-0.09
2026/04/24,2480,敦陽科,30~40張,92,-3,3.01,-0.11
2026/04/24,2480,敦陽科,400~600張,15,0,7.0,0.0
2026/04/24,2480,敦陽科,40~50張,54,-1,2.29,-0.05
2026/04/24,2480,敦陽科,50~100張,131,3,8.9,0.15
2026/04/24,2480,敦陽科,5~10張,1149,6,8.2,0.07
2026/04/24,2480,敦陽科,600~800張,5,0,3.17,-0.04
2026/04/24,2480,敦陽科,800~1000張,2,0,1.79,-0.01
2026/04/24,2480,敦陽科,千張大戶,11,0,19.25,-0.17
2026/04/24,2480,敦陽科,零股散戶,31006,-23,1.76,0.0
2026/05/08,2480,敦陽科,100~200張,50,-2,6.59,-0.24
2026/05/08,2480,敦陽科,10~15張,385,-4,4.55,-0.05
2026/05/08,2480,敦陽科,15~20張,258,-5,4.33,-0.08
2026/05/08,2480,敦陽科,1~5張,9135,-14,17.24,-0.1
2026/05/08,2480,敦陽科,200~400張,28,4,7.39,0.82
2026/05/08,2480,敦陽科,20~30張,203,4,4.79,0.08
2026/05/08,2480,敦陽科,30~40張,102,7,3.37,0.25
2026/05/08,2480,敦陽科,400~600張,15,-1,7.0,-0.52
2026/05/08,2480,敦陽科,40~50張,57,0,2.45,0.01
2026/05/08,2480,敦陽科,50~100張,128,-2,8.65,-0.27
2026/05/08,2480,敦陽科,5~10張,1165,7,8.31,0.03
2026/05/08,2480,敦陽科,600~800張,4,0,2.51,0.0
2026/05/08,2480,敦陽科,800~1000張,2,0,1.69,0.0
2026/05/08,2480,敦陽科,千張大戶,11,0,19.32,0.08
2026/05/08,2480,敦陽科,零股散戶,30935,-79,1.75,-0.01
2026/05/15,2480,敦陽科,100~200張,52,2,6.77,0.18
2026/05/15,2480,敦陽科,10~15張,379,-6,4.48,-0.07
2026/05/15,2480,敦陽科,15~20張,261,3,4.37,0.04
2026/05/15,2480,敦陽科,1~5張,9075,-60,17.18,-0.06
2026/05/15,2480,敦陽科,200~400張,26,-2,7.16,-0.23
2026/05/15,2480,敦陽科,20~30張,203,0,4.78,-0.01
2026/05/15,2480,敦陽科,30~40張,101,-1,3.34,-0.03
2026/05/15,2480,敦陽科,400~600張,16,1,7.46,0.46
2026/05/15,2480,敦陽科,40~50張,57,0,2.45,0.0
2026/05/15,2480,敦陽科,50~100張,128,0,8.57,-0.08
2026/05/15,2480,敦陽科,5~10張,1156,-9,8.25,-0.06
2026/05/15,2480,敦陽科,600~800張,4,0,2.51,0.0
2026/05/15,2480,敦陽科,800~1000張,2,0,1.69,0.0
2026/05/15,2480,敦陽科,千張大戶,11,0,19.16,-0.16
2026/05/15,2480,敦陽科,零股散戶,30868,-67,1.74,-0.01
2026/05/22,2480,敦陽科,100~200張,52,0,6.68,-0.09
2026/05/22,2480,敦陽科,10~15張,375,-4,4.43,-0.05
2026/05/22,2480,敦陽科,15~20張,261,0,4.36,-0.01
2026/05/22,2480,敦陽科,1~5張,9098,23,17.23,0.05
2026/05/22,2480,敦陽科,200~400張,24,-2,6.39,-0.77
2026/05/22,2480,敦陽科,20~30張,202,-1,4.77,-0.01
2026/05/22,2480,敦陽科,30~40張,100,-1,3.3,-0.04
2026/05/22,2480,敦陽科,400~600張,18,2,8.28,0.82
2026/05/22,2480,敦陽科,40~50張,57,0,2.45,0.0
2026/05/22,2480,敦陽科,50~100張,130,2,8.69,0.12
2026/05/22,2480,敦陽科,5~10張,1149,-7,8.23,-0.02
2026/05/22,2480,敦陽科,600~800張,4,0,2.51,0.0
2026/05/22,2480,敦陽科,800~1000張,2,0,1.7,0.01
2026/05/22,2480,敦陽科,千張大戶,11,0,19.18,0.02
2026/05/22,2480,敦陽科,零股散戶,30842,-26,1.74,0.0
2026/05/29,2480,敦陽科,100~200張,50,-2,6.42,-0.26
2026/05/29,2480,敦陽科,10~15張,370,-5,4.37,-0.06
2026/05/29,2480,敦陽科,15~20張,256,-5,4.27,-0.09
2026/05/29,2480,敦陽科,1~5張,9414,316,17.77,0.54
2026/05/29,2480,敦陽科,200~400張,26,2,7.07,0.68
2026/05/29,2480,敦陽科,20~30張,203,1,4.8,0.03
2026/05/29,2480,敦陽科,30~40張,101,1,3.35,0.05
2026/05/29,2480,敦陽科,400~600張,16,-2,7.41,-0.87
2026/05/29,2480,敦陽科,40~50張,59,2,2.52,0.07
2026/05/29,2480,敦陽科,50~100張,130,0,8.76,0.07
2026/05/29,2480,敦陽科,5~10張,1160,11,8.33,0.1
2026/05/29,2480,敦陽科,600~800張,4,0,2.51,0.0
2026/05/29,2480,敦陽科,800~1000張,2,0,1.69,-0.01
2026/05/29,2480,敦陽科,千張大戶,11,0,18.91,-0.27
2026/05/29,2480,敦陽科,零股散戶,30924,82,1.75,0.01
2026/06/05,2480,敦陽科,100~200張,50,0,6.48,0.06
2026/06/05,2480,敦陽科,10~15張,366,-4,4.32,-0.05
2026/06/05,2480,敦陽科,15~20張,249,-7,4.15,-0.12
2026/06/05,2480,敦陽科,1~5張,9538,124,17.81,0.04
2026/06/05,2480,敦陽科,200~400張,27,1,7.36,0.29
2026/06/05,2480,敦陽科,20~30張,206,3,4.88,0.08
2026/06/05,2480,敦陽科,30~40張,96,-5,3.18,-0.17
2026/06/05,2480,敦陽科,400~600張,16,0,7.5,0.09
2026/06/05,2480,敦陽科,40~50張,66,7,2.81,0.29
2026/06/05,2480,敦陽科,50~100張,124,-6,8.31,-0.45
2026/06/05,2480,敦陽科,5~10張,1147,-13,8.24,-0.09
2026/06/05,2480,敦陽科,600~800張,4,0,2.51,0.0
2026/06/05,2480,敦陽科,800~1000張,2,0,1.69,0.0
2026/06/05,2480,敦陽科,千張大戶,11,0,18.93,0.02
2026/06/05,2480,敦陽科,零股散戶,31071,147,1.76,0.01
2026/06/12,2480,敦陽科,100~200張,52,2,6.62,0.14
2026/06/12,2480,敦陽科,10~15張,363,-3,4.28,-0.04
2026/06/12,2480,敦陽科,15~20張,245,-4,4.09,-0.06
2026/06/12,2480,敦陽科,1~5張,9428,-110,17.61,-0.2
2026/06/12,2480,敦陽科,200~400張,27,0,7.59,0.23
2026/06/12,2480,敦陽科,20~30張,209,3,4.93,0.05
2026/06/12,2480,敦陽科,30~40張,92,-4,3.04,-0.14
2026/06/12,2480,敦陽科,400~600張,13,-3,6.2,-1.3
2026/06/12,2480,敦陽科,40~50張,65,-1,2.76,-0.05
2026/06/12,2480,敦陽科,50~100張,123,-1,8.24,-0.07
2026/06/12,2480,敦陽科,5~10張,1151,4,8.25,0.01
2026/06/12,2480,敦陽科,600~800張,5,1,3.17,0.66
2026/06/12,2480,敦陽科,800~1000張,3,1,2.63,0.94
2026/06/12,2480,敦陽科,千張大戶,11,0,18.77,-0.16
2026/06/12,2480,敦陽科,零股散戶,31022,-49,1.75,-0.01
2026/06/26,2480,敦陽科,100~200張,57,0,7.51,0.07
2026/06/26,2480,敦陽科,10~15張,363,-5,4.28,-0.06
2026/06/26,2480,敦陽科,15~20張,251,-4,4.2,-0.07
2026/06/26,2480,敦陽科,1~5張,9525,-170,17.77,-0.29
2026/06/26,2480,敦陽科,200~400張,25,0,6.8,0.11
2026/06/26,2480,敦陽科,20~30張,204,-6,4.84,-0.15
2026/06/26,2480,敦陽科,30~40張,97,3,3.19,0.1
2026/06/26,2480,敦陽科,400~600張,13,-1,6.17,-0.62
2026/06/26,2480,敦陽科,40~50張,62,0,2.64,0.0
2026/06/26,2480,敦陽科,50~100張,128,3,8.58,0.26
2026/06/26,2480,敦陽科,5~10張,1209,8,8.66,0.07
2026/06/26,2480,敦陽科,600~800張,5,1,3.21,0.7
2026/06/26,2480,敦陽科,800~1000張,4,0,3.4,0.0
2026/06/26,2480,敦陽科,千張大戶,10,0,16.92,-0.14
2026/06/26,2480,敦陽科,零股散戶,31040,-28,1.74,-0.01
2026/07/03,2480,敦陽科,100~200張,59,2,7.8,0.29
2026/07/03,2480,敦陽科,10~15張,370,7,4.37,0.09
2026/07/03,2480,敦陽科,15~20張,244,-7,4.06,-0.14
2026/07/03,2480,敦陽科,1~5張,9232,-293,17.25,-0.52
2026/07/03,2480,敦陽科,200~400張,26,1,7.09,0.29
2026/07/03,2480,敦陽科,20~30張,202,-2,4.8,-0.04
2026/07/03,2480,敦陽科,30~40張,96,-1,3.17,-0.02
2026/07/03,2480,敦陽科,400~600張,14,1,6.62,0.45
2026/07/03,2480,敦陽科,40~50張,63,1,2.7,0.06
2026/07/03,2480,敦陽科,50~100張,123,-5,8.22,-0.36
2026/07/03,2480,敦陽科,5~10張,1169,-40,8.34,-0.32
2026/07/03,2480,敦陽科,600~800張,4,-1,2.51,-0.7
2026/07/03,2480,敦陽科,800~1000張,4,0,3.4,0.0
2026/07/03,2480,敦陽科,千張大戶,11,1,17.9,0.98
2026/07/03,2480,敦陽科,零股散戶,30943,-97,1.72,-0.02
2026/07/17,2480,敦陽科,100~200張,56,-1,7.39,-0.11
2026/07/17,2480,敦陽科,10~15張,383,12,4.51,0.14
2026/07/17,2480,敦陽科,15~20張,226,-9,3.76,-0.15
2026/07/17,2480,敦陽科,1~5張,9022,-60,16.94,-0.07
2026/07/17,2480,敦陽科,200~400張,27,-1,7.27,-0.45
2026/07/17,2480,敦陽科,20~30張,198,-3,4.68,-0.08
2026/07/17,2480,敦陽科,30~40張,102,7,3.37,0.24
2026/07/17,2480,敦陽科,400~600張,14,0,6.33,-0.25
2026/07/17,2480,敦陽科,40~50張,64,2,2.76,0.1
2026/07/17,2480,敦陽科,50~100張,126,2,8.52,0.26
2026/07/17,2480,敦陽科,5~10張,1153,9,8.23,0.06
2026/07/17,2480,敦陽科,600~800張,5,1,3.08,0.57
2026/07/17,2480,敦陽科,800~1000張,4,0,3.39,0.0
2026/07/17,2480,敦陽科,千張大戶,11,0,18.01,-0.23
2026/07/17,2480,敦陽科,零股散戶,30817,-106,1.69,-0.03
2026/07/24,2480,敦陽科,100~200張,56,0,7.34,-0.05
2026/07/24,2480,敦陽科,10~15張,379,-4,4.47,-0.04
2026/07/24,2480,敦陽科,15~20張,230,4,3.84,0.08
2026/07/24,2480,敦陽科,1~5張,8993,-29,16.92,-0.02
2026/07/24,2480,敦陽科,200~400張,28,1,7.42,0.15
2026/07/24,2480,敦陽科,20~30張,195,-3,4.62,-0.06
2026/07/24,2480,敦陽科,30~40張,101,-1,3.34,-0.03
2026/07/24,2480,敦陽科,400~600張,15,1,6.96,0.63
2026/07/24,2480,敦陽科,40~50張,63,-1,2.71,-0.05
2026/07/24,2480,敦陽科,50~100張,127,1,8.53,0.01
2026/07/24,2480,敦陽科,5~10張,1151,-2,8.21,-0.02
2026/07/24,2480,敦陽科,600~800張,4,-1,2.51,-0.57
2026/07/24,2480,敦陽科,800~1000張,4,0,3.39,0.0
2026/07/24,2480,敦陽科,千張大戶,11,0,18.0,-0.01
2026/07/24,2480,敦陽科,零股散戶,30794,-23,1.67,-0.02
2026/07/31,2480,敦陽科,100~200張,56,0,7.32,-0.02
2026/07/31,2480,敦陽科,10~15張,377,-2,4.44,-0.03
2026/07/31,2480,敦陽科,15~20張,231,1,3.85,0.01
2026/07/31,2480,敦陽科,1~5張,8911,-82,16.78,-0.14
2026/07/31,2480,敦陽科,200~400張,28,0,7.37,-0.05
2026/07/31,2480,敦陽科,20~30張,195,0,4.62,0.0
2026/07/31,2480,敦陽科,30~40張,99,-2,3.29,-0.05
2026/07/31,2480,敦陽科,400~600張,14,-1,6.61,-0.35
2026/07/31,2480,敦陽科,40~50張,64,1,2.75,0.04
2026/07/31,2480,敦陽科,50~100張,129,2,8.6,0.07
2026/07/31,2480,敦陽科,5~10張,1146,-5,8.17,-0.04
2026/07/31,2480,敦陽科,600~800張,4,0,2.51,0.0
2026/07/31,2480,敦陽科,800~1000張,5,1,4.16,0.77
2026/07/31,2480,敦陽科,千張大戶,11,0,17.78,-0.22
2026/07/31,2480,敦陽科,零股散戶,30783,-11,1.67,0.0
2026/04/24,2535,達欣工,100~200張,72,-2,3.83,-0.06
2026/04/24,2535,達欣工,10~15張,481,-15,2.2,-0.07
2026/04/24,2535,達欣工,15~20張,361,-4,2.34,-0.03
2026/04/24,2535,達欣工,1~5張,11565,-399,8.88,-0.25
2026/04/24,2535,達欣工,200~400張,51,-1,5.26,-0.05
2026/04/24,2535,達欣工,20~30張,271,3,2.51,0.03
2026/04/24,2535,達欣工,30~40張,164,-6,2.16,-0.07
2026/04/24,2535,達欣工,400~600張,26,1,4.73,0.1
2026/04/24,2535,達欣工,40~50張,89,-2,1.49,-0.03
2026/04/24,2535,達欣工,50~100張,164,-1,4.37,-0.01
2026/04/24,2535,達欣工,5~10張,1901,-43,5.28,-0.12
2026/04/24,2535,達欣工,600~800張,6,1,1.53,0.21
2026/04/24,2535,達欣工,800~1000張,3,1,1.04,0.35
2026/04/24,2535,達欣工,千張大戶,35,-1,53.1,0.0
2026/04/24,2535,達欣工,零股散戶,49705,-45,1.2,0.0
2026/05/08,2535,達欣工,100~200張,68,-2,3.55,-0.18
2026/05/08,2535,達欣工,10~15張,483,6,2.21,0.02
2026/05/08,2535,達欣工,15~20張,358,2,2.32,0.01
2026/05/08,2535,達欣工,1~5張,11378,-34,8.75,-0.01
2026/05/08,2535,達欣工,200~400張,52,0,5.32,-0.05
2026/05/08,2535,達欣工,20~30張,265,0,2.45,0.0
2026/05/08,2535,達欣工,30~40張,166,5,2.18,0.07
2026/05/08,2535,達欣工,400~600張,25,1,4.59,0.19
2026/05/08,2535,達欣工,40~50張,83,-6,1.39,-0.1
2026/05/08,2535,達欣工,50~100張,167,2,4.43,0.04
2026/05/08,2535,達欣工,5~10張,1899,13,5.27,0.03
2026/05/08,2535,達欣工,600~800張,6,-1,1.56,-0.21
2026/05/08,2535,達欣工,800~1000張,3,1,0.99,0.3
2026/05/08,2535,達欣工,千張大戶,35,0,53.71,-0.13
2026/05/08,2535,達欣工,零股散戶,49490,-94,1.2,0.0
2026/05/15,2535,達欣工,100~200張,70,2,3.69,0.14
2026/05/15,2535,達欣工,10~15張,481,-2,2.2,-0.01
2026/05/15,2535,達欣工,15~20張,357,-1,2.31,-0.01
2026/05/15,2535,達欣工,1~5張,11297,-81,8.69,-0.06
2026/05/15,2535,達欣工,200~400張,53,1,5.43,0.11
2026/05/15,2535,達欣工,20~30張,269,4,2.49,0.04
2026/05/15,2535,達欣工,30~40張,157,-9,2.07,-0.11
2026/05/15,2535,達欣工,400~600張,22,-3,4.01,-0.58
2026/05/15,2535,達欣工,40~50張,93,10,1.56,0.17
2026/05/15,2535,達欣工,50~100張,163,-4,4.35,-0.08
2026/05/15,2535,達欣工,5~10張,1893,-6,5.26,-0.01
2026/05/15,2535,達欣工,600~800張,7,1,1.83,0.27
2026/05/15,2535,達欣工,800~1000張,2,-1,0.69,-0.3
2026/05/15,2535,達欣工,千張大戶,34,-1,54.16,0.45
2026/05/15,2535,達欣工,零股散戶,49354,-136,1.19,-0.01
2026/05/22,2535,達欣工,100~200張,69,-1,3.64,-0.05
2026/05/22,2535,達欣工,10~15張,483,2,2.21,0.01
2026/05/22,2535,達欣工,15~20張,359,2,2.33,0.02
2026/05/22,2535,達欣工,1~5張,11361,64,8.73,0.04
2026/05/22,2535,達欣工,200~400張,53,0,5.5,0.07
2026/05/22,2535,達欣工,20~30張,274,5,2.54,0.05
2026/05/22,2535,達欣工,30~40張,154,-3,2.03,-0.04
2026/05/22,2535,達欣工,400~600張,20,-2,3.66,-0.35
2026/05/22,2535,達欣工,40~50張,93,0,1.56,0.0
2026/05/22,2535,達欣工,50~100張,165,2,4.37,0.02
2026/05/22,2535,達欣工,5~10張,1893,0,5.25,-0.01
2026/05/22,2535,達欣工,600~800張,7,0,1.8,-0.03
2026/05/22,2535,達欣工,800~1000張,2,0,0.69,0.0
2026/05/22,2535,達欣工,千張大戶,34,0,54.44,0.28
2026/05/22,2535,達欣工,零股散戶,49305,-49,1.19,0.0
2026/05/29,2535,達欣工,100~200張,68,-1,3.66,0.02
2026/05/29,2535,達欣工,10~15張,476,-7,2.18,-0.03
2026/05/29,2535,達欣工,15~20張,357,-2,2.32,-0.01
2026/05/29,2535,達欣工,1~5張,11345,-16,8.71,-0.02
2026/05/29,2535,達欣工,200~400張,50,-3,5.13,-0.37
2026/05/29,2535,達欣工,20~30張,270,-4,2.51,-0.03
2026/05/29,2535,達欣工,30~40張,156,2,2.05,0.02
2026/05/29,2535,達欣工,400~600張,22,2,4.05,0.39
2026/05/29,2535,達欣工,40~50張,93,0,1.56,0.0
2026/05/29,2535,達欣工,50~100張,165,0,4.38,0.01
2026/05/29,2535,達欣工,5~10張,1871,-22,5.2,-0.05
2026/05/29,2535,達欣工,600~800張,6,-1,1.52,-0.28
2026/05/29,2535,達欣工,800~1000張,2,0,0.69,0.0
2026/05/29,2535,達欣工,千張大戶,35,1,54.8,0.36
2026/05/29,2535,達欣工,零股散戶,49117,-188,1.18,-0.01
2026/06/05,2535,達欣工,100~200張,68,0,3.63,-0.03
2026/06/05,2535,達欣工,10~15張,486,10,2.22,0.04
2026/06/05,2535,達欣工,15~20張,356,-1,2.31,-0.01
2026/06/05,2535,達欣工,1~5張,11364,19,8.69,-0.02
2026/06/05,2535,達欣工,200~400張,51,1,5.22,0.09
2026/06/05,2535,達欣工,20~30張,270,0,2.51,0.0
2026/06/05,2535,達欣工,30~40張,153,-3,2.01,-0.04
2026/06/05,2535,達欣工,400~600張,21,-1,3.82,-0.23
2026/06/05,2535,達欣工,40~50張,89,-4,1.49,-0.07
2026/06/05,2535,達欣工,50~100張,167,2,4.4,0.02
2026/06/05,2535,達欣工,5~10張,1866,-5,5.18,-0.02
2026/06/05,2535,達欣工,600~800張,6,0,1.53,0.01
2026/06/05,2535,達欣工,800~1000張,2,0,0.69,0.0
2026/06/05,2535,達欣工,千張大戶,35,0,55.05,0.25
2026/06/05,2535,達欣工,零股散戶,48969,-148,1.17,-0.01
2026/06/12,2535,達欣工,100~200張,66,-2,3.5,-0.13
2026/06/12,2535,達欣工,10~15張,486,0,2.22,0.0
2026/06/12,2535,達欣工,15~20張,354,-2,2.3,-0.01
2026/06/12,2535,達欣工,1~5張,11281,-83,8.64,-0.05
2026/06/12,2535,達欣工,200~400張,48,-3,4.87,-0.35
2026/06/12,2535,達欣工,20~30張,265,-5,2.46,-0.05
2026/06/12,2535,達欣工,30~40張,154,1,2.02,0.01
2026/06/12,2535,達欣工,400~600張,22,1,3.97,0.15
2026/06/12,2535,達欣工,40~50張,93,4,1.56,0.07
2026/06/12,2535,達欣工,50~100張,165,-2,4.35,-0.05
2026/06/12,2535,達欣工,5~10張,1832,-34,5.09,-0.09
2026/06/12,2535,達欣工,600~800張,8,2,2.08,0.55
2026/06/12,2535,達欣工,800~1000張,2,0,0.69,0.0
2026/06/12,2535,達欣工,千張大戶,34,-1,55.0,-0.05
2026/06/12,2535,達欣工,零股散戶,48959,-10,1.17,0.0
2026/06/26,2535,達欣工,100~200張,71,2,3.72,0.17
2026/06/26,2535,達欣工,10~15張,489,6,2.23,0.02
2026/06/26,2535,達欣工,15~20張,346,-4,2.24,-0.03
2026/06/26,2535,達欣工,1~5張,11200,-48,8.58,-0.03
2026/06/26,2535,達欣工,200~400張,46,-3,4.79,-0.14
2026/06/26,2535,達欣工,20~30張,261,1,2.42,0.01
2026/06/26,2535,達欣工,30~40張,151,-7,1.99,-0.09
2026/06/26,2535,達欣工,400~600張,20,0,3.62,-0.02
2026/06/26,2535,達欣工,40~50張,93,6,1.56,0.1
2026/06/26,2535,達欣工,50~100張,171,0,4.55,0.03
2026/06/26,2535,達欣工,5~10張,1828,-4,5.07,-0.02
2026/06/26,2535,達欣工,600~800張,7,0,1.8,-0.04
2026/06/26,2535,達欣工,800~1000張,4,1,1.36,0.35
2026/06/26,2535,達欣工,千張大戶,34,0,54.83,-0.3
2026/06/26,2535,達欣工,零股散戶,48756,-92,1.16,-0.01
2026/07/03,2535,達欣工,100~200張,73,2,3.78,0.06
2026/07/03,2535,達欣工,10~15張,490,1,2.24,0.01
2026/07/03,2535,達欣工,15~20張,349,3,2.26,0.02
2026/07/03,2535,達欣工,1~5張,11168,-32,8.56,-0.02
2026/07/03,2535,達欣工,200~400張,45,-1,4.55,-0.24
2026/07/03,2535,達欣工,20~30張,262,1,2.43,0.01
2026/07/03,2535,達欣工,30~40張,147,-4,1.93,-0.06
2026/07/03,2535,達欣工,400~600張,24,4,4.25,0.63
2026/07/03,2535,達欣工,40~50張,88,-5,1.47,-0.09
2026/07/03,2535,達欣工,50~100張,170,-1,4.5,-0.05
2026/07/03,2535,達欣工,5~10張,1830,2,5.07,0.0
2026/07/03,2535,達欣工,600~800張,5,-2,1.3,-0.5
2026/07/03,2535,達欣工,800~1000張,2,-2,0.66,-0.7
2026/07/03,2535,達欣工,千張大戶,35,1,55.76,0.93
2026/07/03,2535,達欣工,零股散戶,48714,-42,1.16,0.0
2026/07/17,2535,達欣工,100~200張,75,1,3.89,0.07
2026/07/17,2535,達欣工,10~15張,500,2,2.29,0.01
2026/07/17,2535,達欣工,15~20張,337,-5,2.18,-0.03
2026/07/17,2535,達欣工,1~5張,11208,-8,8.59,-0.01
2026/07/17,2535,達欣工,200~400張,45,0,4.56,0.03
2026/07/17,2535,達欣工,20~30張,260,-4,2.43,-0.03
2026/07/17,2535,達欣工,30~40張,149,-1,1.96,-0.01
2026/07/17,2535,達欣工,400~600張,24,0,4.26,-0.01
2026/07/17,2535,達欣工,40~50張,87,1,1.45,0.02
2026/07/17,2535,達欣工,50~100張,170,0,4.5,0.01
2026/07/17,2535,達欣工,5~10張,1830,2,5.07,0.01
2026/07/17,2535,達欣工,600~800張,4,-1,1.03,-0.26
2026/07/17,2535,達欣工,800~1000張,5,3,1.69,1.03
2026/07/17,2535,達欣工,千張大戶,33,-2,54.88,-0.79
2026/07/17,2535,達欣工,零股散戶,48621,-67,1.16,0.0
2026/07/24,2535,達欣工,100~200張,75,0,3.91,0.02
2026/07/24,2535,達欣工,10~15張,498,-2,2.28,-0.01
2026/07/24,2535,達欣工,15~20張,342,5,2.21,0.03
2026/07/24,2535,達欣工,1~5張,11260,52,8.62,0.03
2026/07/24,2535,達欣工,200~400張,44,-1,4.48,-0.08
2026/07/24,2535,達欣工,20~30張,262,2,2.44,0.01
2026/07/24,2535,達欣工,30~40張,150,1,1.97,0.01
2026/07/24,2535,達欣工,400~600張,24,0,4.24,-0.02
2026/07/24,2535,達欣工,40~50張,89,2,1.49,0.04
2026/07/24,2535,達欣工,50~100張,171,1,4.54,0.04
2026/07/24,2535,達欣工,5~10張,1840,10,5.09,0.02
2026/07/24,2535,達欣工,600~800張,4,0,0.99,-0.04
2026/07/24,2535,達欣工,800~1000張,5,0,1.68,-0.01
2026/07/24,2535,達欣工,千張大戶,33,0,54.85,-0.03
2026/07/24,2535,達欣工,零股散戶,48575,-46,1.15,-0.01
2026/07/31,2535,達欣工,100~200張,78,3,4.08,0.17
2026/07/31,2535,達欣工,10~15張,492,-6,2.25,-0.03
2026/07/31,2535,達欣工,15~20張,347,5,2.24,0.03
2026/07/31,2535,達欣工,1~5張,11212,-48,8.59,-0.03
2026/07/31,2535,達欣工,200~400張,43,-1,4.46,-0.02
2026/07/31,2535,達欣工,20~30張,263,1,2.46,0.02
2026/07/31,2535,達欣工,30~40張,149,-1,1.96,-0.01
2026/07/31,2535,達欣工,400~600張,24,0,4.24,0.0
2026/07/31,2535,達欣工,40~50張,86,-3,1.44,-0.05
2026/07/31,2535,達欣工,50~100張,173,2,4.61,0.07
2026/07/31,2535,達欣工,5~10張,1831,-9,5.07,-0.02
2026/07/31,2535,達欣工,600~800張,5,1,1.22,0.23
2026/07/31,2535,達欣工,800~1000張,3,-2,0.96,-0.72
2026/07/31,2535,達欣工,千張大戶,34,1,55.2,0.35
2026/07/31,2535,達欣工,零股散戶,48531,-44,1.15,0.0
2026/04/24,2543,皇昌,100~200張,116,0,3.02,-0.05
2026/04/24,2543,皇昌,10~15張,831,18,1.95,0.04
2026/04/24,2543,皇昌,15~20張,539,44,1.82,0.15
2026/04/24,2543,皇昌,1~5張,13583,-50,5.4,0.05
2026/04/24,2543,皇昌,200~400張,50,3,2.52,0.18
2026/04/24,2543,皇昌,20~30張,508,18,2.37,0.08
2026/04/24,2543,皇昌,30~40張,238,16,1.57,0.1
2026/04/24,2543,皇昌,400~600張,16,1,1.41,0.1
2026/04/24,2543,皇昌,40~50張,145,0,1.25,0.01
2026/04/24,2543,皇昌,50~100張,262,5,3.49,0.06
2026/04/24,2543,皇昌,5~10張,2367,94,3.37,0.14
2026/04/24,2543,皇昌,600~800張,13,1,1.65,0.17
2026/04/24,2543,皇昌,800~1000張,5,-1,0.85,-0.17
2026/04/24,2543,皇昌,千張大戶,40,1,68.91,-0.83
2026/04/24,2543,皇昌,零股散戶,14683,-122,0.35,-0.01
2026/05/08,2543,皇昌,100~200張,118,-1,3.06,-0.03
2026/05/08,2543,皇昌,10~15張,855,1,2.01,0.0
2026/05/08,2543,皇昌,15~20張,576,24,1.95,0.08
2026/05/08,2543,皇昌,1~5張,13864,366,5.55,0.15
2026/05/08,2543,皇昌,200~400張,50,-1,2.58,-0.02
2026/05/08,2543,皇昌,20~30張,510,13,2.38,0.06
2026/05/08,2543,皇昌,30~40張,254,6,1.68,0.05
2026/05/08,2543,皇昌,400~600張,15,1,1.39,0.09
2026/05/08,2543,皇昌,40~50張,153,-1,1.31,-0.01
2026/05/08,2543,皇昌,50~100張,266,7,3.55,0.14
2026/05/08,2543,皇昌,5~10張,2460,83,3.5,0.12
2026/05/08,2543,皇昌,600~800張,15,-2,1.93,-0.24
2026/05/08,2543,皇昌,800~1000張,3,0,0.49,-0.03
2026/05/08,2543,皇昌,千張大戶,39,-1,68.19,-0.37
2026/05/08,2543,皇昌,零股散戶,14529,-53,0.35,0.0
2026/05/15,2543,皇昌,100~200張,121,3,3.16,0.1
2026/05/15,2543,皇昌,10~15張,895,40,2.11,0.1
2026/05/15,2543,皇昌,15~20張,559,-17,1.9,-0.05
2026/05/15,2543,皇昌,1~5張,13803,-61,5.56,0.01
2026/05/15,2543,皇昌,200~400張,50,0,2.55,-0.03
2026/05/15,2543,皇昌,20~30張,525,15,2.45,0.07
2026/05/15,2543,皇昌,30~40張,266,12,1.76,0.08
2026/05/15,2543,皇昌,400~600張,14,-1,1.28,-0.11
2026/05/15,2543,皇昌,40~50張,167,14,1.44,0.13
2026/05/15,2543,皇昌,50~100張,272,6,3.58,0.03
2026/05/15,2543,皇昌,5~10張,2563,103,3.67,0.17
2026/05/15,2543,皇昌,600~800張,19,4,2.47,0.54
2026/05/15,2543,皇昌,800~1000張,2,-1,0.33,-0.16
2026/05/15,2543,皇昌,千張大戶,39,0,67.32,-0.87
2026/05/15,2543,皇昌,零股散戶,14420,-109,0.35,0.0
2026/05/22,2543,皇昌,100~200張,120,-1,3.17,0.01
2026/05/22,2543,皇昌,10~15張,885,-10,2.08,-0.03
2026/05/22,2543,皇昌,15~20張,576,17,1.95,0.05
2026/05/22,2543,皇昌,1~5張,14030,227,5.65,0.09
2026/05/22,2543,皇昌,200~400張,49,-1,2.55,0.0
2026/05/22,2543,皇昌,20~30張,524,-1,2.46,0.01
2026/05/22,2543,皇昌,30~40張,264,-2,1.75,-0.01
2026/05/22,2543,皇昌,400~600張,17,3,1.5,0.22
2026/05/22,2543,皇昌,40~50張,177,10,1.52,0.08
2026/05/22,2543,皇昌,50~100張,283,11,3.72,0.14
2026/05/22,2543,皇昌,5~10張,2631,68,3.78,0.11
2026/05/22,2543,皇昌,600~800張,13,-6,1.7,-0.77
2026/05/22,2543,皇昌,800~1000張,4,2,0.65,0.32
2026/05/22,2543,皇昌,千張大戶,40,1,67.11,-0.21
2026/05/22,2543,皇昌,零股散戶,14414,-6,0.35,0.0
2026/05/29,2543,皇昌,100~200張,122,2,3.23,0.06
2026/05/29,2543,皇昌,10~15張,907,22,2.13,0.05
2026/05/29,2543,皇昌,15~20張,580,4,1.96,0.01
2026/05/29,2543,皇昌,1~5張,13909,-121,5.64,-0.01
2026/05/29,2543,皇昌,200~400張,48,-1,2.53,-0.02
2026/05/29,2543,皇昌,20~30張,554,30,2.6,0.14
2026/05/29,2543,皇昌,30~40張,254,-10,1.68,-0.07
2026/05/29,2543,皇昌,400~600張,14,-3,1.26,-0.24
2026/05/29,2543,皇昌,40~50張,182,5,1.56,0.04
2026/05/29,2543,皇昌,50~100張,292,9,3.85,0.13
2026/05/29,2543,皇昌,5~10張,2657,26,3.82,0.04
2026/05/29,2543,皇昌,600~800張,16,3,2.11,0.41
2026/05/29,2543,皇昌,800~1000張,5,1,0.84,0.19
2026/05/29,2543,皇昌,千張大戶,37,-3,66.38,-0.73
2026/05/29,2543,皇昌,零股散戶,14335,-79,0.34,-0.01
2026/06/05,2543,皇昌,100~200張,120,-2,3.18,-0.05
2026/06/05,2543,皇昌,10~15張,881,-26,2.08,-0.05
2026/06/05,2543,皇昌,15~20張,568,-12,1.92,-0.04
2026/06/05,2543,皇昌,1~5張,13544,-365,5.48,-0.16
2026/06/05,2543,皇昌,200~400張,47,-1,2.44,-0.09
2026/06/05,2543,皇昌,20~30張,524,-30,2.45,-0.15
2026/06/05,2543,皇昌,30~40張,256,2,1.7,0.02
2026/06/05,2543,皇昌,400~600張,18,4,1.61,0.35
2026/06/05,2543,皇昌,40~50張,174,-8,1.48,-0.08
2026/06/05,2543,皇昌,50~100張,297,5,3.89,0.04
2026/06/05,2543,皇昌,5~10張,2574,-83,3.7,-0.12
2026/06/05,2543,皇昌,600~800張,14,-2,1.85,-0.26
2026/06/05,2543,皇昌,800~1000張,5,0,0.81,-0.03
2026/06/05,2543,皇昌,千張大戶,37,0,66.99,0.61
2026/06/05,2543,皇昌,零股散戶,14275,-60,0.34,0.0
2026/06/12,2543,皇昌,100~200張,123,3,3.25,0.07
2026/06/12,2543,皇昌,10~15張,869,-12,2.05,-0.03
2026/06/12,2543,皇昌,15~20張,564,-4,1.91,-0.01
2026/06/12,2543,皇昌,1~5張,13362,-182,5.38,-0.1
2026/06/12,2543,皇昌,200~400張,46,-1,2.38,-0.06
2026/06/12,2543,皇昌,20~30張,509,-15,2.38,-0.07
2026/06/12,2543,皇昌,30~40張,249,-7,1.65,-0.05
2026/06/12,2543,皇昌,400~600張,17,-1,1.53,-0.08
2026/06/12,2543,皇昌,40~50張,173,-1,1.48,0.0
2026/06/12,2543,皇昌,50~100張,288,-9,3.76,-0.13
2026/06/12,2543,皇昌,5~10張,2514,-60,3.61,-0.09
2026/06/12,2543,皇昌,600~800張,16,2,2.09,0.24
2026/06/12,2543,皇昌,800~1000張,3,-2,0.48,-0.33
2026/06/12,2543,皇昌,千張大戶,38,1,67.62,0.63
2026/06/12,2543,皇昌,零股散戶,14248,-27,0.34,0.0
2026/06/26,2543,皇昌,100~200張,122,2,3.2,0.05
2026/06/26,2543,皇昌,10~15張,920,49,2.17,0.11
2026/06/26,2543,皇昌,15~20張,557,-2,1.89,0.0
2026/06/26,2543,皇昌,1~5張,13471,233,5.51,0.15
2026/06/26,2543,皇昌,200~400張,48,0,2.51,0.02
2026/06/26,2543,皇昌,20~30張,513,4,2.4,0.01
2026/06/26,2543,皇昌,30~40張,268,19,1.78,0.13
2026/06/26,2543,皇昌,400~600張,17,0,1.54,0.0
2026/06/26,2543,皇昌,40~50張,164,-7,1.39,-0.07
2026/06/26,2543,皇昌,50~100張,285,0,3.72,0.02
2026/06/26,2543,皇昌,5~10張,2534,35,3.63,0.05
2026/06/26,2543,皇昌,600~800張,15,-1,1.97,-0.14
2026/06/26,2543,皇昌,800~1000張,5,2,0.84,0.35
2026/06/26,2543,皇昌,千張大戶,37,-1,67.03,-0.67
2026/06/26,2543,皇昌,零股散戶,14202,-19,0.34,0.0
2026/07/03,2543,皇昌,100~200張,124,2,3.24,0.04
2026/07/03,2543,皇昌,10~15張,914,-6,2.16,-0.01
2026/07/03,2543,皇昌,15~20張,553,-4,1.87,-0.02
2026/07/03,2543,皇昌,1~5張,13487,16,5.53,0.02
2026/07/03,2543,皇昌,200~400張,49,1,2.61,0.1
2026/07/03,2543,皇昌,20~30張,525,12,2.45,0.05
2026/07/03,2543,皇昌,30~40張,269,1,1.79,0.01
2026/07/03,2543,皇昌,400~600張,15,-2,1.37,-0.17
2026/07/03,2543,皇昌,40~50張,167,3,1.42,0.03
2026/07/03,2543,皇昌,50~100張,283,-2,3.69,-0.03
2026/07/03,2543,皇昌,5~10張,2541,7,3.65,0.02
2026/07/03,2543,皇昌,600~800張,16,1,2.09,0.12
2026/07/03,2543,皇昌,800~1000張,5,0,0.84,0.0
2026/07/03,2543,皇昌,千張大戶,37,0,66.86,-0.17
2026/07/03,2543,皇昌,零股散戶,14171,-31,0.34,0.0
2026/07/17,2543,皇昌,100~200張,124,2,3.19,0.04
2026/07/17,2543,皇昌,10~15張,903,-24,2.14,-0.06
2026/07/17,2543,皇昌,15~20張,557,8,1.89,0.03
2026/07/17,2543,皇昌,1~5張,13275,-145,5.45,-0.06
2026/07/17,2543,皇昌,200~400張,52,2,2.74,0.04
2026/07/17,2543,皇昌,20~30張,512,-11,2.39,-0.06
2026/07/17,2543,皇昌,30~40張,264,-6,1.76,-0.04
2026/07/17,2543,皇昌,400~600張,14,-1,1.25,-0.12
2026/07/17,2543,皇昌,40~50張,171,0,1.46,0.0
2026/07/17,2543,皇昌,50~100張,277,-3,3.64,-0.05
2026/07/17,2543,皇昌,5~10張,2544,10,3.66,0.02
2026/07/17,2543,皇昌,600~800張,18,2,2.35,0.26
2026/07/17,2543,皇昌,800~1000張,5,0,0.86,0.05
2026/07/17,2543,皇昌,千張大戶,37,0,66.82,-0.04
2026/07/17,2543,皇昌,零股散戶,14102,-49,0.33,-0.01
2026/07/24,2543,皇昌,100~200張,125,1,3.21,0.02
2026/07/24,2543,皇昌,10~15張,887,-16,2.1,-0.04
2026/07/24,2543,皇昌,15~20張,543,-14,1.84,-0.05
2026/07/24,2543,皇昌,1~5張,13192,-83,5.41,-0.04
2026/07/24,2543,皇昌,200~400張,49,-3,2.54,-0.2
2026/07/24,2543,皇昌,20~30張,496,-16,2.32,-0.07
2026/07/24,2543,皇昌,30~40張,262,-2,1.74,-0.02
2026/07/24,2543,皇昌,400~600張,17,3,1.51,0.26
2026/07/24,2543,皇昌,40~50張,168,-3,1.44,-0.02
2026/07/24,2543,皇昌,50~100張,270,-7,3.54,-0.1
2026/07/24,2543,皇昌,5~10張,2513,-31,3.61,-0.05
2026/07/24,2543,皇昌,600~800張,15,-3,1.94,-0.41
2026/07/24,2543,皇昌,800~1000張,6,1,1.01,0.15
2026/07/24,2543,皇昌,千張大戶,38,1,67.39,0.57
2026/07/24,2543,皇昌,零股散戶,14107,5,0.34,0.01
2026/07/31,2543,皇昌,100~200張,125,0,3.19,-0.02
2026/07/31,2543,皇昌,10~15張,893,6,2.11,0.01
2026/07/31,2543,皇昌,15~20張,561,18,1.9,0.06
2026/07/31,2543,皇昌,1~5張,13190,-2,5.42,0.01
2026/07/31,2543,皇昌,200~400張,46,-3,2.44,-0.1
2026/07/31,2543,皇昌,20~30張,495,-1,2.32,0.0
2026/07/31,2543,皇昌,30~40張,262,0,1.74,0.0
2026/07/31,2543,皇昌,400~600張,17,0,1.55,0.04
2026/07/31,2543,皇昌,40~50張,171,3,1.46,0.02
2026/07/31,2543,皇昌,50~100張,271,1,3.53,-0.01
2026/07/31,2543,皇昌,5~10張,2516,3,3.61,0.0
2026/07/31,2543,皇昌,600~800張,15,0,1.95,0.01
2026/07/31,2543,皇昌,800~1000張,5,-1,0.81,-0.2
2026/07/31,2543,皇昌,千張大戶,39,1,67.56,0.17
2026/07/31,2543,皇昌,零股散戶,14073,-34,0.33,-0.01
2026/04/24,2603,長榮,100~200張,385,1,2.49,-0.01
2026/04/24,2603,長榮,10~15張,3362,-21,1.96,-0.01
2026/04/24,2603,長榮,15~20張,1899,-2,1.58,-0.01
2026/04/24,2603,長榮,1~5張,118639,-200,10.22,-0.02
2026/04/24,2603,長榮,200~400張,222,-5,2.91,-0.06
2026/04/24,2603,長榮,20~30張,1670,-15,1.93,-0.02
2026/04/24,2603,長榮,30~40張,783,-10,1.27,-0.02
2026/04/24,2603,長榮,400~600張,82,2,1.85,0.05
2026/04/24,2603,長榮,40~50張,486,-9,1.03,-0.02
2026/04/24,2603,長榮,50~100張,823,3,2.68,0.01
2026/04/24,2603,長榮,5~10張,11297,6,3.95,0.0
2026/04/24,2603,長榮,600~800張,50,3,1.6,0.1
2026/04/24,2603,長榮,800~1000張,45,5,1.87,0.21
2026/04/24,2603,長榮,千張大戶,191,-3,62.51,-0.21
2026/04/24,2603,長榮,零股散戶,192460,-710,2.07,0.0
2026/05/08,2603,長榮,100~200張,368,-10,2.38,-0.07
2026/05/08,2603,長榮,10~15張,3181,-132,1.85,-0.08
2026/05/08,2603,長榮,15~20張,1826,-42,1.52,-0.04
2026/05/08,2603,長榮,1~5張,113732,-4094,9.8,-0.35
2026/05/08,2603,長榮,200~400張,220,3,2.88,0.01
2026/05/08,2603,長榮,20~30張,1610,-41,1.87,-0.04
2026/05/08,2603,長榮,30~40張,743,-36,1.21,-0.06
2026/05/08,2603,長榮,400~600張,81,0,1.82,-0.01
2026/05/08,2603,長榮,40~50張,456,-13,0.97,-0.03
2026/05/08,2603,長榮,50~100張,781,-35,2.56,-0.11
2026/05/08,2603,長榮,5~10張,10867,-361,3.8,-0.13
2026/05/08,2603,長榮,600~800張,50,1,1.59,0.03
2026/05/08,2603,長榮,800~1000張,40,-3,1.66,-0.13
2026/05/08,2603,長榮,千張大戶,195,2,64.01,1.04
2026/05/08,2603,長榮,零股散戶,187848,-3618,2.02,-0.03
2026/05/15,2603,長榮,100~200張,368,0,2.38,0.0
2026/05/15,2603,長榮,10~15張,3155,-26,1.84,-0.01
2026/05/15,2603,長榮,15~20張,1790,-36,1.49,-0.03
2026/05/15,2603,長榮,1~5張,111910,-1822,9.64,-0.16
2026/05/15,2603,長榮,200~400張,224,4,2.94,0.06
2026/05/15,2603,長榮,20~30張,1581,-29,1.83,-0.04
2026/05/15,2603,長榮,30~40張,737,-6,1.2,-0.01
2026/05/15,2603,長榮,400~600張,78,-3,1.75,-0.07
2026/05/15,2603,長榮,40~50張,461,5,0.98,0.01
2026/05/15,2603,長榮,50~100張,779,-2,2.53,-0.03
2026/05/15,2603,長榮,5~10張,10703,-164,3.74,-0.06
2026/05/15,2603,長榮,600~800張,48,-2,1.54,-0.05
2026/05/15,2603,長榮,800~1000張,40,0,1.67,0.01
2026/05/15,2603,長榮,千張大戶,197,2,64.41,0.4
2026/05/15,2603,長榮,零股散戶,185568,-2280,1.99,-0.03
2026/05/22,2603,長榮,100~200張,359,-9,2.34,-0.04
2026/05/22,2603,長榮,10~15張,3156,1,1.84,0.0
2026/05/22,2603,長榮,15~20張,1791,1,1.49,0.0
2026/05/22,2603,長榮,1~5張,111484,-426,9.58,-0.06
2026/05/22,2603,長榮,200~400張,216,-8,2.83,-0.11
2026/05/22,2603,長榮,20~30張,1554,-27,1.8,-0.03
2026/05/22,2603,長榮,30~40張,738,1,1.21,0.01
2026/05/22,2603,長榮,400~600張,77,-1,1.73,-0.02
2026/05/22,2603,長榮,40~50張,456,-5,0.97,-0.01
2026/05/22,2603,長榮,50~100張,777,-2,2.54,0.01
2026/05/22,2603,長榮,5~10張,10611,-92,3.7,-0.04
2026/05/22,2603,長榮,600~800張,51,3,1.64,0.1
2026/05/22,2603,長榮,800~1000張,36,-4,1.51,-0.16
2026/05/22,2603,長榮,千張大戶,199,2,64.77,0.36
2026/05/22,2603,長榮,零股散戶,184814,-754,1.98,-0.01
2026/05/29,2603,長榮,100~200張,345,-14,2.25,-0.09
2026/05/29,2603,長榮,10~15張,3041,-115,1.77,-0.07
2026/05/29,2603,長榮,15~20張,1722,-69,1.43,-0.06
2026/05/29,2603,長榮,1~5張,108467,-3017,9.31,-0.27
2026/05/29,2603,長榮,200~400張,216,0,2.83,0.0
2026/05/29,2603,長榮,20~30張,1470,-84,1.7,-0.1
2026/05/29,2603,長榮,30~40張,717,-21,1.17,-0.04
2026/05/29,2603,長榮,400~600張,78,1,1.77,0.04
2026/05/29,2603,長榮,40~50張,443,-13,0.94,-0.03
2026/05/29,2603,長榮,50~100張,732,-45,2.38,-0.16
2026/05/29,2603,長榮,5~10張,10241,-370,3.57,-0.13
2026/05/29,2603,長榮,600~800張,45,-6,1.45,-0.19
2026/05/29,2603,長榮,800~1000張,36,0,1.49,-0.02
2026/05/29,2603,長榮,千張大戶,198,-1,65.92,1.15
2026/05/29,2603,長榮,零股散戶,182141,-2673,1.95,-0.03
2026/06/05,2603,長榮,100~200張,314,-31,2.05,-0.2
2026/06/05,2603,長榮,10~15張,2788,-253,1.62,-0.15
2026/06/05,2603,長榮,15~20張,1585,-137,1.32,-0.11
2026/06/05,2603,長榮,1~5張,101147,-7320,8.65,-0.66
2026/06/05,2603,長榮,200~400張,213,-3,2.79,-0.04
2026/06/05,2603,長榮,20~30張,1342,-128,1.55,-0.15
2026/06/05,2603,長榮,30~40張,659,-58,1.08,-0.09
2026/06/05,2603,長榮,400~600張,71,-7,1.61,-0.16
2026/06/05,2603,長榮,40~50張,414,-29,0.88,-0.06
2026/06/05,2603,長榮,50~100張,707,-25,2.31,-0.07
2026/06/05,2603,長榮,5~10張,9457,-784,3.29,-0.28
2026/06/05,2603,長榮,600~800張,49,4,1.57,0.12
2026/06/05,2603,長榮,800~1000張,35,-1,1.45,-0.04
2026/06/05,2603,長榮,千張大戶,191,-7,67.87,1.95
2026/06/05,2603,長榮,零股散戶,177541,-4600,1.89,-0.06
2026/06/12,2603,長榮,100~200張,306,-8,2.0,-0.05
2026/06/12,2603,長榮,10~15張,2848,60,1.66,0.04
2026/06/12,2603,長榮,15~20張,1576,-9,1.31,-0.01
2026/06/12,2603,長榮,1~5張,102201,1054,8.73,0.08
2026/06/12,2603,長榮,200~400張,197,-16,2.56,-0.23
2026/06/12,2603,長榮,20~30張,1355,13,1.57,0.02
2026/06/12,2603,長榮,30~40張,674,15,1.1,0.02
2026/06/12,2603,長榮,400~600張,74,3,1.66,0.05
2026/06/12,2603,長榮,40~50張,408,-6,0.86,-0.02
2026/06/12,2603,長榮,50~100張,676,-31,2.2,-0.11
2026/06/12,2603,長榮,5~10張,9483,26,3.3,0.01
2026/06/12,2603,長榮,600~800張,48,-1,1.56,-0.01
2026/06/12,2603,長榮,800~1000張,37,2,1.53,0.08
2026/06/12,2603,長榮,千張大戶,188,-3,68.0,0.13
2026/06/12,2603,長榮,零股散戶,177149,-392,1.88,-0.01
2026/06/26,2603,長榮,100~200張,323,14,2.15,0.1
2026/06/26,2603,長榮,10~15張,3151,95,1.83,0.06
2026/06/26,2603,長榮,15~20張,1789,80,1.49,0.07
2026/06/26,2603,長榮,1~5張,117308,5252,10.08,0.53
2026/06/26,2603,長榮,200~400張,193,6,2.52,0.08
2026/06/26,2603,長榮,20~30張,1495,69,1.73,0.08
2026/06/26,2603,長榮,30~40張,698,19,1.14,0.03
2026/06/26,2603,長榮,400~600張,79,3,1.79,0.07
2026/06/26,2603,長榮,40~50張,419,12,0.88,0.02
2026/06/26,2603,長榮,50~100張,734,5,2.39,0.01
2026/06/26,2603,長榮,5~10張,10865,531,3.79,0.18
2026/06/26,2603,長榮,600~800張,44,-2,1.42,-0.07
2026/06/26,2603,長榮,800~1000張,37,0,1.53,0.01
2026/06/26,2603,長榮,千張大戶,183,2,65.21,-1.22
2026/06/26,2603,長榮,零股散戶,184847,3644,1.96,0.04
2026/07/03,2603,長榮,100~200張,329,6,2.16,0.01
2026/07/03,2603,長榮,10~15張,3236,85,1.88,0.05
2026/07/03,2603,長榮,15~20張,1849,60,1.54,0.05
2026/07/03,2603,長榮,1~5張,119278,1970,10.27,0.19
2026/07/03,2603,長榮,200~400張,188,-5,2.44,-0.08
2026/07/03,2603,長榮,20~30張,1543,48,1.79,0.06
2026/07/03,2603,長榮,30~40張,720,22,1.18,0.04
2026/07/03,2603,長榮,400~600張,85,6,1.93,0.14
2026/07/03,2603,長榮,40~50張,434,15,0.92,0.04
2026/07/03,2603,長榮,50~100張,774,40,2.5,0.11
2026/07/03,2603,長榮,5~10張,11073,208,3.86,0.07
2026/07/03,2603,長榮,600~800張,40,-4,1.3,-0.12
2026/07/03,2603,長榮,800~1000張,40,3,1.66,0.13
2026/07/03,2603,長榮,千張大戶,179,-4,64.53,-0.68
2026/07/03,2603,長榮,零股散戶,185765,918,1.97,0.01
2026/07/17,2603,長榮,100~200張,341,14,2.23,0.08
2026/07/17,2603,長榮,10~15張,3096,-26,1.8,-0.02
2026/07/17,2603,長榮,15~20張,1782,-31,1.49,-0.02
2026/07/17,2603,長榮,1~5張,111975,-3266,9.64,-0.27
2026/07/17,2603,長榮,200~400張,183,-4,2.4,-0.05
2026/07/17,2603,長榮,20~30張,1485,-19,1.72,-0.02
2026/07/17,2603,長榮,30~40張,691,-5,1.13,0.0
2026/07/17,2603,長榮,400~600張,81,3,1.83,0.06
2026/07/17,2603,長榮,40~50張,418,-1,0.88,0.0
2026/07/17,2603,長榮,50~100張,759,10,2.45,0.01
2026/07/17,2603,長榮,5~10張,10514,-273,3.66,-0.1
2026/07/17,2603,長榮,600~800張,39,-1,1.27,-0.02
2026/07/17,2603,長榮,800~1000張,37,-7,1.55,-0.3
2026/07/17,2603,長榮,千張大戶,188,6,65.94,0.68
2026/07/17,2603,長榮,零股散戶,182314,-2208,1.93,-0.03
2026/07/24,2603,長榮,100~200張,338,-3,2.23,0.0
2026/07/24,2603,長榮,10~15張,2957,-139,1.72,-0.08
2026/07/24,2603,長榮,15~20張,1707,-75,1.42,-0.07
2026/07/24,2603,長榮,1~5張,107629,-4346,9.25,-0.39
2026/07/24,2603,長榮,200~400張,182,-1,2.39,-0.01
2026/07/24,2603,長榮,20~30張,1442,-43,1.67,-0.05
2026/07/24,2603,長榮,30~40張,672,-19,1.09,-0.04
2026/07/24,2603,長榮,400~600張,82,1,1.86,0.03
2026/07/24,2603,長榮,40~50張,414,-4,0.87,-0.01
2026/07/24,2603,長榮,50~100張,752,-7,2.44,-0.01
2026/07/24,2603,長榮,5~10張,10102,-412,3.52,-0.14
2026/07/24,2603,長榮,600~800張,41,2,1.34,0.07
2026/07/24,2603,長榮,800~1000張,40,3,1.67,0.12
2026/07/24,2603,長榮,千張大戶,189,1,66.55,0.61
2026/07/24,2603,長榮,零股散戶,180010,-2304,1.9,-0.03
2026/07/31,2603,長榮,100~200張,342,4,2.26,0.03
2026/07/31,2603,長榮,10~15張,2936,-21,1.71,-0.01
2026/07/31,2603,長榮,15~20張,1658,-49,1.38,-0.04
2026/07/31,2603,長榮,1~5張,105817,-1812,9.09,-0.16
2026/07/31,2603,長榮,200~400張,173,-9,2.27,-0.12
2026/07/31,2603,長榮,20~30張,1418,-24,1.64,-0.03
2026/07/31,2603,長榮,30~40張,653,-19,1.06,-0.03
2026/07/31,2603,長榮,400~600張,86,4,1.94,0.08
2026/07/31,2603,長榮,40~50張,404,-10,0.85,-0.02
2026/07/31,2603,長榮,50~100張,751,-1,2.44,0.0
2026/07/31,2603,長榮,5~10張,9883,-219,3.44,-0.08
2026/07/31,2603,長榮,600~800張,38,-3,1.24,-0.1
2026/07/31,2603,長榮,800~1000張,43,3,1.78,0.11
2026/07/31,2603,長榮,千張大戶,185,-4,66.94,0.39
2026/07/31,2603,長榮,零股散戶,179001,-1009,1.89,-0.01
2026/04/24,2633,台灣高鐵,100~200張,598,-5,1.51,-0.02
2026/04/24,2633,台灣高鐵,10~15張,4205,-3,0.95,0.0
2026/04/24,2633,台灣高鐵,15~20張,2979,-38,0.98,-0.01
2026/04/24,2633,台灣高鐵,1~5張,60038,-371,2.39,-0.01
2026/04/24,2633,台灣高鐵,200~400張,255,-8,1.25,-0.05
2026/04/24,2633,台灣高鐵,20~30張,2239,-14,1.02,-0.01
2026/04/24,2633,台灣高鐵,30~40張,1325,-5,0.85,-0.01
2026/04/24,2633,台灣高鐵,400~600張,100,0,0.87,-0.01
2026/04/24,2633,台灣高鐵,40~50張,720,0,0.59,0.0
2026/04/24,2633,台灣高鐵,50~100張,1400,5,1.8,0.0
2026/04/24,2633,台灣高鐵,5~10張,12609,-73,1.79,0.0
2026/04/24,2633,台灣高鐵,600~800張,41,-2,0.5,-0.03
2026/04/24,2633,台灣高鐵,800~1000張,43,0,0.68,0.0
2026/04/24,2633,台灣高鐵,千張大戶,186,1,84.68,0.13
2026/04/24,2633,台灣高鐵,零股散戶,19818,31,0.05,0.0
2026/05/08,2633,台灣高鐵,100~200張,593,3,1.5,0.0
2026/05/08,2633,台灣高鐵,10~15張,4185,-5,0.95,0.0
2026/05/08,2633,台灣高鐵,15~20張,2970,-6,0.98,0.0
2026/05/08,2633,台灣高鐵,1~5張,59377,-311,2.36,-0.01
2026/05/08,2633,台灣高鐵,200~400張,247,-8,1.21,-0.04
2026/05/08,2633,台灣高鐵,20~30張,2191,-34,1.0,-0.01
2026/05/08,2633,台灣高鐵,30~40張,1323,-5,0.85,-0.01
2026/05/08,2633,台灣高鐵,400~600張,100,0,0.87,0.0
2026/05/08,2633,台灣高鐵,40~50張,716,1,0.59,0.0
2026/05/08,2633,台灣高鐵,50~100張,1391,-11,1.79,-0.01
2026/05/08,2633,台灣高鐵,5~10張,12469,-53,1.77,0.0
2026/05/08,2633,台灣高鐵,600~800張,44,2,0.54,0.03
2026/05/08,2633,台灣高鐵,800~1000張,40,-1,0.63,-0.02
2026/05/08,2633,台灣高鐵,千張大戶,187,1,84.84,0.09
2026/05/08,2633,台灣高鐵,零股散戶,19762,-60,0.05,0.0
2026/05/15,2633,台灣高鐵,100~200張,591,-2,1.49,-0.01
2026/05/15,2633,台灣高鐵,10~15張,4186,1,0.95,0.0
2026/05/15,2633,台灣高鐵,15~20張,2958,-12,0.97,-0.01
2026/05/15,2633,台灣高鐵,1~5張,59226,-151,2.36,0.0
2026/05/15,2633,台灣高鐵,200~400張,244,-3,1.19,-0.02
2026/05/15,2633,台灣高鐵,20~30張,2226,35,1.01,0.01
2026/05/15,2633,台灣高鐵,30~40張,1310,-13,0.85,0.0
2026/05/15,2633,台灣高鐵,400~600張,103,3,0.89,0.02
2026/05/15,2633,台灣高鐵,40~50張,746,30,0.62,0.03
2026/05/15,2633,台灣高鐵,50~100張,1386,-5,1.78,-0.01
2026/05/15,2633,台灣高鐵,5~10張,12491,22,1.77,0.0
2026/05/15,2633,台灣高鐵,600~800張,50,6,0.61,0.07
2026/05/15,2633,台灣高鐵,800~1000張,35,-5,0.55,-0.08
2026/05/15,2633,台灣高鐵,千張大戶,190,3,84.84,0.0
2026/05/15,2633,台灣高鐵,零股散戶,19747,-15,0.05,0.0
2026/05/22,2633,台灣高鐵,100~200張,592,1,1.5,0.01
2026/05/22,2633,台灣高鐵,10~15張,4228,42,0.96,0.01
2026/05/22,2633,台灣高鐵,15~20張,2969,11,0.98,0.01
2026/05/22,2633,台灣高鐵,1~5張,59196,-30,2.36,0.0
2026/05/22,2633,台灣高鐵,200~400張,244,0,1.2,0.01
2026/05/22,2633,台灣高鐵,20~30張,2257,31,1.03,0.02
2026/05/22,2633,台灣高鐵,30~40張,1325,15,0.85,0.0
2026/05/22,2633,台灣高鐵,400~600張,100,-3,0.87,-0.02
2026/05/22,2633,台灣高鐵,40~50張,737,-9,0.61,-0.01
2026/05/22,2633,台灣高鐵,50~100張,1403,17,1.81,0.03
2026/05/22,2633,台灣高鐵,5~10張,12526,35,1.78,0.01
2026/05/22,2633,台灣高鐵,600~800張,49,-1,0.59,-0.02
2026/05/22,2633,台灣高鐵,800~1000張,38,3,0.61,0.06
2026/05/22,2633,台灣高鐵,千張大戶,188,-2,84.74,-0.1
2026/05/22,2633,台灣高鐵,零股散戶,19758,11,0.05,0.0
2026/05/29,2633,台灣高鐵,100~200張,637,45,1.61,0.11
2026/05/29,2633,台灣高鐵,10~15張,4392,164,1.0,0.04
2026/05/29,2633,台灣高鐵,15~20張,3121,152,1.02,0.04
2026/05/29,2633,台灣高鐵,1~5張,60048,852,2.4,0.04
2026/05/29,2633,台灣高鐵,200~400張,246,2,1.21,0.01
2026/05/29,2633,台灣高鐵,20~30張,2366,109,1.08,0.05
2026/05/29,2633,台灣高鐵,30~40張,1349,24,0.87,0.02
2026/05/29,2633,台灣高鐵,400~600張,102,2,0.9,0.03
2026/05/29,2633,台灣高鐵,40~50張,785,48,0.65,0.04
2026/05/29,2633,台灣高鐵,50~100張,1454,51,1.87,0.06
2026/05/29,2633,台灣高鐵,5~10張,12883,357,1.83,0.05
2026/05/29,2633,台灣高鐵,600~800張,50,1,0.62,0.03
2026/05/29,2633,台灣高鐵,800~1000張,33,-5,0.53,-0.08
2026/05/29,2633,台灣高鐵,千張大戶,187,-1,84.28,-0.46
2026/05/29,2633,台灣高鐵,零股散戶,19818,60,0.05,0.0
2026/06/05,2633,台灣高鐵,100~200張,621,-16,1.56,-0.05
2026/06/05,2633,台灣高鐵,10~15張,4516,124,1.02,0.02
2026/06/05,2633,台灣高鐵,15~20張,3252,131,1.07,0.05
2026/06/05,2633,台灣高鐵,1~5張,61068,1020,2.45,0.05
2026/06/05,2633,台灣高鐵,200~400張,225,-21,1.11,-0.1
2026/06/05,2633,台灣高鐵,20~30張,2477,111,1.13,0.05
2026/06/05,2633,台灣高鐵,30~40張,1386,37,0.9,0.03
2026/06/05,2633,台灣高鐵,400~600張,91,-11,0.81,-0.09
2026/06/05,2633,台灣高鐵,40~50張,813,28,0.67,0.02
2026/06/05,2633,台灣高鐵,50~100張,1481,27,1.91,0.04
2026/06/05,2633,台灣高鐵,5~10張,13167,284,1.87,0.04
2026/06/05,2633,台灣高鐵,600~800張,47,-3,0.58,-0.04
2026/06/05,2633,台灣高鐵,800~1000張,33,0,0.53,0.0
2026/06/05,2633,台灣高鐵,千張大戶,137,-50,84.27,-0.01
2026/06/05,2633,台灣高鐵,零股散戶,19520,-298,0.05,0.0
2026/06/12,2633,台灣高鐵,100~200張,621,0,1.56,0.0
2026/06/12,2633,台灣高鐵,10~15張,4483,-33,1.02,0.0
2026/06/12,2633,台灣高鐵,15~20張,3232,-20,1.06,-0.01
2026/06/12,2633,台灣高鐵,1~5張,60851,-217,2.44,-0.01
2026/06/12,2633,台灣高鐵,200~400張,229,4,1.13,0.02
2026/06/12,2633,台灣高鐵,20~30張,2473,-4,1.13,0.0
2026/06/12,2633,台灣高鐵,30~40張,1394,8,0.9,0.0
2026/06/12,2633,台灣高鐵,400~600張,91,0,0.81,0.0
2026/06/12,2633,台灣高鐵,40~50張,803,-10,0.66,-0.01
2026/06/12,2633,台灣高鐵,50~100張,1490,9,1.93,0.02
2026/06/12,2633,台灣高鐵,5~10張,13145,-22,1.86,-0.01
2026/06/12,2633,台灣高鐵,600~800張,48,1,0.59,0.01
2026/06/12,2633,台灣高鐵,800~1000張,32,-1,0.51,-0.02
2026/06/12,2633,台灣高鐵,千張大戶,135,-2,84.28,0.01
2026/06/12,2633,台灣高鐵,零股散戶,19526,6,0.05,0.0
2026/06/26,2633,台灣高鐵,100~200張,623,10,1.56,0.02
2026/06/26,2633,台灣高鐵,10~15張,4481,8,1.02,0.0
2026/06/26,2633,台灣高鐵,15~20張,3229,21,1.06,0.01
2026/06/26,2633,台灣高鐵,1~5張,60481,-86,2.42,-0.01
2026/06/26,2633,台灣高鐵,200~400張,228,0,1.12,0.0
2026/06/26,2633,台灣高鐵,20~30張,2476,20,1.13,0.01
2026/06/26,2633,台灣高鐵,30~40張,1365,-6,0.88,-0.01
2026/06/26,2633,台灣高鐵,400~600張,88,-4,0.78,-0.04
2026/06/26,2633,台灣高鐵,40~50張,805,5,0.66,0.0
2026/06/26,2633,台灣高鐵,50~100張,1481,6,1.92,0.01
2026/06/26,2633,台灣高鐵,5~10張,13121,39,1.86,0.01
2026/06/26,2633,台灣高鐵,600~800張,47,1,0.58,0.01
2026/06/26,2633,台灣高鐵,800~1000張,36,3,0.58,0.05
2026/06/26,2633,台灣高鐵,千張大戶,137,-1,84.31,-0.08
2026/06/26,2633,台灣高鐵,零股散戶,19341,-129,0.05,0.0
2026/07/03,2633,台灣高鐵,100~200張,628,5,1.58,0.02
2026/07/03,2633,台灣高鐵,10~15張,4459,-22,1.01,-0.01
2026/07/03,2633,台灣高鐵,15~20張,3209,-20,1.05,-0.01
2026/07/03,2633,台灣高鐵,1~5張,60255,-226,2.41,-0.01
2026/07/03,2633,台灣高鐵,200~400張,231,3,1.14,0.02
2026/07/03,2633,台灣高鐵,20~30張,2470,-6,1.12,-0.01
2026/07/03,2633,台灣高鐵,30~40張,1364,-1,0.88,0.0
2026/07/03,2633,台灣高鐵,400~600張,88,0,0.78,0.0
2026/07/03,2633,台灣高鐵,40~50張,797,-8,0.66,0.0
2026/07/03,2633,台灣高鐵,50~100張,1475,-6,1.91,-0.01
2026/07/03,2633,台灣高鐵,5~10張,13089,-32,1.86,0.0
2026/07/03,2633,台灣高鐵,600~800張,46,-1,0.57,-0.01
2026/07/03,2633,台灣高鐵,800~1000張,31,-5,0.5,-0.08
2026/07/03,2633,台灣高鐵,千張大戶,137,0,84.41,0.1
2026/07/03,2633,台灣高鐵,零股散戶,19323,-18,0.05,0.0
2026/07/17,2633,台灣高鐵,100~200張,607,-7,1.52,-0.02
2026/07/17,2633,台灣高鐵,10~15張,4440,-17,1.01,0.0
2026/07/17,2633,台灣高鐵,15~20張,3184,-20,1.04,-0.01
2026/07/17,2633,台灣高鐵,1~5張,59986,-119,2.4,-0.01
2026/07/17,2633,台灣高鐵,200~400張,228,-3,1.12,-0.01
2026/07/17,2633,台灣高鐵,20~30張,2414,-32,1.1,-0.01
2026/07/17,2633,台灣高鐵,30~40張,1342,-19,0.87,-0.01
2026/07/17,2633,台灣高鐵,400~600張,89,-1,0.79,-0.01
2026/07/17,2633,台灣高鐵,40~50張,804,6,0.66,0.0
2026/07/17,2633,台灣高鐵,50~100張,1464,-7,1.89,-0.01
2026/07/17,2633,台灣高鐵,5~10張,13009,-53,1.85,0.0
2026/07/17,2633,台灣高鐵,600~800張,44,-1,0.54,-0.01
2026/07/17,2633,台灣高鐵,800~1000張,31,0,0.5,0.0
2026/07/17,2633,台灣高鐵,千張大戶,134,-5,84.58,0.09
2026/07/17,2633,台灣高鐵,零股散戶,19316,-4,0.05,0.0
2026/07/24,2633,台灣高鐵,100~200張,599,-8,1.5,-0.02
2026/07/24,2633,台灣高鐵,10~15張,4426,-14,1.0,-0.01
2026/07/24,2633,台灣高鐵,15~20張,3174,-10,1.04,0.0
2026/07/24,2633,台灣高鐵,1~5張,59753,-233,2.39,-0.01
2026/07/24,2633,台灣高鐵,200~400張,228,0,1.12,0.0
2026/07/24,2633,台灣高鐵,20~30張,2402,-12,1.09,-0.01
2026/07/24,2633,台灣高鐵,30~40張,1359,17,0.88,0.01
2026/07/24,2633,台灣高鐵,400~600張,92,3,0.82,0.03
2026/07/24,2633,台灣高鐵,40~50張,800,-4,0.66,0.0
2026/07/24,2633,台灣高鐵,50~100張,1452,-12,1.88,-0.01
2026/07/24,2633,台灣高鐵,5~10張,12913,-96,1.83,-0.02
2026/07/24,2633,台灣高鐵,600~800張,41,-3,0.51,-0.03
2026/07/24,2633,台灣高鐵,800~1000張,31,0,0.5,0.0
2026/07/24,2633,台灣高鐵,千張大戶,138,4,84.67,0.09
2026/07/24,2633,台灣高鐵,零股散戶,19305,-11,0.05,0.0
2026/07/31,2633,台灣高鐵,100~200張,590,-9,1.48,-0.02
2026/07/31,2633,台灣高鐵,10~15張,4343,-83,0.98,-0.02
2026/07/31,2633,台灣高鐵,15~20張,3113,-61,1.02,-0.02
2026/07/31,2633,台灣高鐵,1~5張,59123,-630,2.36,-0.03
2026/07/31,2633,台灣高鐵,200~400張,228,0,1.12,0.0
2026/07/31,2633,台灣高鐵,20~30張,2364,-38,1.08,-0.01
2026/07/31,2633,台灣高鐵,30~40張,1344,-15,0.87,-0.01
2026/07/31,2633,台灣高鐵,400~600張,87,-5,0.78,-0.04
2026/07/31,2633,台灣高鐵,40~50張,770,-30,0.64,-0.02
2026/07/31,2633,台灣高鐵,50~100張,1412,-40,1.82,-0.06
2026/07/31,2633,台灣高鐵,5~10張,12760,-153,1.81,-0.02
2026/07/31,2633,台灣高鐵,600~800張,40,-1,0.5,-0.01
2026/07/31,2633,台灣高鐵,800~1000張,31,0,0.5,0.0
2026/07/31,2633,台灣高鐵,千張大戶,140,2,84.93,0.26
2026/07/31,2633,台灣高鐵,零股散戶,19313,8,0.05,0.0
2026/04/24,2727,王品,100~200張,49,2,8.46,0.46
2026/04/24,2727,王品,10~15張,220,5,3.32,0.14
2026/04/24,2727,王品,15~20張,131,0,2.86,0.05
2026/04/24,2727,王品,1~5張,11525,67,22.02,0.55
2026/04/24,2727,王品,200~400張,27,1,8.8,0.43
2026/04/24,2727,王品,20~30張,114,2,3.39,0.14
2026/04/24,2727,王品,30~40張,49,0,2.05,0.02
2026/04/24,2727,王品,400~600張,11,0,6.78,-0.07
2026/04/24,2727,王品,40~50張,32,-1,1.76,-0.01
2026/04/24,2727,王品,50~100張,75,4,6.19,0.34
2026/04/24,2727,王品,5~10張,669,8,5.95,0.19
2026/04/24,2727,王品,600~800張,2,0,1.86,0.18
2026/04/24,2727,王品,800~1000張,7,-1,7.58,-0.87
2026/04/24,2727,王品,千張大戶,7,-1,15.87,-1.63
2026/04/24,2727,王品,零股散戶,144589,-585,3.03,0.07
2026/05/08,2727,王品,100~200張,45,-2,7.85,-0.42
2026/05/08,2727,王品,10~15張,218,0,3.3,-0.01
2026/05/08,2727,王品,15~20張,126,-8,2.75,-0.18
2026/05/08,2727,王品,1~5張,11215,-231,21.5,-0.39
2026/05/08,2727,王品,200~400張,29,1,9.4,0.31
2026/05/08,2727,王品,20~30張,108,-1,3.19,-0.05
2026/05/08,2727,王品,30~40張,49,-1,2.04,-0.06
2026/05/08,2727,王品,400~600張,12,1,7.28,0.52
2026/05/08,2727,王品,40~50張,29,-3,1.58,-0.17
2026/05/08,2727,王品,50~100張,83,6,6.93,0.47
2026/05/08,2727,王品,5~10張,653,-7,5.81,-0.06
2026/05/08,2727,王品,600~800張,1,-1,0.93,-0.96
2026/05/08,2727,王品,800~1000張,8,1,8.61,1.01
2026/05/08,2727,王品,千張大戶,7,0,15.77,0.03
2026/05/08,2727,王品,零股散戶,143812,-696,2.98,-0.06
2026/05/15,2727,王品,100~200張,40,-5,7.03,-0.82
2026/05/15,2727,王品,10~15張,224,6,3.39,0.09
2026/05/15,2727,王品,15~20張,130,4,2.85,0.1
2026/05/15,2727,王品,1~5張,10952,-263,20.99,-0.51
2026/05/15,2727,王品,200~400張,29,0,9.59,0.19
2026/05/15,2727,王品,20~30張,104,-4,3.09,-0.1
2026/05/15,2727,王品,30~40張,47,-2,1.97,-0.07
2026/05/15,2727,王品,400~600張,11,-1,6.88,-0.4
2026/05/15,2727,王品,40~50張,30,1,1.62,0.04
2026/05/15,2727,王品,50~100張,80,-3,6.67,-0.26
2026/05/15,2727,王品,5~10張,644,-9,5.73,-0.08
2026/05/15,2727,王品,600~800張,3,2,2.44,1.51
2026/05/15,2727,王品,800~1000張,8,0,8.66,0.05
2026/05/15,2727,王品,千張大戶,7,0,16.1,0.33
2026/05/15,2727,王品,零股散戶,143014,-798,2.91,-0.07
2026/05/22,2727,王品,100~200張,40,0,6.92,-0.11
2026/05/22,2727,王品,10~15張,221,-3,3.33,-0.06
2026/05/22,2727,王品,15~20張,128,-2,2.8,-0.05
2026/05/22,2727,王品,1~5張,10856,-96,20.8,-0.19
2026/05/22,2727,王品,200~400張,30,1,9.76,0.17
2026/05/22,2727,王品,20~30張,106,2,3.17,0.08
2026/05/22,2727,王品,30~40張,50,3,2.1,0.13
2026/05/22,2727,王品,400~600張,11,0,6.81,-0.07
2026/05/22,2727,王品,40~50張,32,2,1.73,0.11
2026/05/22,2727,王品,50~100張,77,-3,6.44,-0.23
2026/05/22,2727,王品,5~10張,651,7,5.75,0.02
2026/05/22,2727,王品,600~800張,3,0,2.67,0.23
2026/05/22,2727,王品,800~1000張,8,0,8.64,-0.02
2026/05/22,2727,王品,千張大戶,7,0,16.1,0.0
2026/05/22,2727,王品,零股散戶,142627,-387,2.9,-0.01
2026/05/29,2727,王品,100~200張,40,0,6.89,-0.03
2026/05/29,2727,王品,10~15張,222,1,3.34,0.01
2026/05/29,2727,王品,15~20張,129,1,2.8,0.0
2026/05/29,2727,王品,1~5張,10885,29,20.86,0.06
2026/05/29,2727,王品,200~400張,30,0,9.74,-0.02
2026/05/29,2727,王品,20~30張,109,3,3.24,0.07
2026/05/29,2727,王品,30~40張,52,2,2.19,0.09
2026/05/29,2727,王品,400~600張,11,0,6.86,0.05
2026/05/29,2727,王品,40~50張,31,-1,1.65,-0.08
2026/05/29,2727,王品,50~100張,78,1,6.49,0.05
2026/05/29,2727,王品,5~10張,658,7,5.84,0.09
2026/05/29,2727,王品,600~800張,4,1,3.51,0.84
2026/05/29,2727,王品,800~1000張,6,-2,6.42,-2.22
2026/05/29,2727,王品,千張大戶,8,1,17.2,1.1
2026/05/29,2727,王品,零股散戶,142107,-520,2.89,-0.01
2026/06/05,2727,王品,100~200張,40,0,6.93,0.04
2026/06/05,2727,王品,10~15張,214,-8,3.2,-0.14
2026/06/05,2727,王品,15~20張,122,-7,2.66,-0.14
2026/06/05,2727,王品,1~5張,10502,-383,20.15,-0.71
2026/06/05,2727,王品,200~400張,33,3,10.85,1.11
2026/06/05,2727,王品,20~30張,102,-7,3.03,-0.21
2026/06/05,2727,王品,30~40張,56,4,2.36,0.17
2026/06/05,2727,王品,400~600張,10,-1,6.17,-0.69
2026/06/05,2727,王品,40~50張,27,-4,1.42,-0.23
2026/06/05,2727,王品,50~100張,77,-1,6.34,-0.15
2026/06/05,2727,王品,5~10張,633,-25,5.63,-0.21
2026/06/05,2727,王品,600~800張,4,0,3.48,-0.03
2026/06/05,2727,王品,800~1000張,7,1,7.42,1.0
2026/06/05,2727,王品,千張大戶,8,0,17.47,0.27
2026/06/05,2727,王品,零股散戶,140956,-1151,2.82,-0.07
2026/06/12,2727,王品,100~200張,41,1,7.06,0.13
2026/06/12,2727,王品,10~15張,208,-6,3.12,-0.08
2026/06/12,2727,王品,15~20張,117,-5,2.56,-0.1
2026/06/12,2727,王品,1~5張,10215,-287,19.62,-0.53
2026/06/12,2727,王品,200~400張,32,-1,10.78,-0.07
2026/06/12,2727,王品,20~30張,100,-2,2.98,-0.05
2026/06/12,2727,王品,30~40張,53,-3,2.23,-0.13
2026/06/12,2727,王品,400~600張,11,1,6.64,0.47
2026/06/12,2727,王品,40~50張,26,-1,1.39,-0.03
2026/06/12,2727,王品,50~100張,77,0,6.44,0.1
2026/06/12,2727,王品,5~10張,626,-7,5.57,-0.06
2026/06/12,2727,王品,600~800張,4,0,3.52,0.04
2026/06/12,2727,王品,800~1000張,7,0,7.58,0.16
2026/06/12,2727,王品,千張大戶,8,0,17.66,0.19
2026/06/12,2727,王品,零股散戶,140383,-573,2.77,-0.05
2026/06/26,2727,王品,100~200張,41,-1,6.99,-0.16
2026/06/26,2727,王品,10~15張,197,-5,2.97,-0.06
2026/06/26,2727,王品,15~20張,114,-3,2.48,-0.08
2026/06/26,2727,王品,1~5張,10131,-52,19.35,-0.16
2026/06/26,2727,王品,200~400張,31,-2,10.46,-0.8
2026/06/26,2727,王品,20~30張,95,-5,2.85,-0.15
2026/06/26,2727,王品,30~40張,48,2,2.04,0.1
2026/06/26,2727,王品,400~600張,13,2,7.71,1.03
2026/06/26,2727,王品,40~50張,29,3,1.56,0.16
2026/06/26,2727,王品,50~100張,72,-2,6.06,-0.09
2026/06/26,2727,王品,5~10張,623,-6,5.57,-0.03
2026/06/26,2727,王品,600~800張,4,0,3.55,0.01
2026/06/26,2727,王品,800~1000張,6,-1,6.42,-1.21
2026/06/26,2727,王品,千張大戶,9,1,19.17,1.44
2026/06/26,2727,王品,零股散戶,139514,-495,2.75,0.0
2026/07/03,2727,王品,100~200張,39,-2,6.68,-0.31
2026/07/03,2727,王品,10~15張,193,-4,2.92,-0.05
2026/07/03,2727,王品,15~20張,114,0,2.48,0.0
2026/07/03,2727,王品,1~5張,10088,-43,19.26,-0.09
2026/07/03,2727,王品,200~400張,33,2,11.05,0.59
2026/07/03,2727,王品,20~30張,93,-2,2.79,-0.06
2026/07/03,2727,王品,30~40張,54,6,2.32,0.28
2026/07/03,2727,王品,400~600張,13,0,7.7,-0.01
2026/07/03,2727,王品,40~50張,27,-2,1.46,-0.1
2026/07/03,2727,王品,50~100張,69,-3,5.87,-0.19
2026/07/03,2727,王品,5~10張,615,-8,5.47,-0.1
2026/07/03,2727,王品,600~800張,3,-1,2.62,-0.93
2026/07/03,2727,王品,800~1000張,8,2,8.48,2.06
2026/07/03,2727,王品,千張大戶,8,-1,18.08,-1.09
2026/07/03,2727,王品,零股散戶,139129,-385,2.75,0.0
2026/07/17,2727,王品,100~200張,43,0,7.55,0.05
2026/07/17,2727,王品,10~15張,203,9,3.05,0.11
2026/07/17,2727,王品,15~20張,118,4,2.57,0.09
2026/07/17,2727,王品,1~5張,10901,772,20.89,1.59
2026/07/17,2727,王品,200~400張,30,-3,9.94,-1.25
2026/07/17,2727,王品,20~30張,96,3,2.91,0.12
2026/07/17,2727,王品,30~40張,46,-7,1.94,-0.3
2026/07/17,2727,王品,400~600張,13,2,7.78,1.24
2026/07/17,2727,王品,40~50張,29,3,1.56,0.17
2026/07/17,2727,王品,50~100張,67,1,5.69,0.06
2026/07/17,2727,王品,5~10張,656,37,5.88,0.38
2026/07/17,2727,王品,600~800張,4,-1,3.42,-0.84
2026/07/17,2727,王品,800~1000張,6,-1,6.42,-1.04
2026/07/17,2727,王品,千張大戶,8,0,17.49,-0.49
2026/07/17,2727,王品,零股散戶,139028,164,2.83,0.08
2026/07/24,2727,王品,100~200張,44,1,7.82,0.27
2026/07/24,2727,王品,10~15張,194,-9,2.93,-0.12
2026/07/24,2727,王品,15~20張,112,-6,2.44,-0.13
2026/07/24,2727,王品,1~5張,10614,-287,20.37,-0.52
2026/07/24,2727,王品,200~400張,28,-2,9.19,-0.75
2026/07/24,2727,王品,20~30張,97,1,2.94,0.03
2026/07/24,2727,王品,30~40張,49,3,2.08,0.14
2026/07/24,2727,王品,400~600張,15,2,8.87,1.09
2026/07/24,2727,王品,40~50張,27,-2,1.45,-0.11
2026/07/24,2727,王品,50~100張,67,0,5.57,-0.12
2026/07/24,2727,王品,5~10張,643,-13,5.75,-0.13
2026/07/24,2727,王品,600~800張,4,0,3.13,-0.29
2026/07/24,2727,王品,800~1000張,8,2,8.42,2.0
2026/07/24,2727,王品,千張大戶,7,-1,16.14,-1.35
2026/07/24,2727,王品,零股散戶,139057,29,2.84,0.01
2026/07/31,2727,王品,100~200張,45,1,7.83,0.01
2026/07/31,2727,王品,10~15張,181,-13,2.74,-0.19
2026/07/31,2727,王品,15~20張,104,-8,2.27,-0.17
2026/07/31,2727,王品,1~5張,9972,-642,19.13,-1.24
2026/07/31,2727,王品,200~400張,29,1,9.66,0.47
2026/07/31,2727,王品,20~30張,93,-4,2.77,-0.17
2026/07/31,2727,王品,30~40張,48,-1,2.04,-0.04
2026/07/31,2727,王品,400~600張,17,2,9.96,1.09
2026/07/31,2727,王品,40~50張,27,0,1.44,-0.01
2026/07/31,2727,王品,50~100張,66,-1,5.55,-0.02
2026/07/31,2727,王品,5~10張,576,-67,5.13,-0.62
2026/07/31,2727,王品,600~800張,3,-1,2.43,-0.7
2026/07/31,2727,王品,800~1000張,9,1,9.55,1.13
2026/07/31,2727,王品,千張大戶,7,0,16.63,0.49
2026/07/31,2727,王品,零股散戶,138722,-335,2.79,-0.05
2026/04/24,2731,雄獅,100~200張,34,-1,5.22,-0.17
2026/04/24,2731,雄獅,10~15張,207,-1,2.81,-0.01
2026/04/24,2731,雄獅,15~20張,104,6,2.06,0.13
2026/04/24,2731,雄獅,1~5張,8285,282,15.61,0.56
2026/04/24,2731,雄獅,200~400張,26,-1,7.9,-0.22
2026/04/24,2731,雄獅,20~30張,98,-2,2.66,-0.07
2026/04/24,2731,雄獅,30~40張,49,1,1.89,0.03
2026/04/24,2731,雄獅,400~600張,9,0,4.85,-0.1
2026/04/24,2731,雄獅,40~50張,41,3,2.02,0.14
2026/04/24,2731,雄獅,50~100張,62,6,4.51,0.42
2026/04/24,2731,雄獅,5~10張,718,49,5.92,0.41
2026/04/24,2731,雄獅,600~800張,7,2,5.47,1.6
2026/04/24,2731,雄獅,800~1000張,3,-3,2.9,-2.74
2026/04/24,2731,雄獅,千張大戶,10,0,35.11,-0.04
2026/04/24,2731,雄獅,零股散戶,17823,96,0.98,0.03
2026/05/08,2731,雄獅,100~200張,38,3,5.89,0.5
2026/05/08,2731,雄獅,10~15張,209,9,2.82,0.11
2026/05/08,2731,雄獅,15~20張,114,-8,2.26,-0.13
2026/05/08,2731,雄獅,1~5張,8527,-23,16.08,-0.03
2026/05/08,2731,雄獅,200~400張,20,-4,6.38,-0.91
2026/05/08,2731,雄獅,20~30張,102,1,2.78,0.04
2026/05/08,2731,雄獅,30~40張,49,-1,1.88,-0.04
2026/05/08,2731,雄獅,400~600張,10,1,5.35,0.57
2026/05/08,2731,雄獅,40~50張,38,-5,1.87,-0.26
2026/05/08,2731,雄獅,50~100張,70,9,5.07,0.64
2026/05/08,2731,雄獅,5~10張,753,9,6.27,0.12
2026/05/08,2731,雄獅,600~800張,7,-1,5.33,-0.85
2026/05/08,2731,雄獅,800~1000張,2,-1,1.9,-0.91
2026/05/08,2731,雄獅,千張大戶,10,1,35.05,1.15
2026/05/08,2731,雄獅,零股散戶,17806,-32,1.0,0.01
2026/05/15,2731,雄獅,100~200張,32,-6,4.85,-1.04
2026/05/15,2731,雄獅,10~15張,224,15,3.05,0.23
2026/05/15,2731,雄獅,15~20張,124,10,2.46,0.2
2026/05/15,2731,雄獅,1~5張,9043,516,17.24,1.16
2026/05/15,2731,雄獅,200~400張,17,-3,5.29,-1.09
2026/05/15,2731,雄獅,20~30張,106,4,2.93,0.15
2026/05/15,2731,雄獅,30~40張,47,-2,1.8,-0.08
2026/05/15,2731,雄獅,400~600張,10,0,5.35,0.0
2026/05/15,2731,雄獅,40~50張,44,6,2.18,0.31
2026/05/15,2731,雄獅,50~100張,68,-2,5.05,-0.02
2026/05/15,2731,雄獅,5~10張,791,38,6.6,0.33
2026/05/15,2731,雄獅,600~800張,4,-3,3.04,-2.29
2026/05/15,2731,雄獅,800~1000張,4,2,3.74,1.84
2026/05/15,2731,雄獅,千張大戶,10,0,35.32,0.27
2026/05/15,2731,雄獅,零股散戶,17889,83,1.03,0.03
2026/05/22,2731,雄獅,100~200張,35,3,5.33,0.48
2026/05/22,2731,雄獅,10~15張,228,4,3.08,0.03
2026/05/22,2731,雄獅,15~20張,122,-2,2.4,-0.06
2026/05/22,2731,雄獅,1~5張,8999,-44,17.13,-0.11
2026/05/22,2731,雄獅,200~400張,14,-3,4.31,-0.98
2026/05/22,2731,雄獅,20~30張,114,8,3.13,0.2
2026/05/22,2731,雄獅,30~40張,44,-3,1.7,-0.1
2026/05/22,2731,雄獅,400~600張,7,-3,3.81,-1.54
2026/05/22,2731,雄獅,40~50張,40,-4,1.98,-0.2
2026/05/22,2731,雄獅,50~100張,66,-2,4.84,-0.21
2026/05/22,2731,雄獅,5~10張,794,3,6.62,0.02
2026/05/22,2731,雄獅,600~800張,6,2,4.62,1.58
2026/05/22,2731,雄獅,800~1000張,3,-1,2.77,-0.97
2026/05/22,2731,雄獅,千張大戶,11,1,37.18,1.86
2026/05/22,2731,雄獅,零股散戶,17849,-40,1.03,0.0
2026/05/29,2731,雄獅,100~200張,35,0,5.19,-0.14
2026/05/29,2731,雄獅,10~15張,228,0,3.1,0.02
2026/05/29,2731,雄獅,15~20張,118,-4,2.31,-0.09
2026/05/29,2731,雄獅,1~5張,9141,142,17.26,0.13
2026/05/29,2731,雄獅,200~400張,16,2,5.01,0.7
2026/05/29,2731,雄獅,20~30張,104,-10,2.85,-0.28
2026/05/29,2731,雄獅,30~40張,46,2,1.76,0.06
2026/05/29,2731,雄獅,400~600張,8,1,4.37,0.56
2026/05/29,2731,雄獅,40~50張,37,-3,1.82,-0.16
2026/05/29,2731,雄獅,50~100張,64,-2,4.6,-0.24
2026/05/29,2731,雄獅,5~10張,824,30,6.9,0.28
2026/05/29,2731,雄獅,600~800張,5,-1,3.65,-0.97
2026/05/29,2731,雄獅,800~1000張,3,0,2.77,0.0
2026/05/29,2731,雄獅,千張大戶,11,0,37.28,0.1
2026/05/29,2731,雄獅,零股散戶,17946,97,1.05,0.02
2026/06/05,2731,雄獅,100~200張,27,-8,4.06,-1.13
2026/06/05,2731,雄獅,10~15張,216,-12,2.94,-0.16
2026/06/05,2731,雄獅,15~20張,123,5,2.43,0.12
2026/06/05,2731,雄獅,1~5張,8785,-356,16.45,-0.81
2026/06/05,2731,雄獅,200~400張,17,1,5.36,0.35
2026/06/05,2731,雄獅,20~30張,101,-3,2.75,-0.1
2026/06/05,2731,雄獅,30~40張,43,-3,1.67,-0.09
2026/06/05,2731,雄獅,400~600張,8,0,4.13,-0.24
2026/06/05,2731,雄獅,40~50張,34,-3,1.67,-0.15
2026/06/05,2731,雄獅,50~100張,74,10,5.47,0.87
2026/06/05,2731,雄獅,5~10張,768,-56,6.49,-0.41
2026/06/05,2731,雄獅,600~800張,7,2,5.09,1.44
2026/06/05,2731,雄獅,800~1000張,2,-1,1.91,-0.86
2026/06/05,2731,雄獅,千張大戶,12,1,38.46,1.18
2026/06/05,2731,雄獅,零股散戶,17816,-130,1.04,-0.01
2026/06/12,2731,雄獅,100~200張,35,8,4.97,0.91
2026/06/12,2731,雄獅,10~15張,227,11,3.06,0.12
2026/06/12,2731,雄獅,15~20張,136,13,2.67,0.24
2026/06/12,2731,雄獅,1~5張,9901,1116,18.65,2.2
2026/06/12,2731,雄獅,200~400張,16,-1,5.16,-0.2
2026/06/12,2731,雄獅,20~30張,116,15,3.2,0.45
2026/06/12,2731,雄獅,30~40張,39,-4,1.51,-0.16
2026/06/12,2731,雄獅,400~600張,8,0,4.3,0.17
2026/06/12,2731,雄獅,40~50張,33,-1,1.61,-0.06
2026/06/12,2731,雄獅,50~100張,64,-10,4.54,-0.93
2026/06/12,2731,雄獅,5~10張,812,44,6.87,0.38
2026/06/12,2731,雄獅,600~800張,5,-2,3.82,-1.27
2026/06/12,2731,雄獅,800~1000張,3,1,2.88,0.97
2026/06/12,2731,雄獅,千張大戶,10,-2,35.56,-2.9
2026/06/12,2731,雄獅,零股散戶,18231,415,1.12,0.08
2026/06/26,2731,雄獅,100~200張,32,-2,4.8,-0.19
2026/06/26,2731,雄獅,10~15張,242,10,3.25,0.13
2026/06/26,2731,雄獅,15~20張,151,7,3.01,0.16
2026/06/26,2731,雄獅,1~5張,10443,215,19.82,0.48
2026/06/26,2731,雄獅,200~400張,21,5,6.48,1.34
2026/06/26,2731,雄獅,20~30張,114,-7,3.17,-0.18
2026/06/26,2731,雄獅,30~40張,41,4,1.59,0.15
2026/06/26,2731,雄獅,400~600張,5,-1,2.75,-0.6
2026/06/26,2731,雄獅,40~50張,32,2,1.55,0.09
2026/06/26,2731,雄獅,50~100張,53,-10,3.7,-0.76
2026/06/26,2731,雄獅,5~10張,904,58,7.6,0.49
2026/06/26,2731,雄獅,600~800張,4,-1,2.99,-0.71
2026/06/26,2731,雄獅,800~1000張,3,0,2.88,0.0
2026/06/26,2731,雄獅,千張大戶,10,0,35.13,-0.43
2026/06/26,2731,雄獅,零股散戶,18549,129,1.22,0.05
2026/07/03,2731,雄獅,100~200張,31,-1,4.72,-0.08
2026/07/03,2731,雄獅,10~15張,253,11,3.42,0.17
2026/07/03,2731,雄獅,15~20張,149,-2,2.96,-0.05
2026/07/03,2731,雄獅,1~5張,10665,222,20.37,0.55
2026/07/03,2731,雄獅,200~400張,18,-3,5.49,-0.99
2026/07/03,2731,雄獅,20~30張,119,5,3.28,0.11
2026/07/03,2731,雄獅,30~40張,51,10,1.95,0.36
2026/07/03,2731,雄獅,400~600張,6,1,3.28,0.53
2026/07/03,2731,雄獅,40~50張,36,4,1.74,0.19
2026/07/03,2731,雄獅,50~100張,57,4,4.04,0.34
2026/07/03,2731,雄獅,5~10張,932,28,7.82,0.22
2026/07/03,2731,雄獅,600~800張,4,0,2.99,0.0
2026/07/03,2731,雄獅,800~1000張,3,0,2.88,0.0
2026/07/03,2731,雄獅,千張大戶,9,-1,33.73,-1.4
2026/07/03,2731,雄獅,零股散戶,18557,8,1.24,0.02
2026/07/17,2731,雄獅,100~200張,31,5,4.53,0.53
2026/07/17,2731,雄獅,10~15張,257,1,3.46,0.01
2026/07/17,2731,雄獅,15~20張,167,4,3.3,0.07
2026/07/17,2731,雄獅,1~5張,10686,-40,20.68,0.1
2026/07/17,2731,雄獅,200~400張,17,-4,5.32,-1.3
2026/07/17,2731,雄獅,20~30張,124,5,3.43,0.13
2026/07/17,2731,雄獅,30~40張,48,4,1.84,0.16
2026/07/17,2731,雄獅,400~600張,5,1,2.78,0.47
2026/07/17,2731,雄獅,40~50張,33,-5,1.62,-0.23
2026/07/17,2731,雄獅,50~100張,60,2,4.2,0.08
2026/07/17,2731,雄獅,5~10張,934,-7,7.81,-0.07
2026/07/17,2731,雄獅,600~800張,3,0,2.15,0.0
2026/07/17,2731,雄獅,800~1000張,4,0,3.82,0.07
2026/07/17,2731,雄獅,千張大戶,9,0,33.73,0.0
2026/07/17,2731,雄獅,零股散戶,18616,26,1.26,0.01
2026/07/24,2731,雄獅,100~200張,26,-5,3.83,-0.7
2026/07/24,2731,雄獅,10~15張,260,3,3.49,0.03
2026/07/24,2731,雄獅,15~20張,166,-1,3.28,-0.02
2026/07/24,2731,雄獅,1~5張,10603,-83,20.56,-0.12
2026/07/24,2731,雄獅,200~400張,17,0,5.12,-0.2
2026/07/24,2731,雄獅,20~30張,123,-1,3.39,-0.04
2026/07/24,2731,雄獅,30~40張,52,4,2.0,0.16
2026/07/24,2731,雄獅,400~600張,6,1,3.24,0.46
2026/07/24,2731,雄獅,40~50張,35,2,1.72,0.1
2026/07/24,2731,雄獅,50~100張,63,3,4.46,0.26
2026/07/24,2731,雄獅,5~10張,947,13,7.87,0.06
2026/07/24,2731,雄獅,600~800張,3,0,2.15,0.0
2026/07/24,2731,雄獅,800~1000張,4,0,3.82,0.0
2026/07/24,2731,雄獅,千張大戶,9,0,33.73,0.0
2026/07/24,2731,雄獅,零股散戶,18613,-3,1.27,0.01
2026/07/31,2731,雄獅,100~200張,27,1,3.93,0.1
2026/07/31,2731,雄獅,10~15張,269,9,3.61,0.12
2026/07/31,2731,雄獅,15~20張,161,-5,3.17,-0.11
2026/07/31,2731,雄獅,1~5張,10447,-156,20.23,-0.33
2026/07/31,2731,雄獅,200~400張,18,1,5.71,0.59
2026/07/31,2731,雄獅,20~30張,120,-3,3.31,-0.08
2026/07/31,2731,雄獅,30~40張,48,-4,1.83,-0.17
2026/07/31,2731,雄獅,400~600張,6,0,3.18,-0.06
2026/07/31,2731,雄獅,40~50張,35,0,1.71,-0.01
2026/07/31,2731,雄獅,50~100張,61,-2,4.37,-0.09
2026/07/31,2731,雄獅,5~10張,949,2,7.91,0.04
2026/07/31,2731,雄獅,600~800張,3,0,2.15,0.0
2026/07/31,2731,雄獅,800~1000張,4,0,3.82,0.0
2026/07/31,2731,雄獅,千張大戶,9,0,33.73,0.0
2026/07/31,2731,雄獅,零股散戶,18573,-40,1.26,-0.01
2026/04/24,2753,八方雲集,100~200張,29,1,5.86,0.22
2026/04/24,2753,八方雲集,10~15張,119,-1,2.31,-0.01
2026/04/24,2753,八方雲集,15~20張,82,3,2.25,0.09
2026/04/24,2753,八方雲集,1~5張,3678,98,9.93,0.23
2026/04/24,2753,八方雲集,200~400張,11,-1,4.75,-0.4
2026/04/24,2753,八方雲集,20~30張,60,-2,2.24,-0.09
2026/04/24,2753,八方雲集,30~40張,38,0,2.01,0.02
2026/04/24,2753,八方雲集,400~600張,9,0,6.71,-0.1
2026/04/24,2753,八方雲集,40~50張,30,0,2.04,0.0
2026/04/24,2753,八方雲集,50~100張,48,-2,5.05,-0.12
2026/04/24,2753,八方雲集,5~10張,330,20,3.81,0.24
2026/04/24,2753,八方雲集,600~800張,5,0,5.38,-0.08
2026/04/24,2753,八方雲集,800~1000張,1,0,1.31,0.0
2026/04/24,2753,八方雲集,千張大戶,9,0,45.17,0.0
2026/04/24,2753,八方雲集,零股散戶,5388,9,1.1,0.01
2026/05/08,2753,八方雲集,100~200張,26,-1,5.16,-0.19
2026/05/08,2753,八方雲集,10~15張,115,1,2.23,0.03
2026/05/08,2753,八方雲集,15~20張,84,-2,2.29,-0.05
2026/05/08,2753,八方雲集,1~5張,3740,17,10.15,0.12
2026/05/08,2753,八方雲集,200~400張,12,1,5.18,0.57
2026/05/08,2753,八方雲集,20~30張,59,1,2.19,0.04
2026/05/08,2753,八方雲集,30~40張,40,-2,2.14,-0.09
2026/05/08,2753,八方雲集,400~600張,8,0,5.92,-0.17
2026/05/08,2753,八方雲集,40~50張,29,0,1.98,0.0
2026/05/08,2753,八方雲集,50~100張,54,0,5.78,0.03
2026/05/08,2753,八方雲集,5~10張,336,-8,3.88,-0.09
2026/05/08,2753,八方雲集,600~800張,5,1,5.44,1.03
2026/05/08,2753,八方雲集,800~1000張,1,-1,1.31,-1.21
2026/05/08,2753,八方雲集,千張大戶,9,0,45.17,0.0
2026/05/08,2753,八方雲集,零股散戶,5339,-26,1.1,-0.01
2026/05/15,2753,八方雲集,100~200張,25,-1,5.0,-0.16
2026/05/15,2753,八方雲集,10~15張,121,6,2.34,0.11
2026/05/15,2753,八方雲集,15~20張,93,9,2.54,0.25
2026/05/15,2753,八方雲集,1~5張,3906,166,10.57,0.42
2026/05/15,2753,八方雲集,200~400張,12,0,5.32,0.14
2026/05/15,2753,八方雲集,20~30張,58,-1,2.15,-0.04
2026/05/15,2753,八方雲集,30~40張,46,6,2.47,0.33
2026/05/15,2753,八方雲集,400~600張,7,-1,5.27,-0.65
2026/05/15,2753,八方雲集,40~50張,22,-7,1.49,-0.49
2026/05/15,2753,八方雲集,50~100張,57,3,5.97,0.19
2026/05/15,2753,八方雲集,5~10張,349,13,4.03,0.15
2026/05/15,2753,八方雲集,600~800張,5,0,5.41,-0.03
2026/05/15,2753,八方雲集,800~1000張,2,1,2.6,1.29
2026/05/15,2753,八方雲集,千張大戶,8,-1,43.66,-1.51
2026/05/15,2753,八方雲集,零股散戶,5367,28,1.12,0.02
2026/05/22,2753,八方雲集,100~200張,23,-2,4.53,-0.47
2026/05/22,2753,八方雲集,10~15張,126,5,2.43,0.09
2026/05/22,2753,八方雲集,15~20張,94,1,2.58,0.04
2026/05/22,2753,八方雲集,1~5張,4071,165,11.09,0.52
2026/05/22,2753,八方雲集,200~400張,14,2,5.89,0.57
2026/05/22,2753,八方雲集,20~30張,60,2,2.25,0.1
2026/05/22,2753,八方雲集,30~40張,47,1,2.5,0.03
2026/05/22,2753,八方雲集,400~600張,5,-2,3.79,-1.48
2026/05/22,2753,八方雲集,40~50張,20,-2,1.38,-0.11
2026/05/22,2753,八方雲集,50~100張,57,0,6.16,0.19
2026/05/22,2753,八方雲集,5~10張,385,36,4.47,0.44
2026/05/22,2753,八方雲集,600~800張,5,0,5.44,0.03
2026/05/22,2753,八方雲集,800~1000張,2,0,2.6,0.0
2026/05/22,2753,八方雲集,千張大戶,8,0,43.66,0.0
2026/05/22,2753,八方雲集,零股散戶,5429,62,1.15,0.03
2026/05/29,2753,八方雲集,100~200張,24,1,4.72,0.19
2026/05/29,2753,八方雲集,10~15張,133,7,2.57,0.14
2026/05/29,2753,八方雲集,15~20張,93,-1,2.55,-0.03
2026/05/29,2753,八方雲集,1~5張,4204,133,11.42,0.33
2026/05/29,2753,八方雲集,200~400張,12,-2,4.98,-0.91
2026/05/29,2753,八方雲集,20~30張,55,-5,2.11,-0.14
2026/05/29,2753,八方雲集,30~40張,45,-2,2.4,-0.1
2026/05/29,2753,八方雲集,400~600張,5,0,3.77,-0.02
2026/05/29,2753,八方雲集,40~50張,23,3,1.58,0.2
2026/05/29,2753,八方雲集,50~100張,59,2,6.38,0.22
2026/05/29,2753,八方雲集,5~10張,391,6,4.49,0.02
2026/05/29,2753,八方雲集,600~800張,5,0,5.5,0.06
2026/05/29,2753,八方雲集,800~1000張,2,0,2.62,0.02
2026/05/29,2753,八方雲集,千張大戶,8,0,43.66,0.0
2026/05/29,2753,八方雲集,零股散戶,5683,254,1.19,0.04
2026/06/05,2753,八方雲集,100~200張,23,-1,4.55,-0.17
2026/06/05,2753,八方雲集,10~15張,122,-11,2.36,-0.21
2026/06/05,2753,八方雲集,15~20張,93,0,2.55,0.0
2026/06/05,2753,八方雲集,1~5張,4074,-130,11.06,-0.36
2026/06/05,2753,八方雲集,200~400張,13,1,5.41,0.43
2026/06/05,2753,八方雲集,20~30張,56,1,2.13,0.02
2026/06/05,2753,八方雲集,30~40張,45,0,2.39,-0.01
2026/06/05,2753,八方雲集,400~600張,5,0,3.94,0.17
2026/06/05,2753,八方雲集,40~50張,28,5,1.92,0.34
2026/06/05,2753,八方雲集,50~100張,57,-2,6.34,-0.04
2026/06/05,2753,八方雲集,5~10張,373,-18,4.3,-0.19
2026/06/05,2753,八方雲集,600~800張,5,0,5.5,0.0
2026/06/05,2753,八方雲集,800~1000張,2,0,2.62,0.0
2026/06/05,2753,八方雲集,千張大戶,8,0,43.66,0.0
2026/06/05,2753,八方雲集,零股散戶,5623,-60,1.17,-0.02
2026/06/12,2753,八方雲集,100~200張,20,-3,3.93,-0.62
2026/06/12,2753,八方雲集,10~15張,113,-9,2.19,-0.17
2026/06/12,2753,八方雲集,15~20張,92,-1,2.5,-0.05
2026/06/12,2753,八方雲集,1~5張,3945,-129,10.71,-0.35
2026/06/12,2753,八方雲集,200~400張,15,2,6.24,0.83
2026/06/12,2753,八方雲集,20~30張,55,-1,2.08,-0.05
2026/06/12,2753,八方雲集,30~40張,45,0,2.43,0.04
2026/06/12,2753,八方雲集,400~600張,4,-1,3.07,-0.87
2026/06/12,2753,八方雲集,40~50張,23,-5,1.58,-0.34
2026/06/12,2753,八方雲集,50~100張,62,5,6.77,0.43
2026/06/12,2753,八方雲集,5~10張,377,4,4.36,0.06
2026/06/12,2753,八方雲集,600~800張,6,1,6.65,1.15
2026/06/12,2753,八方雲集,800~1000張,2,0,2.62,0.0
2026/06/12,2753,八方雲集,千張大戶,8,0,43.66,0.0
2026/06/12,2753,八方雲集,零股散戶,5545,-78,1.13,-0.04
2026/06/26,2753,八方雲集,100~200張,19,-2,3.72,-0.61
2026/06/26,2753,八方雲集,10~15張,105,-9,2.02,-0.17
2026/06/26,2753,八方雲集,15~20張,87,-9,2.38,-0.24
2026/06/26,2753,八方雲集,1~5張,4243,271,11.13,0.45
2026/06/26,2753,八方雲集,200~400張,18,3,7.64,1.1
2026/06/26,2753,八方雲集,20~30張,55,4,2.1,0.18
2026/06/26,2753,八方雲集,30~40張,44,-3,2.38,-0.17
2026/06/26,2753,八方雲集,400~600張,4,-1,3.08,-0.61
2026/06/26,2753,八方雲集,40~50張,23,-1,1.58,-0.06
2026/06/26,2753,八方雲集,50~100張,58,-1,6.36,-0.04
2026/06/26,2753,八方雲集,5~10張,390,10,4.54,0.14
2026/06/26,2753,八方雲集,600~800張,5,0,5.6,-0.01
2026/06/26,2753,八方雲集,800~1000張,2,0,2.57,0.0
2026/06/26,2753,八方雲集,千張大戶,8,0,43.66,0.0
2026/06/26,2753,八方雲集,零股散戶,6326,446,1.19,0.05
2026/07/03,2753,八方雲集,100~200張,23,4,4.53,0.81
2026/07/03,2753,八方雲集,10~15張,109,4,2.1,0.08
2026/07/03,2753,八方雲集,15~20張,88,1,2.42,0.04
2026/07/03,2753,八方雲集,1~5張,4574,331,11.9,0.77
2026/07/03,2753,八方雲集,200~400張,15,-3,6.17,-1.47
2026/07/03,2753,八方雲集,20~30張,58,3,2.2,0.1
2026/07/03,2753,八方雲集,30~40張,37,-7,2.02,-0.36
2026/07/03,2753,八方雲集,400~600張,4,0,2.97,-0.11
2026/07/03,2753,八方雲集,40~50張,26,3,1.79,0.21
2026/07/03,2753,八方雲集,50~100張,57,-1,6.27,-0.09
2026/07/03,2753,八方雲集,5~10張,393,3,4.55,0.01
2026/07/03,2753,八方雲集,600~800張,5,0,5.55,-0.05
2026/07/03,2753,八方雲集,800~1000張,2,0,2.57,0.0
2026/07/03,2753,八方雲集,千張大戶,8,0,43.66,0.0
2026/07/03,2753,八方雲集,零股散戶,6571,245,1.24,0.05
2026/07/17,2753,八方雲集,100~200張,23,0,4.65,0.1
2026/07/17,2753,八方雲集,10~15張,112,3,2.15,0.04
2026/07/17,2753,八方雲集,15~20張,89,1,2.45,0.03
2026/07/17,2753,八方雲集,1~5張,4589,31,11.93,0.09
2026/07/17,2753,八方雲集,200~400張,15,0,6.33,0.23
2026/07/17,2753,八方雲集,20~30張,62,4,2.33,0.13
2026/07/17,2753,八方雲集,30~40張,36,-3,1.94,-0.17
2026/07/17,2753,八方雲集,400~600張,4,0,2.99,0.02
2026/07/17,2753,八方雲集,40~50張,25,-1,1.72,-0.09
2026/07/17,2753,八方雲集,50~100張,55,-1,5.94,-0.35
2026/07/17,2753,八方雲集,5~10張,394,-1,4.52,-0.04
2026/07/17,2753,八方雲集,600~800張,5,0,5.46,-0.02
2026/07/17,2753,八方雲集,800~1000張,2,0,2.57,0.0
2026/07/17,2753,八方雲集,千張大戶,8,0,43.66,0.0
2026/07/17,2753,八方雲集,零股散戶,6677,51,1.29,0.02
2026/07/24,2753,八方雲集,100~200張,23,0,4.48,-0.17
2026/07/24,2753,八方雲集,10~15張,104,-8,2.01,-0.14
2026/07/24,2753,八方雲集,15~20張,94,5,2.57,0.12
2026/07/24,2753,八方雲集,1~5張,4641,52,12.09,0.16
2026/07/24,2753,八方雲集,200~400張,15,0,6.3,-0.03
2026/07/24,2753,八方雲集,20~30張,66,4,2.49,0.16
2026/07/24,2753,八方雲集,30~40張,36,0,1.94,0.0
2026/07/24,2753,八方雲集,400~600張,4,0,2.99,0.0
2026/07/24,2753,八方雲集,40~50張,26,1,1.8,0.08
2026/07/24,2753,八方雲集,50~100張,53,-2,5.7,-0.24
2026/07/24,2753,八方雲集,5~10張,399,5,4.63,0.11
2026/07/24,2753,八方雲集,600~800張,5,0,5.42,-0.04
2026/07/24,2753,八方雲集,800~1000張,2,0,2.66,0.09
2026/07/24,2753,八方雲集,千張大戶,8,0,43.54,-0.12
2026/07/24,2753,八方雲集,零股散戶,6711,34,1.31,0.02
2026/07/31,2753,八方雲集,100~200張,21,-2,4.08,-0.4
2026/07/31,2753,八方雲集,10~15張,106,2,2.04,0.03
2026/07/31,2753,八方雲集,15~20張,90,-4,2.46,-0.11
2026/07/31,2753,八方雲集,1~5張,4542,-99,11.84,-0.25
2026/07/31,2753,八方雲集,200~400張,17,2,6.92,0.62
2026/07/31,2753,八方雲集,20~30張,66,0,2.47,-0.02
2026/07/31,2753,八方雲集,30~40張,38,2,2.06,0.12
2026/07/31,2753,八方雲集,400~600張,5,1,3.44,0.45
2026/07/31,2753,八方雲集,40~50張,24,-2,1.64,-0.16
2026/07/31,2753,八方雲集,50~100張,51,-2,5.65,-0.05
2026/07/31,2753,八方雲集,5~10張,385,-14,4.48,-0.15
2026/07/31,2753,八方雲集,600~800張,5,0,5.33,-0.09
2026/07/31,2753,八方雲集,800~1000張,2,0,2.66,0.0
2026/07/31,2753,八方雲集,千張大戶,8,0,43.54,0.0
2026/07/31,2753,八方雲集,零股散戶,6698,-13,1.31,0.0
2026/04/24,2801,彰銀,100~200張,3614,6,4.19,0.0
2026/04/24,2801,彰銀,10~15張,15063,-29,1.54,0.0
2026/04/24,2801,彰銀,15~20張,8521,-62,1.28,-0.01
2026/04/24,2801,彰銀,1~5張,96473,-193,1.85,0.0
2026/04/24,2801,彰銀,200~400張,1594,-2,3.73,0.0
2026/04/24,2801,彰銀,20~30張,9250,-9,1.91,0.0
2026/04/24,2801,彰銀,30~40張,4826,-24,1.42,-0.01
2026/04/24,2801,彰銀,400~600張,405,-1,1.67,-0.01
2026/04/24,2801,彰銀,40~50張,2848,16,1.09,0.01
2026/04/24,2801,彰銀,50~100張,6482,-8,3.83,-0.01
2026/04/24,2801,彰銀,5~10張,30710,-63,1.87,-0.01
2026/04/24,2801,彰銀,600~800張,205,0,1.21,0.01
2026/04/24,2801,彰銀,800~1000張,123,1,0.93,0.01
2026/04/24,2801,彰銀,千張大戶,582,0,73.28,0.03
2026/04/24,2801,彰銀,零股散戶,87746,-265,0.14,0.0
2026/05/08,2801,彰銀,100~200張,3642,28,4.21,0.02
2026/05/08,2801,彰銀,10~15張,15186,152,1.55,0.01
2026/05/08,2801,彰銀,15~20張,8591,88,1.29,0.02
2026/05/08,2801,彰銀,1~5張,97411,1054,1.87,0.02
2026/05/08,2801,彰銀,200~400張,1628,18,3.8,0.04
2026/05/08,2801,彰銀,20~30張,9263,29,1.91,0.01
2026/05/08,2801,彰銀,30~40張,4873,41,1.44,0.02
2026/05/08,2801,彰銀,400~600張,417,5,1.72,0.03
2026/05/08,2801,彰銀,40~50張,2888,41,1.1,0.01
2026/05/08,2801,彰銀,50~100張,6516,47,3.86,0.04
2026/05/08,2801,彰銀,5~10張,30935,266,1.89,0.02
2026/05/08,2801,彰銀,600~800張,201,-5,1.18,-0.03
2026/05/08,2801,彰銀,800~1000張,124,-2,0.94,-0.01
2026/05/08,2801,彰銀,千張大戶,583,2,73.02,-0.2
2026/05/08,2801,彰銀,零股散戶,87680,-201,0.14,0.0
2026/05/15,2801,彰銀,100~200張,3670,28,4.25,0.04
2026/05/15,2801,彰銀,10~15張,15355,169,1.57,0.02
2026/05/15,2801,彰銀,15~20張,8779,188,1.32,0.03
2026/05/15,2801,彰銀,1~5張,98015,604,1.89,0.02
2026/05/15,2801,彰銀,200~400張,1660,32,3.88,0.08
2026/05/15,2801,彰銀,20~30張,9331,68,1.93,0.02
2026/05/15,2801,彰銀,30~40張,4959,86,1.46,0.02
2026/05/15,2801,彰銀,400~600張,418,1,1.72,0.0
2026/05/15,2801,彰銀,40~50張,2920,32,1.12,0.02
2026/05/15,2801,彰銀,50~100張,6582,66,3.9,0.04
2026/05/15,2801,彰銀,5~10張,31279,344,1.92,0.03
2026/05/15,2801,彰銀,600~800張,202,1,1.19,0.01
2026/05/15,2801,彰銀,800~1000張,126,2,0.95,0.01
2026/05/15,2801,彰銀,千張大戶,584,1,72.7,-0.32
2026/05/15,2801,彰銀,零股散戶,87468,-212,0.14,0.0
2026/05/22,2801,彰銀,100~200張,3701,31,4.29,0.04
2026/05/22,2801,彰銀,10~15張,15448,93,1.58,0.01
2026/05/22,2801,彰銀,15~20張,8904,125,1.34,0.02
2026/05/22,2801,彰銀,1~5張,98674,659,1.9,0.01
2026/05/22,2801,彰銀,200~400張,1662,2,3.89,0.01
2026/05/22,2801,彰銀,20~30張,9378,47,1.94,0.01
2026/05/22,2801,彰銀,30~40張,5000,41,1.47,0.01
2026/05/22,2801,彰銀,400~600張,428,10,1.77,0.05
2026/05/22,2801,彰銀,40~50張,2958,38,1.13,0.01
2026/05/22,2801,彰銀,50~100張,6667,85,3.95,0.05
2026/05/22,2801,彰銀,5~10張,31586,307,1.94,0.02
2026/05/22,2801,彰銀,600~800張,201,-1,1.19,0.0
2026/05/22,2801,彰銀,800~1000張,132,6,1.0,0.05
2026/05/22,2801,彰銀,千張大戶,585,1,72.39,-0.31
2026/05/22,2801,彰銀,零股散戶,87413,-55,0.13,-0.01
2026/05/29,2801,彰銀,100~200張,3720,19,4.31,0.02
2026/05/29,2801,彰銀,10~15張,15605,157,1.6,0.02
2026/05/29,2801,彰銀,15~20張,9072,168,1.37,0.03
2026/05/29,2801,彰銀,1~5張,99433,759,1.92,0.02
2026/05/29,2801,彰銀,200~400張,1664,2,3.9,0.01
2026/05/29,2801,彰銀,20~30張,9445,67,1.95,0.01
2026/05/29,2801,彰銀,30~40張,5058,58,1.49,0.02
2026/05/29,2801,彰銀,400~600張,442,14,1.83,0.06
2026/05/29,2801,彰銀,40~50張,3036,78,1.16,0.03
2026/05/29,2801,彰銀,50~100張,6749,82,4.0,0.05
2026/05/29,2801,彰銀,5~10張,31930,344,1.97,0.03
2026/05/29,2801,彰銀,600~800張,202,1,1.2,0.01
2026/05/29,2801,彰銀,800~1000張,127,-5,0.96,-0.04
2026/05/29,2801,彰銀,千張大戶,586,1,72.12,-0.27
2026/05/29,2801,彰銀,零股散戶,87371,-42,0.13,0.0
2026/06/05,2801,彰銀,100~200張,3674,-46,4.26,-0.05
2026/06/05,2801,彰銀,10~15張,15461,-144,1.59,-0.01
2026/06/05,2801,彰銀,15~20張,8987,-85,1.35,-0.02
2026/06/05,2801,彰銀,1~5張,99066,-367,1.91,-0.01
2026/06/05,2801,彰銀,200~400張,1637,-27,3.84,-0.06
2026/06/05,2801,彰銀,20~30張,9348,-97,1.93,-0.02
2026/06/05,2801,彰銀,30~40張,4983,-75,1.47,-0.02
2026/06/05,2801,彰銀,400~600張,423,-19,1.75,-0.08
2026/06/05,2801,彰銀,40~50張,2984,-52,1.14,-0.02
2026/06/05,2801,彰銀,50~100張,6654,-95,3.95,-0.05
2026/06/05,2801,彰銀,5~10張,31679,-251,1.95,-0.02
2026/06/05,2801,彰銀,600~800張,200,-2,1.18,-0.02
2026/06/05,2801,彰銀,800~1000張,126,-1,0.96,0.0
2026/06/05,2801,彰銀,千張大戶,591,5,72.51,0.39
2026/06/05,2801,彰銀,零股散戶,87361,-10,0.13,0.0
2026/06/12,2801,彰銀,100~200張,3590,-84,4.16,-0.1
2026/06/12,2801,彰銀,10~15張,15123,-338,1.55,-0.04
2026/06/12,2801,彰銀,15~20張,8704,-283,1.31,-0.04
2026/06/12,2801,彰銀,1~5張,97600,-1466,1.88,-0.03
2026/06/12,2801,彰銀,200~400張,1591,-46,3.72,-0.12
2026/06/12,2801,彰銀,20~30張,9098,-250,1.87,-0.06
2026/06/12,2801,彰銀,30~40張,4900,-83,1.44,-0.03
2026/06/12,2801,彰銀,400~600張,415,-8,1.71,-0.04
2026/06/12,2801,彰銀,40~50張,2903,-81,1.11,-0.03
2026/06/12,2801,彰銀,50~100張,6478,-176,3.84,-0.11
2026/06/12,2801,彰銀,5~10張,31113,-566,1.92,-0.03
2026/06/12,2801,彰銀,600~800張,203,3,1.2,0.02
2026/06/12,2801,彰銀,800~1000張,117,-9,0.89,-0.07
2026/06/12,2801,彰銀,千張大戶,590,-1,73.2,0.69
2026/06/12,2801,彰銀,零股散戶,87829,468,0.13,0.0
2026/06/26,2801,彰銀,100~200張,3526,-49,4.09,-0.06
2026/06/26,2801,彰銀,10~15張,14922,-110,1.53,-0.01
2026/06/26,2801,彰銀,15~20張,8657,-60,1.3,-0.01
2026/06/26,2801,彰銀,1~5張,97287,-249,1.87,0.0
2026/06/26,2801,彰銀,200~400張,1569,-5,3.66,-0.02
2026/06/26,2801,彰銀,20~30張,8935,-62,1.84,-0.01
2026/06/26,2801,彰銀,30~40張,4853,-5,1.43,0.0
2026/06/26,2801,彰銀,400~600張,410,0,1.69,0.0
2026/06/26,2801,彰銀,40~50張,2800,-57,1.07,-0.02
2026/06/26,2801,彰銀,50~100張,6382,-72,3.78,-0.05
2026/06/26,2801,彰銀,5~10張,30746,-188,1.89,-0.01
2026/06/26,2801,彰銀,600~800張,197,-7,1.16,-0.04
2026/06/26,2801,彰銀,800~1000張,120,6,0.91,0.05
2026/06/26,2801,彰銀,千張大戶,585,-4,73.56,0.18
2026/06/26,2801,彰銀,零股散戶,87872,56,0.13,0.0
2026/07/03,2801,彰銀,100~200張,3528,2,4.09,0.0
2026/07/03,2801,彰銀,10~15張,14926,4,1.53,0.0
2026/07/03,2801,彰銀,15~20張,8679,22,1.3,0.0
2026/07/03,2801,彰銀,1~5張,97840,553,1.88,0.01
2026/07/03,2801,彰銀,200~400張,1566,-3,3.65,-0.01
2026/07/03,2801,彰銀,20~30張,8938,3,1.84,0.0
2026/07/03,2801,彰銀,30~40張,4836,-17,1.43,0.0
2026/07/03,2801,彰銀,400~600張,402,-8,1.66,-0.03
2026/07/03,2801,彰銀,40~50張,2782,-18,1.06,-0.01
2026/07/03,2801,彰銀,50~100張,6365,-17,3.77,-0.01
2026/07/03,2801,彰銀,5~10張,30797,51,1.9,0.01
2026/07/03,2801,彰銀,600~800張,201,4,1.19,0.03
2026/07/03,2801,彰銀,800~1000張,119,-1,0.9,-0.01
2026/07/03,2801,彰銀,千張大戶,576,-9,73.6,0.04
2026/07/03,2801,彰銀,零股散戶,87973,101,0.13,0.0
2026/07/17,2801,彰銀,100~200張,3480,-9,4.04,0.0
2026/07/17,2801,彰銀,10~15張,14866,-3,1.53,0.0
2026/07/17,2801,彰銀,15~20張,8671,2,1.3,0.0
2026/07/17,2801,彰銀,1~5張,97767,108,1.88,0.0
2026/07/17,2801,彰銀,200~400張,1549,-14,3.61,-0.03
2026/07/17,2801,彰銀,20~30張,8882,-32,1.83,-0.01
2026/07/17,2801,彰銀,30~40張,4801,-28,1.42,0.0
2026/07/17,2801,彰銀,400~600張,403,1,1.65,0.0
2026/07/17,2801,彰銀,40~50張,2787,-6,1.06,0.0
2026/07/17,2801,彰銀,50~100張,6316,-14,3.74,-0.01
2026/07/17,2801,彰銀,5~10張,30689,-40,1.89,0.0
2026/07/17,2801,彰銀,600~800張,198,2,1.17,0.01
2026/07/17,2801,彰銀,800~1000張,118,-1,0.89,-0.01
2026/07/17,2801,彰銀,千張大戶,581,4,73.78,0.06
2026/07/17,2801,彰銀,零股散戶,88021,81,0.13,0.0
2026/07/24,2801,彰銀,100~200張,3465,-15,4.02,-0.02
2026/07/24,2801,彰銀,10~15張,14849,-17,1.52,-0.01
2026/07/24,2801,彰銀,15~20張,8619,-52,1.29,-0.01
2026/07/24,2801,彰銀,1~5張,97524,-243,1.87,-0.01
2026/07/24,2801,彰銀,200~400張,1533,-16,3.57,-0.04
2026/07/24,2801,彰銀,20~30張,8872,-10,1.83,0.0
2026/07/24,2801,彰銀,30~40張,4740,-61,1.4,-0.02
2026/07/24,2801,彰銀,400~600張,393,-10,1.61,-0.04
2026/07/24,2801,彰銀,40~50張,2765,-22,1.05,-0.01
2026/07/24,2801,彰銀,50~100張,6287,-29,3.72,-0.02
2026/07/24,2801,彰銀,5~10張,30597,-92,1.88,-0.01
2026/07/24,2801,彰銀,600~800張,197,-1,1.16,-0.01
2026/07/24,2801,彰銀,800~1000張,119,1,0.9,0.01
2026/07/24,2801,彰銀,千張大戶,570,-11,73.96,0.18
2026/07/24,2801,彰銀,零股散戶,88205,184,0.13,0.0
2026/07/31,2801,彰銀,100~200張,3426,-39,3.97,-0.05
2026/07/31,2801,彰銀,10~15張,14795,-54,1.52,0.0
2026/07/31,2801,彰銀,15~20張,8564,-55,1.29,0.0
2026/07/31,2801,彰銀,1~5張,97302,-222,1.87,0.0
2026/07/31,2801,彰銀,200~400張,1502,-31,3.5,-0.07
2026/07/31,2801,彰銀,20~30張,8784,-88,1.81,-0.02
2026/07/31,2801,彰銀,30~40張,4705,-35,1.39,-0.01
2026/07/31,2801,彰銀,400~600張,394,1,1.61,0.0
2026/07/31,2801,彰銀,40~50張,2742,-23,1.04,-0.01
2026/07/31,2801,彰銀,50~100張,6243,-44,3.7,-0.02
2026/07/31,2801,彰銀,5~10張,30475,-122,1.88,0.0
2026/07/31,2801,彰銀,600~800張,195,-2,1.14,-0.02
2026/07/31,2801,彰銀,800~1000張,120,1,0.91,0.01
2026/07/31,2801,彰銀,千張大戶,566,-4,74.17,0.21
2026/07/31,2801,彰銀,零股散戶,88357,152,0.13,0.0
2026/04/24,2812,台中銀,100~200張,2991,49,6.8,0.12
2026/04/24,2812,台中銀,10~15張,15338,111,3.12,0.02
2026/04/24,2812,台中銀,15~20張,8419,135,2.43,0.04
2026/04/24,2812,台中銀,1~5張,92141,437,3.51,0.02
2026/04/24,2812,台中銀,200~400張,1116,12,5.03,0.05
2026/04/24,2812,台中銀,20~30張,9203,118,3.74,0.06
2026/04/24,2812,台中銀,30~40張,4816,60,2.76,0.04
2026/04/24,2812,台中銀,400~600張,300,3,2.39,0.03
2026/04/24,2812,台中銀,40~50張,2904,5,2.16,0.0
2026/04/24,2812,台中銀,50~100張,5972,77,6.88,0.1
2026/04/24,2812,台中銀,5~10張,30159,368,3.59,0.06
2026/04/24,2812,台中銀,600~800張,123,-3,1.41,-0.03
2026/04/24,2812,台中銀,800~1000張,68,2,1.0,0.03
2026/04/24,2812,台中銀,千張大戶,233,1,54.9,-0.54
2026/04/24,2812,台中銀,零股散戶,71652,-132,0.2,0.0
2026/05/08,2812,台中銀,100~200張,3015,15,6.85,0.04
2026/05/08,2812,台中銀,10~15張,15496,86,3.16,0.02
2026/05/08,2812,台中銀,15~20張,8552,58,2.48,0.02
2026/05/08,2812,台中銀,1~5張,92902,641,3.55,0.03
2026/05/08,2812,台中銀,200~400張,1125,4,5.08,0.03
2026/05/08,2812,台中銀,20~30張,9342,125,3.8,0.06
2026/05/08,2812,台中銀,30~40張,4850,1,2.78,0.0
2026/05/08,2812,台中銀,400~600張,315,4,2.52,0.04
2026/05/08,2812,台中銀,40~50張,2944,24,2.19,0.02
2026/05/08,2812,台中銀,50~100張,6030,59,6.97,0.09
2026/05/08,2812,台中銀,5~10張,30370,198,3.63,0.03
2026/05/08,2812,台中銀,600~800張,124,-3,1.42,-0.04
2026/05/08,2812,台中銀,800~1000張,67,3,0.99,0.05
2026/05/08,2812,台中銀,千張大戶,232,-2,54.31,-0.37
2026/05/08,2812,台中銀,零股散戶,71615,-203,0.2,0.0
2026/05/15,2812,台中銀,100~200張,3020,5,6.86,0.01
2026/05/15,2812,台中銀,10~15張,15526,30,3.17,0.01
2026/05/15,2812,台中銀,15~20張,8722,170,2.53,0.05
2026/05/15,2812,台中銀,1~5張,93080,178,3.57,0.02
2026/05/15,2812,台中銀,200~400張,1117,-8,5.05,-0.03
2026/05/15,2812,台中銀,20~30張,9419,77,3.83,0.03
2026/05/15,2812,台中銀,30~40張,4905,55,2.82,0.04
2026/05/15,2812,台中銀,400~600張,327,12,2.62,0.1
2026/05/15,2812,台中銀,40~50張,2938,-6,2.19,0.0
2026/05/15,2812,台中銀,50~100張,6087,57,7.04,0.07
2026/05/15,2812,台中銀,5~10張,30577,207,3.66,0.03
2026/05/15,2812,台中銀,600~800張,134,10,1.54,0.12
2026/05/15,2812,台中銀,800~1000張,70,3,1.04,0.05
2026/05/15,2812,台中銀,千張大戶,225,-7,53.81,-0.5
2026/05/15,2812,台中銀,零股散戶,71755,140,0.21,0.01
2026/05/22,2812,台中銀,100~200張,3051,31,6.93,0.07
2026/05/22,2812,台中銀,10~15張,15619,93,3.19,0.02
2026/05/22,2812,台中銀,15~20張,8767,45,2.54,0.01
2026/05/22,2812,台中銀,1~5張,93220,140,3.57,0.0
2026/05/22,2812,台中銀,200~400張,1114,-3,5.03,-0.02
2026/05/22,2812,台中銀,20~30張,9491,72,3.87,0.04
2026/05/22,2812,台中銀,30~40張,4963,58,2.85,0.03
2026/05/22,2812,台中銀,400~600張,321,-6,2.57,-0.05
2026/05/22,2812,台中銀,40~50張,2969,31,2.22,0.03
2026/05/22,2812,台中銀,50~100張,6080,-7,7.04,0.0
2026/05/22,2812,台中銀,5~10張,30805,228,3.69,0.03
2026/05/22,2812,台中銀,600~800張,135,1,1.56,0.02
2026/05/22,2812,台中銀,800~1000張,66,-4,0.97,-0.07
2026/05/22,2812,台中銀,千張大戶,227,2,53.69,-0.12
2026/05/22,2812,台中銀,零股散戶,71782,27,0.21,0.0
2026/05/29,2812,台中銀,100~200張,3053,2,6.93,0.0
2026/05/29,2812,台中銀,10~15張,15744,125,3.22,0.03
2026/05/29,2812,台中銀,15~20張,8804,37,2.55,0.01
2026/05/29,2812,台中銀,1~5張,93350,130,3.59,0.02
2026/05/29,2812,台中銀,200~400張,1124,10,5.08,0.05
2026/05/29,2812,台中銀,20~30張,9488,-3,3.87,0.0
2026/05/29,2812,台中銀,30~40張,4950,-13,2.84,-0.01
2026/05/29,2812,台中銀,400~600張,322,1,2.57,0.0
2026/05/29,2812,台中銀,40~50張,3002,33,2.24,0.02
2026/05/29,2812,台中銀,50~100張,6120,40,7.09,0.05
2026/05/29,2812,台中銀,5~10張,30955,150,3.72,0.03
2026/05/29,2812,台中銀,600~800張,135,0,1.55,-0.01
2026/05/29,2812,台中銀,800~1000張,64,-2,0.95,-0.02
2026/05/29,2812,台中銀,千張大戶,229,2,53.51,-0.18
2026/05/29,2812,台中銀,零股散戶,71641,-141,0.21,0.0
2026/06/05,2812,台中銀,100~200張,3060,7,6.98,0.05
2026/06/05,2812,台中銀,10~15張,15688,-56,3.21,-0.01
2026/06/05,2812,台中銀,15~20張,8896,92,2.58,0.03
2026/06/05,2812,台中銀,1~5張,93375,25,3.59,0.0
2026/06/05,2812,台中銀,200~400張,1119,-5,5.06,-0.02
2026/06/05,2812,台中銀,20~30張,9437,-51,3.85,-0.02
2026/06/05,2812,台中銀,30~40張,4953,3,2.85,0.01
2026/06/05,2812,台中銀,400~600張,319,-3,2.57,0.0
2026/06/05,2812,台中銀,40~50張,2973,-29,2.22,-0.02
2026/06/05,2812,台中銀,50~100張,6121,1,7.09,0.0
2026/06/05,2812,台中銀,5~10張,30848,-107,3.71,-0.01
2026/06/05,2812,台中銀,600~800張,124,-11,1.42,-0.13
2026/06/05,2812,台中銀,800~1000張,69,5,1.02,0.07
2026/06/05,2812,台中銀,千張大戶,228,-1,53.56,0.05
2026/06/05,2812,台中銀,零股散戶,71437,-204,0.21,0.0
2026/06/12,2812,台中銀,100~200張,3043,-17,6.93,-0.05
2026/06/12,2812,台中銀,10~15張,15587,-101,3.19,-0.02
2026/06/12,2812,台中銀,15~20張,8910,14,2.59,0.01
2026/06/12,2812,台中銀,1~5張,93229,-146,3.58,-0.01
2026/06/12,2812,台中銀,200~400張,1148,29,5.19,0.13
2026/06/12,2812,台中銀,20~30張,9433,-4,3.85,0.0
2026/06/12,2812,台中銀,30~40張,4941,-12,2.84,-0.01
2026/06/12,2812,台中銀,400~600張,321,2,2.58,0.01
2026/06/12,2812,台中銀,40~50張,2985,12,2.23,0.01
2026/06/12,2812,台中銀,50~100張,6109,-12,7.08,-0.01
2026/06/12,2812,台中銀,5~10張,30735,-113,3.7,-0.01
2026/06/12,2812,台中銀,600~800張,129,5,1.49,0.07
2026/06/12,2812,台中銀,800~1000張,71,2,1.05,0.03
2026/06/12,2812,台中銀,千張大戶,233,5,53.43,-0.13
2026/06/12,2812,台中銀,零股散戶,71429,-8,0.2,-0.01
2026/06/26,2812,台中銀,100~200張,3002,-42,6.82,-0.1
2026/06/26,2812,台中銀,10~15張,15393,-126,3.15,-0.03
2026/06/26,2812,台中銀,15~20張,8834,-16,2.56,-0.01
2026/06/26,2812,台中銀,1~5張,92368,-402,3.54,-0.02
2026/06/26,2812,台中銀,200~400張,1162,3,5.23,-0.01
2026/06/26,2812,台中銀,20~30張,9313,-101,3.8,-0.04
2026/06/26,2812,台中銀,30~40張,4932,-12,2.84,0.0
2026/06/26,2812,台中銀,400~600張,328,5,2.63,0.03
2026/06/26,2812,台中銀,40~50張,2988,-6,2.23,-0.01
2026/06/26,2812,台中銀,50~100張,6059,-39,7.03,-0.04
2026/06/26,2812,台中銀,5~10張,30273,-308,3.64,-0.04
2026/06/26,2812,台中銀,600~800張,131,0,1.51,0.0
2026/06/26,2812,台中銀,800~1000張,69,-2,1.03,-0.03
2026/06/26,2812,台中銀,千張大戶,232,2,53.7,0.3
2026/06/26,2812,台中銀,零股散戶,71112,-104,0.2,0.0
2026/07/03,2812,台中銀,100~200張,3015,13,6.85,0.03
2026/07/03,2812,台中銀,10~15張,15346,-47,3.14,-0.01
2026/07/03,2812,台中銀,15~20張,8780,-54,2.55,-0.01
2026/07/03,2812,台中銀,1~5張,91983,-385,3.52,-0.02
2026/07/03,2812,台中銀,200~400張,1179,17,5.31,0.08
2026/07/03,2812,台中銀,20~30張,9267,-46,3.78,-0.02
2026/07/03,2812,台中銀,30~40張,4905,-27,2.82,-0.02
2026/07/03,2812,台中銀,400~600張,324,-4,2.6,-0.03
2026/07/03,2812,台中銀,40~50張,2986,-2,2.23,0.0
2026/07/03,2812,台中銀,50~100張,6052,-7,7.02,-0.01
2026/07/03,2812,台中銀,5~10張,30100,-173,3.62,-0.02
2026/07/03,2812,台中銀,600~800張,129,-2,1.49,-0.02
2026/07/03,2812,台中銀,800~1000張,68,-1,1.01,-0.02
2026/07/03,2812,台中銀,千張大戶,235,3,53.77,0.07
2026/07/03,2812,台中銀,零股散戶,71010,-102,0.2,0.0
2026/07/17,2812,台中銀,100~200張,2984,-5,6.77,-0.02
2026/07/17,2812,台中銀,10~15張,15193,-26,3.11,-0.01
2026/07/17,2812,台中銀,15~20張,8694,-30,2.52,-0.01
2026/07/17,2812,台中銀,1~5張,91154,-166,3.49,-0.01
2026/07/17,2812,台中銀,200~400張,1176,3,5.29,0.02
2026/07/17,2812,台中銀,20~30張,9159,-30,3.74,-0.01
2026/07/17,2812,台中銀,30~40張,4881,-14,2.81,-0.01
2026/07/17,2812,台中銀,400~600張,330,6,2.66,0.06
2026/07/17,2812,台中銀,40~50張,2956,-5,2.21,0.0
2026/07/17,2812,台中銀,50~100張,6020,-10,6.99,-0.01
2026/07/17,2812,台中銀,5~10張,29812,-65,3.59,-0.01
2026/07/17,2812,台中銀,600~800張,132,-1,1.52,-0.01
2026/07/17,2812,台中銀,800~1000張,65,-2,0.96,-0.03
2026/07/17,2812,台中銀,千張大戶,237,3,54.08,0.05
2026/07/17,2812,台中銀,零股散戶,70781,-107,0.2,0.0
2026/07/24,2812,台中銀,100~200張,2972,-12,6.75,-0.02
2026/07/24,2812,台中銀,10~15張,15144,-49,3.1,-0.01
2026/07/24,2812,台中銀,15~20張,8673,-21,2.52,0.0
2026/07/24,2812,台中銀,1~5張,90959,-195,3.48,-0.01
2026/07/24,2812,台中銀,200~400張,1175,-1,5.29,0.0
2026/07/24,2812,台中銀,20~30張,9097,-62,3.71,-0.03
2026/07/24,2812,台中銀,30~40張,4845,-36,2.79,-0.02
2026/07/24,2812,台中銀,400~600張,334,4,2.68,0.02
2026/07/24,2812,台中銀,40~50張,2955,-1,2.21,0.0
2026/07/24,2812,台中銀,50~100張,6031,11,7.01,0.02
2026/07/24,2812,台中銀,5~10張,29665,-147,3.57,-0.02
2026/07/24,2812,台中銀,600~800張,134,2,1.54,0.02
2026/07/24,2812,台中銀,800~1000張,65,0,0.95,-0.01
2026/07/24,2812,台中銀,千張大戶,239,2,54.13,0.05
2026/07/24,2812,台中銀,零股散戶,70769,-12,0.2,0.0
2026/07/31,2812,台中銀,100~200張,2939,-33,6.67,-0.08
2026/07/31,2812,台中銀,10~15張,15059,-85,3.08,-0.02
2026/07/31,2812,台中銀,15~20張,8629,-44,2.5,-0.02
2026/07/31,2812,台中銀,1~5張,90723,-236,3.47,-0.01
2026/07/31,2812,台中銀,200~400張,1185,10,5.35,0.06
2026/07/31,2812,台中銀,20~30張,9078,-19,3.7,-0.01
2026/07/31,2812,台中銀,30~40張,4804,-41,2.76,-0.03
2026/07/31,2812,台中銀,400~600張,322,-12,2.59,-0.09
2026/07/31,2812,台中銀,40~50張,2919,-36,2.18,-0.03
2026/07/31,2812,台中銀,50~100張,5964,-67,6.93,-0.08
2026/07/31,2812,台中銀,5~10張,29483,-182,3.55,-0.02
2026/07/31,2812,台中銀,600~800張,132,-2,1.52,-0.02
2026/07/31,2812,台中銀,800~1000張,60,-5,0.88,-0.07
2026/07/31,2812,台中銀,千張大戶,240,1,54.54,0.41
2026/07/31,2812,台中銀,零股散戶,70742,-27,0.2,0.0
2026/04/24,2820,華票,100~200張,411,1,4.36,-0.01
2026/04/24,2820,華票,10~15張,2378,1,2.24,0.0
2026/04/24,2820,華票,15~20張,1817,-1,2.48,0.0
2026/04/24,2820,華票,1~5張,22788,-38,4.01,0.0
2026/04/24,2820,華票,200~400張,185,1,3.87,0.03
2026/04/24,2820,華票,20~30張,1622,8,3.07,0.01
2026/04/24,2820,華票,30~40張,724,14,1.93,0.04
2026/04/24,2820,華票,400~600張,53,2,1.92,0.08
2026/04/24,2820,華票,40~50張,545,1,1.9,0.01
2026/04/24,2820,華票,50~100張,969,6,5.37,0.03
2026/04/24,2820,華票,5~10張,6501,-2,3.92,0.0
2026/04/24,2820,華票,600~800張,19,-1,1.0,-0.05
2026/04/24,2820,華票,800~1000張,11,1,0.7,0.06
2026/04/24,2820,華票,千張大戶,57,-1,62.89,-0.2
2026/04/24,2820,華票,零股散戶,36940,-21,0.26,0.0
2026/05/08,2820,華票,100~200張,428,10,4.55,0.13
2026/05/08,2820,華票,10~15張,2401,12,2.26,0.01
2026/05/08,2820,華票,15~20張,1827,17,2.5,0.03
2026/05/08,2820,華票,1~5張,22808,40,4.01,0.01
2026/05/08,2820,華票,200~400張,186,-3,3.91,-0.04
2026/05/08,2820,華票,20~30張,1645,14,3.11,0.02
2026/05/08,2820,華票,30~40張,717,-7,1.91,-0.02
2026/05/08,2820,華票,400~600張,53,2,1.9,0.05
2026/05/08,2820,華票,40~50張,550,5,1.91,0.01
2026/05/08,2820,華票,50~100張,975,5,5.4,0.03
2026/05/08,2820,華票,5~10張,6503,2,3.92,0.0
2026/05/08,2820,華票,600~800張,21,1,1.11,0.05
2026/05/08,2820,華票,800~1000張,9,-2,0.57,-0.13
2026/05/08,2820,華票,千張大戶,57,0,62.59,-0.17
2026/05/08,2820,華票,零股散戶,36825,-80,0.26,0.0
2026/05/15,2820,華票,100~200張,427,-1,4.52,-0.03
2026/05/15,2820,華票,10~15張,2396,-5,2.26,0.0
2026/05/15,2820,華票,15~20張,1830,3,2.5,0.0
2026/05/15,2820,華票,1~5張,22762,-46,4.0,-0.01
2026/05/15,2820,華票,200~400張,189,3,3.99,0.08
2026/05/15,2820,華票,20~30張,1655,10,3.13,0.02
2026/05/15,2820,華票,30~40張,719,2,1.92,0.01
2026/05/15,2820,華票,400~600張,57,4,2.06,0.16
2026/05/15,2820,華票,40~50張,539,-11,1.88,-0.03
2026/05/15,2820,華票,50~100張,974,-1,5.38,-0.02
2026/05/15,2820,華票,5~10張,6515,12,3.93,0.01
2026/05/15,2820,華票,600~800張,19,-2,1.0,-0.11
2026/05/15,2820,華票,800~1000張,10,1,0.64,0.07
2026/05/15,2820,華票,千張大戶,58,1,62.46,-0.13
2026/05/15,2820,華票,零股散戶,36756,-69,0.26,0.0
2026/05/22,2820,華票,100~200張,424,-3,4.48,-0.04
2026/05/22,2820,華票,10~15張,2404,8,2.26,0.0
2026/05/22,2820,華票,15~20張,1837,7,2.51,0.01
2026/05/22,2820,華票,1~5張,22739,-23,3.99,-0.01
2026/05/22,2820,華票,200~400張,193,4,4.05,0.06
2026/05/22,2820,華票,20~30張,1660,5,3.14,0.01
2026/05/22,2820,華票,30~40張,729,10,1.94,0.02
2026/05/22,2820,華票,400~600張,54,-3,1.96,-0.1
2026/05/22,2820,華票,40~50張,543,4,1.89,0.01
2026/05/22,2820,華票,50~100張,984,10,5.44,0.06
2026/05/22,2820,華票,5~10張,6526,11,3.93,0.0
2026/05/22,2820,華票,600~800張,21,2,1.11,0.11
2026/05/22,2820,華票,800~1000張,7,-3,0.44,-0.2
2026/05/22,2820,華票,千張大戶,61,3,62.52,0.06
2026/05/22,2820,華票,零股散戶,36684,-72,0.26,0.0
2026/05/29,2820,華票,100~200張,433,9,4.58,0.1
2026/05/29,2820,華票,10~15張,2411,7,2.27,0.01
2026/05/29,2820,華票,15~20張,1858,21,2.54,0.03
2026/05/29,2820,華票,1~5張,22653,-86,3.98,-0.01
2026/05/29,2820,華票,200~400張,192,-1,4.07,0.02
2026/05/29,2820,華票,20~30張,1663,3,3.14,0.0
2026/05/29,2820,華票,30~40張,726,-3,1.94,0.0
2026/05/29,2820,華票,400~600張,53,-1,1.91,-0.05
2026/05/29,2820,華票,40~50張,545,2,1.9,0.01
2026/05/29,2820,華票,50~100張,994,10,5.5,0.06
2026/05/29,2820,華票,5~10張,6505,-21,3.92,-0.01
2026/05/29,2820,華票,600~800張,22,1,1.16,0.05
2026/05/29,2820,華票,800~1000張,10,3,0.64,0.2
2026/05/29,2820,華票,千張大戶,58,-3,62.13,-0.39
2026/05/29,2820,華票,零股散戶,36632,-52,0.26,0.0
2026/06/05,2820,華票,100~200張,433,0,4.59,0.01
2026/06/05,2820,華票,10~15張,2404,-7,2.26,-0.01
2026/06/05,2820,華票,15~20張,1845,-13,2.53,-0.01
2026/06/05,2820,華票,1~5張,22472,-181,3.95,-0.03
2026/06/05,2820,華票,200~400張,195,3,4.15,0.08
2026/06/05,2820,華票,20~30張,1647,-16,3.11,-0.03
2026/06/05,2820,華票,30~40張,721,-5,1.92,-0.02
2026/06/05,2820,華票,400~600張,50,-3,1.82,-0.09
2026/06/05,2820,華票,40~50張,538,-7,1.87,-0.03
2026/06/05,2820,華票,50~100張,986,-8,5.45,-0.05
2026/06/05,2820,華票,5~10張,6436,-69,3.88,-0.04
2026/06/05,2820,華票,600~800張,21,-1,1.1,-0.06
2026/06/05,2820,華票,800~1000張,11,1,0.71,0.07
2026/06/05,2820,華票,千張大戶,59,1,62.33,0.2
2026/06/05,2820,華票,零股散戶,36550,-82,0.25,-0.01
2026/06/12,2820,華票,100~200張,421,-12,4.43,-0.16
2026/06/12,2820,華票,10~15張,2391,-13,2.25,-0.01
2026/06/12,2820,華票,15~20張,1835,-10,2.51,-0.02
2026/06/12,2820,華票,1~5張,22319,-153,3.93,-0.02
2026/06/12,2820,華票,200~400張,192,-3,4.04,-0.11
2026/06/12,2820,華票,20~30張,1628,-19,3.07,-0.04
2026/06/12,2820,華票,30~40張,712,-9,1.9,-0.02
2026/06/12,2820,華票,400~600張,52,2,1.87,0.05
2026/06/12,2820,華票,40~50張,536,-2,1.87,0.0
2026/06/12,2820,華票,50~100張,983,-3,5.45,0.0
2026/06/12,2820,華票,5~10張,6397,-39,3.85,-0.03
2026/06/12,2820,華票,600~800張,26,5,1.37,0.27
2026/06/12,2820,華票,800~1000張,10,-1,0.64,-0.07
2026/06/12,2820,華票,千張大戶,58,-1,62.47,0.14
2026/06/12,2820,華票,零股散戶,36518,-32,0.25,0.0
2026/06/26,2820,華票,100~200張,418,-2,4.45,0.02
2026/06/26,2820,華票,10~15張,2364,-9,2.23,0.0
2026/06/26,2820,華票,15~20張,1835,15,2.52,0.03
2026/06/26,2820,華票,1~5張,22189,-32,3.91,0.0
2026/06/26,2820,華票,200~400張,181,-5,3.83,-0.09
2026/06/26,2820,華票,20~30張,1614,-1,3.05,0.0
2026/06/26,2820,華票,30~40張,706,-6,1.89,-0.02
2026/06/26,2820,華票,400~600張,52,0,1.86,-0.01
2026/06/26,2820,華票,40~50張,548,3,1.91,0.01
2026/06/26,2820,華票,50~100張,981,4,5.45,0.03
2026/06/26,2820,華票,5~10張,6360,-18,3.83,-0.01
2026/06/26,2820,華票,600~800張,24,1,1.27,0.07
2026/06/26,2820,華票,800~1000張,12,-1,0.78,-0.07
2026/06/26,2820,華票,千張大戶,59,1,62.71,0.07
2026/06/26,2820,華票,零股散戶,36451,-50,0.25,0.0
2026/07/03,2820,華票,100~200張,430,12,4.56,0.11
2026/07/03,2820,華票,10~15張,2378,14,2.24,0.01
2026/07/03,2820,華票,15~20張,1849,14,2.53,0.01
2026/07/03,2820,華票,1~5張,22313,124,3.93,0.02
2026/07/03,2820,華票,200~400張,188,7,3.97,0.14
2026/07/03,2820,華票,20~30張,1654,40,3.12,0.07
2026/07/03,2820,華票,30~40張,715,9,1.92,0.03
2026/07/03,2820,華票,400~600張,56,4,2.0,0.14
2026/07/03,2820,華票,40~50張,554,6,1.93,0.02
2026/07/03,2820,華票,50~100張,982,1,5.44,-0.01
2026/07/03,2820,華票,5~10張,6416,56,3.87,0.04
2026/07/03,2820,華票,600~800張,24,0,1.25,-0.02
2026/07/03,2820,華票,800~1000張,11,-1,0.7,-0.08
2026/07/03,2820,華票,千張大戶,59,0,62.2,-0.51
2026/07/03,2820,華票,零股散戶,36416,-35,0.25,0.0
2026/07/17,2820,華票,100~200張,431,1,4.54,0.0
2026/07/17,2820,華票,10~15張,2380,17,2.24,0.02
2026/07/17,2820,華票,15~20張,1835,4,2.52,0.01
2026/07/17,2820,華票,1~5張,22197,33,3.91,0.0
2026/07/17,2820,華票,200~400張,194,6,4.07,0.11
2026/07/17,2820,華票,20~30張,1627,1,3.08,0.01
2026/07/17,2820,華票,30~40張,716,5,1.92,0.01
2026/07/17,2820,華票,400~600張,52,-4,1.87,-0.13
2026/07/17,2820,華票,40~50張,575,18,2.0,0.06
2026/07/17,2820,華票,50~100張,984,9,5.45,0.06
2026/07/17,2820,華票,5~10張,6389,4,3.85,0.0
2026/07/17,2820,華票,600~800張,20,-1,1.05,-0.04
2026/07/17,2820,華票,800~1000張,13,1,0.83,0.06
2026/07/17,2820,華票,千張大戶,64,3,62.34,-0.15
2026/07/17,2820,華票,零股散戶,36364,-35,0.25,0.0
2026/07/24,2820,華票,100~200張,432,1,4.55,0.01
2026/07/24,2820,華票,10~15張,2372,-8,2.23,-0.01
2026/07/24,2820,華票,15~20張,1845,10,2.53,0.01
2026/07/24,2820,華票,1~5張,22191,-6,3.91,0.0
2026/07/24,2820,華票,200~400張,194,0,4.09,0.02
2026/07/24,2820,華票,20~30張,1627,0,3.08,0.0
2026/07/24,2820,華票,30~40張,716,0,1.92,0.0
2026/07/24,2820,華票,400~600張,55,3,1.97,0.1
2026/07/24,2820,華票,40~50張,575,0,2.0,0.0
2026/07/24,2820,華票,50~100張,991,7,5.48,0.03
2026/07/24,2820,華票,5~10張,6415,26,3.87,0.02
2026/07/24,2820,華票,600~800張,21,1,1.11,0.06
2026/07/24,2820,華票,800~1000張,12,-1,0.77,-0.06
2026/07/24,2820,華票,千張大戶,61,-3,62.18,-0.16
2026/07/24,2820,華票,零股散戶,36357,-7,0.25,0.0
2026/07/31,2820,華票,100~200張,430,-2,4.53,-0.02
2026/07/31,2820,華票,10~15張,2349,-23,2.21,-0.02
2026/07/31,2820,華票,15~20張,1850,5,2.53,0.0
2026/07/31,2820,華票,1~5張,22170,-21,3.91,0.0
2026/07/31,2820,華票,200~400張,191,-3,4.04,-0.05
2026/07/31,2820,華票,20~30張,1618,-9,3.06,-0.02
2026/07/31,2820,華票,30~40張,710,-6,1.9,-0.02
2026/07/31,2820,華票,400~600張,52,-3,1.89,-0.08
2026/07/31,2820,華票,40~50張,574,-1,2.0,0.0
2026/07/31,2820,華票,50~100張,986,-5,5.46,-0.02
2026/07/31,2820,華票,5~10張,6398,-17,3.86,-0.01
2026/07/31,2820,華票,600~800張,21,0,1.09,-0.02
2026/07/31,2820,華票,800~1000張,11,-1,0.72,-0.05
2026/07/31,2820,華票,千張大戶,64,3,62.47,0.29
2026/07/31,2820,華票,零股散戶,36353,-4,0.25,0.0
2026/04/24,2838,聯邦銀,100~200張,430,8,1.35,0.03
2026/04/24,2838,聯邦銀,10~15張,2576,26,0.72,0.01
2026/04/24,2838,聯邦銀,15~20張,1559,23,0.63,0.01
2026/04/24,2838,聯邦銀,1~5張,17998,216,0.91,0.01
2026/04/24,2838,聯邦銀,200~400張,200,3,1.25,0.01
2026/04/24,2838,聯邦銀,20~30張,2101,7,1.13,0.01
2026/04/24,2838,聯邦銀,30~40張,746,10,0.59,0.01
2026/04/24,2838,聯邦銀,400~600張,66,-1,0.72,-0.01
2026/04/24,2838,聯邦銀,40~50張,463,2,0.47,0.0
2026/04/24,2838,聯邦銀,50~100張,809,8,1.29,0.01
2026/04/24,2838,聯邦銀,5~10張,4774,63,0.79,0.01
2026/04/24,2838,聯邦銀,600~800張,25,1,0.39,0.01
2026/04/24,2838,聯邦銀,800~1000張,19,-2,0.39,-0.05
2026/04/24,2838,聯邦銀,千張大戶,137,0,89.21,-0.06
2026/04/24,2838,聯邦銀,零股散戶,16075,-19,0.09,0.0
2026/05/08,2838,聯邦銀,100~200張,423,-4,1.33,-0.01
2026/05/08,2838,聯邦銀,10~15張,2549,-23,0.71,-0.01
2026/05/08,2838,聯邦銀,15~20張,1571,20,0.63,0.01
2026/05/08,2838,聯邦銀,1~5張,18048,39,0.91,0.0
2026/05/08,2838,聯邦銀,200~400張,200,0,1.25,0.0
2026/05/08,2838,聯邦銀,20~30張,2088,-11,1.12,-0.01
2026/05/08,2838,聯邦銀,30~40張,744,-5,0.59,0.0
2026/05/08,2838,聯邦銀,400~600張,72,3,0.79,0.04
2026/05/08,2838,聯邦銀,40~50張,477,9,0.49,0.01
2026/05/08,2838,聯邦銀,50~100張,818,3,1.31,0.01
2026/05/08,2838,聯邦銀,5~10張,4764,-27,0.79,-0.01
2026/05/08,2838,聯邦銀,600~800張,22,-2,0.34,-0.04
2026/05/08,2838,聯邦銀,800~1000張,21,2,0.44,0.05
2026/05/08,2838,聯邦銀,千張大戶,136,1,89.15,-0.03
2026/05/08,2838,聯邦銀,零股散戶,16028,-42,0.08,-0.01
2026/05/15,2838,聯邦銀,100~200張,421,-2,1.32,-0.01
2026/05/15,2838,聯邦銀,10~15張,2546,-3,0.71,0.0
2026/05/15,2838,聯邦銀,15~20張,1582,11,0.64,0.01
2026/05/15,2838,聯邦銀,1~5張,18156,108,0.92,0.01
2026/05/15,2838,聯邦銀,200~400張,205,5,1.28,0.03
2026/05/15,2838,聯邦銀,20~30張,2083,-5,1.12,0.0
2026/05/15,2838,聯邦銀,30~40張,743,-1,0.59,0.0
2026/05/15,2838,聯邦銀,400~600張,72,0,0.78,-0.01
2026/05/15,2838,聯邦銀,40~50張,482,5,0.49,0.0
2026/05/15,2838,聯邦銀,50~100張,819,1,1.31,0.0
2026/05/15,2838,聯邦銀,5~10張,4778,14,0.8,0.01
2026/05/15,2838,聯邦銀,600~800張,21,-1,0.33,-0.01
2026/05/15,2838,聯邦銀,800~1000張,23,2,0.48,0.04
2026/05/15,2838,聯邦銀,千張大戶,135,-1,89.08,-0.07
2026/05/15,2838,聯邦銀,零股散戶,16028,0,0.08,0.0
2026/05/22,2838,聯邦銀,100~200張,421,0,1.32,0.0
2026/05/22,2838,聯邦銀,10~15張,2561,15,0.72,0.01
2026/05/22,2838,聯邦銀,15~20張,1600,18,0.64,0.0
2026/05/22,2838,聯邦銀,1~5張,18211,55,0.92,0.0
2026/05/22,2838,聯邦銀,200~400張,207,2,1.29,0.01
2026/05/22,2838,聯邦銀,20~30張,2101,18,1.13,0.01
2026/05/22,2838,聯邦銀,30~40張,744,1,0.59,0.0
2026/05/22,2838,聯邦銀,400~600張,69,-3,0.75,-0.03
2026/05/22,2838,聯邦銀,40~50張,488,6,0.5,0.01
2026/05/22,2838,聯邦銀,50~100張,824,5,1.32,0.01
2026/05/22,2838,聯邦銀,5~10張,4814,36,0.8,0.0
2026/05/22,2838,聯邦銀,600~800張,22,1,0.34,0.01
2026/05/22,2838,聯邦銀,800~1000張,24,1,0.5,0.02
2026/05/22,2838,聯邦銀,千張大戶,135,0,89.02,-0.06
2026/05/22,2838,聯邦銀,零股散戶,15990,-38,0.08,0.0
2026/05/29,2838,聯邦銀,100~200張,426,5,1.34,0.02
2026/05/29,2838,聯邦銀,10~15張,2539,-22,0.71,-0.01
2026/05/29,2838,聯邦銀,15~20張,1599,-1,0.64,0.0
2026/05/29,2838,聯邦銀,1~5張,18208,-3,0.92,0.0
2026/05/29,2838,聯邦銀,200~400張,207,0,1.29,0.0
2026/05/29,2838,聯邦銀,20~30張,2095,-6,1.12,-0.01
2026/05/29,2838,聯邦銀,30~40張,745,1,0.59,0.0
2026/05/29,2838,聯邦銀,400~600張,69,0,0.76,0.01
2026/05/29,2838,聯邦銀,40~50張,488,0,0.5,0.0
2026/05/29,2838,聯邦銀,50~100張,822,-2,1.32,0.0
2026/05/29,2838,聯邦銀,5~10張,4793,-21,0.8,0.0
2026/05/29,2838,聯邦銀,600~800張,25,3,0.39,0.05
2026/05/29,2838,聯邦銀,800~1000張,21,-3,0.43,-0.07
2026/05/29,2838,聯邦銀,千張大戶,135,0,89.03,0.01
2026/05/29,2838,聯邦銀,零股散戶,15962,-28,0.08,0.0
2026/06/05,2838,聯邦銀,100~200張,423,-3,1.33,-0.01
2026/06/05,2838,聯邦銀,10~15張,2510,-29,0.7,-0.01
2026/06/05,2838,聯邦銀,15~20張,1599,0,0.64,0.0
2026/06/05,2838,聯邦銀,1~5張,18106,-102,0.92,0.0
2026/06/05,2838,聯邦銀,200~400張,203,-4,1.26,-0.03
2026/06/05,2838,聯邦銀,20~30張,2075,-20,1.11,-0.01
2026/06/05,2838,聯邦銀,30~40張,738,-7,0.58,-0.01
2026/06/05,2838,聯邦銀,400~600張,69,0,0.75,-0.01
2026/06/05,2838,聯邦銀,40~50張,470,-18,0.48,-0.02
2026/06/05,2838,聯邦銀,50~100張,828,6,1.33,0.01
2026/06/05,2838,聯邦銀,5~10張,4748,-45,0.79,-0.01
2026/06/05,2838,聯邦銀,600~800張,26,1,0.4,0.01
2026/06/05,2838,聯邦銀,800~1000張,23,2,0.48,0.05
2026/06/05,2838,聯邦銀,千張大戶,133,-2,89.07,0.04
2026/06/05,2838,聯邦銀,零股散戶,15916,-46,0.08,0.0
2026/06/12,2838,聯邦銀,100~200張,424,1,1.33,0.0
2026/06/12,2838,聯邦銀,10~15張,2495,-15,0.7,0.0
2026/06/12,2838,聯邦銀,15~20張,1586,-13,0.64,0.0
2026/06/12,2838,聯邦銀,1~5張,18039,-67,0.91,-0.01
2026/06/12,2838,聯邦銀,200~400張,204,1,1.27,0.01
2026/06/12,2838,聯邦銀,20~30張,2064,-11,1.11,0.0
2026/06/12,2838,聯邦銀,30~40張,732,-6,0.58,0.0
2026/06/12,2838,聯邦銀,400~600張,66,-3,0.72,-0.03
2026/06/12,2838,聯邦銀,40~50張,467,-3,0.47,-0.01
2026/06/12,2838,聯邦銀,50~100張,823,-5,1.32,-0.01
2026/06/12,2838,聯邦銀,5~10張,4721,-27,0.79,0.0
2026/06/12,2838,聯邦銀,600~800張,28,2,0.43,0.03
2026/06/12,2838,聯邦銀,800~1000張,24,1,0.5,0.02
2026/06/12,2838,聯邦銀,千張大戶,132,-1,89.08,0.01
2026/06/12,2838,聯邦銀,零股散戶,15941,25,0.08,0.0
2026/06/26,2838,聯邦銀,100~200張,420,4,1.32,0.02
2026/06/26,2838,聯邦銀,10~15張,2480,-8,0.69,-0.01
2026/06/26,2838,聯邦銀,15~20張,1573,-11,0.63,-0.01
2026/06/26,2838,聯邦銀,1~5張,18071,89,0.91,0.0
2026/06/26,2838,聯邦銀,200~400張,202,1,1.26,0.01
2026/06/26,2838,聯邦銀,20~30張,2041,-11,1.09,-0.01
2026/06/26,2838,聯邦銀,30~40張,733,-7,0.58,-0.01
2026/06/26,2838,聯邦銀,400~600張,69,-1,0.76,-0.01
2026/06/26,2838,聯邦銀,40~50張,457,-5,0.46,-0.01
2026/06/26,2838,聯邦銀,50~100張,830,9,1.33,0.02
2026/06/26,2838,聯邦銀,5~10張,4702,-5,0.79,0.0
2026/06/26,2838,聯邦銀,600~800張,23,-3,0.36,-0.05
2026/06/26,2838,聯邦銀,800~1000張,27,3,0.56,0.06
2026/06/26,2838,聯邦銀,千張大戶,130,-2,89.09,-0.03
2026/06/26,2838,聯邦銀,零股散戶,15880,-15,0.08,0.0
2026/07/03,2838,聯邦銀,100~200張,426,6,1.34,0.02
2026/07/03,2838,聯邦銀,10~15張,2482,2,0.69,0.0
2026/07/03,2838,聯邦銀,15~20張,1577,4,0.64,0.01
2026/07/03,2838,聯邦銀,1~5張,18123,52,0.92,0.01
2026/07/03,2838,聯邦銀,200~400張,203,1,1.27,0.01
2026/07/03,2838,聯邦銀,20~30張,2058,17,1.1,0.01
2026/07/03,2838,聯邦銀,30~40張,732,-1,0.58,0.0
2026/07/03,2838,聯邦銀,400~600張,72,3,0.8,0.04
2026/07/03,2838,聯邦銀,40~50張,459,2,0.47,0.01
2026/07/03,2838,聯邦銀,50~100張,834,4,1.33,0.0
2026/07/03,2838,聯邦銀,5~10張,4693,-9,0.78,-0.01
2026/07/03,2838,聯邦銀,600~800張,26,3,0.4,0.04
2026/07/03,2838,聯邦銀,800~1000張,25,-2,0.51,-0.05
2026/07/03,2838,聯邦銀,千張大戶,127,-3,89.0,-0.09
2026/07/03,2838,聯邦銀,零股散戶,15803,-77,0.08,0.0
2026/07/17,2838,聯邦銀,100~200張,424,-3,1.33,-0.01
2026/07/17,2838,聯邦銀,10~15張,2526,48,0.71,0.02
2026/07/17,2838,聯邦銀,15~20張,1608,37,0.65,0.02
2026/07/17,2838,聯邦銀,1~5張,18617,445,0.94,0.02
2026/07/17,2838,聯邦銀,200~400張,203,4,1.27,0.02
2026/07/17,2838,聯邦銀,20~30張,2059,22,1.1,0.01
2026/07/17,2838,聯邦銀,30~40張,740,13,0.58,0.01
2026/07/17,2838,聯邦銀,400~600張,77,4,0.86,0.05
2026/07/17,2838,聯邦銀,40~50張,467,9,0.47,0.01
2026/07/17,2838,聯邦銀,50~100張,838,6,1.34,0.01
2026/07/17,2838,聯邦銀,5~10張,4803,140,0.8,0.02
2026/07/17,2838,聯邦銀,600~800張,27,3,0.43,0.06
2026/07/17,2838,聯邦銀,800~1000張,25,0,0.51,0.0
2026/07/17,2838,聯邦銀,千張大戶,126,-3,88.85,-0.23
2026/07/17,2838,聯邦銀,零股散戶,15819,-31,0.08,0.0
2026/07/24,2838,聯邦銀,100~200張,427,3,1.34,0.01
2026/07/24,2838,聯邦銀,10~15張,2530,4,0.71,0.0
2026/07/24,2838,聯邦銀,15~20張,1622,14,0.65,0.0
2026/07/24,2838,聯邦銀,1~5張,18755,138,0.95,0.01
2026/07/24,2838,聯邦銀,200~400張,199,-4,1.24,-0.03
2026/07/24,2838,聯邦銀,20~30張,2076,17,1.11,0.01
2026/07/24,2838,聯邦銀,30~40張,744,4,0.59,0.01
2026/07/24,2838,聯邦銀,400~600張,82,5,0.91,0.05
2026/07/24,2838,聯邦銀,40~50張,485,18,0.49,0.02
2026/07/24,2838,聯邦銀,50~100張,838,0,1.34,0.0
2026/07/24,2838,聯邦銀,5~10張,4849,46,0.81,0.01
2026/07/24,2838,聯邦銀,600~800張,27,0,0.42,-0.01
2026/07/24,2838,聯邦銀,800~1000張,25,0,0.51,0.0
2026/07/24,2838,聯邦銀,千張大戶,126,0,88.76,-0.09
2026/07/24,2838,聯邦銀,零股散戶,15841,22,0.08,0.0
2026/07/31,2838,聯邦銀,100~200張,422,-5,1.32,-0.02
2026/07/31,2838,聯邦銀,10~15張,2533,3,0.71,0.0
2026/07/31,2838,聯邦銀,15~20張,1613,-9,0.65,0.0
2026/07/31,2838,聯邦銀,1~5張,18722,-33,0.95,0.0
2026/07/31,2838,聯邦銀,200~400張,203,4,1.27,0.03
2026/07/31,2838,聯邦銀,20~30張,2065,-11,1.11,0.0
2026/07/31,2838,聯邦銀,30~40張,744,0,0.59,0.0
2026/07/31,2838,聯邦銀,400~600張,72,-10,0.79,-0.12
2026/07/31,2838,聯邦銀,40~50張,483,-2,0.49,0.0
2026/07/31,2838,聯邦銀,50~100張,839,1,1.34,0.0
2026/07/31,2838,聯邦銀,5~10張,4829,-20,0.81,0.0
2026/07/31,2838,聯邦銀,600~800張,31,4,0.49,0.07
2026/07/31,2838,聯邦銀,800~1000張,25,0,0.51,0.0
2026/07/31,2838,聯邦銀,千張大戶,128,2,88.82,0.06
2026/07/31,2838,聯邦銀,零股散戶,15893,52,0.08,0.0
2026/04/24,2850,新產,100~200張,100,2,4.39,0.12
2026/04/24,2850,新產,10~15張,499,8,2.0,0.04
2026/04/24,2850,新產,15~20張,308,-2,1.79,-0.01
2026/04/24,2850,新產,1~5張,8892,0,5.82,0.02
2026/04/24,2850,新產,200~400張,48,2,4.25,0.25
2026/04/24,2850,新產,20~30張,296,-4,2.36,-0.03
2026/04/24,2850,新產,30~40張,150,1,1.68,0.01
2026/04/24,2850,新產,400~600張,27,0,4.08,-0.03
2026/04/24,2850,新產,40~50張,104,1,1.52,0.02
2026/04/24,2850,新產,50~100張,183,0,4.1,-0.05
2026/04/24,2850,新產,5~10張,1466,-13,3.64,-0.03
2026/04/24,2850,新產,600~800張,12,0,2.67,0.0
2026/04/24,2850,新產,800~1000張,11,-2,3.04,-0.61
2026/04/24,2850,新產,千張大戶,43,1,58.26,0.31
2026/04/24,2850,新產,零股散戶,5768,-19,0.33,0.0
2026/05/08,2850,新產,100~200張,96,-4,4.22,-0.18
2026/05/08,2850,新產,10~15張,489,-1,1.95,-0.01
2026/05/08,2850,新產,15~20張,317,5,1.84,0.03
2026/05/08,2850,新產,1~5張,8886,16,5.8,0.0
2026/05/08,2850,新產,200~400張,51,4,4.57,0.39
2026/05/08,2850,新產,20~30張,300,1,2.4,0.01
2026/05/08,2850,新產,30~40張,144,-3,1.61,-0.04
2026/05/08,2850,新產,400~600張,27,-2,4.14,-0.27
2026/05/08,2850,新產,40~50張,107,2,1.56,0.03
2026/05/08,2850,新產,50~100張,183,4,4.09,0.1
2026/05/08,2850,新產,5~10張,1463,-12,3.63,-0.03
2026/05/08,2850,新產,600~800張,11,0,2.46,0.0
2026/05/08,2850,新產,800~1000張,10,-1,2.79,-0.3
2026/05/08,2850,新產,千張大戶,44,1,58.54,0.29
2026/05/08,2850,新產,零股散戶,5840,70,0.33,0.01
2026/05/15,2850,新產,100~200張,98,2,4.31,0.09
2026/05/15,2850,新產,10~15張,487,-2,1.94,-0.01
2026/05/15,2850,新產,15~20張,318,1,1.85,0.01
2026/05/15,2850,新產,1~5張,8882,-4,5.79,-0.01
2026/05/15,2850,新產,200~400張,50,-1,4.43,-0.14
2026/05/15,2850,新產,20~30張,302,2,2.41,0.01
2026/05/15,2850,新產,30~40張,145,1,1.62,0.01
2026/05/15,2850,新產,400~600張,26,-1,4.01,-0.13
2026/05/15,2850,新產,40~50張,106,-1,1.54,-0.02
2026/05/15,2850,新產,50~100張,182,-1,4.07,-0.02
2026/05/15,2850,新產,5~10張,1471,8,3.64,0.01
2026/05/15,2850,新產,600~800張,11,0,2.46,0.0
2026/05/15,2850,新產,800~1000張,10,0,2.79,0.0
2026/05/15,2850,新產,千張大戶,44,0,58.72,0.18
2026/05/15,2850,新產,零股散戶,5831,-9,0.33,0.0
2026/05/22,2850,新產,100~200張,97,-1,4.28,-0.03
2026/05/22,2850,新產,10~15張,478,-9,1.91,-0.03
2026/05/22,2850,新產,15~20張,321,3,1.86,0.01
2026/05/22,2850,新產,1~5張,8793,-89,5.74,-0.05
2026/05/22,2850,新產,200~400張,50,0,4.43,0.0
2026/05/22,2850,新產,20~30張,302,0,2.4,-0.01
2026/05/22,2850,新產,30~40張,145,0,1.63,0.01
2026/05/22,2850,新產,400~600張,27,1,4.14,0.13
2026/05/22,2850,新產,40~50張,110,4,1.61,0.07
2026/05/22,2850,新產,50~100張,178,-4,4.01,-0.06
2026/05/22,2850,新產,5~10張,1460,-11,3.63,-0.01
2026/05/22,2850,新產,600~800張,12,1,2.69,0.23
2026/05/22,2850,新產,800~1000張,11,1,3.07,0.28
2026/05/22,2850,新產,千張大戶,43,-1,58.21,-0.51
2026/05/22,2850,新產,零股散戶,5820,-11,0.33,0.0
2026/05/29,2850,新產,100~200張,94,-3,4.13,-0.15
2026/05/29,2850,新產,10~15張,468,-10,1.86,-0.05
2026/05/29,2850,新產,15~20張,315,-6,1.83,-0.03
2026/05/29,2850,新產,1~5張,8824,31,5.76,0.02
2026/05/29,2850,新產,200~400張,49,-1,4.27,-0.16
2026/05/29,2850,新產,20~30張,302,0,2.41,0.01
2026/05/29,2850,新產,30~40張,144,-1,1.62,-0.01
2026/05/29,2850,新產,400~600張,28,1,4.33,0.19
2026/05/29,2850,新產,40~50張,108,-2,1.58,-0.03
2026/05/29,2850,新產,50~100張,182,4,4.11,0.1
2026/05/29,2850,新產,5~10張,1473,13,3.66,0.03
2026/05/29,2850,新產,600~800張,13,1,2.81,0.12
2026/05/29,2850,新產,800~1000張,11,0,3.05,-0.02
2026/05/29,2850,新產,千張大戶,43,0,58.18,-0.03
2026/05/29,2850,新產,零股散戶,5822,2,0.33,0.0
2026/06/05,2850,新產,100~200張,93,-1,4.06,-0.07
2026/06/05,2850,新產,10~15張,469,1,1.87,0.01
2026/06/05,2850,新產,15~20張,314,-1,1.82,-0.01
2026/06/05,2850,新產,1~5張,8757,-67,5.71,-0.05
2026/06/05,2850,新產,200~400張,49,0,4.35,0.08
2026/06/05,2850,新產,20~30張,300,-2,2.39,-0.02
2026/06/05,2850,新產,30~40張,144,0,1.62,0.0
2026/06/05,2850,新產,400~600張,28,0,4.23,-0.1
2026/06/05,2850,新產,40~50張,107,-1,1.55,-0.03
2026/06/05,2850,新產,50~100張,181,-1,4.1,-0.01
2026/06/05,2850,新產,5~10張,1473,0,3.66,0.0
2026/06/05,2850,新產,600~800張,12,-1,2.58,-0.23
2026/06/05,2850,新產,800~1000張,14,3,3.97,0.92
2026/06/05,2850,新產,千張大戶,42,-1,57.69,-0.49
2026/06/05,2850,新產,零股散戶,5806,-16,0.33,0.0
2026/06/12,2850,新產,100~200張,93,0,4.05,-0.01
2026/06/12,2850,新產,10~15張,468,-1,1.87,0.0
2026/06/12,2850,新產,15~20張,311,-3,1.8,-0.02
2026/06/12,2850,新產,1~5張,8743,-14,5.69,-0.02
2026/06/12,2850,新產,200~400張,52,3,4.65,0.3
2026/06/12,2850,新產,20~30張,297,-3,2.37,-0.02
2026/06/12,2850,新產,30~40張,143,-1,1.61,-0.01
2026/06/12,2850,新產,400~600張,27,-1,4.11,-0.12
2026/06/12,2850,新產,40~50張,104,-3,1.51,-0.04
2026/06/12,2850,新產,50~100張,180,-1,4.06,-0.04
2026/06/12,2850,新產,5~10張,1453,-20,3.61,-0.05
2026/06/12,2850,新產,600~800張,11,-1,2.33,-0.25
2026/06/12,2850,新產,800~1000張,13,-1,3.63,-0.34
2026/06/12,2850,新產,千張大戶,43,1,58.32,0.63
2026/06/12,2850,新產,零股散戶,5862,56,0.33,0.0
2026/06/26,2850,新產,100~200張,94,2,4.13,0.06
2026/06/26,2850,新產,10~15張,481,1,1.92,0.01
2026/06/26,2850,新產,15~20張,308,0,1.78,0.0
2026/06/26,2850,新產,1~5張,9004,-55,5.82,-0.04
2026/06/26,2850,新產,200~400張,53,1,4.74,0.04
2026/06/26,2850,新產,20~30張,298,-1,2.36,-0.01
2026/06/26,2850,新產,30~40張,147,3,1.65,0.04
2026/06/26,2850,新產,400~600張,22,-4,3.38,-0.61
2026/06/26,2850,新產,40~50張,108,0,1.58,0.0
2026/06/26,2850,新產,50~100張,178,-3,4.0,-0.07
2026/06/26,2850,新產,5~10張,1488,-9,3.69,-0.03
2026/06/26,2850,新產,600~800張,12,2,2.56,0.39
2026/06/26,2850,新產,800~1000張,16,1,4.53,0.3
2026/06/26,2850,新產,千張大戶,42,0,57.45,-0.07
2026/06/26,2850,新產,零股散戶,6067,21,0.34,0.0
2026/07/03,2850,新產,100~200張,94,0,4.12,-0.01
2026/07/03,2850,新產,10~15張,474,-7,1.89,-0.03
2026/07/03,2850,新產,15~20張,309,1,1.79,0.01
2026/07/03,2850,新產,1~5張,8959,-45,5.79,-0.03
2026/07/03,2850,新產,200~400張,55,2,4.9,0.16
2026/07/03,2850,新產,20~30張,295,-3,2.34,-0.02
2026/07/03,2850,新產,30~40張,146,-1,1.64,-0.01
2026/07/03,2850,新產,400~600張,25,3,3.86,0.48
2026/07/03,2850,新產,40~50張,109,1,1.59,0.01
2026/07/03,2850,新產,50~100張,179,1,4.01,0.01
2026/07/03,2850,新產,5~10張,1491,3,3.69,0.0
2026/07/03,2850,新產,600~800張,13,1,2.83,0.27
2026/07/03,2850,新產,800~1000張,13,-3,3.72,-0.81
2026/07/03,2850,新產,千張大戶,42,0,57.43,-0.02
2026/07/03,2850,新產,零股散戶,6060,-7,0.34,0.0
2026/07/17,2850,新產,100~200張,96,-1,4.21,-0.03
2026/07/17,2850,新產,10~15張,477,3,1.9,0.01
2026/07/17,2850,新產,15~20張,305,-2,1.77,-0.01
2026/07/17,2850,新產,1~5張,8759,-98,5.67,-0.06
2026/07/17,2850,新產,200~400張,56,1,5.11,0.22
2026/07/17,2850,新產,20~30張,297,0,2.36,0.0
2026/07/17,2850,新產,30~40張,144,-1,1.61,-0.01
2026/07/17,2850,新產,400~600張,24,-1,3.77,-0.08
2026/07/17,2850,新產,40~50張,107,-2,1.57,-0.02
2026/07/17,2850,新產,50~100張,183,4,4.08,0.08
2026/07/17,2850,新產,5~10張,1487,-2,3.69,0.0
2026/07/17,2850,新產,600~800張,13,0,2.85,0.03
2026/07/17,2850,新產,800~1000張,14,1,3.96,0.26
2026/07/17,2850,新產,千張大戶,41,-1,57.05,-0.39
2026/07/17,2850,新產,零股散戶,5976,-57,0.33,-0.01
2026/07/24,2850,新產,100~200張,96,0,4.22,0.01
2026/07/24,2850,新產,10~15張,481,4,1.92,0.02
2026/07/24,2850,新產,15~20張,303,-2,1.76,-0.01
2026/07/24,2850,新產,1~5張,8729,-30,5.66,-0.01
2026/07/24,2850,新產,200~400張,53,-3,4.78,-0.33
2026/07/24,2850,新產,20~30張,298,1,2.37,0.01
2026/07/24,2850,新產,30~40張,147,3,1.64,0.03
2026/07/24,2850,新產,400~600張,26,2,4.08,0.31
2026/07/24,2850,新產,40~50張,107,0,1.57,0.0
2026/07/24,2850,新產,50~100張,184,1,4.1,0.02
2026/07/24,2850,新產,5~10張,1478,-9,3.66,-0.03
2026/07/24,2850,新產,600~800張,14,1,3.11,0.26
2026/07/24,2850,新產,800~1000張,12,-2,3.37,-0.59
2026/07/24,2850,新產,千張大戶,42,1,57.34,0.29
2026/07/24,2850,新產,零股散戶,5968,-8,0.33,0.0
2026/07/31,2850,新產,100~200張,96,0,4.22,0.0
2026/07/31,2850,新產,10~15張,469,-12,1.86,-0.06
2026/07/31,2850,新產,15~20張,305,2,1.78,0.02
2026/07/31,2850,新產,1~5張,8592,-137,5.58,-0.08
2026/07/31,2850,新產,200~400張,55,2,4.97,0.19
2026/07/31,2850,新產,20~30張,294,-4,2.33,-0.04
2026/07/31,2850,新產,30~40張,141,-6,1.58,-0.06
2026/07/31,2850,新產,400~600張,21,-5,3.26,-0.82
2026/07/31,2850,新產,40~50張,111,4,1.63,0.06
2026/07/31,2850,新產,50~100張,184,0,4.11,0.01
2026/07/31,2850,新產,5~10張,1479,1,3.66,0.0
2026/07/31,2850,新產,600~800張,17,3,3.75,0.64
2026/07/31,2850,新產,800~1000張,13,1,3.62,0.25
2026/07/31,2850,新產,千張大戶,42,0,57.24,-0.1
2026/07/31,2850,新產,零股散戶,5975,7,0.33,0.0
2026/04/24,2851,中再保,100~200張,207,-1,3.64,-0.01
2026/04/24,2851,中再保,10~15張,1374,-8,2.17,-0.01
2026/04/24,2851,中再保,15~20張,804,1,1.83,0.0
2026/04/24,2851,中再保,1~5張,16248,-92,4.31,-0.02
2026/04/24,2851,中再保,200~400張,101,-5,3.51,-0.22
2026/04/24,2851,中再保,20~30張,747,-5,2.38,-0.01
2026/04/24,2851,中再保,30~40張,385,-1,1.71,-0.01
2026/04/24,2851,中再保,400~600張,43,4,2.57,0.24
2026/04/24,2851,中再保,40~50張,258,-1,1.48,0.0
2026/04/24,2851,中再保,50~100張,474,-1,4.26,0.0
2026/04/24,2851,中再保,5~10張,3564,32,3.47,0.03
2026/04/24,2851,中再保,600~800張,9,-1,0.77,-0.07
2026/04/24,2851,中再保,800~1000張,15,2,1.74,0.24
2026/04/24,2851,中再保,千張大戶,49,-1,65.99,-0.16
2026/04/24,2851,中再保,零股散戶,4918,-34,0.1,-0.01
2026/05/08,2851,中再保,100~200張,200,-3,3.51,-0.03
2026/05/08,2851,中再保,10~15張,1334,-37,2.1,-0.06
2026/05/08,2851,中再保,15~20張,821,22,1.87,0.05
2026/05/08,2851,中再保,1~5張,16027,-119,4.24,-0.04
2026/05/08,2851,中再保,200~400張,102,0,3.52,-0.01
2026/05/08,2851,中再保,20~30張,741,-8,2.36,-0.02
2026/05/08,2851,中再保,30~40張,380,-3,1.69,-0.02
2026/05/08,2851,中再保,400~600張,48,0,2.89,-0.02
2026/05/08,2851,中再保,40~50張,249,-6,1.43,-0.03
2026/05/08,2851,中再保,50~100張,458,-12,4.12,-0.08
2026/05/08,2851,中再保,5~10張,3492,-38,3.39,-0.04
2026/05/08,2851,中再保,600~800張,8,1,0.67,0.06
2026/05/08,2851,中再保,800~1000張,13,0,1.48,-0.01
2026/05/08,2851,中再保,千張大戶,53,1,66.54,0.24
2026/05/08,2851,中再保,零股散戶,4902,9,0.1,0.0
2026/05/15,2851,中再保,100~200張,195,-5,3.42,-0.09
2026/05/15,2851,中再保,10~15張,1299,-35,2.04,-0.06
2026/05/15,2851,中再保,15~20張,803,-18,1.83,-0.04
2026/05/15,2851,中再保,1~5張,15791,-236,4.17,-0.07
2026/05/15,2851,中再保,200~400張,111,9,3.83,0.31
2026/05/15,2851,中再保,20~30張,719,-22,2.28,-0.08
2026/05/15,2851,中再保,30~40張,381,1,1.7,0.01
2026/05/15,2851,中再保,400~600張,44,-4,2.66,-0.23
2026/05/15,2851,中再保,40~50張,253,4,1.46,0.03
2026/05/15,2851,中再保,50~100張,461,3,4.14,0.02
2026/05/15,2851,中再保,5~10張,3459,-33,3.35,-0.04
2026/05/15,2851,中再保,600~800張,9,1,0.76,0.09
2026/05/15,2851,中再保,800~1000張,10,-3,1.15,-0.33
2026/05/15,2851,中再保,千張大戶,53,0,67.01,0.47
2026/05/15,2851,中再保,零股散戶,4925,23,0.1,0.0
2026/05/22,2851,中再保,100~200張,204,9,3.59,0.17
2026/05/22,2851,中再保,10~15張,1289,-10,2.03,-0.01
2026/05/22,2851,中再保,15~20張,778,-25,1.77,-0.06
2026/05/22,2851,中再保,1~5張,15651,-140,4.15,-0.02
2026/05/22,2851,中再保,200~400張,106,-5,3.66,-0.17
2026/05/22,2851,中再保,20~30張,717,-2,2.27,-0.01
2026/05/22,2851,中再保,30~40張,375,-6,1.68,-0.02
2026/05/22,2851,中再保,400~600張,37,-7,2.23,-0.43
2026/05/22,2851,中再保,40~50張,243,-10,1.4,-0.06
2026/05/22,2851,中再保,50~100張,457,-4,4.14,0.0
2026/05/22,2851,中再保,5~10張,3412,-47,3.31,-0.04
2026/05/22,2851,中再保,600~800張,9,0,0.76,0.0
2026/05/22,2851,中再保,800~1000張,11,1,1.23,0.08
2026/05/22,2851,中再保,千張大戶,55,2,67.6,0.59
2026/05/22,2851,中再保,零股散戶,4938,13,0.1,0.0
2026/05/29,2851,中再保,100~200張,202,-2,3.58,-0.01
2026/05/29,2851,中再保,10~15張,1283,-6,2.02,-0.01
2026/05/29,2851,中再保,15~20張,787,9,1.79,0.02
2026/05/29,2851,中再保,1~5張,15516,-135,4.11,-0.04
2026/05/29,2851,中再保,200~400張,105,-1,3.6,-0.06
2026/05/29,2851,中再保,20~30張,709,-8,2.25,-0.02
2026/05/29,2851,中再保,30~40張,380,5,1.69,0.01
2026/05/29,2851,中再保,400~600張,36,-1,2.2,-0.03
2026/05/29,2851,中再保,40~50張,253,10,1.46,0.06
2026/05/29,2851,中再保,50~100張,456,-1,4.13,-0.01
2026/05/29,2851,中再保,5~10張,3432,20,3.32,0.01
2026/05/29,2851,中再保,600~800張,13,4,1.13,0.37
2026/05/29,2851,中再保,800~1000張,11,0,1.23,0.0
2026/05/29,2851,中再保,千張大戶,55,0,67.31,-0.29
2026/05/29,2851,中再保,零股散戶,4914,-24,0.1,0.0
2026/06/05,2851,中再保,100~200張,201,-1,3.53,-0.05
2026/06/05,2851,中再保,10~15張,1283,0,2.03,0.01
2026/06/05,2851,中再保,15~20張,787,0,1.8,0.01
2026/06/05,2851,中再保,1~5張,15430,-86,4.1,-0.01
2026/06/05,2851,中再保,200~400張,105,0,3.58,-0.02
2026/06/05,2851,中再保,20~30張,707,-2,2.24,-0.01
2026/06/05,2851,中再保,30~40張,369,-11,1.64,-0.05
2026/06/05,2851,中再保,400~600張,36,0,2.18,-0.02
2026/06/05,2851,中再保,40~50張,255,2,1.47,0.01
2026/06/05,2851,中再保,50~100張,458,2,4.13,0.0
2026/06/05,2851,中再保,5~10張,3416,-16,3.31,-0.01
2026/06/05,2851,中再保,600~800張,10,-3,0.86,-0.27
2026/06/05,2851,中再保,800~1000張,12,1,1.33,0.1
2026/06/05,2851,中再保,千張大戶,55,0,67.63,0.32
2026/06/05,2851,中再保,零股散戶,4934,20,0.1,0.0
2026/06/12,2851,中再保,100~200張,206,5,3.63,0.1
2026/06/12,2851,中再保,10~15張,1271,-12,2.01,-0.02
2026/06/12,2851,中再保,15~20張,799,12,1.83,0.03
2026/06/12,2851,中再保,1~5張,15430,0,4.1,0.0
2026/06/12,2851,中再保,200~400張,104,-1,3.55,-0.03
2026/06/12,2851,中再保,20~30張,701,-6,2.23,-0.01
2026/06/12,2851,中再保,30~40張,375,6,1.67,0.03
2026/06/12,2851,中再保,400~600張,38,2,2.3,0.12
2026/06/12,2851,中再保,40~50張,253,-2,1.46,-0.01
2026/06/12,2851,中再保,50~100張,453,-5,4.1,-0.03
2026/06/12,2851,中再保,5~10張,3387,-29,3.28,-0.03
2026/06/12,2851,中再保,600~800張,8,-2,0.66,-0.2
2026/06/12,2851,中再保,800~1000張,13,1,1.43,0.1
2026/06/12,2851,中再保,千張大戶,54,-1,67.58,-0.05
2026/06/12,2851,中再保,零股散戶,4921,-13,0.1,0.0
2026/06/26,2851,中再保,100~200張,206,-8,3.65,-0.13
2026/06/26,2851,中再保,10~15張,1250,10,1.98,0.02
2026/06/26,2851,中再保,15~20張,787,4,1.8,0.01
2026/06/26,2851,中再保,1~5張,15657,247,4.18,0.07
2026/06/26,2851,中再保,200~400張,112,9,3.89,0.37
2026/06/26,2851,中再保,20~30張,717,2,2.28,0.0
2026/06/26,2851,中再保,30~40張,376,3,1.68,0.02
2026/06/26,2851,中再保,400~600張,32,-5,1.91,-0.33
2026/06/26,2851,中再保,40~50張,265,9,1.53,0.06
2026/06/26,2851,中再保,50~100張,463,16,4.22,0.18
2026/06/26,2851,中再保,5~10張,3466,108,3.36,0.11
2026/06/26,2851,中再保,600~800張,13,1,1.06,0.08
2026/06/26,2851,中再保,800~1000張,10,-3,1.13,-0.33
2026/06/26,2851,中再保,千張大戶,55,0,67.17,-0.11
2026/06/26,2851,中再保,零股散戶,4936,-16,0.1,0.0
2026/07/03,2851,中再保,100~200張,216,10,3.78,0.13
2026/07/03,2851,中再保,10~15張,1246,-4,1.97,-0.01
2026/07/03,2851,中再保,15~20張,791,4,1.81,0.01
2026/07/03,2851,中再保,1~5張,15659,2,4.19,0.01
2026/07/03,2851,中再保,200~400張,114,2,3.92,0.03
2026/07/03,2851,中再保,20~30張,742,25,2.36,0.08
2026/07/03,2851,中再保,30~40張,386,10,1.71,0.03
2026/07/03,2851,中再保,400~600張,41,9,2.53,0.62
2026/07/03,2851,中再保,40~50張,259,-6,1.49,-0.04
2026/07/03,2851,中再保,50~100張,467,4,4.23,0.01
2026/07/03,2851,中再保,5~10張,3518,52,3.41,0.05
2026/07/03,2851,中再保,600~800張,10,-3,0.83,-0.23
2026/07/03,2851,中再保,800~1000張,10,0,1.12,-0.01
2026/07/03,2851,中再保,千張大戶,52,-3,66.45,-0.72
2026/07/03,2851,中再保,零股散戶,4960,24,0.1,0.0
2026/07/17,2851,中再保,100~200張,227,6,3.97,0.12
2026/07/17,2851,中再保,10~15張,1259,10,1.99,0.02
2026/07/17,2851,中再保,15~20張,776,-3,1.77,-0.01
2026/07/17,2851,中再保,1~5張,15389,-103,4.12,-0.01
2026/07/17,2851,中再保,200~400張,111,-3,3.81,-0.12
2026/07/17,2851,中再保,20~30張,738,1,2.35,0.01
2026/07/17,2851,中再保,30~40張,381,-6,1.7,-0.02
2026/07/17,2851,中再保,400~600張,40,1,2.42,0.03
2026/07/17,2851,中再保,40~50張,257,-5,1.48,-0.03
2026/07/17,2851,中再保,50~100張,452,-4,4.08,-0.04
2026/07/17,2851,中再保,5~10張,3454,-15,3.35,-0.01
2026/07/17,2851,中再保,600~800張,15,4,1.26,0.35
2026/07/17,2851,中再保,800~1000張,11,-2,1.23,-0.21
2026/07/17,2851,中再保,千張大戶,55,3,66.31,-0.04
2026/07/17,2851,中再保,零股散戶,4945,-1,0.1,0.0
2026/07/24,2851,中再保,100~200張,235,8,4.1,0.13
2026/07/24,2851,中再保,10~15張,1264,5,2.0,0.01
2026/07/24,2851,中再保,15~20張,793,17,1.81,0.04
2026/07/24,2851,中再保,1~5張,15396,7,4.13,0.01
2026/07/24,2851,中再保,200~400張,115,4,4.0,0.19
2026/07/24,2851,中再保,20~30張,731,-7,2.32,-0.03
2026/07/24,2851,中再保,30~40張,387,6,1.72,0.02
2026/07/24,2851,中再保,400~600張,40,0,2.44,0.02
2026/07/24,2851,中再保,40~50張,258,1,1.49,0.01
2026/07/24,2851,中再保,50~100張,453,1,4.06,-0.02
2026/07/24,2851,中再保,5~10張,3469,15,3.36,0.01
2026/07/24,2851,中再保,600~800張,15,0,1.28,0.02
2026/07/24,2851,中再保,800~1000張,11,0,1.23,0.0
2026/07/24,2851,中再保,千張大戶,54,-1,65.89,-0.42
2026/07/24,2851,中再保,零股散戶,4949,4,0.1,0.0
2026/07/31,2851,中再保,100~200張,239,4,4.2,0.1
2026/07/31,2851,中再保,10~15張,1275,11,2.02,0.02
2026/07/31,2851,中再保,15~20張,778,-15,1.77,-0.04
2026/07/31,2851,中再保,1~5張,15394,-2,4.13,0.0
2026/07/31,2851,中再保,200~400張,117,2,4.02,0.02
2026/07/31,2851,中再保,20~30張,748,17,2.37,0.05
2026/07/31,2851,中再保,30~40張,392,5,1.75,0.03
2026/07/31,2851,中再保,400~600張,39,-1,2.39,-0.05
2026/07/31,2851,中再保,40~50張,270,12,1.56,0.07
2026/07/31,2851,中再保,50~100張,448,-5,4.01,-0.05
2026/07/31,2851,中再保,5~10張,3494,25,3.38,0.02
2026/07/31,2851,中再保,600~800張,17,2,1.49,0.21
2026/07/31,2851,中再保,800~1000張,11,0,1.23,0.0
2026/07/31,2851,中再保,千張大戶,52,-2,65.5,-0.39
2026/07/31,2851,中再保,零股散戶,4970,21,0.11,0.01
2026/04/24,2880,華南金,100~200張,3138,-28,3.04,-0.03
2026/04/24,2880,華南金,10~15張,18382,-32,1.57,0.0
2026/04/24,2880,華南金,15~20張,8388,-7,1.04,0.0
2026/04/24,2880,華南金,1~5張,164033,-1260,2.31,-0.01
2026/04/24,2880,華南金,200~400張,1170,-5,2.28,-0.01
2026/04/24,2880,華南金,20~30張,9434,-36,1.62,-0.01
2026/04/24,2880,華南金,30~40張,5005,-19,1.23,0.0
2026/04/24,2880,華南金,400~600張,336,-2,1.16,-0.01
2026/04/24,2880,華南金,40~50張,2808,-7,0.89,-0.01
2026/04/24,2880,華南金,50~100張,5983,-38,2.95,-0.02
2026/04/24,2880,華南金,5~10張,35284,-65,1.73,0.0
2026/04/24,2880,華南金,600~800張,142,-2,0.69,-0.01
2026/04/24,2880,華南金,800~1000張,105,-2,0.67,-0.01
2026/04/24,2880,華南金,千張大戶,565,3,78.6,0.12
2026/04/24,2880,華南金,零股散戶,235733,-522,0.16,0.0
2026/05/08,2880,華南金,100~200張,3162,16,3.07,0.02
2026/05/08,2880,華南金,10~15張,18623,50,1.59,0.0
2026/05/08,2880,華南金,15~20張,8510,40,1.05,0.0
2026/05/08,2880,華南金,1~5張,167182,682,2.37,0.02
2026/05/08,2880,華南金,200~400張,1183,10,2.3,0.02
2026/05/08,2880,華南金,20~30張,9500,22,1.63,0.0
2026/05/08,2880,華南金,30~40張,5058,-9,1.24,-0.01
2026/05/08,2880,華南金,400~600張,336,2,1.16,0.01
2026/05/08,2880,華南金,40~50張,2862,24,0.91,0.01
2026/05/08,2880,華南金,50~100張,6048,44,2.98,0.02
2026/05/08,2880,華南金,5~10張,36008,193,1.77,0.01
2026/05/08,2880,華南金,600~800張,139,-2,0.67,-0.01
2026/05/08,2880,華南金,800~1000張,105,-1,0.67,-0.01
2026/05/08,2880,華南金,千張大戶,568,3,78.36,-0.08
2026/05/08,2880,華南金,零股散戶,233864,-1199,0.16,0.0
2026/05/15,2880,華南金,100~200張,3161,-1,3.06,-0.01
2026/05/15,2880,華南金,10~15張,18642,19,1.59,0.0
2026/05/15,2880,華南金,15~20張,8485,-25,1.05,0.0
2026/05/15,2880,華南金,1~5張,167828,646,2.38,0.01
2026/05/15,2880,華南金,200~400張,1181,-2,2.29,-0.01
2026/05/15,2880,華南金,20~30張,9499,-1,1.63,0.0
2026/05/15,2880,華南金,30~40張,5076,18,1.25,0.01
2026/05/15,2880,華南金,400~600張,335,-1,1.15,-0.01
2026/05/15,2880,華南金,40~50張,2852,-10,0.91,0.0
2026/05/15,2880,華南金,50~100張,6050,2,2.98,0.0
2026/05/15,2880,華南金,5~10張,36076,68,1.78,0.01
2026/05/15,2880,華南金,600~800張,140,1,0.67,0.0
2026/05/15,2880,華南金,800~1000張,104,-1,0.66,-0.01
2026/05/15,2880,華南金,千張大戶,566,-2,78.36,0.0
2026/05/15,2880,華南金,零股散戶,233128,-736,0.15,-0.01
2026/05/22,2880,華南金,100~200張,3158,-3,3.06,0.0
2026/05/22,2880,華南金,10~15張,18694,52,1.6,0.01
2026/05/22,2880,華南金,15~20張,8507,22,1.05,0.0
2026/05/22,2880,華南金,1~5張,168519,691,2.39,0.01
2026/05/22,2880,華南金,200~400張,1182,1,2.3,0.01
2026/05/22,2880,華南金,20~30張,9507,8,1.64,0.01
2026/05/22,2880,華南金,30~40張,5091,15,1.25,0.0
2026/05/22,2880,華南金,400~600張,329,-6,1.14,-0.01
2026/05/22,2880,華南金,40~50張,2866,14,0.91,0.0
2026/05/22,2880,華南金,50~100張,6068,18,2.99,0.01
2026/05/22,2880,華南金,5~10張,36219,143,1.79,0.01
2026/05/22,2880,華南金,600~800張,133,-7,0.64,-0.03
2026/05/22,2880,華南金,800~1000張,104,0,0.66,0.0
2026/05/22,2880,華南金,千張大戶,572,6,78.37,0.01
2026/05/22,2880,華南金,零股散戶,232234,-894,0.15,0.0
2026/05/29,2880,華南金,100~200張,3187,29,3.09,0.03
2026/05/29,2880,華南金,10~15張,19121,427,1.64,0.04
2026/05/29,2880,華南金,15~20張,8673,166,1.07,0.02
2026/05/29,2880,華南金,1~5張,171946,3427,2.45,0.06
2026/05/29,2880,華南金,200~400張,1197,15,2.32,0.02
2026/05/29,2880,華南金,20~30張,9664,157,1.66,0.02
2026/05/29,2880,華南金,30~40張,5156,65,1.27,0.02
2026/05/29,2880,華南金,400~600張,331,2,1.14,0.0
2026/05/29,2880,華南金,40~50張,2913,47,0.93,0.02
2026/05/29,2880,華南金,50~100張,6154,86,3.04,0.05
2026/05/29,2880,華南金,5~10張,37164,945,1.84,0.05
2026/05/29,2880,華南金,600~800張,133,0,0.64,0.0
2026/05/29,2880,華南金,800~1000張,104,0,0.66,0.0
2026/05/29,2880,華南金,千張大戶,570,-2,78.02,-0.35
2026/05/29,2880,華南金,零股散戶,230075,-2159,0.15,0.0
2026/06/05,2880,華南金,100~200張,3107,-80,3.01,-0.08
2026/06/05,2880,華南金,10~15張,18466,-655,1.58,-0.06
2026/06/05,2880,華南金,15~20張,8377,-296,1.04,-0.03
2026/06/05,2880,華南金,1~5張,166415,-5531,2.37,-0.08
2026/06/05,2880,華南金,200~400張,1178,-19,2.28,-0.04
2026/06/05,2880,華南金,20~30張,9382,-282,1.62,-0.04
2026/06/05,2880,華南金,30~40張,4983,-173,1.22,-0.05
2026/06/05,2880,華南金,400~600張,330,-1,1.14,0.0
2026/06/05,2880,華南金,40~50張,2813,-100,0.9,-0.03
2026/06/05,2880,華南金,50~100張,5955,-199,2.94,-0.1
2026/06/05,2880,華南金,5~10張,35784,-1380,1.76,-0.08
2026/06/05,2880,華南金,600~800張,133,0,0.64,0.0
2026/06/05,2880,華南金,800~1000張,109,5,0.69,0.03
2026/06/05,2880,華南金,千張大戶,559,-11,78.59,0.57
2026/06/05,2880,華南金,零股散戶,228784,-1291,0.15,0.0
2026/06/12,2880,華南金,100~200張,3113,6,3.01,0.0
2026/06/12,2880,華南金,10~15張,18427,-39,1.58,0.0
2026/06/12,2880,華南金,15~20張,8395,18,1.04,0.0
2026/06/12,2880,華南金,1~5張,166408,-7,2.37,0.0
2026/06/12,2880,華南金,200~400張,1172,-6,2.27,-0.01
2026/06/12,2880,華南金,20~30張,9362,-20,1.61,-0.01
2026/06/12,2880,華南金,30~40張,4991,8,1.23,0.01
2026/06/12,2880,華南金,400~600張,332,2,1.15,0.01
2026/06/12,2880,華南金,40~50張,2810,-3,0.9,0.0
2026/06/12,2880,華南金,50~100張,5968,13,2.94,0.0
2026/06/12,2880,華南金,5~10張,35790,6,1.76,0.0
2026/06/12,2880,華南金,600~800張,137,4,0.66,0.02
2026/06/12,2880,華南金,800~1000張,108,-1,0.69,0.0
2026/06/12,2880,華南金,千張大戶,556,-3,78.57,-0.02
2026/06/12,2880,華南金,零股散戶,228118,-666,0.15,0.0
2026/06/26,2880,華南金,100~200張,3061,-26,2.96,-0.03
2026/06/26,2880,華南金,10~15張,18270,-79,1.56,-0.01
2026/06/26,2880,華南金,15~20張,8292,-23,1.03,0.0
2026/06/26,2880,華南金,1~5張,164449,98,2.34,0.0
2026/06/26,2880,華南金,200~400張,1162,-8,2.25,-0.02
2026/06/26,2880,華南金,20~30張,9298,-27,1.6,-0.01
2026/06/26,2880,華南金,30~40張,4944,4,1.22,0.01
2026/06/26,2880,華南金,400~600張,331,5,1.15,0.02
2026/06/26,2880,華南金,40~50張,2774,-6,0.88,-0.01
2026/06/26,2880,華南金,50~100張,5928,-14,2.92,-0.01
2026/06/26,2880,華南金,5~10張,35370,-59,1.74,-0.01
2026/06/26,2880,華南金,600~800張,136,-4,0.65,-0.02
2026/06/26,2880,華南金,800~1000張,104,0,0.66,0.0
2026/06/26,2880,華南金,千張大戶,564,-1,78.8,0.06
2026/06/26,2880,華南金,零股散戶,226112,-976,0.15,0.0
2026/07/03,2880,華南金,100~200張,3061,0,2.96,0.0
2026/07/03,2880,華南金,10~15張,18254,-16,1.56,0.0
2026/07/03,2880,華南金,15~20張,8276,-16,1.02,-0.01
2026/07/03,2880,華南金,1~5張,164164,-285,2.34,0.0
2026/07/03,2880,華南金,200~400張,1158,-4,2.24,-0.01
2026/07/03,2880,華南金,20~30張,9290,-8,1.6,0.0
2026/07/03,2880,華南金,30~40張,4914,-30,1.21,-0.01
2026/07/03,2880,華南金,400~600張,325,-6,1.12,-0.03
2026/07/03,2880,華南金,40~50張,2756,-18,0.88,0.0
2026/07/03,2880,華南金,50~100張,5907,-21,2.92,0.0
2026/07/03,2880,華南金,5~10張,35348,-22,1.74,0.0
2026/07/03,2880,華南金,600~800張,142,6,0.68,0.03
2026/07/03,2880,華南金,800~1000張,99,-5,0.63,-0.03
2026/07/03,2880,華南金,千張大戶,560,-4,78.88,0.08
2026/07/03,2880,華南金,零股散戶,225396,-716,0.15,0.0
2026/07/17,2880,華南金,100~200張,3037,-22,2.94,-0.02
2026/07/17,2880,華南金,10~15張,18055,-71,1.54,-0.01
2026/07/17,2880,華南金,15~20張,8198,-3,1.01,0.0
2026/07/17,2880,華南金,1~5張,161412,-586,2.3,-0.01
2026/07/17,2880,華南金,200~400張,1149,-5,2.23,-0.01
2026/07/17,2880,華南金,20~30張,9199,-39,1.58,-0.01
2026/07/17,2880,華南金,30~40張,4831,-28,1.19,0.0
2026/07/17,2880,華南金,400~600張,324,3,1.12,0.01
2026/07/17,2880,華南金,40~50張,2764,4,0.88,0.0
2026/07/17,2880,華南金,50~100張,5836,-14,2.89,0.0
2026/07/17,2880,華南金,5~10張,34869,-122,1.72,0.0
2026/07/17,2880,華南金,600~800張,144,3,0.69,0.02
2026/07/17,2880,華南金,800~1000張,101,-1,0.64,-0.01
2026/07/17,2880,華南金,千張大戶,565,2,79.05,0.05
2026/07/17,2880,華南金,零股散戶,224429,-349,0.15,0.0
2026/07/24,2880,華南金,100~200張,3005,-32,2.9,-0.04
2026/07/24,2880,華南金,10~15張,17786,-269,1.52,-0.02
2026/07/24,2880,華南金,15~20張,8056,-142,1.0,-0.01
2026/07/24,2880,華南金,1~5張,160341,-1071,2.28,-0.02
2026/07/24,2880,華南金,200~400張,1134,-15,2.2,-0.03
2026/07/24,2880,華南金,20~30張,9091,-108,1.56,-0.02
2026/07/24,2880,華南金,30~40張,4787,-44,1.18,-0.01
2026/07/24,2880,華南金,400~600張,325,1,1.12,0.0
2026/07/24,2880,華南金,40~50張,2736,-28,0.87,-0.01
2026/07/24,2880,華南金,50~100張,5738,-98,2.83,-0.06
2026/07/24,2880,華南金,5~10張,34557,-312,1.7,-0.02
2026/07/24,2880,華南金,600~800張,139,-5,0.66,-0.03
2026/07/24,2880,華南金,800~1000張,102,1,0.65,0.01
2026/07/24,2880,華南金,千張大戶,565,0,79.28,0.23
2026/07/24,2880,華南金,零股散戶,224564,135,0.15,0.0
2026/07/31,2880,華南金,100~200張,2947,-58,2.85,-0.05
2026/07/31,2880,華南金,10~15張,17492,-294,1.5,-0.02
2026/07/31,2880,華南金,15~20張,7980,-76,0.99,-0.01
2026/07/31,2880,華南金,1~5張,158758,-1583,2.26,-0.02
2026/07/31,2880,華南金,200~400張,1121,-13,2.17,-0.03
2026/07/31,2880,華南金,20~30張,8947,-144,1.54,-0.02
2026/07/31,2880,華南金,30~40張,4688,-99,1.15,-0.03
2026/07/31,2880,華南金,400~600張,319,-6,1.1,-0.02
2026/07/31,2880,華南金,40~50張,2708,-28,0.86,-0.01
2026/07/31,2880,華南金,50~100張,5648,-90,2.79,-0.04
2026/07/31,2880,華南金,5~10張,34025,-532,1.68,-0.02
2026/07/31,2880,華南金,600~800張,138,-1,0.66,0.0
2026/07/31,2880,華南金,800~1000張,102,0,0.65,0.0
2026/07/31,2880,華南金,千張大戶,566,1,79.58,0.3
2026/07/31,2880,華南金,零股散戶,225621,1057,0.16,0.01
2026/04/24,2881,富邦金,100~200張,1787,21,1.73,0.02
2026/04/24,2881,富邦金,10~15張,15843,34,1.38,0.01
2026/04/24,2881,富邦金,15~20張,7428,62,0.91,0.01
2026/04/24,2881,富邦金,1~5張,184809,-127,2.75,0.0
2026/04/24,2881,富邦金,200~400張,738,-3,1.45,-0.01
2026/04/24,2881,富邦金,20~30張,7585,-2,1.31,0.0
2026/04/24,2881,富邦金,30~40張,3455,12,0.84,0.0
2026/04/24,2881,富邦金,400~600張,286,9,0.99,0.03
2026/04/24,2881,富邦金,40~50張,2065,11,0.65,0.0
2026/04/24,2881,富邦金,50~100張,3831,12,1.88,0.01
2026/04/24,2881,富邦金,5~10張,38367,172,1.92,0.01
2026/04/24,2881,富邦金,600~800張,153,-1,0.75,0.0
2026/04/24,2881,富邦金,800~1000張,78,7,0.49,0.04
2026/04/24,2881,富邦金,千張大戶,497,-5,82.62,-0.11
2026/04/24,2881,富邦金,零股散戶,144738,-1075,0.25,0.0
2026/05/08,2881,富邦金,100~200張,1748,-24,1.69,-0.03
2026/05/08,2881,富邦金,10~15張,15316,-353,1.33,-0.03
2026/05/08,2881,富邦金,15~20張,7178,-181,0.88,-0.02
2026/05/08,2881,富邦金,1~5張,179468,-3875,2.67,-0.05
2026/05/08,2881,富邦金,200~400張,730,-7,1.43,-0.02
2026/05/08,2881,富邦金,20~30張,7395,-145,1.28,-0.03
2026/05/08,2881,富邦金,30~40張,3363,-67,0.82,-0.02
2026/05/08,2881,富邦金,400~600張,281,0,0.97,0.0
2026/05/08,2881,富邦金,40~50張,1996,-46,0.63,-0.01
2026/05/08,2881,富邦金,50~100張,3699,-107,1.81,-0.05
2026/05/08,2881,富邦金,5~10張,37347,-760,1.87,-0.04
2026/05/08,2881,富邦金,600~800張,150,-4,0.74,-0.01
2026/05/08,2881,富邦金,800~1000張,68,-6,0.43,-0.04
2026/05/08,2881,富邦金,千張大戶,504,1,83.13,0.36
2026/05/08,2881,富邦金,零股散戶,142697,-1251,0.24,-0.01
2026/05/15,2881,富邦金,100~200張,1716,-32,1.66,-0.03
2026/05/15,2881,富邦金,10~15張,15063,-253,1.31,-0.02
2026/05/15,2881,富邦金,15~20張,7019,-159,0.86,-0.02
2026/05/15,2881,富邦金,1~5張,175857,-3611,2.61,-0.06
2026/05/15,2881,富邦金,200~400張,712,-18,1.4,-0.03
2026/05/15,2881,富邦金,20~30張,7236,-159,1.26,-0.02
2026/05/15,2881,富邦金,30~40張,3300,-63,0.8,-0.02
2026/05/15,2881,富邦金,400~600張,279,-2,0.96,-0.01
2026/05/15,2881,富邦金,40~50張,1961,-35,0.62,-0.01
2026/05/15,2881,富邦金,50~100張,3641,-58,1.79,-0.02
2026/05/15,2881,富邦金,5~10張,36607,-740,1.83,-0.04
2026/05/15,2881,富邦金,600~800張,149,-1,0.73,-0.01
2026/05/15,2881,富邦金,800~1000張,66,-2,0.42,-0.01
2026/05/15,2881,富邦金,千張大戶,503,-1,83.44,0.31
2026/05/15,2881,富邦金,零股散戶,142203,-494,0.24,0.0
2026/05/22,2881,富邦金,100~200張,1706,-10,1.65,-0.01
2026/05/22,2881,富邦金,10~15張,14900,-163,1.3,-0.01
2026/05/22,2881,富邦金,15~20張,6921,-98,0.84,-0.02
2026/05/22,2881,富邦金,1~5張,174745,-1112,2.59,-0.02
2026/05/22,2881,富邦金,200~400張,715,3,1.4,0.0
2026/05/22,2881,富邦金,20~30張,7171,-65,1.24,-0.02
2026/05/22,2881,富邦金,30~40張,3295,-5,0.8,0.0
2026/05/22,2881,富邦金,400~600張,276,-3,0.95,-0.01
2026/05/22,2881,富邦金,40~50張,1949,-12,0.61,-0.01
2026/05/22,2881,富邦金,50~100張,3625,-16,1.78,-0.01
2026/05/22,2881,富邦金,5~10張,36173,-434,1.81,-0.02
2026/05/22,2881,富邦金,600~800張,150,1,0.74,0.01
2026/05/22,2881,富邦金,800~1000張,65,-1,0.41,-0.01
2026/05/22,2881,富邦金,千張大戶,502,-1,83.56,0.12
2026/05/22,2881,富邦金,零股散戶,141342,-861,0.24,0.0
2026/05/29,2881,富邦金,100~200張,1649,-57,1.6,-0.05
2026/05/29,2881,富邦金,10~15張,14419,-481,1.25,-0.05
2026/05/29,2881,富邦金,15~20張,6691,-230,0.82,-0.02
2026/05/29,2881,富邦金,1~5張,169641,-5104,2.52,-0.07
2026/05/29,2881,富邦金,200~400張,705,-10,1.38,-0.02
2026/05/29,2881,富邦金,20~30張,6946,-225,1.2,-0.04
2026/05/29,2881,富邦金,30~40張,3194,-101,0.78,-0.02
2026/05/29,2881,富邦金,400~600張,272,-4,0.94,-0.01
2026/05/29,2881,富邦金,40~50張,1876,-73,0.59,-0.02
2026/05/29,2881,富邦金,50~100張,3507,-118,1.72,-0.06
2026/05/29,2881,富邦金,5~10張,35003,-1170,1.75,-0.06
2026/05/29,2881,富邦金,600~800張,146,-4,0.72,-0.02
2026/05/29,2881,富邦金,800~1000張,73,8,0.46,0.05
2026/05/29,2881,富邦金,千張大戶,503,1,83.95,0.39
2026/05/29,2881,富邦金,零股散戶,141289,-53,0.24,0.0
2026/06/05,2881,富邦金,100~200張,1644,-5,1.6,0.0
2026/06/05,2881,富邦金,10~15張,14411,-8,1.25,0.0
2026/06/05,2881,富邦金,15~20張,6734,43,0.82,0.0
2026/06/05,2881,富邦金,1~5張,169676,35,2.52,0.0
2026/06/05,2881,富邦金,200~400張,700,-5,1.37,-0.01
2026/06/05,2881,富邦金,20~30張,6921,-25,1.2,0.0
2026/06/05,2881,富邦金,30~40張,3181,-13,0.78,0.0
2026/06/05,2881,富邦金,400~600張,274,2,0.95,0.01
2026/06/05,2881,富邦金,40~50張,1886,10,0.59,0.0
2026/06/05,2881,富邦金,50~100張,3540,33,1.74,0.02
2026/06/05,2881,富邦金,5~10張,34948,-55,1.75,0.0
2026/06/05,2881,富邦金,600~800張,146,0,0.72,0.0
2026/06/05,2881,富邦金,800~1000張,72,-1,0.46,0.0
2026/06/05,2881,富邦金,千張大戶,493,-10,83.95,0.0
2026/06/05,2881,富邦金,零股散戶,140269,-1020,0.24,0.0
2026/06/12,2881,富邦金,100~200張,1608,-36,1.56,-0.04
2026/06/12,2881,富邦金,10~15張,14012,-399,1.22,-0.03
2026/06/12,2881,富邦金,15~20張,6543,-191,0.8,-0.02
2026/06/12,2881,富邦金,1~5張,166432,-3244,2.47,-0.05
2026/06/12,2881,富邦金,200~400張,684,-16,1.35,-0.02
2026/06/12,2881,富邦金,20~30張,6730,-191,1.17,-0.03
2026/06/12,2881,富邦金,30~40張,3099,-82,0.76,-0.02
2026/06/12,2881,富邦金,400~600張,267,-7,0.92,-0.03
2026/06/12,2881,富邦金,40~50張,1827,-59,0.58,-0.01
2026/06/12,2881,富邦金,50~100張,3441,-99,1.68,-0.06
2026/06/12,2881,富邦金,5~10張,34112,-836,1.7,-0.05
2026/06/12,2881,富邦金,600~800張,137,-9,0.67,-0.05
2026/06/12,2881,富邦金,800~1000張,78,6,0.5,0.04
2026/06/12,2881,富邦金,千張大戶,502,9,84.32,0.37
2026/06/12,2881,富邦金,零股散戶,141212,943,0.24,0.0
2026/06/26,2881,富邦金,100~200張,1606,0,1.56,0.0
2026/06/26,2881,富邦金,10~15張,13947,22,1.21,0.0
2026/06/26,2881,富邦金,15~20張,6502,-5,0.79,0.0
2026/06/26,2881,富邦金,1~5張,168656,1194,2.49,0.01
2026/06/26,2881,富邦金,200~400張,675,-11,1.33,-0.02
2026/06/26,2881,富邦金,20~30張,6714,-6,1.17,0.0
2026/06/26,2881,富邦金,30~40張,3108,3,0.76,0.0
2026/06/26,2881,富邦金,400~600張,266,-2,0.92,-0.01
2026/06/26,2881,富邦金,40~50張,1815,-7,0.57,0.0
2026/06/26,2881,富邦金,50~100張,3474,17,1.7,0.0
2026/06/26,2881,富邦金,5~10張,34107,88,1.71,0.01
2026/06/26,2881,富邦金,600~800張,144,7,0.71,0.04
2026/06/26,2881,富邦金,800~1000張,75,-2,0.48,-0.01
2026/06/26,2881,富邦金,千張大戶,504,3,84.29,-0.02
2026/06/26,2881,富邦金,零股散戶,142989,648,0.24,0.0
2026/07/03,2881,富邦金,100~200張,1608,2,1.57,0.01
2026/07/03,2881,富邦金,10~15張,14015,68,1.22,0.01
2026/07/03,2881,富邦金,15~20張,6544,42,0.8,0.01
2026/07/03,2881,富邦金,1~5張,171551,2895,2.54,0.05
2026/07/03,2881,富邦金,200~400張,682,7,1.34,0.01
2026/07/03,2881,富邦金,20~30張,6717,3,1.17,0.0
2026/07/03,2881,富邦金,30~40張,3099,-9,0.76,0.0
2026/07/03,2881,富邦金,400~600張,271,5,0.94,0.02
2026/07/03,2881,富邦金,40~50張,1835,20,0.58,0.01
2026/07/03,2881,富邦金,50~100張,3455,-19,1.69,-0.01
2026/07/03,2881,富邦金,5~10張,34389,282,1.72,0.01
2026/07/03,2881,富邦金,600~800張,144,0,0.71,0.0
2026/07/03,2881,富邦金,800~1000張,74,-1,0.47,-0.01
2026/07/03,2881,富邦金,千張大戶,497,-7,84.19,-0.1
2026/07/03,2881,富邦金,零股散戶,144666,1677,0.24,0.0
2026/07/17,2881,富邦金,100~200張,1613,2,1.58,0.01
2026/07/17,2881,富邦金,10~15張,13947,-29,1.21,-0.01
2026/07/17,2881,富邦金,15~20張,6537,-1,0.8,0.0
2026/07/17,2881,富邦金,1~5張,170442,-853,2.52,-0.01
2026/07/17,2881,富邦金,200~400張,687,10,1.35,0.02
2026/07/17,2881,富邦金,20~30張,6692,-27,1.16,-0.01
2026/07/17,2881,富邦金,30~40張,3090,-6,0.75,-0.01
2026/07/17,2881,富邦金,400~600張,276,-2,0.96,-0.01
2026/07/17,2881,富邦金,40~50張,1832,10,0.58,0.01
2026/07/17,2881,富邦金,50~100張,3460,5,1.69,0.0
2026/07/17,2881,富邦金,5~10張,34224,-84,1.71,-0.01
2026/07/17,2881,富邦金,600~800張,149,0,0.73,0.0
2026/07/17,2881,富邦金,800~1000張,75,2,0.48,0.02
2026/07/17,2881,富邦金,千張大戶,499,2,84.15,-0.02
2026/07/17,2881,富邦金,零股散戶,144846,-140,0.24,0.0
2026/07/24,2881,富邦金,100~200張,1607,-6,1.57,-0.01
2026/07/24,2881,富邦金,10~15張,13877,-70,1.21,0.0
2026/07/24,2881,富邦金,15~20張,6512,-25,0.79,-0.01
2026/07/24,2881,富邦金,1~5張,169388,-1054,2.51,-0.01
2026/07/24,2881,富邦金,200~400張,692,5,1.36,0.01
2026/07/24,2881,富邦金,20~30張,6662,-30,1.16,0.0
2026/07/24,2881,富邦金,30~40張,3075,-15,0.75,0.0
2026/07/24,2881,富邦金,400~600張,275,-1,0.96,0.0
2026/07/24,2881,富邦金,40~50張,1821,-11,0.57,-0.01
2026/07/24,2881,富邦金,50~100張,3433,-27,1.68,-0.01
2026/07/24,2881,富邦金,5~10張,34034,-190,1.7,-0.01
2026/07/24,2881,富邦金,600~800張,149,0,0.73,0.0
2026/07/24,2881,富邦金,800~1000張,82,7,0.52,0.04
2026/07/24,2881,富邦金,千張大戶,496,-3,84.17,0.02
2026/07/24,2881,富邦金,零股散戶,144600,-246,0.24,0.0
2026/07/31,2881,富邦金,100~200張,1600,-7,1.57,0.0
2026/07/31,2881,富邦金,10~15張,13853,-24,1.21,0.0
2026/07/31,2881,富邦金,15~20張,6487,-25,0.79,0.0
2026/07/31,2881,富邦金,1~5張,168746,-642,2.5,-0.01
2026/07/31,2881,富邦金,200~400張,689,-3,1.36,0.0
2026/07/31,2881,富邦金,20~30張,6638,-24,1.15,-0.01
2026/07/31,2881,富邦金,30~40張,3059,-16,0.75,0.0
2026/07/31,2881,富邦金,400~600張,266,-9,0.93,-0.03
2026/07/31,2881,富邦金,40~50張,1811,-10,0.57,0.0
2026/07/31,2881,富邦金,50~100張,3413,-20,1.67,-0.01
2026/07/31,2881,富邦金,5~10張,33940,-94,1.7,0.0
2026/07/31,2881,富邦金,600~800張,149,0,0.73,0.0
2026/07/31,2881,富邦金,800~1000張,86,4,0.55,0.03
2026/07/31,2881,富邦金,千張大戶,501,5,84.23,0.06
2026/07/31,2881,富邦金,零股散戶,144686,86,0.24,0.0
2026/04/24,2884,玉山金,100~200張,4672,13,3.9,0.01
2026/04/24,2884,玉山金,10~15張,34111,-44,2.54,-0.01
2026/04/24,2884,玉山金,15~20張,15261,-36,1.63,0.0
2026/04/24,2884,玉山金,1~5張,288492,-904,3.88,-0.01
2026/04/24,2884,玉山金,200~400張,2045,1,3.46,0.0
2026/04/24,2884,玉山金,20~30張,16964,-2,2.54,0.0
2026/04/24,2884,玉山金,30~40張,8296,7,1.76,0.0
2026/04/24,2884,玉山金,400~600張,637,-1,1.92,0.0
2026/04/24,2884,玉山金,40~50張,4975,4,1.37,0.0
2026/04/24,2884,玉山金,50~100張,10174,-2,4.3,0.0
2026/04/24,2884,玉山金,5~10張,72860,-143,3.16,0.0
2026/04/24,2884,玉山金,600~800張,340,2,1.44,0.01
2026/04/24,2884,玉山金,800~1000張,194,-3,1.06,-0.02
2026/04/24,2884,玉山金,千張大戶,901,1,66.72,0.02
2026/04/24,2884,玉山金,零股散戶,161704,-894,0.24,0.0
2026/05/08,2884,玉山金,100~200張,4698,35,3.92,0.03
2026/05/08,2884,玉山金,10~15張,34187,186,2.55,0.01
2026/05/08,2884,玉山金,15~20張,15345,93,1.64,0.01
2026/05/08,2884,玉山金,1~5張,288396,666,3.88,0.01
2026/05/08,2884,玉山金,200~400張,2053,13,3.48,0.02
2026/05/08,2884,玉山金,20~30張,17050,142,2.55,0.02
2026/05/08,2884,玉山金,30~40張,8300,38,1.77,0.01
2026/05/08,2884,玉山金,400~600張,633,-1,1.91,0.01
2026/05/08,2884,玉山金,40~50張,5012,70,1.39,0.03
2026/05/08,2884,玉山金,50~100張,10249,67,4.34,0.03
2026/05/08,2884,玉山金,5~10張,73150,397,3.18,0.02
2026/05/08,2884,玉山金,600~800張,339,-6,1.44,-0.02
2026/05/08,2884,玉山金,800~1000張,202,5,1.11,0.03
2026/05/08,2884,玉山金,千張大戶,896,-1,66.53,-0.22
2026/05/08,2884,玉山金,零股散戶,159954,-1185,0.23,-0.01
2026/05/15,2884,玉山金,100~200張,4695,-3,3.92,0.0
2026/05/15,2884,玉山金,10~15張,34117,-70,2.55,0.0
2026/05/15,2884,玉山金,15~20張,15365,20,1.65,0.01
2026/05/15,2884,玉山金,1~5張,287954,-442,3.88,0.0
2026/05/15,2884,玉山金,200~400張,2051,-2,3.48,0.0
2026/05/15,2884,玉山金,20~30張,17021,-29,2.55,0.0
2026/05/15,2884,玉山金,30~40張,8305,5,1.77,0.0
2026/05/15,2884,玉山金,400~600張,637,4,1.92,0.01
2026/05/15,2884,玉山金,40~50張,5021,9,1.39,0.0
2026/05/15,2884,玉山金,50~100張,10237,-12,4.33,-0.01
2026/05/15,2884,玉山金,5~10張,73031,-119,3.17,-0.01
2026/05/15,2884,玉山金,600~800張,344,5,1.46,0.02
2026/05/15,2884,玉山金,800~1000張,203,1,1.12,0.01
2026/05/15,2884,玉山金,千張大戶,894,-2,66.52,-0.01
2026/05/15,2884,玉山金,零股散戶,159276,-678,0.23,0.0
2026/05/22,2884,玉山金,100~200張,4702,7,3.93,0.01
2026/05/22,2884,玉山金,10~15張,34106,-11,2.55,0.0
2026/05/22,2884,玉山金,15~20張,15415,50,1.65,0.0
2026/05/22,2884,玉山金,1~5張,287697,-257,3.88,0.0
2026/05/22,2884,玉山金,200~400張,2041,-10,3.47,-0.01
2026/05/22,2884,玉山金,20~30張,16986,-35,2.55,0.0
2026/05/22,2884,玉山金,30~40張,8324,19,1.77,0.0
2026/05/22,2884,玉山金,400~600張,626,-11,1.88,-0.04
2026/05/22,2884,玉山金,40~50張,5013,-8,1.39,0.0
2026/05/22,2884,玉山金,50~100張,10241,4,4.34,0.01
2026/05/22,2884,玉山金,5~10張,73089,58,3.18,0.01
2026/05/22,2884,玉山金,600~800張,352,8,1.49,0.03
2026/05/22,2884,玉山金,800~1000張,199,-4,1.09,-0.03
2026/05/22,2884,玉山金,千張大戶,898,4,66.54,0.02
2026/05/22,2884,玉山金,零股散戶,158489,-787,0.23,0.0
2026/05/29,2884,玉山金,100~200張,4749,47,3.97,0.04
2026/05/29,2884,玉山金,10~15張,34491,385,2.58,0.03
2026/05/29,2884,玉山金,15~20張,15650,235,1.68,0.03
2026/05/29,2884,玉山金,1~5張,289498,1801,3.91,0.03
2026/05/29,2884,玉山金,200~400張,2047,6,3.48,0.01
2026/05/29,2884,玉山金,20~30張,17194,208,2.58,0.03
2026/05/29,2884,玉山金,30~40張,8407,83,1.79,0.02
2026/05/29,2884,玉山金,400~600張,632,6,1.9,0.02
2026/05/29,2884,玉山金,40~50張,5116,103,1.42,0.03
2026/05/29,2884,玉山金,50~100張,10364,123,4.4,0.06
2026/05/29,2884,玉山金,5~10張,74054,965,3.23,0.05
2026/05/29,2884,玉山金,600~800張,354,2,1.5,0.01
2026/05/29,2884,玉山金,800~1000張,200,1,1.1,0.01
2026/05/29,2884,玉山金,千張大戶,901,3,66.17,-0.37
2026/05/29,2884,玉山金,零股散戶,157557,-932,0.23,0.0
2026/06/05,2884,玉山金,100~200張,4664,-85,3.9,-0.07
2026/06/05,2884,玉山金,10~15張,33788,-703,2.52,-0.06
2026/06/05,2884,玉山金,15~20張,15185,-465,1.63,-0.05
2026/06/05,2884,玉山金,1~5張,284373,-5125,3.83,-0.08
2026/06/05,2884,玉山金,200~400張,2009,-38,3.42,-0.06
2026/06/05,2884,玉山金,20~30張,16812,-382,2.52,-0.06
2026/06/05,2884,玉山金,30~40張,8221,-186,1.75,-0.04
2026/06/05,2884,玉山金,400~600張,641,9,1.93,0.03
2026/06/05,2884,玉山金,40~50張,4994,-122,1.38,-0.04
2026/06/05,2884,玉山金,50~100張,10161,-203,4.31,-0.09
2026/06/05,2884,玉山金,5~10張,72413,-1641,3.15,-0.08
2026/06/05,2884,玉山金,600~800張,345,-9,1.46,-0.04
2026/06/05,2884,玉山金,800~1000張,199,-1,1.1,0.0
2026/06/05,2884,玉山金,千張大戶,903,2,66.8,0.63
2026/06/05,2884,玉山金,零股散戶,156560,-997,0.23,0.0
2026/06/12,2884,玉山金,100~200張,4580,-84,3.83,-0.07
2026/06/12,2884,玉山金,10~15張,33180,-608,2.48,-0.04
2026/06/12,2884,玉山金,15~20張,14859,-326,1.59,-0.04
2026/06/12,2884,玉山金,1~5張,280335,-4038,3.78,-0.05
2026/06/12,2884,玉山金,200~400張,1995,-14,3.39,-0.03
2026/06/12,2884,玉山金,20~30張,16499,-313,2.47,-0.05
2026/06/12,2884,玉山金,30~40張,8049,-172,1.71,-0.04
2026/06/12,2884,玉山金,400~600張,639,-2,1.92,-0.01
2026/06/12,2884,玉山金,40~50張,4915,-79,1.36,-0.02
2026/06/12,2884,玉山金,50~100張,10011,-150,4.24,-0.07
2026/06/12,2884,玉山金,5~10張,71158,-1255,3.09,-0.06
2026/06/12,2884,玉山金,600~800張,338,-7,1.42,-0.04
2026/06/12,2884,玉山金,800~1000張,198,-1,1.09,-0.01
2026/06/12,2884,玉山金,千張大戶,905,2,67.33,0.53
2026/06/12,2884,玉山金,零股散戶,156965,405,0.23,0.0
2026/06/26,2884,玉山金,100~200張,4456,-37,3.71,-0.04
2026/06/26,2884,玉山金,10~15張,32507,-234,2.43,-0.01
2026/06/26,2884,玉山金,15~20張,14440,-142,1.55,-0.01
2026/06/26,2884,玉山金,1~5張,275134,-932,3.71,-0.01
2026/06/26,2884,玉山金,200~400張,1965,-4,3.33,-0.01
2026/06/26,2884,玉山金,20~30張,16057,-169,2.41,-0.02
2026/06/26,2884,玉山金,30~40張,7802,-83,1.66,-0.02
2026/06/26,2884,玉山金,400~600張,635,0,1.91,0.01
2026/06/26,2884,玉山金,40~50張,4820,-21,1.33,-0.01
2026/06/26,2884,玉山金,50~100張,9771,-89,4.13,-0.05
2026/06/26,2884,玉山金,5~10張,69470,-607,3.02,-0.03
2026/06/26,2884,玉山金,600~800張,330,-4,1.39,-0.02
2026/06/26,2884,玉山金,800~1000張,195,-1,1.08,0.0
2026/06/26,2884,玉山金,千張大戶,901,-1,68.05,0.23
2026/06/26,2884,玉山金,零股散戶,155785,-547,0.23,0.0
2026/07/03,2884,玉山金,100~200張,4484,28,3.74,0.03
2026/07/03,2884,玉山金,10~15張,32748,241,2.45,0.02
2026/07/03,2884,玉山金,15~20張,14531,91,1.56,0.01
2026/07/03,2884,玉山金,1~5張,276193,1059,3.72,0.01
2026/07/03,2884,玉山金,200~400張,1963,-2,3.32,-0.01
2026/07/03,2884,玉山金,20~30張,16126,69,2.42,0.01
2026/07/03,2884,玉山金,30~40張,7835,33,1.67,0.01
2026/07/03,2884,玉山金,400~600張,645,10,1.94,0.03
2026/07/03,2884,玉山金,40~50張,4837,17,1.34,0.01
2026/07/03,2884,玉山金,50~100張,9808,37,4.15,0.02
2026/07/03,2884,玉山金,5~10張,69937,467,3.05,0.03
2026/07/03,2884,玉山金,600~800張,325,-5,1.37,-0.02
2026/07/03,2884,玉山金,800~1000張,203,8,1.12,0.04
2026/07/03,2884,玉山金,千張大戶,894,-7,67.87,-0.18
2026/07/03,2884,玉山金,零股散戶,155096,-689,0.22,-0.01
2026/07/17,2884,玉山金,100~200張,4407,-28,3.67,-0.03
2026/07/17,2884,玉山金,10~15張,32259,-228,2.41,-0.02
2026/07/17,2884,玉山金,15~20張,14345,-92,1.54,-0.01
2026/07/17,2884,玉山金,1~5張,273492,-916,3.68,-0.01
2026/07/17,2884,玉山金,200~400張,1942,-17,3.29,-0.02
2026/07/17,2884,玉山金,20~30張,15913,-83,2.39,-0.01
2026/07/17,2884,玉山金,30~40張,7736,-55,1.65,-0.01
2026/07/17,2884,玉山金,400~600張,637,-8,1.91,-0.03
2026/07/17,2884,玉山金,40~50張,4763,-25,1.32,0.0
2026/07/17,2884,玉山金,50~100張,9682,-54,4.1,-0.02
2026/07/17,2884,玉山金,5~10張,68971,-362,3.0,-0.02
2026/07/17,2884,玉山金,600~800張,331,10,1.4,0.04
2026/07/17,2884,玉山金,800~1000張,203,-3,1.12,-0.02
2026/07/17,2884,玉山金,千張大戶,888,0,68.23,0.16
2026/07/17,2884,玉山金,零股散戶,155948,193,0.23,0.0
2026/07/24,2884,玉山金,100~200張,4358,-49,3.63,-0.04
2026/07/24,2884,玉山金,10~15張,31822,-437,2.37,-0.04
2026/07/24,2884,玉山金,15~20張,14068,-277,1.5,-0.04
2026/07/24,2884,玉山金,1~5張,269195,-4297,3.61,-0.07
2026/07/24,2884,玉山金,200~400張,1923,-19,3.25,-0.04
2026/07/24,2884,玉山金,20~30張,15718,-195,2.35,-0.04
2026/07/24,2884,玉山金,30~40張,7613,-123,1.62,-0.03
2026/07/24,2884,玉山金,400~600張,640,3,1.92,0.01
2026/07/24,2884,玉山金,40~50張,4711,-52,1.3,-0.02
2026/07/24,2884,玉山金,50~100張,9542,-140,4.04,-0.06
2026/07/24,2884,玉山金,5~10張,67776,-1195,2.94,-0.06
2026/07/24,2884,玉山金,600~800張,331,0,1.4,0.0
2026/07/24,2884,玉山金,800~1000張,200,-3,1.1,-0.02
2026/07/24,2884,玉山金,千張大戶,881,-7,68.66,0.43
2026/07/24,2884,玉山金,零股散戶,156631,683,0.23,0.0
2026/07/31,2884,玉山金,100~200張,4335,-23,3.6,-0.03
2026/07/31,2884,玉山金,10~15張,31391,-431,2.34,-0.03
2026/07/31,2884,玉山金,15~20張,13870,-198,1.48,-0.02
2026/07/31,2884,玉山金,1~5張,267052,-2143,3.59,-0.02
2026/07/31,2884,玉山金,200~400張,1908,-15,3.23,-0.02
2026/07/31,2884,玉山金,20~30張,15523,-195,2.32,-0.03
2026/07/31,2884,玉山金,30~40張,7584,-29,1.61,-0.01
2026/07/31,2884,玉山金,400~600張,634,-6,1.9,-0.02
2026/07/31,2884,玉山金,40~50張,4693,-18,1.3,0.0
2026/07/31,2884,玉山金,50~100張,9426,-116,3.99,-0.05
2026/07/31,2884,玉山金,5~10張,67250,-526,2.92,-0.02
2026/07/31,2884,玉山金,600~800張,324,-7,1.37,-0.03
2026/07/31,2884,玉山金,800~1000張,200,0,1.1,0.0
2026/07/31,2884,玉山金,千張大戶,880,-1,68.95,0.29
2026/07/31,2884,玉山金,零股散戶,157180,549,0.23,0.0
2026/04/24,2885,元大金,100~200張,1944,-3,1.95,0.0
2026/04/24,2885,元大金,10~15張,19712,3,1.77,0.0
2026/04/24,2885,元大金,15~20張,7486,3,0.97,0.0
2026/04/24,2885,元大金,1~5張,166729,392,2.64,0.01
2026/04/24,2885,元大金,200~400張,829,-10,1.71,-0.02
2026/04/24,2885,元大金,20~30張,8607,-15,1.55,-0.01
2026/04/24,2885,元大金,30~40張,3938,24,1.01,0.0
2026/04/24,2885,元大金,400~600張,302,7,1.11,0.03
2026/04/24,2885,元大金,40~50張,2081,9,0.69,0.0
2026/04/24,2885,元大金,50~100張,4279,15,2.18,0.01
2026/04/24,2885,元大金,5~10張,41460,75,2.13,0.01
2026/04/24,2885,元大金,600~800張,141,3,0.72,0.01
2026/04/24,2885,元大金,800~1000張,108,0,0.72,0.0
2026/04/24,2885,元大金,千張大戶,663,-4,80.57,-0.05
2026/04/24,2885,元大金,零股散戶,190167,-159,0.21,0.0
2026/05/08,2885,元大金,100~200張,1929,-7,1.93,-0.01
2026/05/08,2885,元大金,10~15張,19508,-91,1.75,-0.01
2026/05/08,2885,元大金,15~20張,7451,-11,0.96,0.0
2026/05/08,2885,元大金,1~5張,165569,-478,2.62,0.0
2026/05/08,2885,元大金,200~400張,838,11,1.72,0.02
2026/05/08,2885,元大金,20~30張,8552,-40,1.54,-0.01
2026/05/08,2885,元大金,30~40張,3884,-40,1.0,-0.01
2026/05/08,2885,元大金,400~600張,304,0,1.12,0.0
2026/05/08,2885,元大金,40~50張,2077,8,0.69,0.0
2026/05/08,2885,元大金,50~100張,4256,-10,2.17,-0.01
2026/05/08,2885,元大金,5~10張,41180,-144,2.12,0.0
2026/05/08,2885,元大金,600~800張,137,-6,0.7,-0.03
2026/05/08,2885,元大金,800~1000張,105,-1,0.7,-0.01
2026/05/08,2885,元大金,千張大戶,666,1,80.69,0.07
2026/05/08,2885,元大金,零股散戶,189819,-324,0.21,0.0
2026/05/15,2885,元大金,100~200張,1943,14,1.94,0.01
2026/05/15,2885,元大金,10~15張,19528,20,1.75,0.0
2026/05/15,2885,元大金,15~20張,7471,20,0.97,0.01
2026/05/15,2885,元大金,1~5張,166509,940,2.63,0.01
2026/05/15,2885,元大金,200~400張,839,1,1.73,0.01
2026/05/15,2885,元大金,20~30張,8589,37,1.55,0.01
2026/05/15,2885,元大金,30~40張,3878,-6,1.0,0.0
2026/05/15,2885,元大金,400~600張,303,-1,1.12,0.0
2026/05/15,2885,元大金,40~50張,2108,31,0.7,0.01
2026/05/15,2885,元大金,50~100張,4270,14,2.18,0.01
2026/05/15,2885,元大金,5~10張,41335,155,2.13,0.01
2026/05/15,2885,元大金,600~800張,138,1,0.7,0.0
2026/05/15,2885,元大金,800~1000張,101,-4,0.67,-0.03
2026/05/15,2885,元大金,千張大戶,669,3,80.65,-0.04
2026/05/15,2885,元大金,零股散戶,189850,31,0.21,0.0
2026/05/22,2885,元大金,100~200張,1949,6,1.95,0.01
2026/05/22,2885,元大金,10~15張,19564,36,1.76,0.01
2026/05/22,2885,元大金,15~20張,7525,54,0.97,0.0
2026/05/22,2885,元大金,1~5張,167565,1056,2.65,0.02
2026/05/22,2885,元大金,200~400張,841,2,1.73,0.0
2026/05/22,2885,元大金,20~30張,8591,2,1.55,0.0
2026/05/22,2885,元大金,30~40張,3915,37,1.01,0.01
2026/05/22,2885,元大金,400~600張,305,2,1.12,0.0
2026/05/22,2885,元大金,40~50張,2113,5,0.7,0.0
2026/05/22,2885,元大金,50~100張,4290,20,2.19,0.01
2026/05/22,2885,元大金,5~10張,41527,192,2.14,0.01
2026/05/22,2885,元大金,600~800張,138,0,0.7,0.0
2026/05/22,2885,元大金,800~1000張,99,-2,0.66,-0.01
2026/05/22,2885,元大金,千張大戶,671,2,80.59,-0.06
2026/05/22,2885,元大金,零股散戶,189885,35,0.21,0.0
2026/05/29,2885,元大金,100~200張,1937,-12,1.94,-0.01
2026/05/29,2885,元大金,10~15張,19460,-104,1.75,-0.01
2026/05/29,2885,元大金,15~20張,7452,-73,0.96,-0.01
2026/05/29,2885,元大金,1~5張,166723,-842,2.63,-0.02
2026/05/29,2885,元大金,200~400張,845,4,1.74,0.01
2026/05/29,2885,元大金,20~30張,8593,2,1.55,0.0
2026/05/29,2885,元大金,30~40張,3882,-33,1.0,-0.01
2026/05/29,2885,元大金,400~600張,300,-5,1.11,-0.01
2026/05/29,2885,元大金,40~50張,2096,-17,0.7,0.0
2026/05/29,2885,元大金,50~100張,4280,-10,2.18,-0.01
2026/05/29,2885,元大金,5~10張,41340,-187,2.13,-0.01
2026/05/29,2885,元大金,600~800張,141,3,0.72,0.02
2026/05/29,2885,元大金,800~1000張,96,-3,0.64,-0.02
2026/05/29,2885,元大金,千張大戶,672,1,80.67,0.08
2026/05/29,2885,元大金,零股散戶,189393,-492,0.21,0.0
2026/06/05,2885,元大金,100~200張,1948,11,1.95,0.01
2026/06/05,2885,元大金,10~15張,19414,-46,1.74,-0.01
2026/06/05,2885,元大金,15~20張,7460,8,0.96,0.0
2026/06/05,2885,元大金,1~5張,167362,639,2.64,0.01
2026/06/05,2885,元大金,200~400張,839,-6,1.72,-0.02
2026/06/05,2885,元大金,20~30張,8569,-24,1.55,0.0
2026/06/05,2885,元大金,30~40張,3910,28,1.01,0.01
2026/06/05,2885,元大金,400~600張,305,5,1.12,0.01
2026/06/05,2885,元大金,40~50張,2081,-15,0.69,-0.01
2026/06/05,2885,元大金,50~100張,4281,1,2.18,0.0
2026/06/05,2885,元大金,5~10張,41319,-21,2.13,0.0
2026/06/05,2885,元大金,600~800張,141,0,0.72,0.0
2026/06/05,2885,元大金,800~1000張,99,3,0.66,0.02
2026/06/05,2885,元大金,千張大戶,678,6,80.63,-0.04
2026/06/05,2885,元大金,零股散戶,189075,-318,0.21,0.0
2026/06/12,2885,元大金,100~200張,1952,4,1.96,0.01
2026/06/12,2885,元大金,10~15張,19437,23,1.74,0.0
2026/06/12,2885,元大金,15~20張,7481,21,0.97,0.01
2026/06/12,2885,元大金,1~5張,168507,1145,2.66,0.02
2026/06/12,2885,元大金,200~400張,838,-1,1.72,0.0
2026/06/12,2885,元大金,20~30張,8517,-52,1.54,-0.01
2026/06/12,2885,元大金,30~40張,3928,18,1.01,0.0
2026/06/12,2885,元大金,400~600張,297,-8,1.09,-0.03
2026/06/12,2885,元大金,40~50張,2091,10,0.7,0.01
2026/06/12,2885,元大金,50~100張,4281,0,2.18,0.0
2026/06/12,2885,元大金,5~10張,41527,208,2.14,0.01
2026/06/12,2885,元大金,600~800張,142,1,0.73,0.01
2026/06/12,2885,元大金,800~1000張,98,-1,0.65,-0.01
2026/06/12,2885,元大金,千張大戶,682,4,80.61,-0.02
2026/06/12,2885,元大金,零股散戶,189726,651,0.21,0.0
2026/06/26,2885,元大金,100~200張,1965,13,1.97,0.01
2026/06/26,2885,元大金,10~15張,19402,40,1.74,0.0
2026/06/26,2885,元大金,15~20張,7531,71,0.97,0.0
2026/06/26,2885,元大金,1~5張,169558,1665,2.68,0.03
2026/06/26,2885,元大金,200~400張,838,1,1.72,0.0
2026/06/26,2885,元大金,20~30張,8515,14,1.54,0.0
2026/06/26,2885,元大金,30~40張,3933,16,1.01,0.0
2026/06/26,2885,元大金,400~600張,299,-2,1.1,-0.01
2026/06/26,2885,元大金,40~50張,2098,12,0.7,0.0
2026/06/26,2885,元大金,50~100張,4296,30,2.19,0.02
2026/06/26,2885,元大金,5~10張,41659,270,2.15,0.01
2026/06/26,2885,元大金,600~800張,148,5,0.76,0.03
2026/06/26,2885,元大金,800~1000張,101,2,0.67,0.01
2026/06/26,2885,元大金,千張大戶,682,1,80.5,-0.14
2026/06/26,2885,元大金,零股散戶,189694,186,0.21,0.0
2026/07/03,2885,元大金,100~200張,1976,11,1.98,0.01
2026/07/03,2885,元大金,10~15張,19477,75,1.75,0.01
2026/07/03,2885,元大金,15~20張,7546,15,0.98,0.01
2026/07/03,2885,元大金,1~5張,169841,283,2.68,0.0
2026/07/03,2885,元大金,200~400張,840,2,1.72,0.0
2026/07/03,2885,元大金,20~30張,8538,23,1.54,0.0
2026/07/03,2885,元大金,30~40張,3942,9,1.02,0.01
2026/07/03,2885,元大金,400~600張,309,10,1.13,0.03
2026/07/03,2885,元大金,40~50張,2101,3,0.7,0.0
2026/07/03,2885,元大金,50~100張,4332,36,2.21,0.02
2026/07/03,2885,元大金,5~10張,41790,131,2.16,0.01
2026/07/03,2885,元大金,600~800張,149,1,0.76,0.0
2026/07/03,2885,元大金,800~1000張,97,-4,0.65,-0.02
2026/07/03,2885,元大金,千張大戶,681,-1,80.43,-0.07
2026/07/03,2885,元大金,零股散戶,189502,-192,0.21,0.0
2026/07/17,2885,元大金,100~200張,1969,11,1.97,0.01
2026/07/17,2885,元大金,10~15張,19432,108,1.75,0.01
2026/07/17,2885,元大金,15~20張,7560,77,0.98,0.01
2026/07/17,2885,元大金,1~5張,170404,2072,2.69,0.03
2026/07/17,2885,元大金,200~400張,848,12,1.74,0.03
2026/07/17,2885,元大金,20~30張,8539,50,1.54,0.01
2026/07/17,2885,元大金,30~40張,3911,21,1.01,0.01
2026/07/17,2885,元大金,400~600張,308,7,1.13,0.02
2026/07/17,2885,元大金,40~50張,2119,25,0.71,0.01
2026/07/17,2885,元大金,50~100張,4298,22,2.19,0.01
2026/07/17,2885,元大金,5~10張,41755,301,2.16,0.02
2026/07/17,2885,元大金,600~800張,146,1,0.75,0.01
2026/07/17,2885,元大金,800~1000張,104,-3,0.69,-0.02
2026/07/17,2885,元大金,千張大戶,677,-1,80.4,-0.16
2026/07/17,2885,元大金,零股散戶,189690,272,0.21,0.0
2026/07/24,2885,元大金,100~200張,1987,18,1.99,0.02
2026/07/24,2885,元大金,10~15張,19544,112,1.76,0.01
2026/07/24,2885,元大金,15~20張,7669,109,0.99,0.01
2026/07/24,2885,元大金,1~5張,171705,1301,2.71,0.02
2026/07/24,2885,元大金,200~400張,854,6,1.76,0.02
2026/07/24,2885,元大金,20~30張,8627,88,1.56,0.02
2026/07/24,2885,元大金,30~40張,3941,30,1.02,0.01
2026/07/24,2885,元大金,400~600張,301,-7,1.11,-0.02
2026/07/24,2885,元大金,40~50張,2124,5,0.71,0.0
2026/07/24,2885,元大金,50~100張,4343,45,2.21,0.02
2026/07/24,2885,元大金,5~10張,42183,428,2.18,0.02
2026/07/24,2885,元大金,600~800張,152,6,0.78,0.03
2026/07/24,2885,元大金,800~1000張,106,2,0.71,0.02
2026/07/24,2885,元大金,千張大戶,677,0,80.23,-0.17
2026/07/24,2885,元大金,零股散戶,189836,146,0.21,0.0
2026/07/31,2885,元大金,100~200張,1975,-12,1.98,-0.01
2026/07/31,2885,元大金,10~15張,19480,-64,1.75,-0.01
2026/07/31,2885,元大金,15~20張,7599,-70,0.98,-0.01
2026/07/31,2885,元大金,1~5張,170799,-906,2.7,-0.01
2026/07/31,2885,元大金,200~400張,846,-8,1.74,-0.02
2026/07/31,2885,元大金,20~30張,8573,-54,1.55,-0.01
2026/07/31,2885,元大金,30~40張,3937,-4,1.01,-0.01
2026/07/31,2885,元大金,400~600張,304,3,1.12,0.01
2026/07/31,2885,元大金,40~50張,2110,-14,0.71,0.0
2026/07/31,2885,元大金,50~100張,4322,-21,2.2,-0.01
2026/07/31,2885,元大金,5~10張,41987,-196,2.17,-0.01
2026/07/31,2885,元大金,600~800張,152,0,0.78,0.0
2026/07/31,2885,元大金,800~1000張,110,4,0.74,0.03
2026/07/31,2885,元大金,千張大戶,690,13,80.28,0.05
2026/07/31,2885,元大金,零股散戶,190027,191,0.21,0.0
2026/04/24,2886,兆豐金,100~200張,2076,-12,1.84,-0.01
2026/04/24,2886,兆豐金,10~15張,25109,-131,2.01,-0.01
2026/04/24,2886,兆豐金,15~20張,9627,-19,1.12,0.0
2026/04/24,2886,兆豐金,1~5張,232833,-961,3.28,-0.02
2026/04/24,2886,兆豐金,200~400張,706,-11,1.28,-0.01
2026/04/24,2886,兆豐金,20~30張,10655,-53,1.72,-0.01
2026/04/24,2886,兆豐金,30~40張,4740,-18,1.09,-0.01
2026/04/24,2886,兆豐金,400~600張,192,-3,0.62,-0.01
2026/04/24,2886,兆豐金,40~50張,2671,-10,0.8,0.0
2026/04/24,2886,兆豐金,50~100張,4945,-16,2.28,0.0
2026/04/24,2886,兆豐金,5~10張,58260,-197,2.71,0.0
2026/04/24,2886,兆豐金,600~800張,124,-1,0.57,-0.01
2026/04/24,2886,兆豐金,800~1000張,60,0,0.36,0.0
2026/04/24,2886,兆豐金,千張大戶,466,5,80.04,0.1
2026/04/24,2886,兆豐金,零股散戶,139726,-393,0.21,0.0
2026/05/08,2886,兆豐金,100~200張,2080,21,1.84,0.02
2026/05/08,2886,兆豐金,10~15張,24897,-37,1.99,0.0
2026/05/08,2886,兆豐金,15~20張,9592,40,1.11,0.0
2026/05/08,2886,兆豐金,1~5張,231033,-71,3.26,0.0
2026/05/08,2886,兆豐金,200~400張,711,3,1.29,0.01
2026/05/08,2886,兆豐金,20~30張,10601,20,1.72,0.01
2026/05/08,2886,兆豐金,30~40張,4698,-1,1.08,0.0
2026/05/08,2886,兆豐金,400~600張,193,-6,0.63,-0.02
2026/05/08,2886,兆豐金,40~50張,2662,3,0.8,0.0
2026/05/08,2886,兆豐金,50~100張,4918,9,2.27,0.01
2026/05/08,2886,兆豐金,5~10張,57765,-61,2.69,0.0
2026/05/08,2886,兆豐金,600~800張,131,8,0.61,0.04
2026/05/08,2886,兆豐金,800~1000張,56,-3,0.33,-0.02
2026/05/08,2886,兆豐金,千張大戶,465,1,80.11,-0.04
2026/05/08,2886,兆豐金,零股散戶,138651,-554,0.21,0.0
2026/05/15,2886,兆豐金,100~200張,2080,0,1.84,0.0
2026/05/15,2886,兆豐金,10~15張,24776,-121,1.98,-0.01
2026/05/15,2886,兆豐金,15~20張,9545,-47,1.11,0.0
2026/05/15,2886,兆豐金,1~5張,229891,-1142,3.24,-0.02
2026/05/15,2886,兆豐金,200~400張,717,6,1.3,0.01
2026/05/15,2886,兆豐金,20~30張,10550,-51,1.71,-0.01
2026/05/15,2886,兆豐金,30~40張,4701,3,1.08,0.0
2026/05/15,2886,兆豐金,400~600張,192,-1,0.62,-0.01
2026/05/15,2886,兆豐金,40~50張,2661,-1,0.8,0.0
2026/05/15,2886,兆豐金,50~100張,4911,-7,2.26,-0.01
2026/05/15,2886,兆豐金,5~10張,57543,-222,2.68,-0.01
2026/05/15,2886,兆豐金,600~800張,129,-2,0.6,-0.01
2026/05/15,2886,兆豐金,800~1000張,57,1,0.34,0.01
2026/05/15,2886,兆豐金,千張大戶,465,0,80.16,0.05
2026/05/15,2886,兆豐金,零股散戶,138233,-418,0.21,0.0
2026/05/22,2886,兆豐金,100~200張,2052,-28,1.82,-0.02
2026/05/22,2886,兆豐金,10~15張,24558,-218,1.96,-0.02
2026/05/22,2886,兆豐金,15~20張,9413,-132,1.09,-0.02
2026/05/22,2886,兆豐金,1~5張,227718,-2173,3.21,-0.03
2026/05/22,2886,兆豐金,200~400張,706,-11,1.28,-0.02
2026/05/22,2886,兆豐金,20~30張,10412,-138,1.69,-0.02
2026/05/22,2886,兆豐金,30~40張,4661,-40,1.07,-0.01
2026/05/22,2886,兆豐金,400~600張,189,-3,0.61,-0.01
2026/05/22,2886,兆豐金,40~50張,2619,-42,0.78,-0.02
2026/05/22,2886,兆豐金,50~100張,4857,-54,2.23,-0.03
2026/05/22,2886,兆豐金,5~10張,56920,-623,2.65,-0.03
2026/05/22,2886,兆豐金,600~800張,124,-5,0.57,-0.03
2026/05/22,2886,兆豐金,800~1000張,58,1,0.35,0.01
2026/05/22,2886,兆豐金,千張大戶,466,1,80.39,0.23
2026/05/22,2886,兆豐金,零股散戶,137813,-420,0.21,0.0
2026/05/29,2886,兆豐金,100~200張,2050,-2,1.82,0.0
2026/05/29,2886,兆豐金,10~15張,24517,-41,1.96,0.0
2026/05/29,2886,兆豐金,15~20張,9433,20,1.09,0.0
2026/05/29,2886,兆豐金,1~5張,227600,-118,3.21,0.0
2026/05/29,2886,兆豐金,200~400張,715,9,1.3,0.02
2026/05/29,2886,兆豐金,20~30張,10416,4,1.69,0.0
2026/05/29,2886,兆豐金,30~40張,4677,16,1.08,0.01
2026/05/29,2886,兆豐金,400~600張,188,-1,0.61,0.0
2026/05/29,2886,兆豐金,40~50張,2626,7,0.79,0.01
2026/05/29,2886,兆豐金,50~100張,4847,-10,2.23,0.0
2026/05/29,2886,兆豐金,5~10張,56848,-72,2.64,-0.01
2026/05/29,2886,兆豐金,600~800張,126,2,0.58,0.01
2026/05/29,2886,兆豐金,800~1000張,52,-6,0.31,-0.04
2026/05/29,2886,兆豐金,千張大戶,469,3,80.41,0.02
2026/05/29,2886,兆豐金,零股散戶,137158,-655,0.21,0.0
2026/06/05,2886,兆豐金,100~200張,2016,-34,1.79,-0.03
2026/06/05,2886,兆豐金,10~15張,23959,-558,1.91,-0.05
2026/06/05,2886,兆豐金,15~20張,9140,-293,1.06,-0.03
2026/06/05,2886,兆豐金,1~5張,222316,-5284,3.13,-0.08
2026/06/05,2886,兆豐金,200~400張,706,-9,1.28,-0.02
2026/06/05,2886,兆豐金,20~30張,10167,-249,1.65,-0.04
2026/06/05,2886,兆豐金,30~40張,4540,-137,1.05,-0.03
2026/06/05,2886,兆豐金,400~600張,183,-5,0.6,-0.01
2026/06/05,2886,兆豐金,40~50張,2553,-73,0.76,-0.03
2026/06/05,2886,兆豐金,50~100張,4733,-114,2.17,-0.06
2026/06/05,2886,兆豐金,5~10張,55589,-1259,2.58,-0.06
2026/06/05,2886,兆豐金,600~800張,117,-9,0.54,-0.04
2026/06/05,2886,兆豐金,800~1000張,61,9,0.36,0.05
2026/06/05,2886,兆豐金,千張大戶,456,-13,80.84,0.43
2026/06/05,2886,兆豐金,零股散戶,136472,-686,0.21,0.0
2026/06/12,2886,兆豐金,100~200張,1968,-48,1.74,-0.05
2026/06/12,2886,兆豐金,10~15張,23604,-355,1.88,-0.03
2026/06/12,2886,兆豐金,15~20張,9008,-132,1.04,-0.02
2026/06/12,2886,兆豐金,1~5張,219241,-3075,3.09,-0.04
2026/06/12,2886,兆豐金,200~400張,695,-11,1.26,-0.02
2026/06/12,2886,兆豐金,20~30張,9984,-183,1.61,-0.04
2026/06/12,2886,兆豐金,30~40張,4473,-67,1.03,-0.02
2026/06/12,2886,兆豐金,400~600張,179,-4,0.59,-0.01
2026/06/12,2886,兆豐金,40~50張,2520,-33,0.75,-0.01
2026/06/12,2886,兆豐金,50~100張,4644,-89,2.13,-0.04
2026/06/12,2886,兆豐金,5~10張,54744,-845,2.54,-0.04
2026/06/12,2886,兆豐金,600~800張,118,1,0.54,0.0
2026/06/12,2886,兆豐金,800~1000張,59,-2,0.35,-0.01
2026/06/12,2886,兆豐金,千張大戶,463,7,81.14,0.3
2026/06/12,2886,兆豐金,零股散戶,136784,312,0.21,0.0
2026/06/26,2886,兆豐金,100~200張,1933,-28,1.71,-0.03
2026/06/26,2886,兆豐金,10~15張,23106,-313,1.84,-0.03
2026/06/26,2886,兆豐金,15~20張,8759,-177,1.01,-0.03
2026/06/26,2886,兆豐金,1~5張,215857,-1450,3.04,-0.02
2026/06/26,2886,兆豐金,200~400張,684,-6,1.25,-0.01
2026/06/26,2886,兆豐金,20~30張,9730,-137,1.57,-0.03
2026/06/26,2886,兆豐金,30~40張,4395,-61,1.01,-0.02
2026/06/26,2886,兆豐金,400~600張,176,-2,0.57,-0.01
2026/06/26,2886,兆豐金,40~50張,2487,-15,0.74,-0.01
2026/06/26,2886,兆豐金,50~100張,4569,-36,2.1,-0.01
2026/06/26,2886,兆豐金,5~10張,53781,-497,2.5,-0.02
2026/06/26,2886,兆豐金,600~800張,115,-3,0.53,-0.01
2026/06/26,2886,兆豐金,800~1000張,60,0,0.36,0.01
2026/06/26,2886,兆豐金,千張大戶,465,-2,81.48,0.2
2026/06/26,2886,兆豐金,零股散戶,136546,222,0.2,0.0
2026/07/03,2886,兆豐金,100~200張,1919,-14,1.7,-0.01
2026/07/03,2886,兆豐金,10~15張,23012,-94,1.83,-0.01
2026/07/03,2886,兆豐金,15~20張,8712,-47,1.01,0.0
2026/07/03,2886,兆豐金,1~5張,215222,-635,3.03,-0.01
2026/07/03,2886,兆豐金,200~400張,669,-15,1.22,-0.03
2026/07/03,2886,兆豐金,20~30張,9686,-44,1.57,0.0
2026/07/03,2886,兆豐金,30~40張,4366,-29,1.0,-0.01
2026/07/03,2886,兆豐金,400~600張,176,0,0.58,0.01
2026/07/03,2886,兆豐金,40~50張,2475,-12,0.74,0.0
2026/07/03,2886,兆豐金,50~100張,4525,-44,2.08,-0.02
2026/07/03,2886,兆豐金,5~10張,53532,-249,2.48,-0.02
2026/07/03,2886,兆豐金,600~800張,112,-3,0.52,-0.01
2026/07/03,2886,兆豐金,800~1000張,62,2,0.37,0.01
2026/07/03,2886,兆豐金,千張大戶,465,0,81.6,0.12
2026/07/03,2886,兆豐金,零股散戶,136595,49,0.2,0.0
2026/07/17,2886,兆豐金,100~200張,1933,-18,1.72,-0.01
2026/07/17,2886,兆豐金,10~15張,22942,-143,1.83,-0.01
2026/07/17,2886,兆豐金,15~20張,8700,-33,1.01,0.0
2026/07/17,2886,兆豐金,1~5張,213925,-479,3.01,-0.01
2026/07/17,2886,兆豐金,200~400張,676,-1,1.23,0.0
2026/07/17,2886,兆豐金,20~30張,9670,-39,1.56,-0.01
2026/07/17,2886,兆豐金,30~40張,4320,-25,0.99,-0.01
2026/07/17,2886,兆豐金,400~600張,177,3,0.58,0.01
2026/07/17,2886,兆豐金,40~50張,2455,-9,0.73,-0.01
2026/07/17,2886,兆豐金,50~100張,4521,-10,2.07,-0.01
2026/07/17,2886,兆豐金,5~10張,53212,-139,2.47,-0.01
2026/07/17,2886,兆豐金,600~800張,120,4,0.56,0.02
2026/07/17,2886,兆豐金,800~1000張,61,-1,0.36,-0.01
2026/07/17,2886,兆豐金,千張大戶,466,2,81.6,0.04
2026/07/17,2886,兆豐金,零股散戶,136193,7,0.2,0.0
2026/07/24,2886,兆豐金,100~200張,1906,-27,1.69,-0.03
2026/07/24,2886,兆豐金,10~15張,22729,-213,1.81,-0.02
2026/07/24,2886,兆豐金,15~20張,8607,-93,1.0,-0.01
2026/07/24,2886,兆豐金,1~5張,212351,-1574,2.99,-0.02
2026/07/24,2886,兆豐金,200~400張,672,-4,1.22,-0.01
2026/07/24,2886,兆豐金,20~30張,9602,-68,1.55,-0.01
2026/07/24,2886,兆豐金,30~40張,4267,-53,0.98,-0.01
2026/07/24,2886,兆豐金,400~600張,176,-1,0.57,-0.01
2026/07/24,2886,兆豐金,40~50張,2431,-24,0.73,0.0
2026/07/24,2886,兆豐金,50~100張,4475,-46,2.05,-0.02
2026/07/24,2886,兆豐金,5~10張,52819,-393,2.45,-0.02
2026/07/24,2886,兆豐金,600~800張,118,-2,0.55,-0.01
2026/07/24,2886,兆豐金,800~1000張,60,-1,0.35,-0.01
2026/07/24,2886,兆豐金,千張大戶,463,-3,81.78,0.18
2026/07/24,2886,兆豐金,零股散戶,136309,116,0.2,0.0
2026/07/31,2886,兆豐金,100~200張,1847,-59,1.64,-0.05
2026/07/31,2886,兆豐金,10~15張,22447,-282,1.79,-0.02
2026/07/31,2886,兆豐金,15~20張,8475,-132,0.98,-0.02
2026/07/31,2886,兆豐金,1~5張,210618,-1733,2.96,-0.03
2026/07/31,2886,兆豐金,200~400張,659,-13,1.2,-0.02
2026/07/31,2886,兆豐金,20~30張,9468,-134,1.53,-0.02
2026/07/31,2886,兆豐金,30~40張,4203,-64,0.97,-0.01
2026/07/31,2886,兆豐金,400~600張,173,-3,0.57,0.0
2026/07/31,2886,兆豐金,40~50張,2370,-61,0.71,-0.02
2026/07/31,2886,兆豐金,50~100張,4388,-87,2.01,-0.04
2026/07/31,2886,兆豐金,5~10張,52216,-603,2.42,-0.03
2026/07/31,2886,兆豐金,600~800張,113,-5,0.52,-0.03
2026/07/31,2886,兆豐金,800~1000張,67,7,0.4,0.05
2026/07/31,2886,兆豐金,千張大戶,465,2,82.03,0.25
2026/07/31,2886,兆豐金,零股散戶,136898,589,0.2,0.0
2026/04/24,2887,台新新光金,100~200張,7797,68,4.27,0.03
2026/04/24,2887,台新新光金,10~15張,40709,151,2.0,0.0
2026/04/24,2887,台新新光金,15~20張,21807,85,1.53,0.0
2026/04/24,2887,台新新光金,1~5張,268248,292,2.48,0.0
2026/04/24,2887,台新新光金,200~400張,3454,57,3.79,0.06
2026/04/24,2887,台新新光金,20~30張,24926,150,2.43,0.01
2026/04/24,2887,台新新光金,30~40張,13235,70,1.84,0.01
2026/04/24,2887,台新新光金,400~600張,1030,11,1.99,0.02
2026/04/24,2887,台新新光金,40~50張,7939,52,1.43,0.01
2026/04/24,2887,台新新光金,50~100張,15593,84,4.36,0.03
2026/04/24,2887,台新新光金,5~10張,84359,245,2.46,0.01
2026/04/24,2887,台新新光金,600~800張,486,20,1.35,0.06
2026/04/24,2887,台新新光金,800~1000張,281,1,1.01,0.01
2026/04/24,2887,台新新光金,千張大戶,1268,12,68.74,-0.26
2026/04/24,2887,台新新光金,零股散戶,239514,-1141,0.24,0.0
2026/05/08,2887,台新新光金,100~200張,7798,23,4.28,0.02
2026/05/08,2887,台新新光金,10~15張,40617,-1,2.0,0.0
2026/05/08,2887,台新新光金,15~20張,21891,40,1.54,0.0
2026/05/08,2887,台新新光金,1~5張,267904,117,2.48,0.0
2026/05/08,2887,台新新光金,200~400張,3445,-22,3.78,-0.02
2026/05/08,2887,台新新光金,20~30張,24775,-45,2.42,0.0
2026/05/08,2887,台新新光金,30~40張,13238,19,1.84,0.0
2026/05/08,2887,台新新光金,400~600張,1036,10,1.99,0.01
2026/05/08,2887,台新新光金,40~50張,7971,48,1.44,0.01
2026/05/08,2887,台新新光金,50~100張,15584,3,4.36,0.01
2026/05/08,2887,台新新光金,5~10張,84151,36,2.45,0.0
2026/05/08,2887,台新新光金,600~800張,492,1,1.36,0.0
2026/05/08,2887,台新新光金,800~1000張,295,11,1.06,0.04
2026/05/08,2887,台新新光金,千張大戶,1280,9,68.69,-0.07
2026/05/08,2887,台新新光金,零股散戶,237634,-1204,0.24,0.0
2026/05/15,2887,台新新光金,100~200張,7826,28,4.29,0.01
2026/05/15,2887,台新新光金,10~15張,40787,170,2.01,0.01
2026/05/15,2887,台新新光金,15~20張,22053,162,1.55,0.01
2026/05/15,2887,台新新光金,1~5張,268449,545,2.49,0.01
2026/05/15,2887,台新新光金,200~400張,3481,36,3.82,0.04
2026/05/15,2887,台新新光金,20~30張,24874,99,2.43,0.01
2026/05/15,2887,台新新光金,30~40張,13314,76,1.85,0.01
2026/05/15,2887,台新新光金,400~600張,1041,5,2.0,0.01
2026/05/15,2887,台新新光金,40~50張,8024,53,1.45,0.01
2026/05/15,2887,台新新光金,50~100張,15702,118,4.39,0.03
2026/05/15,2887,台新新光金,5~10張,84518,367,2.46,0.01
2026/05/15,2887,台新新光金,600~800張,500,8,1.39,0.03
2026/05/15,2887,台新新光金,800~1000張,289,-6,1.04,-0.02
2026/05/15,2887,台新新光金,千張大戶,1296,16,68.52,-0.17
2026/05/15,2887,台新新光金,零股散戶,236531,-1103,0.24,0.0
2026/05/22,2887,台新新光金,100~200張,7781,-45,4.27,-0.02
2026/05/22,2887,台新新光金,10~15張,40514,-273,2.0,-0.01
2026/05/22,2887,台新新光金,15~20張,21960,-93,1.55,0.0
2026/05/22,2887,台新新光金,1~5張,267691,-758,2.48,-0.01
2026/05/22,2887,台新新光金,200~400張,3478,-3,3.82,0.0
2026/05/22,2887,台新新光金,20~30張,24688,-186,2.41,-0.02
2026/05/22,2887,台新新光金,30~40張,13237,-77,1.84,-0.01
2026/05/22,2887,台新新光金,400~600張,1032,-9,1.99,-0.01
2026/05/22,2887,台新新光金,40~50張,7988,-36,1.44,-0.01
2026/05/22,2887,台新新光金,50~100張,15598,-104,4.36,-0.03
2026/05/22,2887,台新新光金,5~10張,84089,-429,2.45,-0.01
2026/05/22,2887,台新新光金,600~800張,496,-4,1.37,-0.02
2026/05/22,2887,台新新光金,800~1000張,288,-1,1.03,-0.01
2026/05/22,2887,台新新光金,千張大戶,1300,4,68.68,0.16
2026/05/22,2887,台新新光金,零股散戶,236127,-404,0.24,0.0
2026/05/29,2887,台新新光金,100~200張,7833,52,4.3,0.03
2026/05/29,2887,台新新光金,10~15張,40638,124,2.0,0.0
2026/05/29,2887,台新新光金,15~20張,22083,123,1.56,0.01
2026/05/29,2887,台新新光金,1~5張,268504,813,2.49,0.01
2026/05/29,2887,台新新光金,200~400張,3488,10,3.83,0.01
2026/05/29,2887,台新新光金,20~30張,24755,67,2.42,0.01
2026/05/29,2887,台新新光金,30~40張,13258,21,1.85,0.01
2026/05/29,2887,台新新光金,400~600張,1055,23,2.04,0.05
2026/05/29,2887,台新新光金,40~50張,8026,38,1.45,0.01
2026/05/29,2887,台新新光金,50~100張,15644,46,4.38,0.02
2026/05/29,2887,台新新光金,5~10張,84379,290,2.46,0.01
2026/05/29,2887,台新新光金,600~800張,491,-5,1.36,-0.01
2026/05/29,2887,台新新光金,800~1000張,291,3,1.04,0.01
2026/05/29,2887,台新新光金,千張大戶,1308,8,68.52,-0.16
2026/05/29,2887,台新新光金,零股散戶,235148,-979,0.23,-0.01
2026/06/05,2887,台新新光金,100~200張,7588,-245,4.16,-0.14
2026/06/05,2887,台新新光金,10~15張,39680,-958,1.95,-0.05
2026/06/05,2887,台新新光金,15~20張,21510,-573,1.51,-0.05
2026/06/05,2887,台新新光金,1~5張,264746,-3758,2.44,-0.05
2026/06/05,2887,台新新光金,200~400張,3391,-97,3.72,-0.11
2026/06/05,2887,台新新光金,20~30張,24130,-625,2.36,-0.06
2026/06/05,2887,台新新光金,30~40張,12863,-395,1.79,-0.06
2026/06/05,2887,台新新光金,400~600張,1014,-41,1.96,-0.08
2026/06/05,2887,台新新光金,40~50張,7811,-215,1.41,-0.04
2026/06/05,2887,台新新光金,50~100張,15158,-486,4.25,-0.13
2026/06/05,2887,台新新光金,5~10張,82203,-2176,2.4,-0.06
2026/06/05,2887,台新新光金,600~800張,480,-11,1.33,-0.03
2026/06/05,2887,台新新光金,800~1000張,282,-9,1.01,-0.03
2026/06/05,2887,台新新光金,千張大戶,1305,-3,69.4,0.88
2026/06/05,2887,台新新光金,零股散戶,234719,-429,0.23,0.0
2026/06/12,2887,台新新光金,100~200張,7499,-89,4.11,-0.05
2026/06/12,2887,台新新光金,10~15張,39349,-331,1.94,-0.01
2026/06/12,2887,台新新光金,15~20張,21306,-204,1.5,-0.01
2026/06/12,2887,台新新光金,1~5張,263515,-1231,2.43,-0.01
2026/06/12,2887,台新新光金,200~400張,3363,-28,3.69,-0.03
2026/06/12,2887,台新新光金,20~30張,23967,-163,2.34,-0.02
2026/06/12,2887,台新新光金,30~40張,12720,-143,1.77,-0.02
2026/06/12,2887,台新新光金,400~600張,996,-18,1.92,-0.04
2026/06/12,2887,台新新光金,40~50張,7716,-95,1.39,-0.02
2026/06/12,2887,台新新光金,50~100張,15057,-101,4.21,-0.04
2026/06/12,2887,台新新光金,5~10張,81536,-667,2.37,-0.03
2026/06/12,2887,台新新光金,600~800張,481,1,1.33,0.0
2026/06/12,2887,台新新光金,800~1000張,282,0,1.01,0.0
2026/06/12,2887,台新新光金,千張大戶,1307,2,69.67,0.27
2026/06/12,2887,台新新光金,零股散戶,234992,273,0.23,0.0
2026/06/26,2887,台新新光金,100~200張,7349,-13,4.02,-0.01
2026/06/26,2887,台新新光金,10~15張,38904,10,1.91,0.0
2026/06/26,2887,台新新光金,15~20張,21064,-13,1.48,0.0
2026/06/26,2887,台新新光金,1~5張,262877,508,2.42,0.0
2026/06/26,2887,台新新光金,200~400張,3233,-20,3.54,-0.03
2026/06/26,2887,台新新光金,20~30張,23624,-3,2.31,0.0
2026/06/26,2887,台新新光金,30~40張,12580,-43,1.75,-0.01
2026/06/26,2887,台新新光金,400~600張,998,17,1.92,0.03
2026/06/26,2887,台新新光金,40~50張,7548,-17,1.36,0.0
2026/06/26,2887,台新新光金,50~100張,14740,-22,4.13,0.0
2026/06/26,2887,台新新光金,5~10張,80763,-63,2.35,0.0
2026/06/26,2887,台新新光金,600~800張,469,-2,1.29,-0.01
2026/06/26,2887,台新新光金,800~1000張,276,1,0.99,0.0
2026/06/26,2887,台新新光金,千張大戶,1286,-6,70.21,0.02
2026/06/26,2887,台新新光金,零股散戶,235038,-227,0.23,0.0
2026/07/03,2887,台新新光金,100~200張,7288,-61,3.99,-0.03
2026/07/03,2887,台新新光金,10~15張,38623,-281,1.9,-0.01
2026/07/03,2887,台新新光金,15~20張,20892,-172,1.47,-0.01
2026/07/03,2887,台新新光金,1~5張,261083,-1794,2.4,-0.02
2026/07/03,2887,台新新光金,200~400張,3206,-27,3.51,-0.03
2026/07/03,2887,台新新光金,20~30張,23420,-204,2.29,-0.02
2026/07/03,2887,台新新光金,30~40張,12464,-116,1.73,-0.02
2026/07/03,2887,台新新光金,400~600張,997,-1,1.92,0.0
2026/07/03,2887,台新新光金,40~50張,7512,-36,1.35,-0.01
2026/07/03,2887,台新新光金,50~100張,14621,-119,4.09,-0.04
2026/07/03,2887,台新新光金,5~10張,80165,-598,2.33,-0.02
2026/07/03,2887,台新新光金,600~800張,457,-12,1.26,-0.03
2026/07/03,2887,台新新光金,800~1000張,277,1,0.99,0.0
2026/07/03,2887,台新新光金,千張大戶,1291,5,70.45,0.24
2026/07/03,2887,台新新光金,零股散戶,234823,-215,0.23,0.0
2026/07/17,2887,台新新光金,100~200張,7163,-53,3.92,-0.03
2026/07/17,2887,台新新光金,10~15張,38436,-6,1.89,0.0
2026/07/17,2887,台新新光金,15~20張,20762,-24,1.46,0.0
2026/07/17,2887,台新新光金,1~5張,261801,1443,2.4,0.01
2026/07/17,2887,台新新光金,200~400張,3175,1,3.48,0.0
2026/07/17,2887,台新新光金,20~30張,23106,-96,2.26,-0.01
2026/07/17,2887,台新新光金,30~40張,12351,2,1.72,0.0
2026/07/17,2887,台新新光金,400~600張,970,-12,1.87,-0.03
2026/07/17,2887,台新新光金,40~50張,7400,-41,1.33,-0.01
2026/07/17,2887,台新新光金,50~100張,14452,-43,4.04,-0.01
2026/07/17,2887,台新新光金,5~10張,79888,135,2.33,0.01
2026/07/17,2887,台新新光金,600~800張,447,-12,1.23,-0.04
2026/07/17,2887,台新新光金,800~1000張,275,3,0.98,0.01
2026/07/17,2887,台新新光金,千張大戶,1286,-1,70.78,0.1
2026/07/17,2887,台新新光金,零股散戶,234905,40,0.23,0.0
2026/07/24,2887,台新新光金,100~200張,7198,35,3.93,0.01
2026/07/24,2887,台新新光金,10~15張,38477,41,1.89,0.0
2026/07/24,2887,台新新光金,15~20張,20889,127,1.47,0.01
2026/07/24,2887,台新新光金,1~5張,262019,218,2.41,0.01
2026/07/24,2887,台新新光金,200~400張,3190,15,3.49,0.01
2026/07/24,2887,台新新光金,20~30張,23185,79,2.27,0.01
2026/07/24,2887,台新新光金,30~40張,12392,41,1.72,0.0
2026/07/24,2887,台新新光金,400~600張,974,4,1.88,0.01
2026/07/24,2887,台新新光金,40~50張,7451,51,1.34,0.01
2026/07/24,2887,台新新光金,50~100張,14525,73,4.06,0.02
2026/07/24,2887,台新新光金,5~10張,79854,-34,2.33,0.0
2026/07/24,2887,台新新光金,600~800張,446,-1,1.23,0.0
2026/07/24,2887,台新新光金,800~1000張,277,2,0.99,0.01
2026/07/24,2887,台新新光金,千張大戶,1295,9,70.68,-0.1
2026/07/24,2887,台新新光金,零股散戶,234458,-447,0.23,0.0
2026/07/31,2887,台新新光金,100~200張,7197,-1,3.93,0.0
2026/07/31,2887,台新新光金,10~15張,38280,-197,1.88,-0.01
2026/07/31,2887,台新新光金,15~20張,20766,-123,1.46,-0.01
2026/07/31,2887,台新新光金,1~5張,260750,-1269,2.4,-0.01
2026/07/31,2887,台新新光金,200~400張,3157,-33,3.45,-0.04
2026/07/31,2887,台新新光金,20~30張,23027,-158,2.25,-0.02
2026/07/31,2887,台新新光金,30~40張,12322,-70,1.71,-0.01
2026/07/31,2887,台新新光金,400~600張,969,-5,1.87,-0.01
2026/07/31,2887,台新新光金,40~50張,7409,-42,1.33,-0.01
2026/07/31,2887,台新新光金,50~100張,14392,-133,4.02,-0.04
2026/07/31,2887,台新新光金,5~10張,79381,-473,2.31,-0.02
2026/07/31,2887,台新新光金,600~800張,445,-1,1.23,0.0
2026/07/31,2887,台新新光金,800~1000張,278,1,0.99,0.0
2026/07/31,2887,台新新光金,千張大戶,1295,0,70.84,0.16
2026/07/31,2887,台新新光金,零股散戶,235094,636,0.23,0.0
2026/04/24,2890,永豐金,100~200張,2877,9,2.68,0.01
2026/04/24,2890,永豐金,10~15張,21095,114,1.74,0.01
2026/04/24,2890,永豐金,15~20張,9494,92,1.13,0.01
2026/04/24,2890,永豐金,1~5張,173166,1104,2.45,0.02
2026/04/24,2890,永豐金,200~400張,1225,4,2.31,0.01
2026/04/24,2890,永豐金,20~30張,11083,44,1.85,0.01
2026/04/24,2890,永豐金,30~40張,5547,51,1.31,0.01
2026/04/24,2890,永豐金,400~600張,398,6,1.34,0.02
2026/04/24,2890,永豐金,40~50張,2983,19,0.92,0.01
2026/04/24,2890,永豐金,50~100張,5993,50,2.83,0.03
2026/04/24,2890,永豐金,5~10張,43375,422,2.06,0.02
2026/04/24,2890,永豐金,600~800張,217,2,1.03,0.01
2026/04/24,2890,永豐金,800~1000張,150,-2,0.93,-0.01
2026/04/24,2890,永豐金,千張大戶,787,-3,77.19,-0.16
2026/04/24,2890,永豐金,零股散戶,178617,-426,0.17,0.0
2026/05/08,2890,永豐金,100~200張,2901,25,2.7,0.03
2026/05/08,2890,永豐金,10~15張,21292,205,1.76,0.02
2026/05/08,2890,永豐金,15~20張,9597,105,1.14,0.01
2026/05/08,2890,永豐金,1~5張,174217,1061,2.47,0.02
2026/05/08,2890,永豐金,200~400張,1233,2,2.33,0.01
2026/05/08,2890,永豐金,20~30張,11141,60,1.86,0.01
2026/05/08,2890,永豐金,30~40張,5599,68,1.32,0.01
2026/05/08,2890,永豐金,400~600張,398,1,1.34,0.01
2026/05/08,2890,永豐金,40~50張,3040,50,0.93,0.01
2026/05/08,2890,永豐金,50~100張,6015,38,2.84,0.02
2026/05/08,2890,永豐金,5~10張,43839,448,2.09,0.02
2026/05/08,2890,永豐金,600~800張,223,1,1.06,0.0
2026/05/08,2890,永豐金,800~1000張,149,2,0.92,0.01
2026/05/08,2890,永豐金,千張大戶,789,1,76.99,-0.2
2026/05/08,2890,永豐金,零股散戶,177718,-748,0.17,0.0
2026/05/15,2890,永豐金,100~200張,2952,51,2.75,0.05
2026/05/15,2890,永豐金,10~15張,21391,99,1.77,0.01
2026/05/15,2890,永豐金,15~20張,9677,80,1.15,0.01
2026/05/15,2890,永豐金,1~5張,175194,977,2.49,0.02
2026/05/15,2890,永豐金,200~400張,1251,18,2.37,0.04
2026/05/15,2890,永豐金,20~30張,11254,113,1.88,0.02
2026/05/15,2890,永豐金,30~40張,5646,47,1.33,0.01
2026/05/15,2890,永豐金,400~600張,400,2,1.34,0.0
2026/05/15,2890,永豐金,40~50張,3083,43,0.95,0.02
2026/05/15,2890,永豐金,50~100張,6061,46,2.86,0.02
2026/05/15,2890,永豐金,5~10張,44120,281,2.11,0.02
2026/05/15,2890,永豐金,600~800張,227,4,1.08,0.02
2026/05/15,2890,永豐金,800~1000張,142,-7,0.87,-0.05
2026/05/15,2890,永豐金,千張大戶,791,2,76.81,-0.18
2026/05/15,2890,永豐金,零股散戶,177106,-612,0.17,0.0
2026/05/22,2890,永豐金,100~200張,2995,43,2.79,0.04
2026/05/22,2890,永豐金,10~15張,21585,194,1.79,0.02
2026/05/22,2890,永豐金,15~20張,9828,151,1.17,0.02
2026/05/22,2890,永豐金,1~5張,176261,1067,2.51,0.02
2026/05/22,2890,永豐金,200~400張,1265,14,2.39,0.02
2026/05/22,2890,永豐金,20~30張,11341,87,1.9,0.02
2026/05/22,2890,永豐金,30~40張,5716,70,1.35,0.02
2026/05/22,2890,永豐金,400~600張,407,7,1.37,0.03
2026/05/22,2890,永豐金,40~50張,3094,11,0.95,0.0
2026/05/22,2890,永豐金,50~100張,6155,94,2.91,0.05
2026/05/22,2890,永豐金,5~10張,44490,370,2.13,0.02
2026/05/22,2890,永豐金,600~800張,221,-6,1.05,-0.03
2026/05/22,2890,永豐金,800~1000張,146,4,0.9,0.03
2026/05/22,2890,永豐金,千張大戶,795,4,76.56,-0.25
2026/05/22,2890,永豐金,零股散戶,176539,-567,0.16,-0.01
2026/05/29,2890,永豐金,100~200張,2993,-2,2.8,0.01
2026/05/29,2890,永豐金,10~15張,21772,187,1.81,0.02
2026/05/29,2890,永豐金,15~20張,10005,177,1.19,0.02
2026/05/29,2890,永豐金,1~5張,178758,2497,2.55,0.04
2026/05/29,2890,永豐金,200~400張,1263,-2,2.39,0.0
2026/05/29,2890,永豐金,20~30張,11513,172,1.93,0.03
2026/05/29,2890,永豐金,30~40張,5768,52,1.36,0.01
2026/05/29,2890,永豐金,400~600張,404,-3,1.36,-0.01
2026/05/29,2890,永豐金,40~50張,3168,74,0.98,0.03
2026/05/29,2890,永豐金,50~100張,6221,66,2.95,0.04
2026/05/29,2890,永豐金,5~10張,45198,708,2.17,0.04
2026/05/29,2890,永豐金,600~800張,224,3,1.06,0.01
2026/05/29,2890,永豐金,800~1000張,143,-3,0.88,-0.02
2026/05/29,2890,永豐金,千張大戶,806,11,76.34,-0.22
2026/05/29,2890,永豐金,零股散戶,175986,-553,0.17,0.01
2026/06/05,2890,永豐金,100~200張,2927,-66,2.74,-0.06
2026/06/05,2890,永豐金,10~15張,21414,-358,1.78,-0.03
2026/06/05,2890,永豐金,15~20張,9776,-229,1.17,-0.02
2026/06/05,2890,永豐金,1~5張,176246,-2512,2.51,-0.04
2026/06/05,2890,永豐金,200~400張,1254,-9,2.37,-0.02
2026/06/05,2890,永豐金,20~30張,11288,-225,1.89,-0.04
2026/06/05,2890,永豐金,30~40張,5651,-117,1.34,-0.02
2026/06/05,2890,永豐金,400~600張,398,-6,1.34,-0.02
2026/06/05,2890,永豐金,40~50張,3110,-58,0.96,-0.02
2026/06/05,2890,永豐金,50~100張,6132,-89,2.91,-0.04
2026/06/05,2890,永豐金,5~10張,44486,-712,2.13,-0.04
2026/06/05,2890,永豐金,600~800張,224,0,1.06,0.0
2026/06/05,2890,永豐金,800~1000張,145,2,0.89,0.01
2026/06/05,2890,永豐金,千張大戶,805,-1,76.68,0.34
2026/06/05,2890,永豐金,零股散戶,175280,-706,0.16,-0.01
2026/06/12,2890,永豐金,100~200張,2886,-41,2.7,-0.04
2026/06/12,2890,永豐金,10~15張,21177,-237,1.75,-0.03
2026/06/12,2890,永豐金,15~20張,9667,-109,1.15,-0.02
2026/06/12,2890,永豐金,1~5張,174473,-1773,2.48,-0.03
2026/06/12,2890,永豐金,200~400張,1240,-14,2.35,-0.02
2026/06/12,2890,永豐金,20~30張,11133,-155,1.86,-0.03
2026/06/12,2890,永豐金,30~40張,5574,-77,1.32,-0.02
2026/06/12,2890,永豐金,400~600張,394,-4,1.32,-0.02
2026/06/12,2890,永豐金,40~50張,3070,-40,0.94,-0.02
2026/06/12,2890,永豐金,50~100張,6049,-83,2.87,-0.04
2026/06/12,2890,永豐金,5~10張,43990,-496,2.11,-0.02
2026/06/12,2890,永豐金,600~800張,230,6,1.09,0.03
2026/06/12,2890,永豐金,800~1000張,137,-8,0.84,-0.05
2026/06/12,2890,永豐金,千張大戶,810,5,76.97,0.29
2026/06/12,2890,永豐金,零股散戶,175516,236,0.16,0.0
2026/06/26,2890,永豐金,100~200張,2802,-52,2.62,-0.05
2026/06/26,2890,永豐金,10~15張,20745,-259,1.72,-0.02
2026/06/26,2890,永豐金,15~20張,9366,-125,1.12,-0.01
2026/06/26,2890,永豐金,1~5張,171804,-448,2.44,-0.01
2026/06/26,2890,永豐金,200~400張,1205,-16,2.28,-0.03
2026/06/26,2890,永豐金,20~30張,10804,-164,1.81,-0.02
2026/06/26,2890,永豐金,30~40張,5456,-76,1.29,-0.02
2026/06/26,2890,永豐金,400~600張,386,-14,1.29,-0.05
2026/06/26,2890,永豐金,40~50張,3002,-25,0.92,-0.01
2026/06/26,2890,永豐金,50~100張,5883,-99,2.79,-0.04
2026/06/26,2890,永豐金,5~10張,43142,-306,2.07,-0.01
2026/06/26,2890,永豐金,600~800張,227,-5,1.08,-0.02
2026/06/26,2890,永豐金,800~1000張,139,3,0.86,0.02
2026/06/26,2890,永豐金,千張大戶,816,6,77.49,0.29
2026/06/26,2890,永豐金,零股散戶,175611,320,0.17,0.01
2026/07/03,2890,永豐金,100~200張,2770,-32,2.58,-0.04
2026/07/03,2890,永豐金,10~15張,20649,-96,1.71,-0.01
2026/07/03,2890,永豐金,15~20張,9294,-72,1.11,-0.01
2026/07/03,2890,永豐金,1~5張,171466,-338,2.44,0.0
2026/07/03,2890,永豐金,200~400張,1203,-2,2.28,0.0
2026/07/03,2890,永豐金,20~30張,10789,-15,1.8,-0.01
2026/07/03,2890,永豐金,30~40張,5419,-37,1.28,-0.01
2026/07/03,2890,永豐金,400~600張,378,-8,1.27,-0.02
2026/07/03,2890,永豐金,40~50張,2998,-4,0.92,0.0
2026/07/03,2890,永豐金,50~100張,5857,-26,2.78,-0.01
2026/07/03,2890,永豐金,5~10張,43008,-134,2.06,-0.01
2026/07/03,2890,永豐金,600~800張,227,0,1.08,0.0
2026/07/03,2890,永豐金,800~1000張,141,2,0.87,0.01
2026/07/03,2890,永豐金,千張大戶,813,-3,77.59,0.1
2026/07/03,2890,永豐金,零股散戶,175428,-183,0.17,0.0
2026/07/17,2890,永豐金,100~200張,2804,30,2.62,0.03
2026/07/17,2890,永豐金,10~15張,20657,27,1.71,0.0
2026/07/17,2890,永豐金,15~20張,9290,11,1.11,0.01
2026/07/17,2890,永豐金,1~5張,171495,682,2.44,0.01
2026/07/17,2890,永豐金,200~400張,1198,13,2.27,0.03
2026/07/17,2890,永豐金,20~30張,10730,-24,1.79,-0.01
2026/07/17,2890,永豐金,30~40張,5407,15,1.28,0.01
2026/07/17,2890,永豐金,400~600張,376,-3,1.26,-0.01
2026/07/17,2890,永豐金,40~50張,2981,4,0.92,0.0
2026/07/17,2890,永豐金,50~100張,5841,12,2.77,0.01
2026/07/17,2890,永豐金,5~10張,42929,159,2.06,0.01
2026/07/17,2890,永豐金,600~800張,225,1,1.07,0.01
2026/07/17,2890,永豐金,800~1000張,148,3,0.91,0.02
2026/07/17,2890,永豐金,千張大戶,828,7,77.57,-0.1
2026/07/17,2890,永豐金,零股散戶,174991,-215,0.17,0.0
2026/07/24,2890,永豐金,100~200張,2806,2,2.61,-0.01
2026/07/24,2890,永豐金,10~15張,20753,96,1.72,0.01
2026/07/24,2890,永豐金,15~20張,9329,39,1.11,0.0
2026/07/24,2890,永豐金,1~5張,172460,965,2.45,0.01
2026/07/24,2890,永豐金,200~400張,1198,0,2.27,0.0
2026/07/24,2890,永豐金,20~30張,10771,41,1.8,0.01
2026/07/24,2890,永豐金,30~40張,5420,13,1.28,0.0
2026/07/24,2890,永豐金,400~600張,375,-1,1.26,0.0
2026/07/24,2890,永豐金,40~50張,2985,4,0.92,0.0
2026/07/24,2890,永豐金,50~100張,5868,27,2.78,0.01
2026/07/24,2890,永豐金,5~10張,43091,162,2.07,0.01
2026/07/24,2890,永豐金,600~800張,226,1,1.07,0.0
2026/07/24,2890,永豐金,800~1000張,143,-5,0.88,-0.03
2026/07/24,2890,永豐金,千張大戶,829,1,77.54,-0.03
2026/07/24,2890,永豐金,零股散戶,174786,-205,0.17,0.0
2026/07/31,2890,永豐金,100~200張,2788,-18,2.6,-0.01
2026/07/31,2890,永豐金,10~15張,20612,-141,1.71,-0.01
2026/07/31,2890,永豐金,15~20張,9277,-52,1.1,-0.01
2026/07/31,2890,永豐金,1~5張,171446,-1014,2.44,-0.01
2026/07/31,2890,永豐金,200~400張,1187,-11,2.25,-0.02
2026/07/31,2890,永豐金,20~30張,10649,-122,1.78,-0.02
2026/07/31,2890,永豐金,30~40張,5379,-41,1.27,-0.01
2026/07/31,2890,永豐金,400~600張,379,4,1.27,0.01
2026/07/31,2890,永豐金,40~50張,2962,-23,0.91,-0.01
2026/07/31,2890,永豐金,50~100張,5833,-35,2.76,-0.02
2026/07/31,2890,永豐金,5~10張,42797,-294,2.05,-0.02
2026/07/31,2890,永豐金,600~800張,224,-2,1.06,-0.01
2026/07/31,2890,永豐金,800~1000張,142,-1,0.88,0.0
2026/07/31,2890,永豐金,千張大戶,827,-2,77.67,0.13
2026/07/31,2890,永豐金,零股散戶,175289,503,0.17,0.0
2026/04/24,2891,中信金,100~200張,3354,20,2.33,0.02
2026/04/24,2891,中信金,10~15張,22808,61,1.43,0.0
2026/04/24,2891,中信金,15~20張,13650,67,1.24,0.01
2026/04/24,2891,中信金,1~5張,251992,69,2.75,0.0
2026/04/24,2891,中信金,200~400張,1400,24,1.98,0.03
2026/04/24,2891,中信金,20~30張,12791,107,1.61,0.02
2026/04/24,2891,中信金,30~40張,6351,65,1.13,0.02
2026/04/24,2891,中信金,400~600張,479,5,1.18,0.02
2026/04/24,2891,中信金,40~50張,4090,60,0.94,0.01
2026/04/24,2891,中信金,50~100張,7494,87,2.66,0.03
2026/04/24,2891,中信金,5~10張,57649,198,2.23,0.01
2026/04/24,2891,中信金,600~800張,279,4,0.97,0.02
2026/04/24,2891,中信金,800~1000張,161,2,0.74,0.01
2026/04/24,2891,中信金,千張大戶,933,-1,78.6,-0.18
2026/04/24,2891,中信金,零股散戶,199273,-289,0.16,0.0
2026/05/08,2891,中信金,100~200張,3313,-32,2.3,-0.02
2026/05/08,2891,中信金,10~15張,22461,-299,1.41,-0.02
2026/05/08,2891,中信金,15~20張,13496,-194,1.23,-0.01
2026/05/08,2891,中信金,1~5張,250377,-2324,2.72,-0.03
2026/05/08,2891,中信金,200~400張,1379,-19,1.95,-0.02
2026/05/08,2891,中信金,20~30張,12671,-139,1.59,-0.02
2026/05/08,2891,中信金,30~40張,6251,-102,1.11,-0.02
2026/05/08,2891,中信金,400~600張,477,-5,1.17,-0.01
2026/05/08,2891,中信金,40~50張,4073,-22,0.94,0.0
2026/05/08,2891,中信金,50~100張,7417,-73,2.64,-0.03
2026/05/08,2891,中信金,5~10張,57099,-560,2.21,-0.02
2026/05/08,2891,中信金,600~800張,270,0,0.93,-0.01
2026/05/08,2891,中信金,800~1000張,163,-2,0.74,-0.01
2026/05/08,2891,中信金,千張大戶,941,7,78.84,0.24
2026/05/08,2891,中信金,零股散戶,198756,-467,0.15,0.0
2026/05/15,2891,中信金,100~200張,3312,-1,2.3,0.0
2026/05/15,2891,中信金,10~15張,22484,23,1.41,0.0
2026/05/15,2891,中信金,15~20張,13504,8,1.23,0.0
2026/05/15,2891,中信金,1~5張,251706,1329,2.74,0.02
2026/05/15,2891,中信金,200~400張,1378,-1,1.94,-0.01
2026/05/15,2891,中信金,20~30張,12685,14,1.59,0.0
2026/05/15,2891,中信金,30~40張,6259,8,1.11,0.0
2026/05/15,2891,中信金,400~600張,470,-7,1.15,-0.02
2026/05/15,2891,中信金,40~50張,4068,-5,0.94,0.0
2026/05/15,2891,中信金,50~100張,7412,-5,2.63,-0.01
2026/05/15,2891,中信金,5~10張,57177,78,2.21,0.0
2026/05/15,2891,中信金,600~800張,266,-4,0.92,-0.01
2026/05/15,2891,中信金,800~1000張,166,3,0.76,0.02
2026/05/15,2891,中信金,千張大戶,942,1,78.84,0.0
2026/05/15,2891,中信金,零股散戶,199009,253,0.15,0.0
2026/05/22,2891,中信金,100~200張,3284,-28,2.28,-0.02
2026/05/22,2891,中信金,10~15張,22158,-326,1.39,-0.02
2026/05/22,2891,中信金,15~20張,13319,-185,1.21,-0.02
2026/05/22,2891,中信金,1~5張,247823,-3883,2.69,-0.05
2026/05/22,2891,中信金,200~400張,1357,-21,1.91,-0.03
2026/05/22,2891,中信金,20~30張,12479,-206,1.57,-0.02
2026/05/22,2891,中信金,30~40張,6143,-116,1.09,-0.02
2026/05/22,2891,中信金,400~600張,467,-3,1.14,-0.01
2026/05/22,2891,中信金,40~50張,4008,-60,0.92,-0.02
2026/05/22,2891,中信金,50~100張,7250,-162,2.58,-0.05
2026/05/22,2891,中信金,5~10張,56406,-771,2.18,-0.03
2026/05/22,2891,中信金,600~800張,260,-6,0.9,-0.02
2026/05/22,2891,中信金,800~1000張,158,-8,0.72,-0.04
2026/05/22,2891,中信金,千張大戶,946,4,79.19,0.35
2026/05/22,2891,中信金,零股散戶,198961,-48,0.15,0.0
2026/05/29,2891,中信金,100~200張,3253,-31,2.26,-0.02
2026/05/29,2891,中信金,10~15張,22036,-122,1.38,-0.01
2026/05/29,2891,中信金,15~20張,13253,-66,1.2,-0.01
2026/05/29,2891,中信金,1~5張,246226,-1597,2.68,-0.01
2026/05/29,2891,中信金,200~400張,1377,20,1.94,0.03
2026/05/29,2891,中信金,20~30張,12442,-37,1.56,-0.01
2026/05/29,2891,中信金,30~40張,6108,-35,1.08,-0.01
2026/05/29,2891,中信金,400~600張,468,1,1.14,0.0
2026/05/29,2891,中信金,40~50張,4005,-3,0.92,0.0
2026/05/29,2891,中信金,50~100張,7278,28,2.59,0.01
2026/05/29,2891,中信金,5~10張,56113,-293,2.17,-0.01
2026/05/29,2891,中信金,600~800張,258,-2,0.89,-0.01
2026/05/29,2891,中信金,800~1000張,156,-2,0.71,-0.01
2026/05/29,2891,中信金,千張大戶,945,-1,79.24,0.05
2026/05/29,2891,中信金,零股散戶,198434,-527,0.15,0.0
2026/06/05,2891,中信金,100~200張,3212,-41,2.23,-0.03
2026/06/05,2891,中信金,10~15張,21831,-205,1.37,-0.01
2026/06/05,2891,中信金,15~20張,13179,-74,1.2,0.0
2026/06/05,2891,中信金,1~5張,246820,594,2.68,0.0
2026/06/05,2891,中信金,200~400張,1364,-13,1.93,-0.01
2026/06/05,2891,中信金,20~30張,12355,-87,1.55,-0.01
2026/06/05,2891,中信金,30~40張,6072,-36,1.08,0.0
2026/06/05,2891,中信金,400~600張,453,-15,1.11,-0.03
2026/06/05,2891,中信金,40~50張,3941,-64,0.91,-0.01
2026/06/05,2891,中信金,50~100張,7216,-62,2.56,-0.03
2026/06/05,2891,中信金,5~10張,55847,-266,2.16,-0.01
2026/06/05,2891,中信金,600~800張,257,-1,0.88,-0.01
2026/06/05,2891,中信金,800~1000張,156,0,0.71,0.0
2026/06/05,2891,中信金,千張大戶,949,4,79.41,0.17
2026/06/05,2891,中信金,零股散戶,199029,595,0.15,0.0
2026/06/12,2891,中信金,100~200張,3221,9,2.24,0.01
2026/06/12,2891,中信金,10~15張,21852,21,1.37,0.0
2026/06/12,2891,中信金,15~20張,13154,-25,1.19,-0.01
2026/06/12,2891,中信金,1~5張,246907,87,2.68,0.0
2026/06/12,2891,中信金,200~400張,1353,-11,1.92,-0.01
2026/06/12,2891,中信金,20~30張,12389,34,1.55,0.0
2026/06/12,2891,中信金,30~40張,6060,-12,1.07,-0.01
2026/06/12,2891,中信金,400~600張,462,9,1.13,0.02
2026/06/12,2891,中信金,40~50張,3955,14,0.91,0.0
2026/06/12,2891,中信金,50~100張,7206,-10,2.56,0.0
2026/06/12,2891,中信金,5~10張,55859,12,2.16,0.0
2026/06/12,2891,中信金,600~800張,254,-3,0.87,-0.01
2026/06/12,2891,中信金,800~1000張,163,7,0.74,0.03
2026/06/12,2891,中信金,千張大戶,944,-5,79.37,-0.04
2026/06/12,2891,中信金,零股散戶,199802,773,0.15,0.0
2026/06/26,2891,中信金,100~200張,3213,-16,2.24,-0.01
2026/06/26,2891,中信金,10~15張,21853,29,1.37,0.0
2026/06/26,2891,中信金,15~20張,13152,8,1.19,0.0
2026/06/26,2891,中信金,1~5張,247648,1330,2.69,0.02
2026/06/26,2891,中信金,200~400張,1369,14,1.94,0.01
2026/06/26,2891,中信金,20~30張,12415,40,1.56,0.01
2026/06/26,2891,中信金,30~40張,6023,-29,1.07,0.0
2026/06/26,2891,中信金,400~600張,474,11,1.16,0.03
2026/06/26,2891,中信金,40~50張,3958,8,0.91,0.0
2026/06/26,2891,中信金,50~100張,7194,11,2.56,0.01
2026/06/26,2891,中信金,5~10張,55800,106,2.15,0.0
2026/06/26,2891,中信金,600~800張,260,7,0.9,0.03
2026/06/26,2891,中信金,800~1000張,155,-7,0.71,-0.03
2026/06/26,2891,中信金,千張大戶,941,-2,79.34,-0.05
2026/06/26,2891,中信金,零股散戶,199821,304,0.15,0.0
2026/07/03,2891,中信金,100~200張,3193,-20,2.22,-0.02
2026/07/03,2891,中信金,10~15張,21743,-110,1.37,0.0
2026/07/03,2891,中信金,15~20張,13085,-67,1.19,0.0
2026/07/03,2891,中信金,1~5張,247603,-45,2.68,-0.01
2026/07/03,2891,中信金,200~400張,1367,-2,1.94,0.0
2026/07/03,2891,中信金,20~30張,12350,-65,1.55,-0.01
2026/07/03,2891,中信金,30~40張,5991,-32,1.06,-0.01
2026/07/03,2891,中信金,400~600張,468,-6,1.14,-0.02
2026/07/03,2891,中信金,40~50張,3930,-28,0.9,-0.01
2026/07/03,2891,中信金,50~100張,7093,-101,2.52,-0.04
2026/07/03,2891,中信金,5~10張,55779,-21,2.15,0.0
2026/07/03,2891,中信金,600~800張,257,-3,0.89,-0.01
2026/07/03,2891,中信金,800~1000張,158,3,0.72,0.01
2026/07/03,2891,中信金,千張大戶,946,5,79.44,0.1
2026/07/03,2891,中信金,零股散戶,199824,3,0.15,0.0
2026/07/17,2891,中信金,100~200張,3268,80,2.27,0.05
2026/07/17,2891,中信金,10~15張,22317,550,1.4,0.03
2026/07/17,2891,中信金,15~20張,13317,266,1.21,0.03
2026/07/17,2891,中信金,1~5張,253020,5693,2.75,0.07
2026/07/17,2891,中信金,200~400張,1388,33,1.96,0.04
2026/07/17,2891,中信金,20~30張,12580,235,1.58,0.03
2026/07/17,2891,中信金,30~40張,6129,157,1.09,0.03
2026/07/17,2891,中信金,400~600張,487,17,1.18,0.03
2026/07/17,2891,中信金,40~50張,4036,86,0.93,0.02
2026/07/17,2891,中信金,50~100張,7263,198,2.58,0.07
2026/07/17,2891,中信金,5~10張,57038,1300,2.2,0.05
2026/07/17,2891,中信金,600~800張,265,3,0.92,0.01
2026/07/17,2891,中信金,800~1000張,157,1,0.72,0.01
2026/07/17,2891,中信金,千張大戶,957,9,78.99,-0.48
2026/07/17,2891,中信金,零股散戶,201028,1241,0.16,0.01
2026/07/24,2891,中信金,100~200張,3270,2,2.27,0.0
2026/07/24,2891,中信金,10~15張,22420,103,1.41,0.01
2026/07/24,2891,中信金,15~20張,13389,72,1.21,0.0
2026/07/24,2891,中信金,1~5張,253500,480,2.76,0.01
2026/07/24,2891,中信金,200~400張,1407,19,1.98,0.02
2026/07/24,2891,中信金,20~30張,12628,48,1.58,0.0
2026/07/24,2891,中信金,30~40張,6161,32,1.09,0.0
2026/07/24,2891,中信金,400~600張,493,6,1.2,0.02
2026/07/24,2891,中信金,40~50張,4043,7,0.93,0.0
2026/07/24,2891,中信金,50~100張,7273,10,2.59,0.01
2026/07/24,2891,中信金,5~10張,57202,164,2.21,0.01
2026/07/24,2891,中信金,600~800張,267,2,0.92,0.0
2026/07/24,2891,中信金,800~1000張,160,3,0.73,0.01
2026/07/24,2891,中信金,千張大戶,951,-6,78.88,-0.11
2026/07/24,2891,中信金,零股散戶,201341,313,0.16,0.0
2026/07/31,2891,中信金,100~200張,3259,-11,2.26,-0.01
2026/07/31,2891,中信金,10~15張,22418,-2,1.41,0.0
2026/07/31,2891,中信金,15~20張,13335,-54,1.21,0.0
2026/07/31,2891,中信金,1~5張,252798,-702,2.75,-0.01
2026/07/31,2891,中信金,200~400張,1409,2,1.99,0.01
2026/07/31,2891,中信金,20~30張,12612,-16,1.58,0.0
2026/07/31,2891,中信金,30~40張,6140,-21,1.09,0.0
2026/07/31,2891,中信金,400~600張,489,-4,1.2,0.0
2026/07/31,2891,中信金,40~50張,4031,-12,0.93,0.0
2026/07/31,2891,中信金,50~100張,7250,-23,2.58,-0.01
2026/07/31,2891,中信金,5~10張,57066,-136,2.2,-0.01
2026/07/31,2891,中信金,600~800張,265,-2,0.92,0.0
2026/07/31,2891,中信金,800~1000張,156,-4,0.71,-0.02
2026/07/31,2891,中信金,千張大戶,964,13,78.95,0.07
2026/07/31,2891,中信金,零股散戶,201448,107,0.16,0.0
2026/04/24,2892,第一金,100~200張,5395,25,5.02,0.03
2026/04/24,2892,第一金,10~15張,31133,14,2.6,0.0
2026/04/24,2892,第一金,15~20張,14485,-4,1.74,0.0
2026/04/24,2892,第一金,1~5張,189255,84,2.92,0.01
2026/04/24,2892,第一金,200~400張,1943,-6,3.73,-0.01
2026/04/24,2892,第一金,20~30張,16251,75,2.73,0.02
2026/04/24,2892,第一金,30~40張,7871,20,1.89,0.01
2026/04/24,2892,第一金,400~600張,584,13,1.96,0.04
2026/04/24,2892,第一金,40~50張,4863,22,1.51,0.01
2026/04/24,2892,第一金,50~100張,10201,29,4.86,0.02
2026/04/24,2892,第一金,5~10張,58826,76,2.86,0.0
2026/04/24,2892,第一金,600~800張,251,4,1.2,0.02
2026/04/24,2892,第一金,800~1000張,149,0,0.93,0.0
2026/04/24,2892,第一金,千張大戶,733,-2,65.8,-0.13
2026/04/24,2892,第一金,零股散戶,119466,-525,0.18,-0.01
2026/05/08,2892,第一金,100~200張,5318,-62,4.95,-0.06
2026/05/08,2892,第一金,10~15張,30842,-236,2.58,-0.02
2026/05/08,2892,第一金,15~20張,14408,-76,1.73,-0.01
2026/05/08,2892,第一金,1~5張,187518,-1159,2.89,-0.02
2026/05/08,2892,第一金,200~400張,1922,-23,3.68,-0.05
2026/05/08,2892,第一金,20~30張,15994,-173,2.68,-0.03
2026/05/08,2892,第一金,30~40張,7756,-104,1.86,-0.02
2026/05/08,2892,第一金,400~600張,585,5,1.97,0.02
2026/05/08,2892,第一金,40~50張,4807,-32,1.49,-0.01
2026/05/08,2892,第一金,50~100張,10111,-101,4.81,-0.05
2026/05/08,2892,第一金,5~10張,58260,-370,2.84,-0.02
2026/05/08,2892,第一金,600~800張,245,-3,1.16,-0.02
2026/05/08,2892,第一金,800~1000張,148,-2,0.92,-0.01
2026/05/08,2892,第一金,千張大戶,730,-7,66.17,0.3
2026/05/08,2892,第一金,零股散戶,118721,-453,0.18,0.0
2026/05/15,2892,第一金,100~200張,5275,-43,4.91,-0.04
2026/05/15,2892,第一金,10~15張,30619,-223,2.56,-0.02
2026/05/15,2892,第一金,15~20張,14252,-156,1.71,-0.02
2026/05/15,2892,第一金,1~5張,185575,-1943,2.86,-0.03
2026/05/15,2892,第一金,200~400張,1901,-21,3.64,-0.04
2026/05/15,2892,第一金,20~30張,15807,-187,2.65,-0.03
2026/05/15,2892,第一金,30~40張,7683,-73,1.84,-0.02
2026/05/15,2892,第一金,400~600張,578,-7,1.94,-0.03
2026/05/15,2892,第一金,40~50張,4776,-31,1.48,-0.01
2026/05/15,2892,第一金,50~100張,10004,-107,4.76,-0.05
2026/05/15,2892,第一金,5~10張,57712,-548,2.81,-0.03
2026/05/15,2892,第一金,600~800張,247,2,1.17,0.01
2026/05/15,2892,第一金,800~1000張,143,-5,0.89,-0.03
2026/05/15,2892,第一金,千張大戶,729,-1,66.52,0.35
2026/05/15,2892,第一金,零股散戶,118544,-177,0.18,0.0
2026/05/22,2892,第一金,100~200張,5433,158,5.06,0.15
2026/05/22,2892,第一金,10~15張,31175,556,2.61,0.05
2026/05/22,2892,第一金,15~20張,14743,491,1.78,0.07
2026/05/22,2892,第一金,1~5張,192362,6787,2.97,0.11
2026/05/22,2892,第一金,200~400張,1973,72,3.78,0.14
2026/05/22,2892,第一金,20~30張,16230,423,2.73,0.08
2026/05/22,2892,第一金,30~40張,7977,294,1.91,0.07
2026/05/22,2892,第一金,400~600張,585,7,1.96,0.02
2026/05/22,2892,第一金,40~50張,4937,161,1.53,0.05
2026/05/22,2892,第一金,50~100張,10299,295,4.91,0.15
2026/05/22,2892,第一金,5~10張,59357,1645,2.91,0.1
2026/05/22,2892,第一金,600~800張,260,13,1.24,0.07
2026/05/22,2892,第一金,800~1000張,140,-3,0.87,-0.02
2026/05/22,2892,第一金,千張大戶,742,13,65.48,-1.04
2026/05/22,2892,第一金,零股散戶,117803,-741,0.18,0.0
2026/05/29,2892,第一金,100~200張,5528,95,5.16,0.1
2026/05/29,2892,第一金,10~15張,31643,468,2.66,0.05
2026/05/29,2892,第一金,15~20張,15049,306,1.82,0.04
2026/05/29,2892,第一金,1~5張,196052,3690,3.03,0.06
2026/05/29,2892,第一金,200~400張,2003,30,3.84,0.06
2026/05/29,2892,第一金,20~30張,16580,350,2.79,0.06
2026/05/29,2892,第一金,30~40張,8102,125,1.94,0.03
2026/05/29,2892,第一金,400~600張,578,-7,1.94,-0.02
2026/05/29,2892,第一金,40~50張,5065,128,1.58,0.05
2026/05/29,2892,第一金,50~100張,10473,174,5.0,0.09
2026/05/29,2892,第一金,5~10張,60582,1225,2.98,0.07
2026/05/29,2892,第一金,600~800張,268,8,1.28,0.04
2026/05/29,2892,第一金,800~1000張,142,2,0.88,0.01
2026/05/29,2892,第一金,千張大戶,747,5,64.85,-0.63
2026/05/29,2892,第一金,零股散戶,117234,-569,0.18,0.0
2026/06/05,2892,第一金,100~200張,5409,-119,5.04,-0.12
2026/06/05,2892,第一金,10~15張,31113,-530,2.61,-0.05
2026/06/05,2892,第一金,15~20張,14716,-333,1.78,-0.04
2026/06/05,2892,第一金,1~5張,192267,-3785,2.97,-0.06
2026/06/05,2892,第一金,200~400張,1984,-19,3.8,-0.04
2026/06/05,2892,第一金,20~30張,16333,-247,2.75,-0.04
2026/06/05,2892,第一金,30~40張,7986,-116,1.92,-0.02
2026/06/05,2892,第一金,400~600張,581,3,1.95,0.01
2026/06/05,2892,第一金,40~50張,4970,-95,1.55,-0.03
2026/06/05,2892,第一金,50~100張,10326,-147,4.93,-0.07
2026/06/05,2892,第一金,5~10張,59449,-1133,2.92,-0.06
2026/06/05,2892,第一金,600~800張,260,-8,1.24,-0.04
2026/06/05,2892,第一金,800~1000張,141,-1,0.87,-0.01
2026/06/05,2892,第一金,千張大戶,748,1,65.42,0.57
2026/06/05,2892,第一金,零股散戶,116881,-353,0.18,0.0
2026/06/12,2892,第一金,100~200張,5258,-151,4.89,-0.15
2026/06/12,2892,第一金,10~15張,30473,-640,2.55,-0.06
2026/06/12,2892,第一金,15~20張,14262,-454,1.72,-0.06
2026/06/12,2892,第一金,1~5張,187716,-4551,2.9,-0.07
2026/06/12,2892,第一金,200~400張,1931,-53,3.71,-0.09
2026/06/12,2892,第一金,20~30張,15859,-474,2.66,-0.09
2026/06/12,2892,第一金,30~40張,7764,-222,1.86,-0.06
2026/06/12,2892,第一金,400~600張,566,-15,1.9,-0.05
2026/06/12,2892,第一金,40~50張,4792,-178,1.49,-0.06
2026/06/12,2892,第一金,50~100張,10007,-319,4.77,-0.16
2026/06/12,2892,第一金,5~10張,57979,-1470,2.84,-0.08
2026/06/12,2892,第一金,600~800張,253,-7,1.21,-0.03
2026/06/12,2892,第一金,800~1000張,140,-1,0.87,0.0
2026/06/12,2892,第一金,千張大戶,746,-2,66.37,0.95
2026/06/12,2892,第一金,零股散戶,117429,548,0.18,0.0
2026/06/26,2892,第一金,100~200張,5164,-51,4.8,-0.05
2026/06/26,2892,第一金,10~15張,29897,-239,2.51,-0.02
2026/06/26,2892,第一金,15~20張,13861,-154,1.67,-0.02
2026/06/26,2892,第一金,1~5張,183924,-1552,2.84,-0.02
2026/06/26,2892,第一金,200~400張,1880,-18,3.6,-0.04
2026/06/26,2892,第一金,20~30張,15547,-134,2.61,-0.03
2026/06/26,2892,第一金,30~40張,7612,-49,1.82,-0.01
2026/06/26,2892,第一金,400~600張,560,-4,1.88,-0.02
2026/06/26,2892,第一金,40~50張,4675,-46,1.45,-0.02
2026/06/26,2892,第一金,50~100張,9775,-92,4.66,-0.04
2026/06/26,2892,第一金,5~10張,56880,-486,2.79,-0.02
2026/06/26,2892,第一金,600~800張,251,3,1.2,0.02
2026/06/26,2892,第一金,800~1000張,139,-2,0.86,-0.01
2026/06/26,2892,第一金,千張大戶,749,-1,67.06,0.28
2026/06/26,2892,第一金,零股散戶,117259,-126,0.18,0.0
2026/07/03,2892,第一金,100~200張,5138,-26,4.77,-0.03
2026/07/03,2892,第一金,10~15張,29823,-74,2.5,-0.01
2026/07/03,2892,第一金,15~20張,13823,-38,1.67,0.0
2026/07/03,2892,第一金,1~5張,183576,-348,2.83,-0.01
2026/07/03,2892,第一金,200~400張,1886,6,3.61,0.01
2026/07/03,2892,第一金,20~30張,15475,-72,2.6,-0.01
2026/07/03,2892,第一金,30~40張,7601,-11,1.82,0.0
2026/07/03,2892,第一金,400~600張,559,-1,1.88,0.0
2026/07/03,2892,第一金,40~50張,4682,7,1.45,0.0
2026/07/03,2892,第一金,50~100張,9716,-59,4.63,-0.03
2026/07/03,2892,第一金,5~10張,56793,-87,2.78,-0.01
2026/07/03,2892,第一金,600~800張,251,0,1.2,0.0
2026/07/03,2892,第一金,800~1000張,135,-4,0.84,-0.02
2026/07/03,2892,第一金,千張大戶,749,0,67.17,0.11
2026/07/03,2892,第一金,零股散戶,117164,-95,0.18,0.0
2026/07/17,2892,第一金,100~200張,5061,-29,4.7,-0.03
2026/07/17,2892,第一金,10~15張,29553,-93,2.48,-0.01
2026/07/17,2892,第一金,15~20張,13694,-4,1.65,0.0
2026/07/17,2892,第一金,1~5張,181749,-460,2.8,-0.01
2026/07/17,2892,第一金,200~400張,1876,7,3.58,0.01
2026/07/17,2892,第一金,20~30張,15287,-32,2.57,0.0
2026/07/17,2892,第一金,30~40張,7510,-3,1.8,0.0
2026/07/17,2892,第一金,400~600張,555,-2,1.86,-0.01
2026/07/17,2892,第一金,40~50張,4640,-32,1.44,-0.01
2026/07/17,2892,第一金,50~100張,9625,-22,4.58,-0.01
2026/07/17,2892,第一金,5~10張,56310,-75,2.76,0.0
2026/07/17,2892,第一金,600~800張,248,0,1.18,0.0
2026/07/17,2892,第一金,800~1000張,142,1,0.88,0.0
2026/07/17,2892,第一金,千張大戶,749,1,67.46,0.07
2026/07/17,2892,第一金,零股散戶,117052,-129,0.18,0.0
2026/07/24,2892,第一金,100~200張,5041,-20,4.68,-0.02
2026/07/24,2892,第一金,10~15張,29417,-136,2.47,-0.01
2026/07/24,2892,第一金,15~20張,13598,-96,1.64,-0.01
2026/07/24,2892,第一金,1~5張,180916,-833,2.79,-0.01
2026/07/24,2892,第一金,200~400張,1856,-20,3.54,-0.04
2026/07/24,2892,第一金,20~30張,15201,-86,2.55,-0.02
2026/07/24,2892,第一金,30~40張,7468,-42,1.79,-0.01
2026/07/24,2892,第一金,400~600張,551,-4,1.85,-0.01
2026/07/24,2892,第一金,40~50張,4614,-26,1.43,-0.01
2026/07/24,2892,第一金,50~100張,9567,-58,4.55,-0.03
2026/07/24,2892,第一金,5~10張,55968,-342,2.74,-0.02
2026/07/24,2892,第一金,600~800張,254,6,1.21,0.03
2026/07/24,2892,第一金,800~1000張,137,-5,0.85,-0.03
2026/07/24,2892,第一金,千張大戶,751,2,67.65,0.19
2026/07/24,2892,第一金,零股散戶,117040,-12,0.18,0.0
2026/07/31,2892,第一金,100~200張,4979,-62,4.63,-0.05
2026/07/31,2892,第一金,10~15張,29158,-259,2.44,-0.03
2026/07/31,2892,第一金,15~20張,13471,-127,1.62,-0.02
2026/07/31,2892,第一金,1~5張,179697,-1219,2.77,-0.02
2026/07/31,2892,第一金,200~400張,1845,-11,3.52,-0.02
2026/07/31,2892,第一金,20~30張,15050,-151,2.53,-0.02
2026/07/31,2892,第一金,30~40張,7400,-68,1.77,-0.02
2026/07/31,2892,第一金,400~600張,551,0,1.85,0.0
2026/07/31,2892,第一金,40~50張,4543,-71,1.41,-0.02
2026/07/31,2892,第一金,50~100張,9470,-97,4.5,-0.05
2026/07/31,2892,第一金,5~10張,55609,-359,2.72,-0.02
2026/07/31,2892,第一金,600~800張,250,-4,1.19,-0.02
2026/07/31,2892,第一金,800~1000張,138,1,0.85,0.0
2026/07/31,2892,第一金,千張大戶,746,-5,67.93,0.28
2026/07/31,2892,第一金,零股散戶,117286,246,0.18,0.0
2026/04/24,3005,神基,100~200張,126,5,2.81,0.09
2026/04/24,3005,神基,10~15張,663,61,1.38,0.13
2026/04/24,3005,神基,15~20張,446,39,1.32,0.12
2026/04/24,3005,神基,1~5張,23416,793,7.28,0.29
2026/04/24,3005,神基,200~400張,79,3,3.57,0.14
2026/04/24,3005,神基,20~30張,381,23,1.58,0.1
2026/04/24,3005,神基,30~40張,176,6,1.0,0.04
2026/04/24,3005,神基,400~600張,19,3,1.41,0.18
2026/04/24,3005,神基,40~50張,115,1,0.85,0.01
2026/04/24,3005,神基,50~100張,171,3,1.95,0.02
2026/04/24,3005,神基,5~10張,2595,131,3.29,0.18
2026/04/24,3005,神基,600~800張,15,0,1.7,0.0
2026/04/24,3005,神基,800~1000張,7,-3,1.05,-0.45
2026/04/24,3005,神基,千張大戶,70,1,70.42,-0.83
2026/04/24,3005,神基,零股散戶,20955,84,0.32,0.0
2026/05/08,3005,神基,100~200張,125,2,2.77,0.02
2026/05/08,3005,神基,10~15張,673,4,1.4,0.01
2026/05/08,3005,神基,15~20張,444,-6,1.32,-0.01
2026/05/08,3005,神基,1~5張,23641,-28,7.38,0.0
2026/05/08,3005,神基,200~400張,81,3,3.58,0.12
2026/05/08,3005,神基,20~30張,395,-4,1.64,-0.02
2026/05/08,3005,神基,30~40張,187,6,1.06,0.03
2026/05/08,3005,神基,400~600張,21,0,1.62,0.04
2026/05/08,3005,神基,40~50張,113,-3,0.84,-0.02
2026/05/08,3005,神基,50~100張,190,6,2.16,0.07
2026/05/08,3005,神基,5~10張,2689,14,3.4,0.02
2026/05/08,3005,神基,600~800張,16,0,1.79,-0.01
2026/05/08,3005,神基,800~1000張,8,1,1.2,0.16
2026/05/08,3005,神基,千張大戶,67,-2,69.44,-0.4
2026/05/08,3005,神基,零股散戶,20927,-33,0.33,0.0
2026/05/15,3005,神基,100~200張,125,0,2.77,0.0
2026/05/15,3005,神基,10~15張,699,26,1.45,0.05
2026/05/15,3005,神基,15~20張,440,-4,1.31,-0.01
2026/05/15,3005,神基,1~5張,24494,853,7.57,0.19
2026/05/15,3005,神基,200~400張,82,1,3.66,0.08
2026/05/15,3005,神基,20~30張,402,7,1.68,0.04
2026/05/15,3005,神基,30~40張,186,-1,1.06,0.0
2026/05/15,3005,神基,400~600張,20,-1,1.52,-0.1
2026/05/15,3005,神基,40~50張,98,-15,0.73,-0.11
2026/05/15,3005,神基,50~100張,205,15,2.32,0.16
2026/05/15,3005,神基,5~10張,2709,20,3.44,0.04
2026/05/15,3005,神基,600~800張,17,1,1.92,0.13
2026/05/15,3005,神基,800~1000張,8,0,1.17,-0.03
2026/05/15,3005,神基,千張大戶,67,0,68.99,-0.45
2026/05/15,3005,神基,零股散戶,21214,287,0.33,0.0
2026/05/22,3005,神基,100~200張,128,3,2.82,0.05
2026/05/22,3005,神基,10~15張,729,30,1.5,0.05
2026/05/22,3005,神基,15~20張,466,26,1.38,0.07
2026/05/22,3005,神基,1~5張,24970,476,7.71,0.14
2026/05/22,3005,神基,200~400張,79,-3,3.55,-0.11
2026/05/22,3005,神基,20~30張,392,-10,1.63,-0.05
2026/05/22,3005,神基,30~40張,192,6,1.1,0.04
2026/05/22,3005,神基,400~600張,18,-2,1.36,-0.16
2026/05/22,3005,神基,40~50張,116,18,0.86,0.13
2026/05/22,3005,神基,50~100張,204,-1,2.32,0.0
2026/05/22,3005,神基,5~10張,2751,42,3.51,0.07
2026/05/22,3005,神基,600~800張,19,2,2.11,0.19
2026/05/22,3005,神基,800~1000張,8,0,1.18,0.01
2026/05/22,3005,神基,千張大戶,69,2,68.55,-0.44
2026/05/22,3005,神基,零股散戶,21311,97,0.34,0.01
2026/05/29,3005,神基,100~200張,130,2,2.89,0.07
2026/05/29,3005,神基,10~15張,721,-8,1.48,-0.02
2026/05/29,3005,神基,15~20張,456,-10,1.35,-0.03
2026/05/29,3005,神基,1~5張,25163,193,7.79,0.08
2026/05/29,3005,神基,200~400張,78,-1,3.47,-0.08
2026/05/29,3005,神基,20~30張,400,8,1.66,0.03
2026/05/29,3005,神基,30~40張,206,14,1.17,0.07
2026/05/29,3005,神基,400~600張,18,0,1.35,-0.01
2026/05/29,3005,神基,40~50張,111,-5,0.82,-0.04
2026/05/29,3005,神基,50~100張,210,6,2.36,0.04
2026/05/29,3005,神基,5~10張,2742,-9,3.5,-0.01
2026/05/29,3005,神基,600~800張,18,-1,2.04,-0.07
2026/05/29,3005,神基,800~1000張,10,2,1.48,0.3
2026/05/29,3005,神基,千張大戶,69,0,68.22,-0.33
2026/05/29,3005,神基,零股散戶,21325,14,0.34,0.0
2026/06/05,3005,神基,100~200張,142,12,3.17,0.28
2026/06/05,3005,神基,10~15張,728,7,1.49,0.01
2026/06/05,3005,神基,15~20張,476,20,1.41,0.06
2026/06/05,3005,神基,1~5張,26007,844,8.0,0.21
2026/06/05,3005,神基,200~400張,74,-4,3.36,-0.11
2026/06/05,3005,神基,20~30張,422,22,1.76,0.1
2026/06/05,3005,神基,30~40張,211,5,1.2,0.03
2026/06/05,3005,神基,400~600張,20,2,1.47,0.12
2026/06/05,3005,神基,40~50張,126,15,0.94,0.12
2026/06/05,3005,神基,50~100張,208,-2,2.36,0.0
2026/06/05,3005,神基,5~10張,2805,63,3.59,0.09
2026/06/05,3005,神基,600~800張,18,0,1.98,-0.06
2026/06/05,3005,神基,800~1000張,8,-2,1.2,-0.28
2026/06/05,3005,神基,千張大戶,69,0,67.64,-0.58
2026/06/05,3005,神基,零股散戶,21723,398,0.35,0.01
2026/06/12,3005,神基,100~200張,141,-1,3.18,0.01
2026/06/12,3005,神基,10~15張,727,-1,1.49,0.0
2026/06/12,3005,神基,15~20張,472,-4,1.4,-0.01
2026/06/12,3005,神基,1~5張,26013,6,8.01,0.01
2026/06/12,3005,神基,200~400張,77,3,3.52,0.16
2026/06/12,3005,神基,20~30張,419,-3,1.74,-0.02
2026/06/12,3005,神基,30~40張,211,0,1.21,0.01
2026/06/12,3005,神基,400~600張,21,1,1.57,0.1
2026/06/12,3005,神基,40~50張,127,1,0.94,0.0
2026/06/12,3005,神基,50~100張,208,0,2.31,-0.05
2026/06/12,3005,神基,5~10張,2810,5,3.6,0.01
2026/06/12,3005,神基,600~800張,19,1,2.12,0.14
2026/06/12,3005,神基,800~1000張,9,1,1.34,0.14
2026/06/12,3005,神基,千張大戶,68,-1,67.13,-0.51
2026/06/12,3005,神基,零股散戶,21740,17,0.35,0.0
2026/06/26,3005,神基,100~200張,141,-1,3.12,-0.06
2026/06/26,3005,神基,10~15張,839,60,1.72,0.12
2026/06/26,3005,神基,15~20張,540,57,1.6,0.17
2026/06/26,3005,神基,1~5張,27581,1151,8.56,0.4
2026/06/26,3005,神基,200~400張,87,7,4.03,0.35
2026/06/26,3005,神基,20~30張,451,19,1.88,0.08
2026/06/26,3005,神基,30~40張,213,-2,1.22,-0.01
2026/06/26,3005,神基,400~600張,21,2,1.59,0.19
2026/06/26,3005,神基,40~50張,133,-1,0.99,-0.01
2026/06/26,3005,神基,50~100張,234,22,2.59,0.23
2026/06/26,3005,神基,5~10張,2993,109,3.81,0.13
2026/06/26,3005,神基,600~800張,19,-1,2.1,-0.13
2026/06/26,3005,神基,800~1000張,8,-4,1.19,-0.57
2026/06/26,3005,神基,千張大戶,60,-2,65.17,-0.89
2026/06/26,3005,神基,零股散戶,22222,270,0.38,0.02
2026/07/03,3005,神基,100~200張,132,-9,2.97,-0.15
2026/07/03,3005,神基,10~15張,822,-17,1.69,-0.03
2026/07/03,3005,神基,15~20張,549,9,1.62,0.02
2026/07/03,3005,神基,1~5張,26979,-602,8.36,-0.2
2026/07/03,3005,神基,200~400張,90,3,4.17,0.14
2026/07/03,3005,神基,20~30張,439,-12,1.84,-0.04
2026/07/03,3005,神基,30~40張,227,14,1.31,0.09
2026/07/03,3005,神基,400~600張,21,0,1.53,-0.06
2026/07/03,3005,神基,40~50張,132,-1,0.98,-0.01
2026/07/03,3005,神基,50~100張,237,3,2.65,0.06
2026/07/03,3005,神基,5~10張,3014,21,3.84,0.03
2026/07/03,3005,神基,600~800張,19,0,2.13,0.03
2026/07/03,3005,神基,800~1000張,8,0,1.21,0.02
2026/07/03,3005,神基,千張大戶,63,3,65.25,0.08
2026/07/03,3005,神基,零股散戶,22072,-150,0.37,-0.01
2026/07/17,3005,神基,100~200張,132,-4,2.94,-0.09
2026/07/17,3005,神基,10~15張,751,-50,1.54,-0.11
2026/07/17,3005,神基,15~20張,517,-5,1.52,-0.02
2026/07/17,3005,神基,1~5張,25005,-980,7.73,-0.33
2026/07/17,3005,神基,200~400張,85,-5,3.89,-0.25
2026/07/17,3005,神基,20~30張,407,-11,1.7,-0.04
2026/07/17,3005,神基,30~40張,212,-11,1.22,-0.07
2026/07/17,3005,神基,400~600張,21,0,1.55,-0.02
2026/07/17,3005,神基,40~50張,137,5,1.02,0.03
2026/07/17,3005,神基,50~100張,239,6,2.68,0.07
2026/07/17,3005,神基,5~10張,2768,-110,3.53,-0.13
2026/07/17,3005,神基,600~800張,19,-1,2.18,-0.05
2026/07/17,3005,神基,800~1000張,8,0,1.19,-0.02
2026/07/17,3005,神基,千張大戶,67,3,66.88,1.03
2026/07/17,3005,神基,零股散戶,21969,90,0.36,0.0
2026/07/24,3005,神基,100~200張,130,-2,2.86,-0.08
2026/07/24,3005,神基,10~15張,754,3,1.55,0.01
2026/07/24,3005,神基,15~20張,479,-38,1.41,-0.11
2026/07/24,3005,神基,1~5張,24248,-757,7.49,-0.24
2026/07/24,3005,神基,200~400張,88,3,4.04,0.15
2026/07/24,3005,神基,20~30張,399,-8,1.66,-0.04
2026/07/24,3005,神基,30~40張,211,-1,1.22,0.0
2026/07/24,3005,神基,400~600張,23,2,1.77,0.22
2026/07/24,3005,神基,40~50張,127,-10,0.95,-0.07
2026/07/24,3005,神基,50~100張,236,-3,2.62,-0.06
2026/07/24,3005,神基,5~10張,2707,-61,3.46,-0.07
2026/07/24,3005,神基,600~800張,14,-5,1.57,-0.61
2026/07/24,3005,神基,800~1000張,10,2,1.48,0.29
2026/07/24,3005,神基,千張大戶,68,1,67.5,0.62
2026/07/24,3005,神基,零股散戶,21715,-254,0.35,-0.01
2026/07/31,3005,神基,100~200張,133,3,2.94,0.08
2026/07/31,3005,神基,10~15張,721,-33,1.49,-0.06
2026/07/31,3005,神基,15~20張,483,4,1.42,0.01
2026/07/31,3005,神基,1~5張,23843,-405,7.39,-0.1
2026/07/31,3005,神基,200~400張,89,1,4.09,0.05
2026/07/31,3005,神基,20~30張,401,2,1.67,0.01
2026/07/31,3005,神基,30~40張,202,-9,1.17,-0.05
2026/07/31,3005,神基,400~600張,19,-4,1.51,-0.26
2026/07/31,3005,神基,40~50張,127,0,0.94,-0.01
2026/07/31,3005,神基,50~100張,238,2,2.63,0.01
2026/07/31,3005,神基,5~10張,2689,-18,3.43,-0.03
2026/07/31,3005,神基,600~800張,17,3,1.91,0.34
2026/07/31,3005,神基,800~1000張,8,-2,1.2,-0.28
2026/07/31,3005,神基,千張大戶,67,-1,67.79,0.29
2026/07/31,3005,神基,零股散戶,21575,-140,0.35,0.0
2026/04/24,3008,大立光,100~200張,78,3,8.13,0.26
2026/04/24,3008,大立光,10~15張,165,17,1.57,0.16
2026/04/24,3008,大立光,15~20張,84,0,1.11,0.0
2026/04/24,3008,大立光,1~5張,6839,353,8.4,0.48
2026/04/24,3008,大立光,200~400張,30,2,5.91,0.53
2026/04/24,3008,大立光,20~30張,104,-3,1.93,-0.08
2026/04/24,3008,大立光,30~40張,44,-2,1.17,-0.04
2026/04/24,3008,大立光,400~600張,21,-2,7.91,-0.54
2026/04/24,3008,大立光,40~50張,38,-2,1.3,-0.07
2026/04/24,3008,大立光,50~100張,94,-3,4.91,-0.15
2026/04/24,3008,大立光,5~10張,447,16,2.5,0.08
2026/04/24,3008,大立光,600~800張,8,-2,4.22,-1.07
2026/04/24,3008,大立光,800~1000張,2,1,1.23,0.61
2026/04/24,3008,大立光,千張大戶,18,0,46.26,-0.48
2026/04/24,3008,大立光,零股散戶,74427,8425,3.37,0.33
2026/05/08,3008,大立光,100~200張,78,2,7.98,0.17
2026/05/08,3008,大立光,10~15張,178,0,1.69,-0.01
2026/05/08,3008,大立光,15~20張,84,2,1.11,0.02
2026/05/08,3008,大立光,1~5張,7435,259,9.09,0.34
2026/05/08,3008,大立光,200~400張,33,2,6.28,0.34
2026/05/08,3008,大立光,20~30張,117,15,2.16,0.27
2026/05/08,3008,大立光,30~40張,50,0,1.33,0.0
2026/05/08,3008,大立光,400~600張,22,1,8.16,0.36
2026/05/08,3008,大立光,40~50張,34,-6,1.15,-0.21
2026/05/08,3008,大立光,50~100張,91,-4,4.67,-0.2
2026/05/08,3008,大立光,5~10張,479,26,2.67,0.13
2026/05/08,3008,大立光,600~800張,8,0,4.0,-0.08
2026/05/08,3008,大立光,800~1000張,3,1,2.02,0.75
2026/05/08,3008,大立光,千張大戶,16,-2,43.75,-2.14
2026/05/08,3008,大立光,零股散戶,83124,4107,3.86,0.28
2026/05/15,3008,大立光,100~200張,83,5,8.26,0.28
2026/05/15,3008,大立光,10~15張,180,2,1.71,0.02
2026/05/15,3008,大立光,15~20張,83,-1,1.1,-0.01
2026/05/15,3008,大立光,1~5張,6924,-511,8.43,-0.66
2026/05/15,3008,大立光,200~400張,35,2,6.88,0.6
2026/05/15,3008,大立光,20~30張,111,-6,2.06,-0.1
2026/05/15,3008,大立光,30~40張,52,2,1.38,0.05
2026/05/15,3008,大立光,400~600張,22,0,8.25,0.09
2026/05/15,3008,大立光,40~50張,40,6,1.36,0.21
2026/05/15,3008,大立光,50~100張,92,1,4.74,0.07
2026/05/15,3008,大立光,5~10張,457,-22,2.56,-0.11
2026/05/15,3008,大立光,600~800張,7,-1,3.62,-0.38
2026/05/15,3008,大立光,800~1000張,4,1,2.63,0.61
2026/05/15,3008,大立光,千張大戶,16,0,43.44,-0.31
2026/05/15,3008,大立光,零股散戶,78025,-5099,3.51,-0.35
2026/05/22,3008,大立光,100~200張,76,-7,7.82,-0.44
2026/05/22,3008,大立光,10~15張,182,2,1.78,0.07
2026/05/22,3008,大立光,15~20張,81,-2,1.11,0.01
2026/05/22,3008,大立光,1~5張,6647,-277,8.23,-0.2
2026/05/22,3008,大立光,200~400張,40,5,8.01,1.13
2026/05/22,3008,大立光,20~30張,104,-7,1.99,-0.07
2026/05/22,3008,大立光,30~40張,53,1,1.45,0.07
2026/05/22,3008,大立光,400~600張,19,-3,7.01,-1.24
2026/05/22,3008,大立光,40~50張,40,0,1.4,0.04
2026/05/22,3008,大立光,50~100張,98,6,4.98,0.24
2026/05/22,3008,大立光,5~10張,427,-30,2.44,-0.12
2026/05/22,3008,大立光,600~800張,8,1,4.13,0.51
2026/05/22,3008,大立光,800~1000張,8,4,5.37,2.74
2026/05/22,3008,大立光,千張大戶,15,-1,40.8,-2.64
2026/05/22,3008,大立光,零股散戶,78107,82,3.42,-0.09
2026/05/29,3008,大立光,100~200張,75,-1,7.89,0.07
2026/05/29,3008,大立光,10~15張,189,7,1.85,0.07
2026/05/29,3008,大立光,15~20張,84,3,1.13,0.02
2026/05/29,3008,大立光,1~5張,6868,221,8.5,0.27
2026/05/29,3008,大立光,200~400張,41,1,8.04,0.03
2026/05/29,3008,大立光,20~30張,103,-1,1.96,-0.03
2026/05/29,3008,大立光,30~40張,58,5,1.58,0.13
2026/05/29,3008,大立光,400~600張,17,-2,6.23,-0.78
2026/05/29,3008,大立光,40~50張,36,-4,1.25,-0.15
2026/05/29,3008,大立光,50~100張,97,-1,5.01,0.03
2026/05/29,3008,大立光,5~10張,437,10,2.49,0.05
2026/05/29,3008,大立光,600~800張,13,5,6.87,2.74
2026/05/29,3008,大立光,800~1000張,6,-2,4.11,-1.26
2026/05/29,3008,大立光,千張大戶,14,-1,39.43,-1.37
2026/05/29,3008,大立光,零股散戶,81888,3781,3.58,0.16
2026/06/05,3008,大立光,100~200張,80,5,8.65,0.76
2026/06/05,3008,大立光,10~15張,185,-4,1.82,-0.03
2026/06/05,3008,大立光,15~20張,83,-1,1.12,-0.01
2026/06/05,3008,大立光,1~5張,6744,-124,8.39,-0.11
2026/06/05,3008,大立光,200~400張,37,-4,7.6,-0.44
2026/06/05,3008,大立光,20~30張,96,-7,1.83,-0.13
2026/06/05,3008,大立光,30~40張,62,4,1.68,0.1
2026/06/05,3008,大立光,400~600張,19,2,6.99,0.76
2026/06/05,3008,大立光,40~50張,39,3,1.35,0.1
2026/06/05,3008,大立光,50~100張,95,-2,4.97,-0.04
2026/06/05,3008,大立光,5~10張,429,-8,2.45,-0.04
2026/06/05,3008,大立光,600~800張,10,-3,5.09,-1.78
2026/06/05,3008,大立光,800~1000張,4,-2,2.71,-1.4
2026/06/05,3008,大立光,千張大戶,17,3,41.68,2.25
2026/06/05,3008,大立光,零股散戶,82203,315,3.6,0.02
2026/06/12,3008,大立光,100~200張,85,5,9.07,0.42
2026/06/12,3008,大立光,10~15張,184,-1,1.82,0.0
2026/06/12,3008,大立光,15~20張,86,3,1.17,0.05
2026/06/12,3008,大立光,1~5張,6496,-248,7.97,-0.42
2026/06/12,3008,大立光,200~400張,40,3,8.0,0.4
2026/06/12,3008,大立光,20~30張,98,2,1.86,0.03
2026/06/12,3008,大立光,30~40張,60,-2,1.63,-0.05
2026/06/12,3008,大立光,400~600張,17,-2,6.26,-0.73
2026/06/12,3008,大立光,40~50張,40,1,1.38,0.03
2026/06/12,3008,大立光,50~100張,93,-2,4.92,-0.05
2026/06/12,3008,大立光,5~10張,424,-5,2.44,-0.01
2026/06/12,3008,大立光,600~800張,9,-1,4.64,-0.45
2026/06/12,3008,大立光,800~1000張,5,1,3.48,0.77
2026/06/12,3008,大立光,千張大戶,17,0,41.78,0.1
2026/06/12,3008,大立光,零股散戶,82967,764,3.5,-0.1
2026/06/26,3008,大立光,100~200張,81,1,8.83,0.2
2026/06/26,3008,大立光,10~15張,184,1,1.8,-0.01
2026/06/26,3008,大立光,15~20張,79,-8,1.08,-0.11
2026/06/26,3008,大立光,1~5張,5956,-11,7.37,-0.03
2026/06/26,3008,大立光,200~400張,44,2,9.18,0.88
2026/06/26,3008,大立光,20~30張,98,1,1.89,0.04
2026/06/26,3008,大立光,30~40張,62,1,1.66,0.01
2026/06/26,3008,大立光,400~600張,17,-2,6.29,-0.68
2026/06/26,3008,大立光,40~50張,41,-5,1.4,-0.18
2026/06/26,3008,大立光,50~100張,99,-6,5.31,-0.38
2026/06/26,3008,大立光,5~10張,423,14,2.42,0.08
2026/06/26,3008,大立光,600~800張,10,2,5.15,1.06
2026/06/26,3008,大立光,800~1000張,7,1,4.91,0.73
2026/06/26,3008,大立光,千張大戶,14,-2,39.25,-1.69
2026/06/26,3008,大立光,零股散戶,87349,4548,3.39,0.09
2026/07/03,3008,大立光,100~200張,80,-1,8.7,-0.13
2026/07/03,3008,大立光,10~15張,185,1,1.82,0.02
2026/07/03,3008,大立光,15~20張,81,2,1.1,0.02
2026/07/03,3008,大立光,1~5張,6453,497,7.96,0.59
2026/07/03,3008,大立光,200~400張,42,-2,8.57,-0.61
2026/07/03,3008,大立光,20~30張,103,5,1.99,0.1
2026/07/03,3008,大立光,30~40張,65,3,1.75,0.09
2026/07/03,3008,大立光,400~600張,24,7,8.58,2.29
2026/07/03,3008,大立光,40~50張,38,-3,1.31,-0.09
2026/07/03,3008,大立光,50~100張,93,-6,4.94,-0.37
2026/07/03,3008,大立光,5~10張,444,21,2.56,0.14
2026/07/03,3008,大立光,600~800張,9,-1,4.48,-0.67
2026/07/03,3008,大立光,800~1000張,7,0,4.8,-0.11
2026/07/03,3008,大立光,千張大戶,12,-2,37.49,-1.76
2026/07/03,3008,大立光,零股散戶,99770,12421,3.86,0.47
2026/07/17,3008,大立光,100~200張,85,-2,9.07,-0.38
2026/07/17,3008,大立光,10~15張,199,16,1.96,0.16
2026/07/17,3008,大立光,15~20張,91,10,1.25,0.15
2026/07/17,3008,大立光,1~5張,6626,-29,8.23,-0.02
2026/07/17,3008,大立光,200~400張,39,-3,7.99,-0.82
2026/07/17,3008,大立光,20~30張,105,-2,2.06,-0.02
2026/07/17,3008,大立光,30~40張,58,-4,1.55,-0.11
2026/07/17,3008,大立光,400~600張,24,5,8.65,1.94
2026/07/17,3008,大立光,40~50張,47,5,1.61,0.17
2026/07/17,3008,大立光,50~100張,93,4,4.95,0.19
2026/07/17,3008,大立光,5~10張,465,1,2.7,0.02
2026/07/17,3008,大立光,600~800張,9,-3,4.5,-1.45
2026/07/17,3008,大立光,800~1000張,7,2,4.81,1.39
2026/07/17,3008,大立光,千張大戶,10,-2,36.4,-1.21
2026/07/17,3008,大立光,零股散戶,107259,379,4.22,0.02
2026/07/24,3008,大立光,100~200張,77,-8,8.18,-0.89
2026/07/24,3008,大立光,10~15張,199,0,1.95,-0.01
2026/07/24,3008,大立光,15~20張,90,-1,1.23,-0.02
2026/07/24,3008,大立光,1~5張,6700,74,8.34,0.11
2026/07/24,3008,大立光,200~400張,42,3,8.45,0.46
2026/07/24,3008,大立光,20~30張,103,-2,2.01,-0.05
2026/07/24,3008,大立光,30~40張,63,5,1.69,0.14
2026/07/24,3008,大立光,400~600張,23,-1,8.16,-0.49
2026/07/24,3008,大立光,40~50張,49,2,1.68,0.07
2026/07/24,3008,大立光,50~100張,97,4,5.25,0.3
2026/07/24,3008,大立光,5~10張,471,6,2.72,0.02
2026/07/24,3008,大立光,600~800張,10,1,5.26,0.76
2026/07/24,3008,大立光,800~1000張,6,-1,4.12,-0.69
2026/07/24,3008,大立光,千張大戶,10,0,36.6,0.2
2026/07/24,3008,大立光,零股散戶,107687,428,4.28,0.06
2026/07/31,3008,大立光,100~200張,78,1,8.23,0.05
2026/07/31,3008,大立光,10~15張,188,-11,1.84,-0.11
2026/07/31,3008,大立光,15~20張,102,12,1.39,0.16
2026/07/31,3008,大立光,1~5張,6746,46,8.38,0.04
2026/07/31,3008,大立光,200~400張,44,2,9.26,0.81
2026/07/31,3008,大立光,20~30張,93,-10,1.8,-0.21
2026/07/31,3008,大立光,30~40張,66,3,1.73,0.04
2026/07/31,3008,大立光,400~600張,23,0,8.25,0.09
2026/07/31,3008,大立光,40~50張,51,2,1.75,0.07
2026/07/31,3008,大立光,50~100張,95,-2,5.12,-0.13
2026/07/31,3008,大立光,5~10張,487,16,2.8,0.08
2026/07/31,3008,大立光,600~800張,9,-1,4.65,-0.61
2026/07/31,3008,大立光,800~1000張,5,-1,3.41,-0.71
2026/07/31,3008,大立光,千張大戶,10,0,36.87,0.27
2026/07/31,3008,大立光,零股散戶,110652,2965,4.43,0.15
2026/04/24,3017,奇鋐,100~200張,164,0,5.82,0.03
2026/04/24,3017,奇鋐,10~15張,368,0,1.17,0.01
2026/04/24,3017,奇鋐,15~20張,186,-6,0.84,-0.03
2026/04/24,3017,奇鋐,1~5張,11423,212,4.69,0.05
2026/04/24,3017,奇鋐,200~400張,114,1,8.48,0.1
2026/04/24,3017,奇鋐,20~30張,245,12,1.55,0.07
2026/04/24,3017,奇鋐,30~40張,137,-1,1.22,-0.01
2026/04/24,3017,奇鋐,400~600張,39,1,4.89,0.14
2026/04/24,3017,奇鋐,40~50張,97,5,1.13,0.06
2026/04/24,3017,奇鋐,50~100張,218,-4,4.0,-0.09
2026/04/24,3017,奇鋐,5~10張,851,11,1.6,0.02
2026/04/24,3017,奇鋐,600~800張,26,-2,4.62,-0.32
2026/04/24,3017,奇鋐,800~1000張,15,2,3.45,0.42
2026/04/24,3017,奇鋐,千張大戶,57,-1,55.12,-0.51
2026/04/24,3017,奇鋐,零股散戶,70161,4971,1.32,0.05
2026/05/08,3017,奇鋐,100~200張,156,-8,5.5,-0.27
2026/05/08,3017,奇鋐,10~15張,389,9,1.24,0.03
2026/05/08,3017,奇鋐,15~20張,178,0,0.81,0.0
2026/05/08,3017,奇鋐,1~5張,15046,3092,6.21,1.32
2026/05/08,3017,奇鋐,200~400張,110,-6,8.06,-0.48
2026/05/08,3017,奇鋐,20~30張,247,3,1.56,0.03
2026/05/08,3017,奇鋐,30~40張,139,-1,1.24,-0.01
2026/05/08,3017,奇鋐,400~600張,39,-1,4.95,-0.01
2026/05/08,3017,奇鋐,40~50張,99,-3,1.16,-0.03
2026/05/08,3017,奇鋐,50~100張,227,10,4.25,0.26
2026/05/08,3017,奇鋐,5~10張,958,92,1.8,0.17
2026/05/08,3017,奇鋐,600~800張,24,-5,4.34,-0.73
2026/05/08,3017,奇鋐,800~1000張,14,-1,3.2,-0.26
2026/05/08,3017,奇鋐,千張大戶,55,-1,53.5,-0.72
2026/05/08,3017,奇鋐,零股散戶,118126,40000,2.12,0.7
2026/05/15,3017,奇鋐,100~200張,150,-6,5.33,-0.17
2026/05/15,3017,奇鋐,10~15張,387,-2,1.23,-0.01
2026/05/15,3017,奇鋐,15~20張,186,8,0.85,0.04
2026/05/15,3017,奇鋐,1~5張,14986,-60,6.13,-0.08
2026/05/15,3017,奇鋐,200~400張,110,0,7.98,-0.08
2026/05/15,3017,奇鋐,20~30張,246,-1,1.56,0.0
2026/05/15,3017,奇鋐,30~40張,143,4,1.28,0.04
2026/05/15,3017,奇鋐,400~600張,42,3,5.3,0.35
2026/05/15,3017,奇鋐,40~50張,101,2,1.18,0.02
2026/05/15,3017,奇鋐,50~100張,239,12,4.44,0.19
2026/05/15,3017,奇鋐,5~10張,941,-17,1.77,-0.03
2026/05/15,3017,奇鋐,600~800張,26,2,4.65,0.31
2026/05/15,3017,奇鋐,800~1000張,12,-2,2.76,-0.44
2026/05/15,3017,奇鋐,千張大戶,55,0,53.28,-0.22
2026/05/15,3017,奇鋐,零股散戶,124185,6059,2.21,0.09
2026/05/22,3017,奇鋐,100~200張,155,5,5.48,0.15
2026/05/22,3017,奇鋐,10~15張,391,4,1.24,0.01
2026/05/22,3017,奇鋐,15~20張,195,9,0.88,0.03
2026/05/22,3017,奇鋐,1~5張,15286,300,6.27,0.14
2026/05/22,3017,奇鋐,200~400張,104,-6,7.6,-0.38
2026/05/22,3017,奇鋐,20~30張,259,13,1.64,0.08
2026/05/22,3017,奇鋐,30~40張,135,-8,1.21,-0.07
2026/05/22,3017,奇鋐,400~600張,45,3,5.63,0.33
2026/05/22,3017,奇鋐,40~50張,102,1,1.19,0.01
2026/05/22,3017,奇鋐,50~100張,239,0,4.43,-0.01
2026/05/22,3017,奇鋐,5~10張,955,14,1.79,0.02
2026/05/22,3017,奇鋐,600~800張,25,-1,4.47,-0.18
2026/05/22,3017,奇鋐,800~1000張,14,2,3.2,0.44
2026/05/22,3017,奇鋐,千張大戶,53,-2,52.54,-0.74
2026/05/22,3017,奇鋐,零股散戶,128634,4449,2.35,0.14
2026/05/29,3017,奇鋐,100~200張,156,1,5.52,0.04
2026/05/29,3017,奇鋐,10~15張,385,-6,1.22,-0.02
2026/05/29,3017,奇鋐,15~20張,192,-3,0.87,-0.01
2026/05/29,3017,奇鋐,1~5張,14851,-435,6.08,-0.19
2026/05/29,3017,奇鋐,200~400張,109,5,7.95,0.35
2026/05/29,3017,奇鋐,20~30張,251,-8,1.58,-0.06
2026/05/29,3017,奇鋐,30~40張,135,0,1.19,-0.02
2026/05/29,3017,奇鋐,400~600張,46,1,5.68,0.05
2026/05/29,3017,奇鋐,40~50張,105,3,1.23,0.04
2026/05/29,3017,奇鋐,50~100張,243,4,4.52,0.09
2026/05/29,3017,奇鋐,5~10張,947,-8,1.78,-0.01
2026/05/29,3017,奇鋐,600~800張,23,-2,4.12,-0.35
2026/05/29,3017,奇鋐,800~1000張,13,-1,3.0,-0.2
2026/05/29,3017,奇鋐,千張大戶,54,1,52.92,0.38
2026/05/29,3017,奇鋐,零股散戶,125149,-3485,2.26,-0.09
2026/06/05,3017,奇鋐,100~200張,159,3,5.59,0.07
2026/06/05,3017,奇鋐,10~15張,378,-7,1.2,-0.02
2026/06/05,3017,奇鋐,15~20張,204,12,0.93,0.06
2026/06/05,3017,奇鋐,1~5張,14317,-534,5.86,-0.22
2026/06/05,3017,奇鋐,200~400張,113,4,8.34,0.39
2026/06/05,3017,奇鋐,20~30張,236,-15,1.49,-0.09
2026/06/05,3017,奇鋐,30~40張,144,9,1.27,0.08
2026/06/05,3017,奇鋐,400~600張,43,-3,5.22,-0.46
2026/06/05,3017,奇鋐,40~50張,115,10,1.34,0.11
2026/06/05,3017,奇鋐,50~100張,242,-1,4.5,-0.02
2026/06/05,3017,奇鋐,5~10張,938,-9,1.76,-0.02
2026/06/05,3017,奇鋐,600~800張,24,1,4.24,0.12
2026/06/05,3017,奇鋐,800~1000張,17,4,3.94,0.94
2026/06/05,3017,奇鋐,千張大戶,52,-2,52.07,-0.85
2026/06/05,3017,奇鋐,零股散戶,125200,51,2.18,-0.08
2026/06/12,3017,奇鋐,100~200張,155,-4,5.44,-0.15
2026/06/12,3017,奇鋐,10~15張,401,23,1.27,0.07
2026/06/12,3017,奇鋐,15~20張,201,-3,0.91,-0.02
2026/06/12,3017,奇鋐,1~5張,15440,1123,6.34,0.48
2026/06/12,3017,奇鋐,200~400張,109,-4,8.22,-0.12
2026/06/12,3017,奇鋐,20~30張,243,7,1.54,0.05
2026/06/12,3017,奇鋐,30~40張,134,-10,1.18,-0.09
2026/06/12,3017,奇鋐,400~600張,42,-1,5.15,-0.07
2026/06/12,3017,奇鋐,40~50張,106,-9,1.23,-0.11
2026/06/12,3017,奇鋐,50~100張,245,3,4.63,0.13
2026/06/12,3017,奇鋐,5~10張,1001,63,1.88,0.12
2026/06/12,3017,奇鋐,600~800張,24,0,4.28,0.04
2026/06/12,3017,奇鋐,800~1000張,16,-1,3.66,-0.28
2026/06/12,3017,奇鋐,千張大戶,52,0,51.68,-0.39
2026/06/12,3017,奇鋐,零股散戶,137160,11960,2.51,0.33
2026/06/26,3017,奇鋐,100~200張,162,2,5.73,0.14
2026/06/26,3017,奇鋐,10~15張,392,-5,1.24,-0.01
2026/06/26,3017,奇鋐,15~20張,206,1,0.94,0.01
2026/06/26,3017,奇鋐,1~5張,15352,-404,6.3,-0.16
2026/06/26,3017,奇鋐,200~400張,97,-5,7.36,-0.33
2026/06/26,3017,奇鋐,20~30張,246,2,1.55,0.0
2026/06/26,3017,奇鋐,30~40張,122,-12,1.08,-0.1
2026/06/26,3017,奇鋐,400~600張,49,2,6.02,0.22
2026/06/26,3017,奇鋐,40~50張,113,6,1.31,0.07
2026/06/26,3017,奇鋐,50~100張,234,1,4.41,0.05
2026/06/26,3017,奇鋐,5~10張,999,-24,1.87,-0.04
2026/06/26,3017,奇鋐,600~800張,23,0,4.06,-0.02
2026/06/26,3017,奇鋐,800~1000張,14,0,3.22,-0.03
2026/06/26,3017,奇鋐,千張大戶,53,0,52.29,0.25
2026/06/26,3017,奇鋐,零股散戶,135966,-3371,2.54,-0.05
2026/07/03,3017,奇鋐,100~200張,164,2,5.78,0.05
2026/07/03,3017,奇鋐,10~15張,379,-13,1.19,-0.05
2026/07/03,3017,奇鋐,15~20張,207,1,0.93,-0.01
2026/07/03,3017,奇鋐,1~5張,14336,-1016,5.9,-0.4
2026/07/03,3017,奇鋐,200~400張,105,8,7.97,0.61
2026/07/03,3017,奇鋐,20~30張,253,7,1.59,0.04
2026/07/03,3017,奇鋐,30~40張,126,4,1.12,0.04
2026/07/03,3017,奇鋐,400~600張,48,-1,5.94,-0.08
2026/07/03,3017,奇鋐,40~50張,110,-3,1.28,-0.03
2026/07/03,3017,奇鋐,50~100張,236,2,4.38,-0.03
2026/07/03,3017,奇鋐,5~10張,968,-31,1.82,-0.05
2026/07/03,3017,奇鋐,600~800張,24,1,4.16,0.1
2026/07/03,3017,奇鋐,800~1000張,12,-2,2.72,-0.5
2026/07/03,3017,奇鋐,千張大戶,55,2,52.77,0.48
2026/07/03,3017,奇鋐,零股散戶,125893,-10073,2.37,-0.17
2026/07/17,3017,奇鋐,100~200張,158,-3,5.53,-0.14
2026/07/17,3017,奇鋐,10~15張,382,10,1.2,0.04
2026/07/17,3017,奇鋐,15~20張,215,8,0.97,0.04
2026/07/17,3017,奇鋐,1~5張,15068,385,6.22,0.15
2026/07/17,3017,奇鋐,200~400張,110,-1,8.35,0.0
2026/07/17,3017,奇鋐,20~30張,238,-10,1.49,-0.07
2026/07/17,3017,奇鋐,30~40張,135,8,1.2,0.08
2026/07/17,3017,奇鋐,400~600張,48,1,5.97,0.11
2026/07/17,3017,奇鋐,40~50張,96,-11,1.11,-0.14
2026/07/17,3017,奇鋐,50~100張,231,1,4.26,-0.02
2026/07/17,3017,奇鋐,5~10張,995,12,1.86,0.01
2026/07/17,3017,奇鋐,600~800張,24,1,4.2,0.2
2026/07/17,3017,奇鋐,800~1000張,12,-2,2.77,-0.48
2026/07/17,3017,奇鋐,千張大戶,53,0,52.3,0.12
2026/07/17,3017,奇鋐,零股散戶,129310,3029,2.5,0.1
2026/07/24,3017,奇鋐,100~200張,154,-4,5.45,-0.08
2026/07/24,3017,奇鋐,10~15張,376,-6,1.19,-0.01
2026/07/24,3017,奇鋐,15~20張,202,-13,0.91,-0.06
2026/07/24,3017,奇鋐,1~5張,14303,-765,5.9,-0.32
2026/07/24,3017,奇鋐,200~400張,108,-2,8.18,-0.17
2026/07/24,3017,奇鋐,20~30張,249,11,1.56,0.07
2026/07/24,3017,奇鋐,30~40張,136,1,1.21,0.01
2026/07/24,3017,奇鋐,400~600張,51,3,6.26,0.29
2026/07/24,3017,奇鋐,40~50張,92,-4,1.07,-0.04
2026/07/24,3017,奇鋐,50~100張,238,7,4.42,0.16
2026/07/24,3017,奇鋐,5~10張,977,-18,1.84,-0.02
2026/07/24,3017,奇鋐,600~800張,21,-3,3.61,-0.59
2026/07/24,3017,奇鋐,800~1000張,13,1,3.0,0.23
2026/07/24,3017,奇鋐,千張大戶,54,1,52.94,0.64
2026/07/24,3017,奇鋐,零股散戶,124037,-5273,2.39,-0.11
2026/07/31,3017,奇鋐,100~200張,149,-5,5.16,-0.29
2026/07/31,3017,奇鋐,10~15張,394,18,1.24,0.05
2026/07/31,3017,奇鋐,15~20張,207,5,0.93,0.02
2026/07/31,3017,奇鋐,1~5張,14534,231,6.0,0.1
2026/07/31,3017,奇鋐,200~400張,106,-2,7.89,-0.29
2026/07/31,3017,奇鋐,20~30張,250,1,1.57,0.01
2026/07/31,3017,奇鋐,30~40張,135,-1,1.2,-0.01
2026/07/31,3017,奇鋐,400~600張,57,6,7.01,0.75
2026/07/31,3017,奇鋐,40~50張,94,2,1.08,0.01
2026/07/31,3017,奇鋐,50~100張,242,4,4.45,0.03
2026/07/31,3017,奇鋐,5~10張,1017,40,1.89,0.05
2026/07/31,3017,奇鋐,600~800張,19,-2,3.29,-0.32
2026/07/31,3017,奇鋐,800~1000張,15,2,3.49,0.49
2026/07/31,3017,奇鋐,千張大戶,52,-2,52.32,-0.62
2026/07/31,3017,奇鋐,零股散戶,124710,673,2.41,0.02
2026/04/24,3026,禾伸堂,100~200張,54,3,4.48,0.22
2026/04/24,3026,禾伸堂,10~15張,467,0,3.37,0.01
2026/04/24,3026,禾伸堂,15~20張,178,6,1.87,0.06
2026/04/24,3026,禾伸堂,1~5張,13682,137,14.6,0.18
2026/04/24,3026,禾伸堂,200~400張,26,0,4.75,-0.02
2026/04/24,3026,禾伸堂,20~30張,167,-9,2.48,-0.1
2026/04/24,3026,禾伸堂,30~40張,76,0,1.6,-0.01
2026/04/24,3026,禾伸堂,400~600張,14,1,4.04,0.24
2026/04/24,3026,禾伸堂,40~50張,47,-1,1.28,-0.03
2026/04/24,3026,禾伸堂,50~100張,98,-5,4.21,-0.16
2026/04/24,3026,禾伸堂,5~10張,1340,4,5.67,0.04
2026/04/24,3026,禾伸堂,600~800張,7,-2,2.98,-0.77
2026/04/24,3026,禾伸堂,800~1000張,8,2,4.32,1.0
2026/04/24,3026,禾伸堂,千張大戶,31,1,42.87,-0.71
2026/04/24,3026,禾伸堂,零股散戶,26835,550,1.41,0.06
2026/05/08,3026,禾伸堂,100~200張,55,8,4.53,0.59
2026/05/08,3026,禾伸堂,10~15張,407,-52,2.96,-0.37
2026/05/08,3026,禾伸堂,15~20張,154,-36,1.63,-0.38
2026/05/08,3026,禾伸堂,1~5張,13535,-488,14.13,-0.67
2026/05/08,3026,禾伸堂,200~400張,36,4,6.34,0.56
2026/05/08,3026,禾伸堂,20~30張,167,1,2.47,0.01
2026/05/08,3026,禾伸堂,30~40張,83,6,1.76,0.12
2026/05/08,3026,禾伸堂,400~600張,16,2,4.83,0.73
2026/05/08,3026,禾伸堂,40~50張,52,2,1.43,0.06
2026/05/08,3026,禾伸堂,50~100張,113,4,4.95,0.25
2026/05/08,3026,禾伸堂,5~10張,1247,-97,5.3,-0.39
2026/05/08,3026,禾伸堂,600~800張,13,6,5.5,2.56
2026/05/08,3026,禾伸堂,800~1000張,6,-2,3.24,-1.09
2026/05/08,3026,禾伸堂,千張大戶,30,-2,39.36,-2.02
2026/05/08,3026,禾伸堂,零股散戶,27744,493,1.47,0.02
2026/05/15,3026,禾伸堂,100~200張,53,-2,4.44,-0.09
2026/05/15,3026,禾伸堂,10~15張,417,10,3.03,0.07
2026/05/15,3026,禾伸堂,15~20張,146,-8,1.55,-0.08
2026/05/15,3026,禾伸堂,1~5張,13579,44,14.03,-0.1
2026/05/15,3026,禾伸堂,200~400張,33,-3,5.68,-0.66
2026/05/15,3026,禾伸堂,20~30張,161,-6,2.4,-0.07
2026/05/15,3026,禾伸堂,30~40張,82,-1,1.75,-0.01
2026/05/15,3026,禾伸堂,400~600張,19,3,5.62,0.79
2026/05/15,3026,禾伸堂,40~50張,50,-2,1.35,-0.08
2026/05/15,3026,禾伸堂,50~100張,106,-7,4.73,-0.22
2026/05/15,3026,禾伸堂,5~10張,1198,-49,5.11,-0.19
2026/05/15,3026,禾伸堂,600~800張,11,-2,4.65,-0.85
2026/05/15,3026,禾伸堂,800~1000張,7,1,3.81,0.57
2026/05/15,3026,禾伸堂,千張大戶,31,1,40.2,0.84
2026/05/15,3026,禾伸堂,零股散戶,29615,1871,1.57,0.1
2026/05/22,3026,禾伸堂,100~200張,54,1,4.51,0.07
2026/05/22,3026,禾伸堂,10~15張,407,-10,2.95,-0.08
2026/05/22,3026,禾伸堂,15~20張,149,3,1.59,0.04
2026/05/22,3026,禾伸堂,1~5張,13017,-562,13.38,-0.65
2026/05/22,3026,禾伸堂,200~400張,34,1,5.66,-0.02
2026/05/22,3026,禾伸堂,20~30張,159,-2,2.35,-0.05
2026/05/22,3026,禾伸堂,30~40張,79,-3,1.69,-0.06
2026/05/22,3026,禾伸堂,400~600張,19,0,5.6,-0.02
2026/05/22,3026,禾伸堂,40~50張,48,-2,1.33,-0.02
2026/05/22,3026,禾伸堂,50~100張,104,-2,4.64,-0.09
2026/05/22,3026,禾伸堂,5~10張,1189,-9,5.06,-0.05
2026/05/22,3026,禾伸堂,600~800張,15,4,6.31,1.66
2026/05/22,3026,禾伸堂,800~1000張,7,0,3.82,0.01
2026/05/22,3026,禾伸堂,千張大戶,29,-2,39.46,-0.74
2026/05/22,3026,禾伸堂,零股散戶,29892,277,1.58,0.01
2026/05/29,3026,禾伸堂,100~200張,49,-5,4.13,-0.38
2026/05/29,3026,禾伸堂,10~15張,382,-25,2.78,-0.17
2026/05/29,3026,禾伸堂,15~20張,150,1,1.6,0.01
2026/05/29,3026,禾伸堂,1~5張,13194,177,13.45,0.07
2026/05/29,3026,禾伸堂,200~400張,30,-4,4.95,-0.71
2026/05/29,3026,禾伸堂,20~30張,162,3,2.39,0.04
2026/05/29,3026,禾伸堂,30~40張,69,-10,1.44,-0.25
2026/05/29,3026,禾伸堂,400~600張,20,1,5.89,0.29
2026/05/29,3026,禾伸堂,40~50張,42,-6,1.16,-0.17
2026/05/29,3026,禾伸堂,50~100張,115,11,5.16,0.52
2026/05/29,3026,禾伸堂,5~10張,1156,-33,4.9,-0.16
2026/05/29,3026,禾伸堂,600~800張,14,-1,5.76,-0.55
2026/05/29,3026,禾伸堂,800~1000張,8,1,4.32,0.5
2026/05/29,3026,禾伸堂,千張大戶,30,1,40.28,0.82
2026/05/29,3026,禾伸堂,零股散戶,32168,2276,1.7,0.12
2026/06/05,3026,禾伸堂,100~200張,50,1,4.19,0.06
2026/06/05,3026,禾伸堂,10~15張,387,5,2.82,0.04
2026/06/05,3026,禾伸堂,15~20張,141,-9,1.49,-0.11
2026/06/05,3026,禾伸堂,1~5張,13260,66,13.51,0.06
2026/06/05,3026,禾伸堂,200~400張,30,0,4.84,-0.11
2026/06/05,3026,禾伸堂,20~30張,170,8,2.49,0.1
2026/06/05,3026,禾伸堂,30~40張,74,5,1.57,0.13
2026/06/05,3026,禾伸堂,400~600張,22,2,6.5,0.61
2026/06/05,3026,禾伸堂,40~50張,40,-2,1.11,-0.05
2026/06/05,3026,禾伸堂,50~100張,112,-3,4.95,-0.21
2026/06/05,3026,禾伸堂,5~10張,1161,5,4.93,0.03
2026/06/05,3026,禾伸堂,600~800張,12,-2,5.03,-0.73
2026/06/05,3026,禾伸堂,800~1000張,8,0,4.24,-0.08
2026/06/05,3026,禾伸堂,千張大戶,30,0,40.45,0.17
2026/06/05,3026,禾伸堂,零股散戶,33876,1708,1.8,0.1
2026/06/12,3026,禾伸堂,100~200張,54,4,4.44,0.25
2026/06/12,3026,禾伸堂,10~15張,365,-22,2.66,-0.16
2026/06/12,3026,禾伸堂,15~20張,143,2,1.52,0.03
2026/06/12,3026,禾伸堂,1~5張,12916,-344,13.15,-0.36
2026/06/12,3026,禾伸堂,200~400張,32,2,5.41,0.57
2026/06/12,3026,禾伸堂,20~30張,149,-21,2.17,-0.32
2026/06/12,3026,禾伸堂,30~40張,69,-5,1.47,-0.1
2026/06/12,3026,禾伸堂,400~600張,18,-4,5.21,-1.29
2026/06/12,3026,禾伸堂,40~50張,43,3,1.18,0.07
2026/06/12,3026,禾伸堂,50~100張,109,-3,4.81,-0.14
2026/06/12,3026,禾伸堂,5~10張,1129,-32,4.81,-0.12
2026/06/12,3026,禾伸堂,600~800張,12,0,4.95,-0.08
2026/06/12,3026,禾伸堂,800~1000張,7,-1,3.77,-0.47
2026/06/12,3026,禾伸堂,千張大戶,31,1,42.52,2.07
2026/06/12,3026,禾伸堂,零股散戶,34522,646,1.85,0.05
2026/06/26,3026,禾伸堂,100~200張,49,0,4.11,0.08
2026/06/26,3026,禾伸堂,10~15張,355,14,2.56,0.09
2026/06/26,3026,禾伸堂,15~20張,144,-2,1.55,-0.02
2026/06/26,3026,禾伸堂,1~5張,13868,735,13.91,0.7
2026/06/26,3026,禾伸堂,200~400張,29,-4,4.93,-0.65
2026/06/26,3026,禾伸堂,20~30張,156,10,2.33,0.16
2026/06/26,3026,禾伸堂,30~40張,56,0,1.18,-0.01
2026/06/26,3026,禾伸堂,400~600張,22,0,6.38,-0.02
2026/06/26,3026,禾伸堂,40~50張,51,6,1.4,0.17
2026/06/26,3026,禾伸堂,50~100張,110,3,4.87,0.23
2026/06/26,3026,禾伸堂,5~10張,1125,55,4.79,0.25
2026/06/26,3026,禾伸堂,600~800張,11,0,4.58,0.03
2026/06/26,3026,禾伸堂,800~1000張,8,-1,4.24,-0.63
2026/06/26,3026,禾伸堂,千張大戶,32,0,40.9,-0.52
2026/06/26,3026,禾伸堂,零股散戶,42003,2441,2.21,0.15
2026/07/03,3026,禾伸堂,100~200張,53,4,4.44,0.33
2026/07/03,3026,禾伸堂,10~15張,345,-10,2.49,-0.07
2026/07/03,3026,禾伸堂,15~20張,152,8,1.63,0.08
2026/07/03,3026,禾伸堂,1~5張,13700,-168,13.77,-0.14
2026/07/03,3026,禾伸堂,200~400張,30,1,5.1,0.17
2026/07/03,3026,禾伸堂,20~30張,150,-6,2.22,-0.11
2026/07/03,3026,禾伸堂,30~40張,54,-2,1.15,-0.03
2026/07/03,3026,禾伸堂,400~600張,21,-1,6.04,-0.34
2026/07/03,3026,禾伸堂,40~50張,51,0,1.4,0.0
2026/07/03,3026,禾伸堂,50~100張,107,-3,4.68,-0.19
2026/07/03,3026,禾伸堂,5~10張,1101,-24,4.7,-0.09
2026/07/03,3026,禾伸堂,600~800張,10,-1,4.15,-0.43
2026/07/03,3026,禾伸堂,800~1000張,9,1,4.71,0.47
2026/07/03,3026,禾伸堂,千張大戶,32,0,41.16,0.26
2026/07/03,3026,禾伸堂,零股散戶,42767,764,2.27,0.06
2026/07/17,3026,禾伸堂,100~200張,50,0,4.12,-0.07
2026/07/17,3026,禾伸堂,10~15張,310,-12,2.25,-0.1
2026/07/17,3026,禾伸堂,15~20張,120,-4,1.28,-0.04
2026/07/17,3026,禾伸堂,1~5張,13525,494,13.47,0.39
2026/07/17,3026,禾伸堂,200~400張,38,-4,6.28,-0.87
2026/07/17,3026,禾伸堂,20~30張,131,6,1.93,0.08
2026/07/17,3026,禾伸堂,30~40張,50,-3,1.07,-0.04
2026/07/17,3026,禾伸堂,400~600張,17,3,4.97,0.96
2026/07/17,3026,禾伸堂,40~50張,39,-9,1.06,-0.24
2026/07/17,3026,禾伸堂,50~100張,90,-6,3.95,-0.27
2026/07/17,3026,禾伸堂,5~10張,1006,-10,4.3,-0.04
2026/07/17,3026,禾伸堂,600~800張,7,-5,2.92,-2.03
2026/07/17,3026,禾伸堂,800~1000張,12,0,6.55,0.01
2026/07/17,3026,禾伸堂,千張大戶,34,1,43.38,2.1
2026/07/17,3026,禾伸堂,零股散戶,48345,3742,2.38,0.15
2026/07/24,3026,禾伸堂,100~200張,45,-5,3.65,-0.47
2026/07/24,3026,禾伸堂,10~15張,324,14,2.36,0.11
2026/07/24,3026,禾伸堂,15~20張,112,-8,1.2,-0.08
2026/07/24,3026,禾伸堂,1~5張,13651,126,13.65,0.18
2026/07/24,3026,禾伸堂,200~400張,37,-1,5.85,-0.43
2026/07/24,3026,禾伸堂,20~30張,135,4,1.99,0.06
2026/07/24,3026,禾伸堂,30~40張,57,7,1.21,0.14
2026/07/24,3026,禾伸堂,400~600張,21,4,6.1,1.13
2026/07/24,3026,禾伸堂,40~50張,36,-3,0.98,-0.08
2026/07/24,3026,禾伸堂,50~100張,80,-10,3.57,-0.38
2026/07/24,3026,禾伸堂,5~10張,990,-16,4.24,-0.06
2026/07/24,3026,禾伸堂,600~800張,9,2,3.77,0.85
2026/07/24,3026,禾伸堂,800~1000張,11,-1,6.05,-0.5
2026/07/24,3026,禾伸堂,千張大戶,33,-1,42.86,-0.52
2026/07/24,3026,禾伸堂,零股散戶,49178,833,2.43,0.05
2026/07/31,3026,禾伸堂,100~200張,43,-2,3.57,-0.08
2026/07/31,3026,禾伸堂,10~15張,324,0,2.36,0.0
2026/07/31,3026,禾伸堂,15~20張,114,2,1.23,0.03
2026/07/31,3026,禾伸堂,1~5張,13568,-83,13.6,-0.05
2026/07/31,3026,禾伸堂,200~400張,36,-1,5.76,-0.09
2026/07/31,3026,禾伸堂,20~30張,131,-4,1.95,-0.04
2026/07/31,3026,禾伸堂,30~40張,61,4,1.29,0.08
2026/07/31,3026,禾伸堂,400~600張,22,1,6.52,0.42
2026/07/31,3026,禾伸堂,40~50張,40,4,1.09,0.11
2026/07/31,3026,禾伸堂,50~100張,81,1,3.62,0.05
2026/07/31,3026,禾伸堂,5~10張,992,2,4.24,0.0
2026/07/31,3026,禾伸堂,600~800張,11,2,4.73,0.96
2026/07/31,3026,禾伸堂,800~1000張,11,0,5.95,-0.1
2026/07/31,3026,禾伸堂,千張大戶,31,-2,41.55,-1.31
2026/07/31,3026,禾伸堂,零股散戶,49188,10,2.46,0.03
2026/04/24,3036,文曄,100~200張,121,-5,1.35,-0.04
2026/04/24,3036,文曄,10~15張,546,42,0.53,0.05
2026/04/24,3036,文曄,15~20張,291,20,0.41,0.03
2026/04/24,3036,文曄,1~5張,14262,1849,2.07,0.28
2026/04/24,3036,文曄,200~400張,91,-1,2.04,-0.04
2026/04/24,3036,文曄,20~30張,363,12,0.7,0.02
2026/04/24,3036,文曄,30~40張,173,15,0.47,0.04
2026/04/24,3036,文曄,400~600張,45,7,1.71,0.27
2026/04/24,3036,文曄,40~50張,108,3,0.38,0.01
2026/04/24,3036,文曄,50~100張,213,-1,1.17,-0.01
2026/04/24,3036,文曄,5~10張,1676,153,0.97,0.09
2026/04/24,3036,文曄,600~800張,28,-4,1.52,-0.22
2026/04/24,3036,文曄,800~1000張,26,3,1.83,0.21
2026/04/24,3036,文曄,千張大戶,115,-2,84.59,-0.7
2026/04/24,3036,文曄,零股散戶,39522,1287,0.2,0.02
2026/05/08,3036,文曄,100~200張,130,11,1.45,0.12
2026/05/08,3036,文曄,10~15張,559,-10,0.54,-0.01
2026/05/08,3036,文曄,15~20張,322,10,0.45,0.01
2026/05/08,3036,文曄,1~5張,15252,-172,2.2,-0.04
2026/05/08,3036,文曄,200~400張,97,9,2.16,0.19
2026/05/08,3036,文曄,20~30張,371,0,0.72,0.0
2026/05/08,3036,文曄,30~40張,172,-1,0.47,-0.01
2026/05/08,3036,文曄,400~600張,39,1,1.51,0.08
2026/05/08,3036,文曄,40~50張,108,2,0.38,0.01
2026/05/08,3036,文曄,50~100張,218,-2,1.2,0.0
2026/05/08,3036,文曄,5~10張,1758,-18,1.03,0.0
2026/05/08,3036,文曄,600~800張,27,-4,1.47,-0.2
2026/05/08,3036,文曄,800~1000張,26,-2,1.85,-0.14
2026/05/08,3036,文曄,千張大戶,121,5,84.29,0.01
2026/05/08,3036,文曄,零股散戶,40156,-7,0.21,-0.01
2026/05/15,3036,文曄,100~200張,126,-4,1.41,-0.04
2026/05/15,3036,文曄,10~15張,542,-17,0.52,-0.02
2026/05/15,3036,文曄,15~20張,268,-54,0.37,-0.08
2026/05/15,3036,文曄,1~5張,15646,394,2.18,-0.02
2026/05/15,3036,文曄,200~400張,103,6,2.25,0.09
2026/05/15,3036,文曄,20~30張,366,-5,0.7,-0.02
2026/05/15,3036,文曄,30~40張,166,-6,0.46,-0.01
2026/05/15,3036,文曄,400~600張,45,6,1.69,0.18
2026/05/15,3036,文曄,40~50張,102,-6,0.36,-0.02
2026/05/15,3036,文曄,50~100張,215,-3,1.19,-0.01
2026/05/15,3036,文曄,5~10張,1651,-107,0.96,-0.07
2026/05/15,3036,文曄,600~800張,26,-1,1.41,-0.06
2026/05/15,3036,文曄,800~1000張,19,-7,1.34,-0.51
2026/05/15,3036,文曄,千張大戶,131,10,84.86,0.57
2026/05/15,3036,文曄,零股散戶,41710,1554,0.22,0.01
2026/05/22,3036,文曄,100~200張,130,4,1.44,0.03
2026/05/22,3036,文曄,10~15張,537,-5,0.52,0.0
2026/05/22,3036,文曄,15~20張,295,27,0.41,0.04
2026/05/22,3036,文曄,1~5張,16267,621,2.28,0.1
2026/05/22,3036,文曄,200~400張,99,-4,2.18,-0.07
2026/05/22,3036,文曄,20~30張,369,3,0.71,0.01
2026/05/22,3036,文曄,30~40張,176,10,0.48,0.02
2026/05/22,3036,文曄,400~600張,41,-4,1.54,-0.15
2026/05/22,3036,文曄,40~50張,112,10,0.4,0.04
2026/05/22,3036,文曄,50~100張,218,3,1.22,0.03
2026/05/22,3036,文曄,5~10張,1716,65,1.0,0.04
2026/05/22,3036,文曄,600~800張,28,2,1.54,0.13
2026/05/22,3036,文曄,800~1000張,21,2,1.48,0.14
2026/05/22,3036,文曄,千張大戶,131,0,84.51,-0.35
2026/05/22,3036,文曄,零股散戶,41996,286,0.23,0.01
2026/05/29,3036,文曄,100~200張,128,-2,1.4,-0.04
2026/05/29,3036,文曄,10~15張,544,7,0.52,0.0
2026/05/29,3036,文曄,15~20張,293,-2,0.41,0.0
2026/05/29,3036,文曄,1~5張,16463,196,2.31,0.03
2026/05/29,3036,文曄,200~400張,93,-6,2.05,-0.13
2026/05/29,3036,文曄,20~30張,364,-5,0.7,-0.01
2026/05/29,3036,文曄,30~40張,168,-8,0.46,-0.02
2026/05/29,3036,文曄,400~600張,50,9,1.89,0.35
2026/05/29,3036,文曄,40~50張,110,-2,0.39,-0.01
2026/05/29,3036,文曄,50~100張,215,-3,1.19,-0.03
2026/05/29,3036,文曄,5~10張,1742,26,1.01,0.01
2026/05/29,3036,文曄,600~800張,24,-4,1.34,-0.2
2026/05/29,3036,文曄,800~1000張,19,-2,1.33,-0.15
2026/05/29,3036,文曄,千張大戶,132,1,84.7,0.19
2026/05/29,3036,文曄,零股散戶,42001,5,0.23,0.0
2026/06/05,3036,文曄,100~200張,134,6,1.49,0.09
2026/06/05,3036,文曄,10~15張,570,26,0.55,0.03
2026/06/05,3036,文曄,15~20張,316,23,0.44,0.03
2026/06/05,3036,文曄,1~5張,17101,638,2.43,0.12
2026/06/05,3036,文曄,200~400張,91,-2,2.01,-0.04
2026/06/05,3036,文曄,20~30張,370,6,0.72,0.02
2026/06/05,3036,文曄,30~40張,169,1,0.46,0.0
2026/06/05,3036,文曄,400~600張,50,0,1.9,0.01
2026/06/05,3036,文曄,40~50張,110,0,0.39,0.0
2026/06/05,3036,文曄,50~100張,210,-5,1.18,-0.01
2026/06/05,3036,文曄,5~10張,1827,85,1.06,0.05
2026/06/05,3036,文曄,600~800張,23,-1,1.24,-0.1
2026/06/05,3036,文曄,800~1000張,19,0,1.33,0.0
2026/06/05,3036,文曄,千張大戶,126,-6,84.49,-0.21
2026/06/05,3036,文曄,零股散戶,41865,-136,0.23,0.0
2026/06/12,3036,文曄,100~200張,140,6,1.55,0.06
2026/06/12,3036,文曄,10~15張,638,68,0.62,0.07
2026/06/12,3036,文曄,15~20張,332,16,0.47,0.03
2026/06/12,3036,文曄,1~5張,18485,1384,2.68,0.25
2026/06/12,3036,文曄,200~400張,96,5,2.12,0.11
2026/06/12,3036,文曄,20~30張,397,27,0.76,0.04
2026/06/12,3036,文曄,30~40張,184,15,0.5,0.04
2026/06/12,3036,文曄,400~600張,51,1,1.95,0.05
2026/06/12,3036,文曄,40~50張,117,7,0.41,0.02
2026/06/12,3036,文曄,50~100張,234,24,1.31,0.13
2026/06/12,3036,文曄,5~10張,1987,160,1.15,0.09
2026/06/12,3036,文曄,600~800張,24,1,1.32,0.08
2026/06/12,3036,文曄,800~1000張,21,2,1.47,0.14
2026/06/12,3036,文曄,千張大戶,120,-6,83.35,-1.14
2026/06/12,3036,文曄,零股散戶,42844,979,0.25,0.02
2026/06/26,3036,文曄,100~200張,140,-2,1.53,-0.02
2026/06/26,3036,文曄,10~15張,700,48,0.68,0.04
2026/06/26,3036,文曄,15~20張,406,57,0.58,0.09
2026/06/26,3036,文曄,1~5張,21674,1830,3.15,0.26
2026/06/26,3036,文曄,200~400張,100,2,2.21,0.06
2026/06/26,3036,文曄,20~30張,407,4,0.79,0.01
2026/06/26,3036,文曄,30~40張,206,10,0.56,0.03
2026/06/26,3036,文曄,400~600張,56,1,2.18,0.07
2026/06/26,3036,文曄,40~50張,137,10,0.49,0.04
2026/06/26,3036,文曄,50~100張,241,11,1.34,0.06
2026/06/26,3036,文曄,5~10張,2327,149,1.37,0.1
2026/06/26,3036,文曄,600~800張,22,1,1.24,0.09
2026/06/26,3036,文曄,800~1000張,22,0,1.55,-0.03
2026/06/26,3036,文曄,千張大戶,125,5,81.97,-0.81
2026/06/26,3036,文曄,零股散戶,45047,1171,0.3,0.03
2026/07/03,3036,文曄,100~200張,144,4,1.58,0.05
2026/07/03,3036,文曄,10~15張,735,35,0.72,0.04
2026/07/03,3036,文曄,15~20張,434,28,0.61,0.03
2026/07/03,3036,文曄,1~5張,22698,1024,3.31,0.16
2026/07/03,3036,文曄,200~400張,104,4,2.27,0.06
2026/07/03,3036,文曄,20~30張,431,24,0.83,0.04
2026/07/03,3036,文曄,30~40張,220,14,0.6,0.04
2026/07/03,3036,文曄,400~600張,59,3,2.28,0.1
2026/07/03,3036,文曄,40~50張,130,-7,0.46,-0.03
2026/07/03,3036,文曄,50~100張,257,16,1.42,0.08
2026/07/03,3036,文曄,5~10張,2440,113,1.44,0.07
2026/07/03,3036,文曄,600~800張,21,-1,1.15,-0.09
2026/07/03,3036,文曄,800~1000張,19,-3,1.35,-0.2
2026/07/03,3036,文曄,千張大戶,131,6,81.58,-0.39
2026/07/03,3036,文曄,零股散戶,45534,487,0.31,0.01
2026/07/17,3036,文曄,100~200張,153,3,1.67,0.04
2026/07/17,3036,文曄,10~15張,819,37,0.8,0.03
2026/07/17,3036,文曄,15~20張,454,18,0.64,0.03
2026/07/17,3036,文曄,1~5張,24472,380,3.59,0.09
2026/07/17,3036,文曄,200~400張,113,8,2.48,0.19
2026/07/17,3036,文曄,20~30張,461,23,0.89,0.04
2026/07/17,3036,文曄,30~40張,232,2,0.63,0.0
2026/07/17,3036,文曄,400~600張,47,-9,1.82,-0.36
2026/07/17,3036,文曄,40~50張,149,17,0.53,0.06
2026/07/17,3036,文曄,50~100張,272,4,1.52,0.04
2026/07/17,3036,文曄,5~10張,2674,129,1.57,0.07
2026/07/17,3036,文曄,600~800張,26,0,1.41,0.0
2026/07/17,3036,文曄,800~1000張,20,2,1.43,0.15
2026/07/17,3036,文曄,千張大戶,130,2,80.61,-0.39
2026/07/17,3036,文曄,零股散戶,46589,181,0.33,0.0
2026/07/24,3036,文曄,100~200張,149,-4,1.64,-0.03
2026/07/24,3036,文曄,10~15張,817,-2,0.8,0.0
2026/07/24,3036,文曄,15~20張,452,-2,0.64,0.0
2026/07/24,3036,文曄,1~5張,24048,-424,3.54,-0.05
2026/07/24,3036,文曄,200~400張,113,0,2.46,-0.02
2026/07/24,3036,文曄,20~30張,457,-4,0.88,-0.01
2026/07/24,3036,文曄,30~40張,230,-2,0.63,0.0
2026/07/24,3036,文曄,400~600張,48,1,1.83,0.01
2026/07/24,3036,文曄,40~50張,145,-4,0.51,-0.02
2026/07/24,3036,文曄,50~100張,274,2,1.54,0.02
2026/07/24,3036,文曄,5~10張,2676,2,1.58,0.01
2026/07/24,3036,文曄,600~800張,30,4,1.63,0.22
2026/07/24,3036,文曄,800~1000張,18,-2,1.29,-0.14
2026/07/24,3036,文曄,千張大戶,127,-3,80.61,0.0
2026/07/24,3036,文曄,零股散戶,46432,-157,0.33,0.0
2026/07/31,3036,文曄,100~200張,148,-1,1.63,-0.01
2026/07/31,3036,文曄,10~15張,835,18,0.82,0.02
2026/07/31,3036,文曄,15~20張,464,12,0.65,0.01
2026/07/31,3036,文曄,1~5張,24119,71,3.56,0.02
2026/07/31,3036,文曄,200~400張,115,2,2.49,0.03
2026/07/31,3036,文曄,20~30張,467,10,0.9,0.02
2026/07/31,3036,文曄,30~40張,226,-4,0.62,-0.01
2026/07/31,3036,文曄,400~600張,41,-7,1.56,-0.27
2026/07/31,3036,文曄,40~50張,140,-5,0.49,-0.02
2026/07/31,3036,文曄,50~100張,289,15,1.62,0.08
2026/07/31,3036,文曄,5~10張,2704,28,1.59,0.01
2026/07/31,3036,文曄,600~800張,31,1,1.68,0.05
2026/07/31,3036,文曄,800~1000張,20,2,1.41,0.12
2026/07/31,3036,文曄,千張大戶,132,5,80.56,-0.05
2026/07/31,3036,文曄,零股散戶,46308,-124,0.33,0.0
2026/04/24,3037,欣興,100~200張,305,1,2.72,0.01
2026/04/24,3037,欣興,10~15張,1553,1,1.15,0.01
2026/04/24,3037,欣興,15~20張,669,2,0.73,0.0
2026/04/24,3037,欣興,1~5張,61470,-603,6.35,-0.05
2026/04/24,3037,欣興,200~400張,220,2,3.95,0.04
2026/04/24,3037,欣興,20~30張,678,6,1.03,0.01
2026/04/24,3037,欣興,30~40張,318,0,0.68,0.0
2026/04/24,3037,欣興,400~600張,76,-2,2.34,-0.1
2026/04/24,3037,欣興,40~50張,204,-2,0.57,-0.01
2026/04/24,3037,欣興,50~100張,459,-8,2.01,-0.03
2026/04/24,3037,欣興,5~10張,4943,-37,2.16,-0.02
2026/04/24,3037,欣興,600~800張,52,3,2.28,0.13
2026/04/24,3037,欣興,800~1000張,43,-4,2.4,-0.23
2026/04/24,3037,欣興,千張大戶,196,1,70.59,0.2
2026/04/24,3037,欣興,零股散戶,143357,1792,0.95,0.02
2026/05/08,3037,欣興,100~200張,307,-8,2.73,-0.06
2026/05/08,3037,欣興,10~15張,1594,2,1.18,0.0
2026/05/08,3037,欣興,15~20張,697,19,0.76,0.02
2026/05/08,3037,欣興,1~5張,71638,5066,7.31,0.49
2026/05/08,3037,欣興,200~400張,219,2,3.9,0.05
2026/05/08,3037,欣興,20~30張,713,22,1.08,0.03
2026/05/08,3037,欣興,30~40張,330,3,0.71,0.01
2026/05/08,3037,欣興,400~600張,84,6,2.6,0.2
2026/05/08,3037,欣興,40~50張,214,4,0.6,0.01
2026/05/08,3037,欣興,50~100張,472,8,2.07,0.05
2026/05/08,3037,欣興,5~10張,5203,139,2.28,0.06
2026/05/08,3037,欣興,600~800張,43,-5,1.86,-0.19
2026/05/08,3037,欣興,800~1000張,46,1,2.59,0.08
2026/05/08,3037,欣興,千張大戶,196,-3,68.92,-1.01
2026/05/08,3037,欣興,零股散戶,206397,43619,1.34,0.27
2026/05/15,3037,欣興,100~200張,304,-3,2.69,-0.04
2026/05/15,3037,欣興,10~15張,1596,2,1.18,0.0
2026/05/15,3037,欣興,15~20張,699,2,0.76,0.0
2026/05/15,3037,欣興,1~5張,72475,837,7.38,0.07
2026/05/15,3037,欣興,200~400張,223,4,3.94,0.04
2026/05/15,3037,欣興,20~30張,674,-39,1.02,-0.06
2026/05/15,3037,欣興,30~40張,337,7,0.72,0.01
2026/05/15,3037,欣興,400~600張,86,2,2.63,0.03
2026/05/15,3037,欣興,40~50張,214,0,0.6,0.0
2026/05/15,3037,欣興,50~100張,467,-5,2.03,-0.04
2026/05/15,3037,欣興,5~10張,5223,20,2.29,0.01
2026/05/15,3037,欣興,600~800張,43,0,1.85,-0.01
2026/05/15,3037,欣興,800~1000張,46,0,2.59,0.0
2026/05/15,3037,欣興,千張大戶,192,-4,68.78,-0.14
2026/05/15,3037,欣興,零股散戶,219422,13025,1.45,0.11
2026/05/22,3037,欣興,100~200張,302,-2,2.67,-0.02
2026/05/22,3037,欣興,10~15張,1575,-21,1.17,-0.01
2026/05/22,3037,欣興,15~20張,707,8,0.77,0.01
2026/05/22,3037,欣興,1~5張,70912,-1563,7.25,-0.13
2026/05/22,3037,欣興,200~400張,220,-3,3.89,-0.05
2026/05/22,3037,欣興,20~30張,676,2,1.02,0.0
2026/05/22,3037,欣興,30~40張,335,-2,0.72,0.0
2026/05/22,3037,欣興,400~600張,90,4,2.76,0.13
2026/05/22,3037,欣興,40~50張,217,3,0.61,0.01
2026/05/22,3037,欣興,50~100張,475,8,2.08,0.05
2026/05/22,3037,欣興,5~10張,5140,-83,2.25,-0.04
2026/05/22,3037,欣興,600~800張,46,3,2.01,0.16
2026/05/22,3037,欣興,800~1000張,46,0,2.63,0.04
2026/05/22,3037,欣興,千張大戶,189,-3,68.6,-0.18
2026/05/22,3037,欣興,零股散戶,221714,2292,1.49,0.04
2026/05/29,3037,欣興,100~200張,296,-6,2.61,-0.06
2026/05/29,3037,欣興,10~15張,1496,-79,1.1,-0.07
2026/05/29,3037,欣興,15~20張,679,-28,0.74,-0.03
2026/05/29,3037,欣興,1~5張,67075,-3837,6.82,-0.43
2026/05/29,3037,欣興,200~400張,228,8,3.99,0.1
2026/05/29,3037,欣興,20~30張,658,-18,0.99,-0.03
2026/05/29,3037,欣興,30~40張,330,-5,0.71,-0.01
2026/05/29,3037,欣興,400~600張,96,6,2.94,0.18
2026/05/29,3037,欣興,40~50張,211,-6,0.59,-0.02
2026/05/29,3037,欣興,50~100張,469,-6,2.05,-0.03
2026/05/29,3037,欣興,5~10張,4924,-216,2.15,-0.1
2026/05/29,3037,欣興,600~800張,45,-1,1.97,-0.04
2026/05/29,3037,欣興,800~1000張,47,1,2.67,0.04
2026/05/29,3037,欣興,千張大戶,191,2,69.21,0.61
2026/05/29,3037,欣興,零股散戶,218068,-3646,1.38,-0.11
2026/06/05,3037,欣興,100~200張,304,8,2.66,0.05
2026/06/05,3037,欣興,10~15張,1508,12,1.11,0.01
2026/06/05,3037,欣興,15~20張,689,10,0.75,0.01
2026/06/05,3037,欣興,1~5張,70873,3798,7.21,0.39
2026/06/05,3037,欣興,200~400張,242,14,4.25,0.26
2026/06/05,3037,欣興,20~30張,674,16,1.02,0.03
2026/06/05,3037,欣興,30~40張,337,7,0.73,0.02
2026/06/05,3037,欣興,400~600張,92,-4,2.83,-0.11
2026/06/05,3037,欣興,40~50張,209,-2,0.59,0.0
2026/06/05,3037,欣興,50~100張,489,20,2.13,0.08
2026/06/05,3037,欣興,5~10張,5057,133,2.22,0.07
2026/06/05,3037,欣興,600~800張,45,0,1.99,0.02
2026/06/05,3037,欣興,800~1000張,43,-4,2.42,-0.25
2026/06/05,3037,欣興,千張大戶,191,0,68.44,-0.77
2026/06/05,3037,欣興,零股散戶,246186,28118,1.56,0.18
2026/06/12,3037,欣興,100~200張,304,0,2.66,0.0
2026/06/12,3037,欣興,10~15張,1527,19,1.13,0.02
2026/06/12,3037,欣興,15~20張,710,21,0.78,0.03
2026/06/12,3037,欣興,1~5張,73227,2354,7.51,0.3
2026/06/12,3037,欣興,200~400張,233,-9,4.11,-0.14
2026/06/12,3037,欣興,20~30張,670,-4,1.02,0.0
2026/06/12,3037,欣興,30~40張,328,-9,0.71,-0.02
2026/06/12,3037,欣興,400~600張,91,-1,2.8,-0.03
2026/06/12,3037,欣興,40~50張,213,4,0.6,0.01
2026/06/12,3037,欣興,50~100張,480,-9,2.09,-0.04
2026/06/12,3037,欣興,5~10張,5155,98,2.26,0.04
2026/06/12,3037,欣興,600~800張,51,6,2.25,0.26
2026/06/12,3037,欣興,800~1000張,37,-6,2.1,-0.32
2026/06/12,3037,欣興,千張大戶,193,2,68.15,-0.29
2026/06/12,3037,欣興,零股散戶,263752,17566,1.75,0.19
2026/06/26,3037,欣興,100~200張,320,10,2.81,0.08
2026/06/26,3037,欣興,10~15張,1504,-24,1.11,-0.02
2026/06/26,3037,欣興,15~20張,693,9,0.76,0.01
2026/06/26,3037,欣興,1~5張,68171,-2433,6.95,-0.27
2026/06/26,3037,欣興,200~400張,226,-6,4.02,-0.06
2026/06/26,3037,欣興,20~30張,663,-8,1.01,-0.01
2026/06/26,3037,欣興,30~40張,340,16,0.73,0.03
2026/06/26,3037,欣興,400~600張,102,2,3.12,0.06
2026/06/26,3037,欣興,40~50張,208,-14,0.59,-0.03
2026/06/26,3037,欣興,50~100張,484,3,2.11,0.01
2026/06/26,3037,欣興,5~10張,4905,-124,2.15,-0.06
2026/06/26,3037,欣興,600~800張,47,-5,2.03,-0.29
2026/06/26,3037,欣興,800~1000張,44,7,2.48,0.39
2026/06/26,3037,欣興,千張大戶,189,-4,68.45,0.2
2026/06/26,3037,欣興,零股散戶,244882,-8103,1.59,-0.07
2026/07/03,3037,欣興,100~200張,315,-5,2.78,-0.03
2026/07/03,3037,欣興,10~15張,1518,14,1.13,0.02
2026/07/03,3037,欣興,15~20張,700,7,0.77,0.01
2026/07/03,3037,欣興,1~5張,72815,4644,7.35,0.4
2026/07/03,3037,欣興,200~400張,222,-4,3.92,-0.1
2026/07/03,3037,欣興,20~30張,674,11,1.02,0.01
2026/07/03,3037,欣興,30~40張,342,2,0.74,0.01
2026/07/03,3037,欣興,400~600張,102,0,3.13,0.01
2026/07/03,3037,欣興,40~50張,220,12,0.62,0.03
2026/07/03,3037,欣興,50~100張,488,4,2.13,0.02
2026/07/03,3037,欣興,5~10張,5024,119,2.21,0.06
2026/07/03,3037,欣興,600~800張,52,5,2.26,0.23
2026/07/03,3037,欣興,800~1000張,37,-7,2.11,-0.37
2026/07/03,3037,欣興,千張大戶,184,-5,68.11,-0.34
2026/07/03,3037,欣興,零股散戶,259174,14292,1.63,0.04
2026/07/17,3037,欣興,100~200張,314,-1,2.68,-0.09
2026/07/17,3037,欣興,10~15張,1603,17,1.16,-0.02
2026/07/17,3037,欣興,15~20張,722,15,0.77,-0.01
2026/07/17,3037,欣興,1~5張,79778,1317,7.94,-0.11
2026/07/17,3037,欣興,200~400張,225,4,3.84,-0.05
2026/07/17,3037,欣興,20~30張,686,5,1.01,-0.02
2026/07/17,3037,欣興,30~40張,365,8,0.77,0.0
2026/07/17,3037,欣興,400~600張,98,0,2.92,-0.05
2026/07/17,3037,欣興,40~50張,224,1,0.61,-0.02
2026/07/17,3037,欣興,50~100張,513,14,2.16,0.0
2026/07/17,3037,欣興,5~10張,5419,111,2.31,-0.03
2026/07/17,3037,欣興,600~800張,50,3,2.09,0.07
2026/07/17,3037,欣興,800~1000張,40,0,2.2,-0.07
2026/07/17,3037,欣興,千張大戶,185,2,67.5,0.42
2026/07/17,3037,欣興,零股散戶,298027,4806,1.96,-0.01
2026/07/24,3037,欣興,100~200張,316,2,2.68,0.0
2026/07/24,3037,欣興,10~15張,1598,-5,1.16,0.0
2026/07/24,3037,欣興,15~20張,720,-2,0.77,0.0
2026/07/24,3037,欣興,1~5張,79027,-751,7.9,-0.04
2026/07/24,3037,欣興,200~400張,227,2,3.81,-0.03
2026/07/24,3037,欣興,20~30張,717,31,1.05,0.04
2026/07/24,3037,欣興,30~40張,360,-5,0.76,-0.01
2026/07/24,3037,欣興,400~600張,107,9,3.2,0.28
2026/07/24,3037,欣興,40~50張,208,-16,0.57,-0.04
2026/07/24,3037,欣興,50~100張,498,-15,2.1,-0.06
2026/07/24,3037,欣興,5~10張,5415,-4,2.31,0.0
2026/07/24,3037,欣興,600~800張,45,-5,1.89,-0.2
2026/07/24,3037,欣興,800~1000張,44,4,2.42,0.22
2026/07/24,3037,欣興,千張大戶,187,2,67.3,-0.2
2026/07/24,3037,欣興,零股散戶,296954,-1073,2.01,0.05
2026/07/31,3037,欣興,100~200張,318,2,2.69,0.01
2026/07/31,3037,欣興,10~15張,1638,40,1.19,0.03
2026/07/31,3037,欣興,15~20張,740,20,0.79,0.02
2026/07/31,3037,欣興,1~5張,80342,1315,8.09,0.19
2026/07/31,3037,欣興,200~400張,234,7,3.99,0.18
2026/07/31,3037,欣興,20~30張,719,2,1.06,0.01
2026/07/31,3037,欣興,30~40張,366,6,0.77,0.01
2026/07/31,3037,欣興,400~600張,96,-11,2.87,-0.33
2026/07/31,3037,欣興,40~50張,215,7,0.59,0.02
2026/07/31,3037,欣興,50~100張,505,7,2.14,0.04
2026/07/31,3037,欣興,5~10張,5568,153,2.38,0.07
2026/07/31,3037,欣興,600~800張,51,6,2.14,0.25
2026/07/31,3037,欣興,800~1000張,41,-3,2.25,-0.17
2026/07/31,3037,欣興,千張大戶,186,-1,66.89,-0.41
2026/07/31,3037,欣興,零股散戶,303080,6126,2.09,0.08
2026/04/24,3042,晶技,100~200張,64,3,2.75,0.16
2026/04/24,3042,晶技,10~15張,540,-5,2.01,-0.01
2026/04/24,3042,晶技,15~20張,305,-32,1.63,-0.17
2026/04/24,3042,晶技,1~5張,19587,-118,10.36,-0.2
2026/04/24,3042,晶技,200~400張,50,-4,4.01,-0.42
2026/04/24,3042,晶技,20~30張,245,5,1.83,0.04
2026/04/24,3042,晶技,30~40張,116,-2,1.19,-0.03
2026/04/24,3042,晶技,400~600張,24,-4,3.4,-0.64
2026/04/24,3042,晶技,40~50張,81,6,1.09,0.07
2026/04/24,3042,晶技,50~100張,131,-5,2.72,-0.11
2026/04/24,3042,晶技,5~10張,1802,-54,4.08,-0.13
2026/04/24,3042,晶技,600~800張,11,1,2.22,0.2
2026/04/24,3042,晶技,800~1000張,6,0,1.61,-0.02
2026/04/24,3042,晶技,千張大戶,60,2,60.49,1.19
2026/04/24,3042,晶技,零股散戶,38085,1132,0.54,0.06
2026/05/08,3042,晶技,100~200張,57,-3,2.41,-0.17
2026/05/08,3042,晶技,10~15張,538,5,1.98,0.0
2026/05/08,3042,晶技,15~20張,311,3,1.66,0.02
2026/05/08,3042,晶技,1~5張,21203,1771,11.11,0.8
2026/05/08,3042,晶技,200~400張,57,4,4.59,0.31
2026/05/08,3042,晶技,20~30張,240,6,1.81,0.06
2026/05/08,3042,晶技,30~40張,117,0,1.2,0.0
2026/05/08,3042,晶技,400~600張,21,-1,2.96,-0.14
2026/05/08,3042,晶技,40~50張,87,3,1.18,0.05
2026/05/08,3042,晶技,50~100張,134,0,2.74,-0.05
2026/05/08,3042,晶技,5~10張,1887,83,4.27,0.19
2026/05/08,3042,晶技,600~800張,11,0,2.25,0.02
2026/05/08,3042,晶技,800~1000張,7,0,1.93,0.07
2026/05/08,3042,晶技,千張大戶,58,-2,59.22,-1.24
2026/05/08,3042,晶技,零股散戶,39259,1184,0.61,0.07
2026/05/15,3042,晶技,100~200張,56,-1,2.39,-0.02
2026/05/15,3042,晶技,10~15張,521,-17,1.93,-0.05
2026/05/15,3042,晶技,15~20張,322,11,1.72,0.06
2026/05/15,3042,晶技,1~5張,22476,1273,11.8,0.69
2026/05/15,3042,晶技,200~400張,50,-7,3.96,-0.63
2026/05/15,3042,晶技,20~30張,239,-1,1.79,-0.02
2026/05/15,3042,晶技,30~40張,110,-7,1.13,-0.07
2026/05/15,3042,晶技,400~600張,22,1,3.09,0.13
2026/05/15,3042,晶技,40~50張,87,0,1.17,-0.01
2026/05/15,3042,晶技,50~100張,144,10,3.0,0.26
2026/05/15,3042,晶技,5~10張,1925,38,4.34,0.07
2026/05/15,3042,晶技,600~800張,11,0,2.18,-0.07
2026/05/15,3042,晶技,800~1000張,9,2,2.37,0.44
2026/05/15,3042,晶技,千張大戶,57,-1,58.42,-0.8
2026/05/15,3042,晶技,零股散戶,39717,458,0.65,0.04
2026/05/22,3042,晶技,100~200張,58,2,2.44,0.05
2026/05/22,3042,晶技,10~15張,527,6,1.94,0.01
2026/05/22,3042,晶技,15~20張,324,2,1.73,0.01
2026/05/22,3042,晶技,1~5張,22268,-208,11.62,-0.18
2026/05/22,3042,晶技,200~400張,54,4,4.37,0.41
2026/05/22,3042,晶技,20~30張,235,-4,1.76,-0.03
2026/05/22,3042,晶技,30~40張,112,2,1.15,0.02
2026/05/22,3042,晶技,400~600張,24,2,3.37,0.28
2026/05/22,3042,晶技,40~50張,86,-1,1.17,0.0
2026/05/22,3042,晶技,50~100張,143,-1,3.0,0.0
2026/05/22,3042,晶技,5~10張,1883,-42,4.26,-0.08
2026/05/22,3042,晶技,600~800張,12,1,2.36,0.18
2026/05/22,3042,晶技,800~1000張,8,-1,2.14,-0.23
2026/05/22,3042,晶技,千張大戶,56,-1,57.95,-0.47
2026/05/22,3042,晶技,零股散戶,39765,48,0.65,0.0
2026/05/29,3042,晶技,100~200張,64,6,2.71,0.27
2026/05/29,3042,晶技,10~15張,470,-57,1.74,-0.2
2026/05/29,3042,晶技,15~20張,292,-32,1.56,-0.17
2026/05/29,3042,晶技,1~5張,20480,-1788,10.5,-1.12
2026/05/29,3042,晶技,200~400張,51,-3,4.03,-0.34
2026/05/29,3042,晶技,20~30張,214,-21,1.58,-0.18
2026/05/29,3042,晶技,30~40張,109,-3,1.13,-0.02
2026/05/29,3042,晶技,400~600張,27,3,3.72,0.35
2026/05/29,3042,晶技,40~50張,72,-14,0.98,-0.19
2026/05/29,3042,晶技,50~100張,137,-6,2.86,-0.14
2026/05/29,3042,晶技,5~10張,1678,-205,3.8,-0.46
2026/05/29,3042,晶技,600~800張,12,0,2.4,0.04
2026/05/29,3042,晶技,800~1000張,9,1,2.38,0.24
2026/05/29,3042,晶技,千張大戶,57,1,59.86,1.91
2026/05/29,3042,晶技,零股散戶,40825,1060,0.67,0.02
2026/06/05,3042,晶技,100~200張,66,2,2.75,0.04
2026/06/05,3042,晶技,10~15張,514,44,1.9,0.16
2026/06/05,3042,晶技,15~20張,333,41,1.78,0.22
2026/06/05,3042,晶技,1~5張,25304,4824,12.72,2.22
2026/06/05,3042,晶技,200~400張,54,3,4.3,0.27
2026/06/05,3042,晶技,20~30張,222,8,1.65,0.07
2026/06/05,3042,晶技,30~40張,117,8,1.21,0.08
2026/06/05,3042,晶技,400~600張,24,-3,3.31,-0.41
2026/06/05,3042,晶技,40~50張,76,4,1.04,0.06
2026/06/05,3042,晶技,50~100張,144,7,2.98,0.12
2026/06/05,3042,晶技,5~10張,1848,170,4.21,0.41
2026/06/05,3042,晶技,600~800張,10,-2,2.02,-0.38
2026/06/05,3042,晶技,800~1000張,9,0,2.45,0.07
2026/06/05,3042,晶技,千張大戶,53,-4,56.73,-3.13
2026/06/05,3042,晶技,零股散戶,44778,3953,0.87,0.2
2026/06/12,3042,晶技,100~200張,68,2,2.79,0.04
2026/06/12,3042,晶技,10~15張,468,-46,1.73,-0.17
2026/06/12,3042,晶技,15~20張,294,-39,1.57,-0.21
2026/06/12,3042,晶技,1~5張,22349,-2955,11.21,-1.51
2026/06/12,3042,晶技,200~400張,62,8,4.96,0.66
2026/06/12,3042,晶技,20~30張,206,-16,1.53,-0.12
2026/06/12,3042,晶技,30~40張,103,-14,1.06,-0.15
2026/06/12,3042,晶技,400~600張,22,-2,3.08,-0.23
2026/06/12,3042,晶技,40~50張,64,-12,0.86,-0.18
2026/06/12,3042,晶技,50~100張,139,-5,2.87,-0.11
2026/06/12,3042,晶技,5~10張,1685,-163,3.84,-0.37
2026/06/12,3042,晶技,600~800張,10,0,2.01,-0.01
2026/06/12,3042,晶技,800~1000張,8,-1,2.22,-0.23
2026/06/12,3042,晶技,千張大戶,55,2,59.33,2.6
2026/06/12,3042,晶技,零股散戶,45195,417,0.85,-0.02
2026/06/26,3042,晶技,100~200張,63,-10,2.63,-0.38
2026/06/26,3042,晶技,10~15張,646,104,2.39,0.38
2026/06/26,3042,晶技,15~20張,375,51,2.01,0.27
2026/06/26,3042,晶技,1~5張,35409,7027,18.07,4.06
2026/06/26,3042,晶技,200~400張,66,5,5.19,0.39
2026/06/26,3042,晶技,20~30張,263,45,1.98,0.35
2026/06/26,3042,晶技,30~40張,112,10,1.16,0.11
2026/06/26,3042,晶技,400~600張,25,4,3.64,0.6
2026/06/26,3042,晶技,40~50張,74,7,1.0,0.09
2026/06/26,3042,晶技,50~100張,154,10,3.18,0.16
2026/06/26,3042,晶技,5~10張,2376,443,5.35,0.94
2026/06/26,3042,晶技,600~800張,13,-1,2.6,-0.33
2026/06/26,3042,晶技,800~1000張,7,1,1.86,0.27
2026/06/26,3042,晶技,千張大戶,50,-4,47.41,-7.29
2026/06/26,3042,晶技,零股散戶,54103,4405,1.46,0.37
2026/07/03,3042,晶技,100~200張,74,11,3.1,0.47
2026/07/03,3042,晶技,10~15張,549,-97,2.03,-0.36
2026/07/03,3042,晶技,15~20張,335,-40,1.8,-0.21
2026/07/03,3042,晶技,1~5張,30341,-5068,15.14,-2.93
2026/07/03,3042,晶技,200~400張,66,0,5.19,0.0
2026/07/03,3042,晶技,20~30張,230,-33,1.73,-0.25
2026/07/03,3042,晶技,30~40張,108,-4,1.12,-0.04
2026/07/03,3042,晶技,400~600張,30,5,4.37,0.73
2026/07/03,3042,晶技,40~50張,76,2,1.03,0.03
2026/07/03,3042,晶技,50~100張,150,-4,3.06,-0.12
2026/07/03,3042,晶技,5~10張,2006,-370,4.55,-0.8
2026/07/03,3042,晶技,600~800張,9,-4,1.83,-0.77
2026/07/03,3042,晶技,800~1000張,7,0,1.93,0.07
2026/07/03,3042,晶技,千張大戶,55,5,51.74,4.33
2026/07/03,3042,晶技,零股散戶,52468,-1635,1.32,-0.14
2026/07/17,3042,晶技,100~200張,76,-3,3.24,-0.09
2026/07/17,3042,晶技,10~15張,608,45,2.25,0.17
2026/07/17,3042,晶技,15~20張,368,7,1.99,0.04
2026/07/17,3042,晶技,1~5張,36748,2341,18.42,1.34
2026/07/17,3042,晶技,200~400張,63,-1,5.0,0.03
2026/07/17,3042,晶技,20~30張,256,20,1.91,0.16
2026/07/17,3042,晶技,30~40張,118,1,1.21,0.0
2026/07/17,3042,晶技,400~600張,24,-4,3.48,-0.49
2026/07/17,3042,晶技,40~50張,76,1,1.03,0.02
2026/07/17,3042,晶技,50~100張,145,-2,3.01,-0.06
2026/07/17,3042,晶技,5~10張,2298,134,5.16,0.28
2026/07/17,3042,晶技,600~800張,19,4,3.78,0.73
2026/07/17,3042,晶技,800~1000張,7,1,1.93,0.29
2026/07/17,3042,晶技,千張大戶,46,-2,46.08,-2.53
2026/07/17,3042,晶技,零股散戶,55314,1218,1.45,0.11
2026/07/24,3042,晶技,100~200張,75,-1,3.09,-0.15
2026/07/24,3042,晶技,10~15張,598,-10,2.22,-0.03
2026/07/24,3042,晶技,15~20張,357,-11,1.92,-0.07
2026/07/24,3042,晶技,1~5張,36120,-628,18.37,-0.05
2026/07/24,3042,晶技,200~400張,65,2,5.18,0.18
2026/07/24,3042,晶技,20~30張,246,-10,1.84,-0.07
2026/07/24,3042,晶技,30~40張,124,6,1.29,0.08
2026/07/24,3042,晶技,400~600張,26,2,3.8,0.32
2026/07/24,3042,晶技,40~50張,79,3,1.06,0.03
2026/07/24,3042,晶技,50~100張,146,1,3.01,0.0
2026/07/24,3042,晶技,5~10張,2354,56,5.29,0.13
2026/07/24,3042,晶技,600~800張,13,-6,2.58,-1.2
2026/07/24,3042,晶技,800~1000張,10,3,2.63,0.7
2026/07/24,3042,晶技,千張大戶,46,0,46.2,0.12
2026/07/24,3042,晶技,零股散戶,54640,-674,1.45,0.0
2026/07/31,3042,晶技,100~200張,70,-5,2.85,-0.24
2026/07/31,3042,晶技,10~15張,597,-1,2.21,-0.01
2026/07/31,3042,晶技,15~20張,372,15,2.0,0.08
2026/07/31,3042,晶技,1~5張,35363,-757,18.09,-0.28
2026/07/31,3042,晶技,200~400張,67,2,5.31,0.13
2026/07/31,3042,晶技,20~30張,245,-1,1.84,0.0
2026/07/31,3042,晶技,30~40張,113,-11,1.17,-0.12
2026/07/31,3042,晶技,400~600張,26,0,3.6,-0.2
2026/07/31,3042,晶技,40~50張,88,9,1.19,0.13
2026/07/31,3042,晶技,50~100張,145,-1,2.98,-0.03
2026/07/31,3042,晶技,5~10張,2368,14,5.31,0.02
2026/07/31,3042,晶技,600~800張,12,-1,2.35,-0.23
2026/07/31,3042,晶技,800~1000張,12,2,3.2,0.57
2026/07/31,3042,晶技,千張大戶,44,-2,46.39,0.19
2026/07/31,3042,晶技,零股散戶,54020,-620,1.43,-0.02
2026/04/24,3044,健鼎,100~200張,128,0,3.45,-0.03
2026/04/24,3044,健鼎,10~15張,225,-5,0.54,-0.01
2026/04/24,3044,健鼎,15~20張,158,1,0.55,0.0
2026/04/24,3044,健鼎,1~5張,11473,-811,3.64,-0.29
2026/04/24,3044,健鼎,200~400張,86,-1,4.71,-0.01
2026/04/24,3044,健鼎,20~30張,126,-7,0.6,-0.03
2026/04/24,3044,健鼎,30~40張,72,-8,0.48,-0.05
2026/04/24,3044,健鼎,400~600張,46,-3,4.37,-0.26
2026/04/24,3044,健鼎,40~50張,68,7,0.6,0.07
2026/04/24,3044,健鼎,50~100張,151,-8,2.11,-0.11
2026/04/24,3044,健鼎,5~10張,825,-68,1.2,-0.11
2026/04/24,3044,健鼎,600~800張,22,-4,2.87,-0.54
2026/04/24,3044,健鼎,800~1000張,15,5,2.6,0.81
2026/04/24,3044,健鼎,千張大戶,96,5,71.92,0.58
2026/04/24,3044,健鼎,零股散戶,10405,-304,0.29,-0.01
2026/05/08,3044,健鼎,100~200張,130,-2,3.51,-0.03
2026/05/08,3044,健鼎,10~15張,225,-9,0.54,-0.03
2026/05/08,3044,健鼎,15~20張,144,-10,0.5,-0.03
2026/05/08,3044,健鼎,1~5張,11467,-500,3.63,-0.16
2026/05/08,3044,健鼎,200~400張,86,-4,4.69,-0.25
2026/05/08,3044,健鼎,20~30張,129,8,0.62,0.04
2026/05/08,3044,健鼎,30~40張,75,-1,0.5,0.0
2026/05/08,3044,健鼎,400~600張,49,6,4.68,0.55
2026/05/08,3044,健鼎,40~50張,70,2,0.61,0.02
2026/05/08,3044,健鼎,50~100張,160,6,2.27,0.1
2026/05/08,3044,健鼎,5~10張,801,-46,1.17,-0.06
2026/05/08,3044,健鼎,600~800張,26,2,3.42,0.27
2026/05/08,3044,健鼎,800~1000張,10,-2,1.77,-0.33
2026/05/08,3044,健鼎,千張大戶,97,0,71.73,-0.07
2026/05/08,3044,健鼎,零股散戶,10836,-255,0.29,-0.01
2026/05/15,3044,健鼎,100~200張,133,3,3.59,0.08
2026/05/15,3044,健鼎,10~15張,223,-2,0.54,0.0
2026/05/15,3044,健鼎,15~20張,147,3,0.51,0.01
2026/05/15,3044,健鼎,1~5張,11507,40,3.62,-0.01
2026/05/15,3044,健鼎,200~400張,89,3,4.87,0.18
2026/05/15,3044,健鼎,20~30張,118,-11,0.56,-0.06
2026/05/15,3044,健鼎,30~40張,80,5,0.53,0.03
2026/05/15,3044,健鼎,400~600張,51,2,4.84,0.16
2026/05/15,3044,健鼎,40~50張,66,-4,0.58,-0.03
2026/05/15,3044,健鼎,50~100張,158,-2,2.23,-0.04
2026/05/15,3044,健鼎,5~10張,767,-34,1.12,-0.05
2026/05/15,3044,健鼎,600~800張,25,-1,3.26,-0.16
2026/05/15,3044,健鼎,800~1000張,12,2,2.11,0.34
2026/05/15,3044,健鼎,千張大戶,99,2,71.27,-0.46
2026/05/15,3044,健鼎,零股散戶,11654,818,0.3,0.01
2026/05/22,3044,健鼎,100~200張,133,0,3.59,0.0
2026/05/22,3044,健鼎,10~15張,222,-1,0.53,-0.01
2026/05/22,3044,健鼎,15~20張,152,5,0.53,0.02
2026/05/22,3044,健鼎,1~5張,12307,800,3.92,0.3
2026/05/22,3044,健鼎,200~400張,89,0,4.85,-0.02
2026/05/22,3044,健鼎,20~30張,119,1,0.57,0.01
2026/05/22,3044,健鼎,30~40張,80,0,0.53,0.0
2026/05/22,3044,健鼎,400~600張,46,-5,4.39,-0.45
2026/05/22,3044,健鼎,40~50張,69,3,0.6,0.02
2026/05/22,3044,健鼎,50~100張,161,3,2.26,0.03
2026/05/22,3044,健鼎,5~10張,833,66,1.21,0.09
2026/05/22,3044,健鼎,600~800張,25,0,3.26,0.0
2026/05/22,3044,健鼎,800~1000張,13,1,2.3,0.19
2026/05/22,3044,健鼎,千張大戶,99,0,71.04,-0.23
2026/05/22,3044,健鼎,零股散戶,12263,609,0.33,0.03
2026/05/29,3044,健鼎,100~200張,131,-2,3.56,-0.03
2026/05/29,3044,健鼎,10~15張,219,-3,0.52,-0.01
2026/05/29,3044,健鼎,15~20張,150,-2,0.52,-0.01
2026/05/29,3044,健鼎,1~5張,12979,672,4.08,0.16
2026/05/29,3044,健鼎,200~400張,88,-1,4.72,-0.13
2026/05/29,3044,健鼎,20~30張,120,1,0.57,0.0
2026/05/29,3044,健鼎,30~40張,77,-3,0.51,-0.02
2026/05/29,3044,健鼎,400~600張,42,-4,3.99,-0.4
2026/05/29,3044,健鼎,40~50張,68,-1,0.6,0.0
2026/05/29,3044,健鼎,50~100張,168,7,2.37,0.11
2026/05/29,3044,健鼎,5~10張,844,11,1.23,0.02
2026/05/29,3044,健鼎,600~800張,27,2,3.51,0.25
2026/05/29,3044,健鼎,800~1000張,16,3,2.83,0.53
2026/05/29,3044,健鼎,千張大戶,99,0,70.53,-0.51
2026/05/29,3044,健鼎,零股散戶,14949,2686,0.38,0.05
2026/06/05,3044,健鼎,100~200張,129,-2,3.5,-0.06
2026/06/05,3044,健鼎,10~15張,224,5,0.54,0.02
2026/06/05,3044,健鼎,15~20張,147,-3,0.51,-0.01
2026/06/05,3044,健鼎,1~5張,13465,486,4.21,0.13
2026/06/05,3044,健鼎,200~400張,88,0,4.71,-0.01
2026/06/05,3044,健鼎,20~30張,128,8,0.61,0.04
2026/06/05,3044,健鼎,30~40張,76,-1,0.5,-0.01
2026/06/05,3044,健鼎,400~600張,45,3,4.28,0.29
2026/06/05,3044,健鼎,40~50張,74,6,0.65,0.05
2026/06/05,3044,健鼎,50~100張,170,2,2.39,0.02
2026/06/05,3044,健鼎,5~10張,846,2,1.24,0.01
2026/06/05,3044,健鼎,600~800張,27,0,3.5,-0.01
2026/06/05,3044,健鼎,800~1000張,13,-3,2.29,-0.54
2026/06/05,3044,健鼎,千張大戶,100,1,70.56,0.03
2026/06/05,3044,健鼎,零股散戶,17155,2206,0.44,0.06
2026/06/12,3044,健鼎,100~200張,128,-1,3.44,-0.06
2026/06/12,3044,健鼎,10~15張,238,14,0.57,0.03
2026/06/12,3044,健鼎,15~20張,147,0,0.51,0.0
2026/06/12,3044,健鼎,1~5張,13737,272,4.33,0.12
2026/06/12,3044,健鼎,200~400張,88,0,4.67,-0.04
2026/06/12,3044,健鼎,20~30張,130,2,0.61,0.0
2026/06/12,3044,健鼎,30~40張,81,5,0.53,0.03
2026/06/12,3044,健鼎,400~600張,46,1,4.33,0.05
2026/06/12,3044,健鼎,40~50張,70,-4,0.61,-0.04
2026/06/12,3044,健鼎,50~100張,171,1,2.41,0.02
2026/06/12,3044,健鼎,5~10張,855,9,1.25,0.01
2026/06/12,3044,健鼎,600~800張,28,1,3.65,0.15
2026/06/12,3044,健鼎,800~1000張,11,-2,1.92,-0.37
2026/06/12,3044,健鼎,千張大戶,98,-2,70.63,0.07
2026/06/12,3044,健鼎,零股散戶,17484,329,0.46,0.02
2026/06/26,3044,健鼎,100~200張,131,-2,3.59,0.0
2026/06/26,3044,健鼎,10~15張,238,18,0.57,0.04
2026/06/26,3044,健鼎,15~20張,142,1,0.49,0.0
2026/06/26,3044,健鼎,1~5張,13096,992,4.1,0.3
2026/06/26,3044,健鼎,200~400張,88,-1,4.58,-0.09
2026/06/26,3044,健鼎,20~30張,128,9,0.59,0.03
2026/06/26,3044,健鼎,30~40張,75,-5,0.5,-0.03
2026/06/26,3044,健鼎,400~600張,51,-2,4.81,-0.27
2026/06/26,3044,健鼎,40~50張,72,3,0.63,0.02
2026/06/26,3044,健鼎,50~100張,175,5,2.45,0.06
2026/06/26,3044,健鼎,5~10張,796,22,1.16,0.03
2026/06/26,3044,健鼎,600~800張,25,3,3.21,0.35
2026/06/26,3044,健鼎,800~1000張,12,2,2.07,0.33
2026/06/26,3044,健鼎,千張大戶,101,0,70.7,-0.83
2026/06/26,3044,健鼎,零股散戶,18880,2564,0.48,0.06
2026/07/03,3044,健鼎,100~200張,133,2,3.62,0.03
2026/07/03,3044,健鼎,10~15張,229,-9,0.55,-0.02
2026/07/03,3044,健鼎,15~20張,148,6,0.51,0.02
2026/07/03,3044,健鼎,1~5張,13714,618,4.29,0.19
2026/07/03,3044,健鼎,200~400張,88,0,4.59,0.01
2026/07/03,3044,健鼎,20~30張,133,5,0.62,0.03
2026/07/03,3044,健鼎,30~40張,77,2,0.51,0.01
2026/07/03,3044,健鼎,400~600張,54,3,5.14,0.33
2026/07/03,3044,健鼎,40~50張,72,0,0.63,0.0
2026/07/03,3044,健鼎,50~100張,171,-4,2.39,-0.06
2026/07/03,3044,健鼎,5~10張,852,56,1.24,0.08
2026/07/03,3044,健鼎,600~800張,22,-3,2.88,-0.33
2026/07/03,3044,健鼎,800~1000張,12,0,2.11,0.04
2026/07/03,3044,健鼎,千張大戶,99,-2,70.35,-0.35
2026/07/03,3044,健鼎,零股散戶,19697,817,0.51,0.03
2026/07/17,3044,健鼎,100~200張,134,7,3.63,0.19
2026/07/17,3044,健鼎,10~15張,258,13,0.62,0.03
2026/07/17,3044,健鼎,15~20張,162,13,0.56,0.05
2026/07/17,3044,健鼎,1~5張,14964,446,4.8,0.21
2026/07/17,3044,健鼎,200~400張,85,-5,4.54,-0.14
2026/07/17,3044,健鼎,20~30張,134,-1,0.62,-0.01
2026/07/17,3044,健鼎,30~40張,87,10,0.57,0.06
2026/07/17,3044,健鼎,400~600張,49,-2,4.65,-0.17
2026/07/17,3044,健鼎,40~50張,72,0,0.63,0.0
2026/07/17,3044,健鼎,50~100張,173,0,2.4,-0.01
2026/07/17,3044,健鼎,5~10張,984,52,1.43,0.07
2026/07/17,3044,健鼎,600~800張,22,-1,2.94,-0.1
2026/07/17,3044,健鼎,800~1000張,14,0,2.38,-0.04
2026/07/17,3044,健鼎,千張大戶,92,0,69.56,-0.17
2026/07/17,3044,健鼎,零股散戶,21042,374,0.6,0.04
2026/07/24,3044,健鼎,100~200張,133,-1,3.58,-0.05
2026/07/24,3044,健鼎,10~15張,270,12,0.65,0.03
2026/07/24,3044,健鼎,15~20張,153,-9,0.53,-0.03
2026/07/24,3044,健鼎,1~5張,14924,-40,4.82,0.02
2026/07/24,3044,健鼎,200~400張,89,4,4.66,0.12
2026/07/24,3044,健鼎,20~30張,134,0,0.62,0.0
2026/07/24,3044,健鼎,30~40張,88,1,0.58,0.01
2026/07/24,3044,健鼎,400~600張,46,-3,4.36,-0.29
2026/07/24,3044,健鼎,40~50張,71,-1,0.62,-0.01
2026/07/24,3044,健鼎,50~100張,168,-5,2.34,-0.06
2026/07/24,3044,健鼎,5~10張,1010,26,1.47,0.04
2026/07/24,3044,健鼎,600~800張,22,0,2.88,-0.06
2026/07/24,3044,健鼎,800~1000張,13,-1,2.16,-0.22
2026/07/24,3044,健鼎,千張大戶,95,3,70.03,0.47
2026/07/24,3044,健鼎,零股散戶,20808,-234,0.61,0.01
2026/07/31,3044,健鼎,100~200張,126,-7,3.39,-0.19
2026/07/31,3044,健鼎,10~15張,280,10,0.68,0.03
2026/07/31,3044,健鼎,15~20張,160,7,0.55,0.02
2026/07/31,3044,健鼎,1~5張,14843,-81,4.82,0.0
2026/07/31,3044,健鼎,200~400張,90,1,4.73,0.07
2026/07/31,3044,健鼎,20~30張,138,4,0.64,0.02
2026/07/31,3044,健鼎,30~40張,90,2,0.6,0.02
2026/07/31,3044,健鼎,400~600張,44,-2,4.17,-0.19
2026/07/31,3044,健鼎,40~50張,76,5,0.66,0.04
2026/07/31,3044,健鼎,50~100張,169,1,2.37,0.03
2026/07/31,3044,健鼎,5~10張,1015,5,1.47,0.0
2026/07/31,3044,健鼎,600~800張,22,0,2.86,-0.02
2026/07/31,3044,健鼎,800~1000張,13,0,2.21,0.05
2026/07/31,3044,健鼎,千張大戶,97,2,70.16,0.13
2026/07/31,3044,健鼎,零股散戶,20658,-150,0.62,0.01
2026/04/24,3045,台灣大,100~200張,242,-2,0.92,0.0
2026/04/24,3045,台灣大,10~15張,1542,-80,0.53,-0.02
2026/04/24,3045,台灣大,15~20張,913,-32,0.44,-0.02
2026/04/24,3045,台灣大,1~5張,35696,-875,1.94,-0.05
2026/04/24,3045,台灣大,200~400張,137,3,1.02,0.02
2026/04/24,3045,台灣大,20~30張,727,-33,0.49,-0.03
2026/04/24,3045,台灣大,30~40張,369,-20,0.35,-0.02
2026/04/24,3045,台灣大,400~600張,62,0,0.81,0.0
2026/04/24,3045,台灣大,40~50張,259,-8,0.32,-0.01
2026/04/24,3045,台灣大,50~100張,471,-5,0.91,-0.01
2026/04/24,3045,台灣大,5~10張,4846,-156,1.0,-0.04
2026/04/24,3045,台灣大,600~800張,31,-3,0.58,-0.05
2026/04/24,3045,台灣大,800~1000張,29,-2,0.7,-0.05
2026/04/24,3045,台灣大,千張大戶,229,3,89.78,0.28
2026/04/24,3045,台灣大,零股散戶,19926,-172,0.13,-0.01
2026/05/08,3045,台灣大,100~200張,252,8,0.96,0.03
2026/05/08,3045,台灣大,10~15張,1561,23,0.53,0.01
2026/05/08,3045,台灣大,15~20張,937,38,0.46,0.02
2026/05/08,3045,台灣大,1~5張,35982,477,1.96,0.03
2026/05/08,3045,台灣大,200~400張,142,4,1.06,0.03
2026/05/08,3045,台灣大,20~30張,732,8,0.5,0.01
2026/05/08,3045,台灣大,30~40張,390,16,0.37,0.02
2026/05/08,3045,台灣大,400~600張,60,-1,0.79,-0.02
2026/05/08,3045,台灣大,40~50張,267,11,0.33,0.02
2026/05/08,3045,台灣大,50~100張,474,3,0.92,0.02
2026/05/08,3045,台灣大,5~10張,4933,135,1.03,0.03
2026/05/08,3045,台灣大,600~800張,35,2,0.65,0.04
2026/05/08,3045,台灣大,800~1000張,30,-2,0.72,-0.06
2026/05/08,3045,台灣大,千張大戶,224,-1,89.52,-0.17
2026/05/08,3045,台灣大,零股散戶,19727,-166,0.13,0.0
2026/05/15,3045,台灣大,100~200張,248,-4,0.94,-0.02
2026/05/15,3045,台灣大,10~15張,1524,-37,0.52,-0.01
2026/05/15,3045,台灣大,15~20張,900,-37,0.44,-0.02
2026/05/15,3045,台灣大,1~5張,35362,-620,1.93,-0.03
2026/05/15,3045,台灣大,200~400張,136,-6,1.02,-0.04
2026/05/15,3045,台灣大,20~30張,706,-26,0.48,-0.02
2026/05/15,3045,台灣大,30~40張,364,-26,0.34,-0.03
2026/05/15,3045,台灣大,400~600張,68,8,0.89,0.1
2026/05/15,3045,台灣大,40~50張,258,-9,0.31,-0.02
2026/05/15,3045,台灣大,50~100張,470,-4,0.9,-0.02
2026/05/15,3045,台灣大,5~10張,4787,-146,0.99,-0.04
2026/05/15,3045,台灣大,600~800張,32,-3,0.59,-0.06
2026/05/15,3045,台灣大,800~1000張,29,-1,0.71,-0.01
2026/05/15,3045,台灣大,千張大戶,226,2,89.73,0.21
2026/05/15,3045,台灣大,零股散戶,19585,-142,0.13,0.0
2026/05/22,3045,台灣大,100~200張,249,1,0.95,0.01
2026/05/22,3045,台灣大,10~15張,1485,-39,0.5,-0.02
2026/05/22,3045,台灣大,15~20張,892,-8,0.43,-0.01
2026/05/22,3045,台灣大,1~5張,34921,-441,1.9,-0.03
2026/05/22,3045,台灣大,200~400張,143,7,1.09,0.07
2026/05/22,3045,台灣大,20~30張,701,-5,0.48,0.0
2026/05/22,3045,台灣大,30~40張,358,-6,0.34,0.0
2026/05/22,3045,台灣大,400~600張,66,-2,0.86,-0.03
2026/05/22,3045,台灣大,40~50張,244,-14,0.3,-0.01
2026/05/22,3045,台灣大,50~100張,451,-19,0.86,-0.04
2026/05/22,3045,台灣大,5~10張,4755,-32,0.99,0.0
2026/05/22,3045,台灣大,600~800張,32,0,0.59,0.0
2026/05/22,3045,台灣大,800~1000張,29,0,0.7,-0.01
2026/05/22,3045,台灣大,千張大戶,224,-2,89.8,0.07
2026/05/22,3045,台灣大,零股散戶,19410,-175,0.13,0.0
2026/05/29,3045,台灣大,100~200張,254,5,0.97,0.02
2026/05/29,3045,台灣大,10~15張,1511,26,0.51,0.01
2026/05/29,3045,台灣大,15~20張,930,38,0.45,0.02
2026/05/29,3045,台灣大,1~5張,35474,553,1.93,0.03
2026/05/29,3045,台灣大,200~400張,150,7,1.13,0.04
2026/05/29,3045,台灣大,20~30張,736,35,0.5,0.02
2026/05/29,3045,台灣大,30~40張,378,20,0.36,0.02
2026/05/29,3045,台灣大,400~600張,66,0,0.87,0.01
2026/05/29,3045,台灣大,40~50張,256,12,0.31,0.01
2026/05/29,3045,台灣大,50~100張,492,41,0.94,0.08
2026/05/29,3045,台灣大,5~10張,4885,130,1.01,0.02
2026/05/29,3045,台灣大,600~800張,35,3,0.64,0.05
2026/05/29,3045,台灣大,800~1000張,26,-3,0.63,-0.07
2026/05/29,3045,台灣大,千張大戶,230,6,89.52,-0.28
2026/05/29,3045,台灣大,零股散戶,19576,166,0.13,0.0
2026/06/05,3045,台灣大,100~200張,245,-9,0.94,-0.03
2026/06/05,3045,台灣大,10~15張,1478,-33,0.5,-0.01
2026/06/05,3045,台灣大,15~20張,890,-40,0.43,-0.02
2026/06/05,3045,台灣大,1~5張,34755,-719,1.89,-0.04
2026/06/05,3045,台灣大,200~400張,149,-1,1.11,-0.02
2026/06/05,3045,台灣大,20~30張,711,-25,0.48,-0.02
2026/06/05,3045,台灣大,30~40張,368,-10,0.35,-0.01
2026/06/05,3045,台灣大,400~600張,64,-2,0.85,-0.02
2026/06/05,3045,台灣大,40~50張,257,1,0.31,0.0
2026/06/05,3045,台灣大,50~100張,458,-34,0.88,-0.06
2026/06/05,3045,台灣大,5~10張,4793,-92,1.0,-0.01
2026/06/05,3045,台灣大,600~800張,37,2,0.69,0.05
2026/06/05,3045,台灣大,800~1000張,27,1,0.65,0.02
2026/06/05,3045,台灣大,千張大戶,232,2,89.72,0.2
2026/06/05,3045,台灣大,零股散戶,19329,-247,0.13,0.0
2026/06/12,3045,台灣大,100~200張,223,-22,0.85,-0.09
2026/06/12,3045,台灣大,10~15張,1366,-112,0.46,-0.04
2026/06/12,3045,台灣大,15~20張,818,-72,0.4,-0.03
2026/06/12,3045,台灣大,1~5張,33735,-1020,1.83,-0.06
2026/06/12,3045,台灣大,200~400張,142,-7,1.07,-0.04
2026/06/12,3045,台灣大,20~30張,678,-33,0.46,-0.02
2026/06/12,3045,台灣大,30~40張,338,-30,0.32,-0.03
2026/06/12,3045,台灣大,400~600張,70,6,0.92,0.07
2026/06/12,3045,台灣大,40~50張,240,-17,0.29,-0.02
2026/06/12,3045,台灣大,50~100張,420,-38,0.8,-0.08
2026/06/12,3045,台灣大,5~10張,4510,-283,0.93,-0.07
2026/06/12,3045,台灣大,600~800張,34,-3,0.62,-0.07
2026/06/12,3045,台灣大,800~1000張,30,3,0.72,0.07
2026/06/12,3045,台灣大,千張大戶,231,-1,90.11,0.39
2026/06/12,3045,台灣大,零股散戶,19207,-122,0.13,0.0
2026/06/26,3045,台灣大,100~200張,222,-6,0.84,-0.03
2026/06/26,3045,台灣大,10~15張,1300,-35,0.44,-0.01
2026/06/26,3045,台灣大,15~20張,782,-14,0.38,-0.01
2026/06/26,3045,台灣大,1~5張,33232,-171,1.8,-0.01
2026/06/26,3045,台灣大,200~400張,136,-7,1.03,-0.05
2026/06/26,3045,台灣大,20~30張,658,-14,0.45,-0.01
2026/06/26,3045,台灣大,30~40張,303,-18,0.28,-0.02
2026/06/26,3045,台灣大,400~600張,69,3,0.9,0.03
2026/06/26,3045,台灣大,40~50張,223,-7,0.27,-0.01
2026/06/26,3045,台灣大,50~100張,385,-13,0.74,-0.02
2026/06/26,3045,台灣大,5~10張,4330,-62,0.89,-0.02
2026/06/26,3045,台灣大,600~800張,36,-1,0.66,-0.02
2026/06/26,3045,台灣大,800~1000張,30,4,0.72,0.09
2026/06/26,3045,台灣大,千張大戶,232,-3,90.38,0.06
2026/06/26,3045,台灣大,零股散戶,18955,-123,0.13,0.0
2026/07/03,3045,台灣大,100~200張,218,-4,0.83,-0.01
2026/07/03,3045,台灣大,10~15張,1285,-15,0.43,-0.01
2026/07/03,3045,台灣大,15~20張,782,0,0.38,0.0
2026/07/03,3045,台灣大,1~5張,33172,-60,1.8,0.0
2026/07/03,3045,台灣大,200~400張,128,-8,0.97,-0.06
2026/07/03,3045,台灣大,20~30張,648,-10,0.44,-0.01
2026/07/03,3045,台灣大,30~40張,305,2,0.28,0.0
2026/07/03,3045,台灣大,400~600張,70,1,0.92,0.02
2026/07/03,3045,台灣大,40~50張,207,-16,0.25,-0.02
2026/07/03,3045,台灣大,50~100張,382,-3,0.74,0.0
2026/07/03,3045,台灣大,5~10張,4299,-31,0.89,0.0
2026/07/03,3045,台灣大,600~800張,34,-2,0.64,-0.02
2026/07/03,3045,台灣大,800~1000張,32,2,0.76,0.04
2026/07/03,3045,台灣大,千張大戶,230,-2,90.49,0.11
2026/07/03,3045,台灣大,零股散戶,18910,-45,0.13,0.0
2026/07/17,3045,台灣大,100~200張,239,21,0.9,0.08
2026/07/17,3045,台灣大,10~15張,1342,41,0.45,0.01
2026/07/17,3045,台灣大,15~20張,821,27,0.4,0.02
2026/07/17,3045,台灣大,1~5張,34770,836,1.89,0.05
2026/07/17,3045,台灣大,200~400張,136,5,1.03,0.04
2026/07/17,3045,台灣大,20~30張,705,44,0.48,0.03
2026/07/17,3045,台灣大,30~40張,332,16,0.31,0.02
2026/07/17,3045,台灣大,400~600張,67,2,0.87,0.02
2026/07/17,3045,台灣大,40~50張,232,8,0.28,0.01
2026/07/17,3045,台灣大,50~100張,426,24,0.81,0.03
2026/07/17,3045,台灣大,5~10張,4513,144,0.93,0.03
2026/07/17,3045,台灣大,600~800張,36,-1,0.68,0.0
2026/07/17,3045,台灣大,800~1000張,32,1,0.77,0.03
2026/07/17,3045,台灣大,千張大戶,227,3,89.98,-0.37
2026/07/17,3045,台灣大,零股散戶,18951,145,0.13,0.0
2026/07/24,3045,台灣大,100~200張,233,-6,0.88,-0.02
2026/07/24,3045,台灣大,10~15張,1327,-15,0.45,0.0
2026/07/24,3045,台灣大,15~20張,808,-13,0.39,-0.01
2026/07/24,3045,台灣大,1~5張,34425,-345,1.87,-0.02
2026/07/24,3045,台灣大,200~400張,133,-3,1.01,-0.02
2026/07/24,3045,台灣大,20~30張,685,-20,0.47,-0.01
2026/07/24,3045,台灣大,30~40張,325,-7,0.3,-0.01
2026/07/24,3045,台灣大,400~600張,73,6,0.95,0.08
2026/07/24,3045,台灣大,40~50張,230,-2,0.28,0.0
2026/07/24,3045,台灣大,50~100張,415,-11,0.79,-0.02
2026/07/24,3045,台灣大,5~10張,4466,-47,0.92,-0.01
2026/07/24,3045,台灣大,600~800張,31,-5,0.58,-0.1
2026/07/24,3045,台灣大,800~1000張,32,0,0.77,0.0
2026/07/24,3045,台灣大,千張大戶,232,5,90.14,0.16
2026/07/24,3045,台灣大,零股散戶,18950,-1,0.13,0.0
2026/07/31,3045,台灣大,100~200張,225,-8,0.85,-0.03
2026/07/31,3045,台灣大,10~15張,1298,-29,0.44,-0.01
2026/07/31,3045,台灣大,15~20張,785,-23,0.38,-0.01
2026/07/31,3045,台灣大,1~5張,33989,-436,1.85,-0.02
2026/07/31,3045,台灣大,200~400張,135,2,1.02,0.01
2026/07/31,3045,台灣大,20~30張,671,-14,0.46,-0.01
2026/07/31,3045,台灣大,30~40張,304,-21,0.28,-0.02
2026/07/31,3045,台灣大,400~600張,75,2,0.98,0.03
2026/07/31,3045,台灣大,40~50張,221,-9,0.27,-0.01
2026/07/31,3045,台灣大,50~100張,394,-21,0.76,-0.03
2026/07/31,3045,台灣大,5~10張,4388,-78,0.91,-0.01
2026/07/31,3045,台灣大,600~800張,33,2,0.62,0.04
2026/07/31,3045,台灣大,800~1000張,32,0,0.77,0.0
2026/07/31,3045,台灣大,千張大戶,232,0,90.24,0.1
2026/07/31,3045,台灣大,零股散戶,18915,-35,0.13,0.0
2026/04/24,3090,日電貿,100~200張,56,4,2.68,0.19
2026/04/24,3090,日電貿,10~15張,541,-3,2.35,0.0
2026/04/24,3090,日電貿,15~20張,328,3,2.07,0.02
2026/04/24,3090,日電貿,1~5張,20176,-437,13.04,-0.14
2026/04/24,3090,日電貿,200~400張,21,-4,2.16,-0.4
2026/04/24,3090,日電貿,20~30張,280,6,2.45,0.03
2026/04/24,3090,日電貿,30~40張,119,0,1.48,0.0
2026/04/24,3090,日電貿,400~600張,16,2,2.7,0.31
2026/04/24,3090,日電貿,40~50張,69,-1,1.11,-0.01
2026/04/24,3090,日電貿,50~100張,146,-1,3.44,-0.03
2026/04/24,3090,日電貿,5~10張,2022,-29,5.45,-0.1
2026/04/24,3090,日電貿,600~800張,11,0,2.65,-0.02
2026/04/24,3090,日電貿,800~1000張,5,0,1.51,0.0
2026/04/24,3090,日電貿,千張大戶,26,0,56.31,0.15
2026/04/24,3090,日電貿,零股散戶,28885,-86,0.52,0.0
2026/05/08,3090,日電貿,100~200張,50,-7,2.37,-0.34
2026/05/08,3090,日電貿,10~15張,509,-53,2.21,-0.23
2026/05/08,3090,日電貿,15~20張,315,-22,1.98,-0.15
2026/05/08,3090,日電貿,1~5張,18274,-2779,11.85,-1.75
2026/05/08,3090,日電貿,200~400張,27,4,2.75,0.38
2026/05/08,3090,日電貿,20~30張,267,-29,2.34,-0.25
2026/05/08,3090,日電貿,30~40張,111,-12,1.37,-0.16
2026/05/08,3090,日電貿,400~600張,13,-3,2.28,-0.39
2026/05/08,3090,日電貿,40~50張,70,-2,1.12,-0.04
2026/05/08,3090,日電貿,50~100張,148,8,3.55,0.21
2026/05/08,3090,日電貿,5~10張,1937,-206,5.26,-0.52
2026/05/08,3090,日電貿,600~800張,8,-1,1.85,-0.23
2026/05/08,3090,日電貿,800~1000張,4,-3,1.24,-0.9
2026/05/08,3090,日電貿,千張大戶,29,5,59.24,4.39
2026/05/08,3090,日電貿,零股散戶,28635,-296,0.51,-0.03
2026/05/15,3090,日電貿,100~200張,50,0,2.43,0.06
2026/05/15,3090,日電貿,10~15張,548,39,2.39,0.18
2026/05/15,3090,日電貿,15~20張,313,-2,1.98,0.0
2026/05/15,3090,日電貿,1~5張,21926,3652,13.69,1.84
2026/05/15,3090,日電貿,200~400張,27,0,2.85,0.1
2026/05/15,3090,日電貿,20~30張,288,21,2.53,0.19
2026/05/15,3090,日電貿,30~40張,115,4,1.43,0.06
2026/05/15,3090,日電貿,400~600張,16,3,2.7,0.42
2026/05/15,3090,日電貿,40~50張,77,7,1.23,0.11
2026/05/15,3090,日電貿,50~100張,147,-1,3.54,-0.01
2026/05/15,3090,日電貿,5~10張,2007,70,5.44,0.18
2026/05/15,3090,日電貿,600~800張,7,-1,1.67,-0.18
2026/05/15,3090,日電貿,800~1000張,5,1,1.59,0.35
2026/05/15,3090,日電貿,千張大戶,26,-3,55.85,-3.39
2026/05/15,3090,日電貿,零股散戶,30316,1681,0.61,0.1
2026/05/22,3090,日電貿,100~200張,45,-5,2.14,-0.29
2026/05/22,3090,日電貿,10~15張,478,-70,2.07,-0.32
2026/05/22,3090,日電貿,15~20張,246,-67,1.56,-0.42
2026/05/22,3090,日電貿,1~5張,19266,-2660,11.82,-1.87
2026/05/22,3090,日電貿,200~400張,30,3,3.07,0.22
2026/05/22,3090,日電貿,20~30張,226,-62,1.99,-0.54
2026/05/22,3090,日電貿,30~40張,102,-13,1.25,-0.18
2026/05/22,3090,日電貿,400~600張,10,-6,1.78,-0.92
2026/05/22,3090,日電貿,40~50張,67,-10,1.06,-0.17
2026/05/22,3090,日電貿,50~100張,122,-25,2.94,-0.6
2026/05/22,3090,日電貿,5~10張,1593,-414,4.29,-1.15
2026/05/22,3090,日電貿,600~800張,9,2,2.2,0.53
2026/05/22,3090,日電貿,800~1000張,8,3,2.52,0.93
2026/05/22,3090,日電貿,千張大戶,29,3,60.58,4.73
2026/05/22,3090,日電貿,零股散戶,31771,1455,0.66,0.05
2026/05/29,3090,日電貿,100~200張,48,3,2.27,0.13
2026/05/29,3090,日電貿,10~15張,469,-9,2.03,-0.04
2026/05/29,3090,日電貿,15~20張,242,-4,1.53,-0.03
2026/05/29,3090,日電貿,1~5張,19440,174,11.86,0.04
2026/05/29,3090,日電貿,200~400張,24,-6,2.44,-0.63
2026/05/29,3090,日電貿,20~30張,230,4,2.01,0.02
2026/05/29,3090,日電貿,30~40張,102,0,1.25,0.0
2026/05/29,3090,日電貿,400~600張,13,3,2.24,0.46
2026/05/29,3090,日電貿,40~50張,60,-7,0.95,-0.11
2026/05/29,3090,日電貿,50~100張,118,-4,2.87,-0.07
2026/05/29,3090,日電貿,5~10張,1552,-41,4.18,-0.11
2026/05/29,3090,日電貿,600~800張,9,0,2.11,-0.09
2026/05/29,3090,日電貿,800~1000張,6,-2,1.82,-0.7
2026/05/29,3090,日電貿,千張大戶,30,1,61.64,1.06
2026/05/29,3090,日電貿,零股散戶,33285,1514,0.73,0.07
2026/06/05,3090,日電貿,100~200張,49,1,2.37,0.1
2026/06/05,3090,日電貿,10~15張,474,5,2.05,0.02
2026/06/05,3090,日電貿,15~20張,238,-4,1.5,-0.03
2026/06/05,3090,日電貿,1~5張,19108,-332,11.65,-0.21
2026/06/05,3090,日電貿,200~400張,24,0,2.5,0.06
2026/06/05,3090,日電貿,20~30張,218,-12,1.9,-0.11
2026/06/05,3090,日電貿,30~40張,97,-5,1.19,-0.06
2026/06/05,3090,日電貿,400~600張,11,-2,1.96,-0.28
2026/06/05,3090,日電貿,40~50張,65,5,1.04,0.09
2026/06/05,3090,日電貿,50~100張,116,-2,2.84,-0.03
2026/06/05,3090,日電貿,5~10張,1535,-17,4.12,-0.06
2026/06/05,3090,日電貿,600~800張,12,3,2.84,0.73
2026/06/05,3090,日電貿,800~1000張,6,0,1.89,0.07
2026/06/05,3090,日電貿,千張大戶,27,-3,61.3,-0.34
2026/06/05,3090,日電貿,零股散戶,33691,406,0.76,0.03
2026/06/12,3090,日電貿,100~200張,45,-4,2.17,-0.2
2026/06/12,3090,日電貿,10~15張,457,-17,1.98,-0.07
2026/06/12,3090,日電貿,15~20張,233,-5,1.47,-0.03
2026/06/12,3090,日電貿,1~5張,19006,-102,11.45,-0.2
2026/06/12,3090,日電貿,200~400張,31,7,3.08,0.58
2026/06/12,3090,日電貿,20~30張,209,-9,1.83,-0.07
2026/06/12,3090,日電貿,30~40張,90,-7,1.1,-0.09
2026/06/12,3090,日電貿,400~600張,14,3,2.43,0.47
2026/06/12,3090,日電貿,40~50張,63,-2,1.0,-0.04
2026/06/12,3090,日電貿,50~100張,108,-8,2.64,-0.2
2026/06/12,3090,日電貿,5~10張,1520,-15,4.1,-0.02
2026/06/12,3090,日電貿,600~800張,8,-4,1.92,-0.92
2026/06/12,3090,日電貿,800~1000張,8,2,2.48,0.59
2026/06/12,3090,日電貿,千張大戶,29,2,61.52,0.22
2026/06/12,3090,日電貿,零股散戶,33942,251,0.76,0.0
2026/06/26,3090,日電貿,100~200張,42,-4,2.04,-0.18
2026/06/26,3090,日電貿,10~15張,422,-19,1.82,-0.09
2026/06/26,3090,日電貿,15~20張,212,-11,1.33,-0.07
2026/06/26,3090,日電貿,1~5張,19889,1195,11.63,0.5
2026/06/26,3090,日電貿,200~400張,29,-1,3.1,0.01
2026/06/26,3090,日電貿,20~30張,194,1,1.69,0.0
2026/06/26,3090,日電貿,30~40張,79,0,0.97,0.0
2026/06/26,3090,日電貿,400~600張,17,3,2.97,0.59
2026/06/26,3090,日電貿,40~50張,60,-5,0.95,-0.08
2026/06/26,3090,日電貿,50~100張,100,-1,2.45,-0.01
2026/06/26,3090,日電貿,5~10張,1451,3,3.88,0.01
2026/06/26,3090,日電貿,600~800張,8,-5,1.8,-1.1
2026/06/26,3090,日電貿,800~1000張,6,1,1.83,0.29
2026/06/26,3090,日電貿,千張大戶,34,1,62.57,0.04
2026/06/26,3090,日電貿,零股散戶,37063,2118,0.89,0.1
2026/07/03,3090,日電貿,100~200張,38,-4,1.89,-0.15
2026/07/03,3090,日電貿,10~15張,416,-6,1.79,-0.03
2026/07/03,3090,日電貿,15~20張,221,9,1.39,0.06
2026/07/03,3090,日電貿,1~5張,19680,-209,11.52,-0.11
2026/07/03,3090,日電貿,200~400張,30,1,3.22,0.12
2026/07/03,3090,日電貿,20~30張,193,-1,1.69,0.0
2026/07/03,3090,日電貿,30~40張,78,-1,0.95,-0.02
2026/07/03,3090,日電貿,400~600張,19,2,3.28,0.31
2026/07/03,3090,日電貿,40~50張,57,-3,0.9,-0.05
2026/07/03,3090,日電貿,50~100張,101,1,2.48,0.03
2026/07/03,3090,日電貿,5~10張,1435,-16,3.83,-0.05
2026/07/03,3090,日電貿,600~800張,7,-1,1.6,-0.2
2026/07/03,3090,日電貿,800~1000張,6,0,1.81,-0.02
2026/07/03,3090,日電貿,千張大戶,33,-1,62.67,0.1
2026/07/03,3090,日電貿,零股散戶,37166,103,0.9,0.01
2026/07/17,3090,日電貿,100~200張,42,-1,2.04,-0.01
2026/07/17,3090,日電貿,10~15張,411,-14,1.76,-0.07
2026/07/17,3090,日電貿,15~20張,211,-8,1.32,-0.06
2026/07/17,3090,日電貿,1~5張,20153,645,11.96,0.5
2026/07/17,3090,日電貿,200~400張,26,-5,2.71,-0.53
2026/07/17,3090,日電貿,20~30張,199,0,1.74,-0.01
2026/07/17,3090,日電貿,30~40張,76,2,0.93,0.03
2026/07/17,3090,日電貿,400~600張,23,2,3.99,0.45
2026/07/17,3090,日電貿,40~50張,67,9,1.06,0.14
2026/07/17,3090,日電貿,50~100張,100,-2,2.48,0.01
2026/07/17,3090,日電貿,5~10張,1477,31,3.91,0.05
2026/07/17,3090,日電貿,600~800張,6,-2,1.4,-0.47
2026/07/17,3090,日電貿,800~1000張,5,0,1.51,0.01
2026/07/17,3090,日電貿,千張大戶,33,1,62.16,-0.12
2026/07/17,3090,日電貿,零股散戶,37381,366,0.94,0.04
2026/07/24,3090,日電貿,100~200張,39,-3,1.89,-0.15
2026/07/24,3090,日電貿,10~15張,399,-12,1.71,-0.05
2026/07/24,3090,日電貿,15~20張,220,9,1.38,0.06
2026/07/24,3090,日電貿,1~5張,20414,261,12.19,0.23
2026/07/24,3090,日電貿,200~400張,29,3,3.06,0.35
2026/07/24,3090,日電貿,20~30張,193,-6,1.68,-0.06
2026/07/24,3090,日電貿,30~40張,77,1,0.95,0.02
2026/07/24,3090,日電貿,400~600張,24,1,4.19,0.2
2026/07/24,3090,日電貿,40~50張,61,-6,0.97,-0.09
2026/07/24,3090,日電貿,50~100張,106,6,2.57,0.09
2026/07/24,3090,日電貿,5~10張,1539,62,4.09,0.18
2026/07/24,3090,日電貿,600~800張,3,-3,0.68,-0.72
2026/07/24,3090,日電貿,800~1000張,6,1,1.86,0.35
2026/07/24,3090,日電貿,千張大戶,30,-3,61.76,-0.4
2026/07/24,3090,日電貿,零股散戶,37406,25,0.95,0.01
2026/07/31,3090,日電貿,100~200張,41,2,2.01,0.12
2026/07/31,3090,日電貿,10~15張,431,32,1.86,0.15
2026/07/31,3090,日電貿,15~20張,230,10,1.45,0.07
2026/07/31,3090,日電貿,1~5張,20538,124,12.37,0.18
2026/07/31,3090,日電貿,200~400張,31,2,3.23,0.17
2026/07/31,3090,日電貿,20~30張,206,13,1.8,0.12
2026/07/31,3090,日電貿,30~40張,87,10,1.08,0.13
2026/07/31,3090,日電貿,400~600張,21,-3,3.7,-0.49
2026/07/31,3090,日電貿,40~50張,68,7,1.08,0.11
2026/07/31,3090,日電貿,50~100張,99,-7,2.4,-0.17
2026/07/31,3090,日電貿,5~10張,1597,58,4.25,0.16
2026/07/31,3090,日電貿,600~800張,3,0,0.67,-0.01
2026/07/31,3090,日電貿,800~1000張,4,-2,1.21,-0.65
2026/07/31,3090,日電貿,千張大戶,31,1,61.87,0.11
2026/07/31,3090,日電貿,零股散戶,37314,-92,0.96,0.01
2026/04/24,3105,穩懋,100~200張,120,7,4.01,0.18
2026/04/24,3105,穩懋,10~15張,613,11,1.85,0.03
2026/04/24,3105,穩懋,15~20張,359,0,1.55,0.0
2026/04/24,3105,穩懋,1~5張,39054,5155,14.99,1.71
2026/04/24,3105,穩懋,200~400張,68,-3,4.49,-0.2
2026/04/24,3105,穩懋,20~30張,265,-42,1.57,-0.27
2026/04/24,3105,穩懋,30~40張,159,20,1.34,0.17
2026/04/24,3105,穩懋,400~600張,22,-7,2.54,-0.89
2026/04/24,3105,穩懋,40~50張,90,-3,0.98,-0.03
2026/04/24,3105,穩懋,50~100張,193,-3,3.3,-0.04
2026/04/24,3105,穩懋,5~10張,2258,-22,4.13,-0.05
2026/04/24,3105,穩懋,600~800張,12,-1,2.01,-0.09
2026/04/24,3105,穩懋,800~1000張,10,4,2.16,0.9
2026/04/24,3105,穩懋,千張大戶,61,-3,52.98,-1.82
2026/04/24,3105,穩懋,零股散戶,63468,14355,2.03,0.39
2026/05/08,3105,穩懋,100~200張,113,0,3.82,0.06
2026/05/08,3105,穩懋,10~15張,676,70,2.03,0.2
2026/05/08,3105,穩懋,15~20張,359,19,1.54,0.08
2026/05/08,3105,穩懋,1~5張,46360,5576,18.07,2.17
2026/05/08,3105,穩懋,200~400張,65,-4,4.31,-0.27
2026/05/08,3105,穩懋,20~30張,304,5,1.82,0.04
2026/05/08,3105,穩懋,30~40張,159,1,1.34,0.01
2026/05/08,3105,穩懋,400~600張,23,1,2.66,0.1
2026/05/08,3105,穩懋,40~50張,83,-7,0.9,-0.08
2026/05/08,3105,穩懋,50~100張,184,0,3.11,-0.05
2026/05/08,3105,穩懋,5~10張,2699,317,4.85,0.54
2026/05/08,3105,穩懋,600~800張,16,5,2.68,0.86
2026/05/08,3105,穩懋,800~1000張,8,-2,1.69,-0.39
2026/05/08,3105,穩懋,千張大戶,55,-4,48.49,-3.72
2026/05/08,3105,穩懋,零股散戶,78882,11732,2.6,0.44
2026/05/15,3105,穩懋,100~200張,104,-9,3.49,-0.33
2026/05/15,3105,穩懋,10~15張,672,-4,2.02,-0.01
2026/05/15,3105,穩懋,15~20張,384,25,1.65,0.11
2026/05/15,3105,穩懋,1~5張,49240,2880,19.36,1.29
2026/05/15,3105,穩懋,200~400張,68,3,4.38,0.07
2026/05/15,3105,穩懋,20~30張,302,-2,1.8,-0.02
2026/05/15,3105,穩懋,30~40張,156,-3,1.32,-0.02
2026/05/15,3105,穩懋,400~600張,28,5,3.24,0.58
2026/05/15,3105,穩懋,40~50張,89,6,0.97,0.07
2026/05/15,3105,穩懋,50~100張,189,5,3.19,0.08
2026/05/15,3105,穩懋,5~10張,2853,154,5.15,0.3
2026/05/15,3105,穩懋,600~800張,11,-5,1.83,-0.85
2026/05/15,3105,穩懋,800~1000張,12,4,2.56,0.87
2026/05/15,3105,穩懋,千張大戶,52,-3,46.2,-2.29
2026/05/15,3105,穩懋,零股散戶,81204,2322,2.77,0.17
2026/05/22,3105,穩懋,100~200張,105,1,3.46,-0.03
2026/05/22,3105,穩懋,10~15張,680,8,2.04,0.02
2026/05/22,3105,穩懋,15~20張,388,4,1.66,0.01
2026/05/22,3105,穩懋,1~5張,48493,-747,19.29,-0.07
2026/05/22,3105,穩懋,200~400張,67,-1,4.33,-0.05
2026/05/22,3105,穩懋,20~30張,302,0,1.79,-0.01
2026/05/22,3105,穩懋,30~40張,151,-5,1.28,-0.04
2026/05/22,3105,穩懋,400~600張,26,-2,2.96,-0.28
2026/05/22,3105,穩懋,40~50張,89,0,0.96,-0.01
2026/05/22,3105,穩懋,50~100張,179,-10,3.0,-0.19
2026/05/22,3105,穩懋,5~10張,2820,-33,5.07,-0.08
2026/05/22,3105,穩懋,600~800張,15,4,2.41,0.58
2026/05/22,3105,穩懋,800~1000張,9,-3,1.87,-0.69
2026/05/22,3105,穩懋,千張大戶,57,5,46.93,0.73
2026/05/22,3105,穩懋,零股散戶,80771,-433,2.86,0.09
2026/05/29,3105,穩懋,100~200張,100,-5,3.34,-0.12
2026/05/29,3105,穩懋,10~15張,632,-48,1.9,-0.14
2026/05/29,3105,穩懋,15~20張,351,-37,1.51,-0.15
2026/05/29,3105,穩懋,1~5張,45761,-2732,17.77,-1.52
2026/05/29,3105,穩懋,200~400張,68,1,4.41,0.08
2026/05/29,3105,穩懋,20~30張,266,-36,1.57,-0.22
2026/05/29,3105,穩懋,30~40張,145,-6,1.22,-0.06
2026/05/29,3105,穩懋,400~600張,25,-1,2.89,-0.07
2026/05/29,3105,穩懋,40~50張,91,2,0.99,0.03
2026/05/29,3105,穩懋,50~100張,184,5,3.08,0.08
2026/05/29,3105,穩懋,5~10張,2601,-219,4.7,-0.37
2026/05/29,3105,穩懋,600~800張,14,-1,2.24,-0.17
2026/05/29,3105,穩懋,800~1000張,13,4,2.75,0.88
2026/05/29,3105,穩懋,千張大戶,57,0,48.98,2.05
2026/05/29,3105,穩懋,零股散戶,76469,-4302,2.58,-0.28
2026/06/05,3105,穩懋,100~200張,101,1,3.32,-0.02
2026/06/05,3105,穩懋,10~15張,706,74,2.13,0.23
2026/06/05,3105,穩懋,15~20張,382,31,1.65,0.14
2026/06/05,3105,穩懋,1~5張,48410,2649,19.1,1.33
2026/06/05,3105,穩懋,200~400張,71,3,4.57,0.16
2026/06/05,3105,穩懋,20~30張,283,17,1.68,0.11
2026/06/05,3105,穩懋,30~40張,151,6,1.28,0.06
2026/06/05,3105,穩懋,400~600張,27,2,3.03,0.14
2026/06/05,3105,穩懋,40~50張,84,-7,0.92,-0.07
2026/06/05,3105,穩懋,50~100張,188,4,3.11,0.03
2026/06/05,3105,穩懋,5~10張,2889,288,5.19,0.49
2026/06/05,3105,穩懋,600~800張,16,2,2.66,0.42
2026/06/05,3105,穩懋,800~1000張,11,-2,2.31,-0.44
2026/06/05,3105,穩懋,千張大戶,54,-3,46.22,-2.76
2026/06/05,3105,穩懋,零股散戶,79644,3175,2.75,0.17
2026/06/12,3105,穩懋,100~200張,100,-1,3.29,-0.03
2026/06/12,3105,穩懋,10~15張,708,2,2.13,0.0
2026/06/12,3105,穩懋,15~20張,397,15,1.71,0.06
2026/06/12,3105,穩懋,1~5張,48747,337,19.21,0.11
2026/06/12,3105,穩懋,200~400張,70,-1,4.5,-0.07
2026/06/12,3105,穩懋,20~30張,291,8,1.73,0.05
2026/06/12,3105,穩懋,30~40張,136,-15,1.15,-0.13
2026/06/12,3105,穩懋,400~600張,27,0,3.02,-0.01
2026/06/12,3105,穩懋,40~50張,87,3,0.95,0.03
2026/06/12,3105,穩懋,50~100張,185,-3,3.11,0.0
2026/06/12,3105,穩懋,5~10張,2897,8,5.22,0.03
2026/06/12,3105,穩懋,600~800張,15,-1,2.49,-0.17
2026/06/12,3105,穩懋,800~1000張,9,-2,1.9,-0.41
2026/06/12,3105,穩懋,千張大戶,53,-1,46.71,0.49
2026/06/12,3105,穩懋,零股散戶,80362,718,2.81,0.06
2026/06/26,3105,穩懋,100~200張,101,-1,3.29,-0.01
2026/06/26,3105,穩懋,10~15張,706,23,2.13,0.08
2026/06/26,3105,穩懋,15~20張,399,10,1.73,0.05
2026/06/26,3105,穩懋,1~5張,49249,2553,19.34,1.06
2026/06/26,3105,穩懋,200~400張,68,1,4.44,0.04
2026/06/26,3105,穩懋,20~30張,279,0,1.66,0.0
2026/06/26,3105,穩懋,30~40張,149,7,1.26,0.05
2026/06/26,3105,穩懋,400~600張,26,1,2.98,0.14
2026/06/26,3105,穩懋,40~50張,83,1,0.9,0.01
2026/06/26,3105,穩懋,50~100張,179,-5,3.03,-0.06
2026/06/26,3105,穩懋,5~10張,2822,71,5.07,0.1
2026/06/26,3105,穩懋,600~800張,7,-5,1.19,-0.85
2026/06/26,3105,穩懋,800~1000張,9,-4,1.95,-0.76
2026/06/26,3105,穩懋,千張大戶,55,0,48.13,0.03
2026/06/26,3105,穩懋,零股散戶,81944,3030,2.82,0.1
2026/07/03,3105,穩懋,100~200張,107,6,3.46,0.17
2026/07/03,3105,穩懋,10~15張,770,64,2.31,0.18
2026/07/03,3105,穩懋,15~20張,405,6,1.75,0.02
2026/07/03,3105,穩懋,1~5張,50772,1523,20.45,1.11
2026/07/03,3105,穩懋,200~400張,62,-6,4.05,-0.39
2026/07/03,3105,穩懋,20~30張,304,25,1.81,0.15
2026/07/03,3105,穩懋,30~40張,153,4,1.29,0.03
2026/07/03,3105,穩懋,400~600張,24,-2,2.8,-0.18
2026/07/03,3105,穩懋,40~50張,88,5,0.95,0.05
2026/07/03,3105,穩懋,50~100張,182,3,3.02,-0.01
2026/07/03,3105,穩懋,5~10張,3092,270,5.54,0.47
2026/07/03,3105,穩懋,600~800張,5,-2,0.84,-0.35
2026/07/03,3105,穩懋,800~1000張,8,-1,1.72,-0.23
2026/07/03,3105,穩懋,千張大戶,54,-1,46.89,-1.24
2026/07/03,3105,穩懋,零股散戶,83899,1955,3.04,0.22
2026/07/17,3105,穩懋,100~200張,93,-16,3.01,-0.51
2026/07/17,3105,穩懋,10~15張,822,34,2.47,0.1
2026/07/17,3105,穩懋,15~20張,416,12,1.8,0.05
2026/07/17,3105,穩懋,1~5張,50428,-479,20.64,0.06
2026/07/17,3105,穩懋,200~400張,64,0,4.2,-0.06
2026/07/17,3105,穩懋,20~30張,308,0,1.84,0.02
2026/07/17,3105,穩懋,30~40張,151,6,1.27,0.05
2026/07/17,3105,穩懋,400~600張,22,-1,2.49,-0.17
2026/07/17,3105,穩懋,40~50張,90,3,0.98,0.04
2026/07/17,3105,穩懋,50~100張,176,-2,2.96,-0.02
2026/07/17,3105,穩懋,5~10張,3250,105,5.8,0.16
2026/07/17,3105,穩懋,600~800張,8,0,1.33,-0.04
2026/07/17,3105,穩懋,800~1000張,5,0,1.1,0.02
2026/07/17,3105,穩懋,千張大戶,55,1,46.93,0.26
2026/07/17,3105,穩懋,零股散戶,83265,-794,3.11,0.04
2026/07/24,3105,穩懋,100~200張,103,10,3.39,0.38
2026/07/24,3105,穩懋,10~15張,809,-13,2.43,-0.04
2026/07/24,3105,穩懋,15~20張,413,-3,1.79,-0.01
2026/07/24,3105,穩懋,1~5張,50246,-182,20.57,-0.07
2026/07/24,3105,穩懋,200~400張,53,-11,3.54,-0.66
2026/07/24,3105,穩懋,20~30張,318,10,1.9,0.06
2026/07/24,3105,穩懋,30~40張,160,9,1.36,0.09
2026/07/24,3105,穩懋,400~600張,26,4,2.98,0.49
2026/07/24,3105,穩懋,40~50張,89,-1,0.96,-0.02
2026/07/24,3105,穩懋,50~100張,167,-9,2.82,-0.14
2026/07/24,3105,穩懋,5~10張,3313,63,5.91,0.11
2026/07/24,3105,穩懋,600~800張,6,-2,1.02,-0.31
2026/07/24,3105,穩懋,800~1000張,9,4,1.94,0.84
2026/07/24,3105,穩懋,千張大戶,52,-3,46.22,-0.71
2026/07/24,3105,穩懋,零股散戶,82238,-1027,3.1,-0.01
2026/07/31,3105,穩懋,100~200張,97,-6,3.11,-0.28
2026/07/31,3105,穩懋,10~15張,825,16,2.48,0.05
2026/07/31,3105,穩懋,15~20張,436,23,1.89,0.1
2026/07/31,3105,穩懋,1~5張,51017,771,21.05,0.48
2026/07/31,3105,穩懋,200~400張,58,5,3.86,0.32
2026/07/31,3105,穩懋,20~30張,338,20,2.01,0.11
2026/07/31,3105,穩懋,30~40張,159,-1,1.35,-0.01
2026/07/31,3105,穩懋,400~600張,21,-5,2.41,-0.57
2026/07/31,3105,穩懋,40~50張,95,6,1.03,0.07
2026/07/31,3105,穩懋,50~100張,167,0,2.84,0.02
2026/07/31,3105,穩懋,5~10張,3443,130,6.14,0.23
2026/07/31,3105,穩懋,600~800張,6,0,1.0,-0.02
2026/07/31,3105,穩懋,800~1000張,7,-2,1.51,-0.43
2026/07/31,3105,穩懋,千張大戶,52,0,46.22,0.0
2026/07/31,3105,穩懋,零股散戶,82047,-191,3.13,0.03
2026/04/24,3189,景碩,100~200張,86,2,2.36,0.14
2026/04/24,3189,景碩,10~15張,667,-86,1.53,-0.2
2026/04/24,3189,景碩,15~20張,251,-51,0.85,-0.16
2026/04/24,3189,景碩,1~5張,42716,-2434,12.39,-0.88
2026/04/24,3189,景碩,200~400張,60,-4,3.21,-0.17
2026/04/24,3189,景碩,20~30張,240,-23,1.1,-0.12
2026/04/24,3189,景碩,30~40張,111,-13,0.73,-0.09
2026/04/24,3189,景碩,400~600張,22,-2,2.02,-0.25
2026/04/24,3189,景碩,40~50張,70,-5,0.6,-0.05
2026/04/24,3189,景碩,50~100張,158,3,2.13,0.07
2026/04/24,3189,景碩,5~10張,2056,-291,2.8,-0.45
2026/04/24,3189,景碩,600~800張,16,2,2.23,0.3
2026/04/24,3189,景碩,800~1000張,14,1,2.37,0.13
2026/04/24,3189,景碩,千張大戶,52,2,63.91,1.72
2026/04/24,3189,景碩,零股散戶,61532,4970,1.71,0.04
2026/05/08,3189,景碩,100~200張,81,-8,2.16,-0.22
2026/05/08,3189,景碩,10~15張,680,29,1.56,0.07
2026/05/08,3189,景碩,15~20張,245,-22,0.82,-0.08
2026/05/08,3189,景碩,1~5張,47159,2960,13.87,0.99
2026/05/08,3189,景碩,200~400張,66,5,3.51,0.29
2026/05/08,3189,景碩,20~30張,255,22,1.19,0.12
2026/05/08,3189,景碩,30~40張,120,9,0.8,0.07
2026/05/08,3189,景碩,400~600張,26,5,2.45,0.46
2026/05/08,3189,景碩,40~50張,69,2,0.59,0.01
2026/05/08,3189,景碩,50~100張,158,-2,2.09,-0.04
2026/05/08,3189,景碩,5~10張,2178,29,2.98,0.03
2026/05/08,3189,景碩,600~800張,17,0,2.28,-0.04
2026/05/08,3189,景碩,800~1000張,10,-5,1.65,-0.89
2026/05/08,3189,景碩,千張大戶,51,-1,61.87,-1.0
2026/05/08,3189,景碩,零股散戶,77663,8250,2.09,0.22
2026/05/15,3189,景碩,100~200張,86,5,2.36,0.2
2026/05/15,3189,景碩,10~15張,626,-54,1.43,-0.13
2026/05/15,3189,景碩,15~20張,256,11,0.86,0.04
2026/05/15,3189,景碩,1~5張,42896,-4263,12.51,-1.36
2026/05/15,3189,景碩,200~400張,60,-6,3.15,-0.36
2026/05/15,3189,景碩,20~30張,237,-18,1.09,-0.1
2026/05/15,3189,景碩,30~40張,124,4,0.81,0.01
2026/05/15,3189,景碩,400~600張,24,-2,2.26,-0.19
2026/05/15,3189,景碩,40~50張,66,-3,0.57,-0.02
2026/05/15,3189,景碩,50~100張,154,-4,2.05,-0.04
2026/05/15,3189,景碩,5~10張,2019,-159,2.78,-0.2
2026/05/15,3189,景碩,600~800張,18,1,2.38,0.1
2026/05/15,3189,景碩,800~1000張,12,2,2.0,0.35
2026/05/15,3189,景碩,千張大戶,54,3,63.68,1.81
2026/05/15,3189,景碩,零股散戶,74258,-3405,1.99,-0.1
2026/05/22,3189,景碩,100~200張,89,3,2.44,0.08
2026/05/22,3189,景碩,10~15張,606,-20,1.39,-0.04
2026/05/22,3189,景碩,15~20張,238,-18,0.8,-0.06
2026/05/22,3189,景碩,1~5張,37252,-5644,10.93,-1.58
2026/05/22,3189,景碩,200~400張,64,4,3.35,0.2
2026/05/22,3189,景碩,20~30張,237,0,1.1,0.01
2026/05/22,3189,景碩,30~40張,107,-17,0.7,-0.11
2026/05/22,3189,景碩,400~600張,22,-2,2.06,-0.2
2026/05/22,3189,景碩,40~50張,69,3,0.59,0.02
2026/05/22,3189,景碩,50~100張,166,12,2.27,0.22
2026/05/22,3189,景碩,5~10張,1869,-150,2.56,-0.22
2026/05/22,3189,景碩,600~800張,17,-1,2.29,-0.09
2026/05/22,3189,景碩,800~1000張,11,-1,1.84,-0.16
2026/05/22,3189,景碩,千張大戶,56,2,65.82,2.14
2026/05/22,3189,景碩,零股散戶,67083,-7175,1.79,-0.2
2026/05/29,3189,景碩,100~200張,86,-3,2.28,-0.16
2026/05/29,3189,景碩,10~15張,608,2,1.4,0.01
2026/05/29,3189,景碩,15~20張,208,-30,0.69,-0.11
2026/05/29,3189,景碩,1~5張,36788,-464,10.7,-0.23
2026/05/29,3189,景碩,200~400張,69,5,3.58,0.23
2026/05/29,3189,景碩,20~30張,209,-28,0.97,-0.13
2026/05/29,3189,景碩,30~40張,97,-10,0.64,-0.06
2026/05/29,3189,景碩,400~600張,21,-1,1.99,-0.07
2026/05/29,3189,景碩,40~50張,62,-7,0.53,-0.06
2026/05/29,3189,景碩,50~100張,153,-13,2.06,-0.21
2026/05/29,3189,景碩,5~10張,1794,-75,2.44,-0.12
2026/05/29,3189,景碩,600~800張,18,1,2.43,0.14
2026/05/29,3189,景碩,800~1000張,8,-3,1.32,-0.52
2026/05/29,3189,景碩,千張大戶,55,-1,67.05,1.23
2026/05/29,3189,景碩,零股散戶,73308,6225,1.83,0.04
2026/06/05,3189,景碩,100~200張,94,8,2.51,0.23
2026/06/05,3189,景碩,10~15張,611,3,1.41,0.01
2026/06/05,3189,景碩,15~20張,209,1,0.7,0.01
2026/06/05,3189,景碩,1~5張,35707,-1081,10.44,-0.26
2026/06/05,3189,景碩,200~400張,60,-9,3.12,-0.46
2026/06/05,3189,景碩,20~30張,211,2,0.97,0.0
2026/06/05,3189,景碩,30~40張,100,3,0.66,0.02
2026/06/05,3189,景碩,400~600張,26,5,2.5,0.51
2026/06/05,3189,景碩,40~50張,70,8,0.6,0.07
2026/06/05,3189,景碩,50~100張,132,-21,1.79,-0.27
2026/06/05,3189,景碩,5~10張,1743,-51,2.37,-0.07
2026/06/05,3189,景碩,600~800張,14,-4,1.93,-0.5
2026/06/05,3189,景碩,800~1000張,8,0,1.32,0.0
2026/06/05,3189,景碩,千張大戶,54,-1,67.69,0.64
2026/06/05,3189,景碩,零股散戶,76521,3213,1.91,0.08
2026/06/12,3189,景碩,100~200張,88,-6,2.4,-0.11
2026/06/12,3189,景碩,10~15張,607,-4,1.4,-0.01
2026/06/12,3189,景碩,15~20張,219,10,0.73,0.03
2026/06/12,3189,景碩,1~5張,37675,1968,11.15,0.71
2026/06/12,3189,景碩,200~400張,60,0,3.18,0.06
2026/06/12,3189,景碩,20~30張,222,11,1.03,0.06
2026/06/12,3189,景碩,30~40張,96,-4,0.63,-0.03
2026/06/12,3189,景碩,400~600張,25,-1,2.33,-0.17
2026/06/12,3189,景碩,40~50張,68,-2,0.58,-0.02
2026/06/12,3189,景碩,50~100張,138,6,1.86,0.07
2026/06/12,3189,景碩,5~10張,1884,141,2.57,0.2
2026/06/12,3189,景碩,600~800張,16,2,2.21,0.28
2026/06/12,3189,景碩,800~1000張,12,4,1.96,0.64
2026/06/12,3189,景碩,千張大戶,52,-2,65.82,-1.87
2026/06/12,3189,景碩,零股散戶,80766,4245,2.06,0.15
2026/06/26,3189,景碩,100~200張,85,0,2.29,-0.01
2026/06/26,3189,景碩,10~15張,577,-14,1.33,-0.03
2026/06/26,3189,景碩,15~20張,213,-13,0.72,-0.04
2026/06/26,3189,景碩,1~5張,33233,-2139,9.72,-0.69
2026/06/26,3189,景碩,200~400張,73,8,3.99,0.52
2026/06/26,3189,景碩,20~30張,207,5,0.96,0.02
2026/06/26,3189,景碩,30~40張,94,-9,0.62,-0.06
2026/06/26,3189,景碩,400~600張,23,-3,2.19,-0.21
2026/06/26,3189,景碩,40~50張,73,-1,0.63,0.0
2026/06/26,3189,景碩,50~100張,134,-1,1.79,-0.05
2026/06/26,3189,景碩,5~10張,1683,-116,2.28,-0.17
2026/06/26,3189,景碩,600~800張,17,-1,2.28,-0.19
2026/06/26,3189,景碩,800~1000張,10,1,1.71,0.21
2026/06/26,3189,景碩,千張大戶,58,1,67.55,0.84
2026/06/26,3189,景碩,零股散戶,77876,-1567,1.88,-0.12
2026/07/03,3189,景碩,100~200張,90,5,2.38,0.09
2026/07/03,3189,景碩,10~15張,569,-8,1.31,-0.02
2026/07/03,3189,景碩,15~20張,223,10,0.75,0.03
2026/07/03,3189,景碩,1~5張,37062,3829,10.7,0.98
2026/07/03,3189,景碩,200~400張,66,-7,3.54,-0.45
2026/07/03,3189,景碩,20~30張,199,-8,0.92,-0.04
2026/07/03,3189,景碩,30~40張,87,-7,0.57,-0.05
2026/07/03,3189,景碩,400~600張,25,2,2.38,0.19
2026/07/03,3189,景碩,40~50張,72,-1,0.62,-0.01
2026/07/03,3189,景碩,50~100張,137,3,1.82,0.03
2026/07/03,3189,景碩,5~10張,1696,13,2.31,0.03
2026/07/03,3189,景碩,600~800張,19,2,2.56,0.28
2026/07/03,3189,景碩,800~1000張,8,-2,1.35,-0.36
2026/07/03,3189,景碩,千張大戶,58,0,66.56,-0.99
2026/07/03,3189,景碩,零股散戶,97519,19643,2.17,0.29
2026/07/17,3189,景碩,100~200張,81,-9,2.15,-0.23
2026/07/17,3189,景碩,10~15張,560,3,1.29,0.01
2026/07/17,3189,景碩,15~20張,226,-2,0.76,0.0
2026/07/17,3189,景碩,1~5張,36640,-376,10.64,-0.1
2026/07/17,3189,景碩,200~400張,63,2,3.37,0.07
2026/07/17,3189,景碩,20~30張,187,2,0.87,0.01
2026/07/17,3189,景碩,30~40張,88,3,0.58,0.03
2026/07/17,3189,景碩,400~600張,30,2,2.84,0.18
2026/07/17,3189,景碩,40~50張,78,0,0.67,0.0
2026/07/17,3189,景碩,50~100張,137,1,1.86,0.05
2026/07/17,3189,景碩,5~10張,1697,-30,2.31,-0.04
2026/07/17,3189,景碩,600~800張,17,-1,2.28,-0.16
2026/07/17,3189,景碩,800~1000張,6,-1,1.01,-0.18
2026/07/17,3189,景碩,千張大戶,55,-2,67.06,0.4
2026/07/17,3189,景碩,零股散戶,99467,-846,2.25,-0.02
2026/07/24,3189,景碩,100~200張,79,-2,2.11,-0.04
2026/07/24,3189,景碩,10~15張,543,-17,1.25,-0.04
2026/07/24,3189,景碩,15~20張,218,-8,0.73,-0.03
2026/07/24,3189,景碩,1~5張,36698,58,10.67,0.03
2026/07/24,3189,景碩,200~400張,65,2,3.51,0.14
2026/07/24,3189,景碩,20~30張,195,8,0.9,0.03
2026/07/24,3189,景碩,30~40張,81,-7,0.53,-0.05
2026/07/24,3189,景碩,400~600張,27,-3,2.54,-0.3
2026/07/24,3189,景碩,40~50張,75,-3,0.64,-0.03
2026/07/24,3189,景碩,50~100張,142,5,1.94,0.08
2026/07/24,3189,景碩,5~10張,1702,5,2.32,0.01
2026/07/24,3189,景碩,600~800張,17,0,2.28,0.0
2026/07/24,3189,景碩,800~1000張,9,3,1.53,0.52
2026/07/24,3189,景碩,千張大戶,56,1,66.72,-0.34
2026/07/24,3189,景碩,零股散戶,99543,76,2.26,0.01
2026/07/31,3189,景碩,100~200張,82,3,2.23,0.12
2026/07/31,3189,景碩,10~15張,555,12,1.28,0.03
2026/07/31,3189,景碩,15~20張,220,2,0.74,0.01
2026/07/31,3189,景碩,1~5張,36828,130,10.83,0.16
2026/07/31,3189,景碩,200~400張,60,-5,3.31,-0.2
2026/07/31,3189,景碩,20~30張,193,-2,0.89,-0.01
2026/07/31,3189,景碩,30~40張,84,3,0.55,0.02
2026/07/31,3189,景碩,400~600張,27,0,2.56,0.02
2026/07/31,3189,景碩,40~50張,77,2,0.66,0.02
2026/07/31,3189,景碩,50~100張,142,0,1.98,0.04
2026/07/31,3189,景碩,5~10張,1711,9,2.34,0.02
2026/07/31,3189,景碩,600~800張,17,0,2.24,-0.04
2026/07/31,3189,景碩,800~1000張,8,-1,1.32,-0.21
2026/07/31,3189,景碩,千張大戶,56,0,66.66,-0.06
2026/07/31,3189,景碩,零股散戶,101085,1542,2.34,0.08
2026/04/24,3231,緯創,100~200張,641,-14,2.84,-0.07
2026/04/24,3231,緯創,10~15張,7263,-484,2.89,-0.2
2026/04/24,3231,緯創,15~20張,4030,-312,2.33,-0.18
2026/04/24,3231,緯創,1~5張,217673,-13909,13.43,-0.94
2026/04/24,3231,緯創,200~400張,286,6,2.57,0.08
2026/04/24,3231,緯創,20~30張,3168,-203,2.53,-0.17
2026/04/24,3231,緯創,30~40張,1296,-93,1.45,-0.1
2026/04/24,3231,緯創,400~600張,126,-3,1.92,-0.06
2026/04/24,3231,緯創,40~50張,899,9,1.3,0.01
2026/04/24,3231,緯創,50~100張,1422,-63,3.2,-0.14
2026/04/24,3231,緯創,5~10張,25225,-1798,6.12,-0.43
2026/04/24,3231,緯創,600~800張,68,-1,1.47,-0.04
2026/04/24,3231,緯創,800~1000張,31,5,0.87,0.13
2026/04/24,3231,緯創,千張大戶,282,7,56.22,2.14
2026/04/24,3231,緯創,零股散戶,115552,-3728,0.79,-0.04
2026/05/08,3231,緯創,100~200張,653,9,2.91,0.06
2026/05/08,3231,緯創,10~15張,6875,-293,2.74,-0.11
2026/05/08,3231,緯創,15~20張,3886,-117,2.25,-0.07
2026/05/08,3231,緯創,1~5張,204637,-9104,12.57,-0.61
2026/05/08,3231,緯創,200~400張,278,-7,2.51,-0.05
2026/05/08,3231,緯創,20~30張,2988,-151,2.39,-0.12
2026/05/08,3231,緯創,30~40張,1276,-6,1.42,-0.01
2026/05/08,3231,緯創,400~600張,130,-3,1.97,-0.05
2026/05/08,3231,緯創,40~50張,852,-37,1.23,-0.06
2026/05/08,3231,緯創,50~100張,1391,-7,3.14,-0.01
2026/05/08,3231,緯創,5~10張,23641,-1145,5.73,-0.28
2026/05/08,3231,緯創,600~800張,63,0,1.37,0.01
2026/05/08,3231,緯創,800~1000張,36,2,1.02,0.05
2026/05/08,3231,緯創,千張大戶,282,0,57.91,1.26
2026/05/08,3231,緯創,零股散戶,111268,-3038,0.75,-0.02
2026/05/15,3231,緯創,100~200張,672,19,2.98,0.07
2026/05/15,3231,緯創,10~15張,7136,261,2.84,0.1
2026/05/15,3231,緯創,15~20張,4025,139,2.33,0.08
2026/05/15,3231,緯創,1~5張,214155,9518,13.17,0.6
2026/05/15,3231,緯創,200~400張,284,6,2.55,0.04
2026/05/15,3231,緯創,20~30張,3104,116,2.49,0.1
2026/05/15,3231,緯創,30~40張,1323,47,1.48,0.06
2026/05/15,3231,緯創,400~600張,130,0,1.98,0.01
2026/05/15,3231,緯創,40~50張,893,41,1.3,0.07
2026/05/15,3231,緯創,50~100張,1433,42,3.23,0.09
2026/05/15,3231,緯創,5~10張,24554,913,5.96,0.23
2026/05/15,3231,緯創,600~800張,58,-5,1.26,-0.11
2026/05/15,3231,緯創,800~1000張,38,2,1.09,0.07
2026/05/15,3231,緯創,千張大戶,271,-11,56.52,-1.39
2026/05/15,3231,緯創,零股散戶,114583,3315,0.76,0.01
2026/05/22,3231,緯創,100~200張,669,-3,2.98,0.0
2026/05/22,3231,緯創,10~15張,7094,-42,2.83,-0.01
2026/05/22,3231,緯創,15~20張,4025,0,2.33,0.0
2026/05/22,3231,緯創,1~5張,212668,-1487,13.09,-0.08
2026/05/22,3231,緯創,200~400張,279,-5,2.51,-0.04
2026/05/22,3231,緯創,20~30張,3086,-18,2.47,-0.02
2026/05/22,3231,緯創,30~40張,1291,-32,1.44,-0.04
2026/05/22,3231,緯創,400~600張,132,2,2.01,0.03
2026/05/22,3231,緯創,40~50張,882,-11,1.28,-0.02
2026/05/22,3231,緯創,50~100張,1426,-7,3.2,-0.03
2026/05/22,3231,緯創,5~10張,24504,-50,5.95,-0.01
2026/05/22,3231,緯創,600~800張,63,5,1.37,0.11
2026/05/22,3231,緯創,800~1000張,36,-2,1.03,-0.06
2026/05/22,3231,緯創,千張大戶,267,-4,56.7,0.18
2026/05/22,3231,緯創,零股散戶,113579,-1004,0.76,0.0
2026/05/29,3231,緯創,100~200張,628,-41,2.79,-0.19
2026/05/29,3231,緯創,10~15張,6633,-461,2.64,-0.19
2026/05/29,3231,緯創,15~20張,3825,-200,2.21,-0.12
2026/05/29,3231,緯創,1~5張,207342,-5326,12.63,-0.46
2026/05/29,3231,緯創,200~400張,285,6,2.57,0.06
2026/05/29,3231,緯創,20~30張,2958,-128,2.36,-0.11
2026/05/29,3231,緯創,30~40張,1230,-61,1.37,-0.07
2026/05/29,3231,緯創,400~600張,126,-6,1.92,-0.09
2026/05/29,3231,緯創,40~50張,872,-10,1.27,-0.01
2026/05/29,3231,緯創,50~100張,1395,-31,3.13,-0.07
2026/05/29,3231,緯創,5~10張,23146,-1358,5.62,-0.33
2026/05/29,3231,緯創,600~800張,63,0,1.36,-0.01
2026/05/29,3231,緯創,800~1000張,39,3,1.11,0.08
2026/05/29,3231,緯創,千張大戶,272,5,58.18,1.48
2026/05/29,3231,緯創,零股散戶,114957,1378,0.75,-0.01
2026/06/05,3231,緯創,100~200張,570,-58,2.53,-0.26
2026/06/05,3231,緯創,10~15張,5692,-941,2.26,-0.38
2026/06/05,3231,緯創,15~20張,3280,-545,1.9,-0.31
2026/06/05,3231,緯創,1~5張,204481,-2861,12.04,-0.59
2026/06/05,3231,緯創,200~400張,267,-18,2.4,-0.17
2026/06/05,3231,緯創,20~30張,2484,-474,1.98,-0.38
2026/06/05,3231,緯創,30~40張,1056,-174,1.18,-0.19
2026/06/05,3231,緯創,400~600張,128,2,1.95,0.03
2026/06/05,3231,緯創,40~50張,754,-118,1.09,-0.18
2026/06/05,3231,緯創,50~100張,1227,-168,2.75,-0.38
2026/06/05,3231,緯創,5~10張,20362,-2784,4.96,-0.66
2026/06/05,3231,緯創,600~800張,61,-2,1.33,-0.03
2026/06/05,3231,緯創,800~1000張,37,-2,1.06,-0.05
2026/06/05,3231,緯創,千張大戶,289,17,61.68,3.5
2026/06/05,3231,緯創,零股散戶,131988,17031,0.81,0.06
2026/06/12,3231,緯創,100~200張,589,19,2.62,0.09
2026/06/12,3231,緯創,10~15張,5912,220,2.35,0.09
2026/06/12,3231,緯創,15~20張,3375,95,1.96,0.06
2026/06/12,3231,緯創,1~5張,210682,6201,12.52,0.48
2026/06/12,3231,緯創,200~400張,269,2,2.42,0.02
2026/06/12,3231,緯創,20~30張,2575,91,2.05,0.07
2026/06/12,3231,緯創,30~40張,1107,51,1.23,0.05
2026/06/12,3231,緯創,400~600張,128,0,1.95,0.0
2026/06/12,3231,緯創,40~50張,757,3,1.1,0.01
2026/06/12,3231,緯創,50~100張,1249,22,2.8,0.05
2026/06/12,3231,緯創,5~10張,21124,762,5.14,0.18
2026/06/12,3231,緯創,600~800張,57,-4,1.24,-0.09
2026/06/12,3231,緯創,800~1000張,37,0,1.05,-0.01
2026/06/12,3231,緯創,千張大戶,287,-2,60.64,-1.04
2026/06/12,3231,緯創,零股散戶,136267,4279,0.85,0.04
2026/06/26,3231,緯創,100~200張,611,14,2.72,0.06
2026/06/26,3231,緯創,10~15張,6182,240,2.46,0.1
2026/06/26,3231,緯創,15~20張,3566,149,2.07,0.09
2026/06/26,3231,緯創,1~5張,223632,9196,13.28,0.55
2026/06/26,3231,緯創,200~400張,265,-6,2.36,-0.06
2026/06/26,3231,緯創,20~30張,2739,110,2.18,0.09
2026/06/26,3231,緯創,30~40張,1133,17,1.26,0.02
2026/06/26,3231,緯創,400~600張,130,-3,1.96,-0.06
2026/06/26,3231,緯創,40~50張,792,24,1.15,0.04
2026/06/26,3231,緯創,50~100張,1305,25,2.93,0.06
2026/06/26,3231,緯創,5~10張,22277,863,5.43,0.21
2026/06/26,3231,緯創,600~800張,59,3,1.28,0.07
2026/06/26,3231,緯創,800~1000張,40,3,1.13,0.07
2026/06/26,3231,緯創,千張大戶,284,-8,58.83,-1.25
2026/06/26,3231,緯創,零股散戶,139334,1998,0.88,0.02
2026/07/03,3231,緯創,100~200張,611,0,2.72,0.0
2026/07/03,3231,緯創,10~15張,6278,96,2.5,0.04
2026/07/03,3231,緯創,15~20張,3616,50,2.1,0.03
2026/07/03,3231,緯創,1~5張,225401,1769,13.41,0.13
2026/07/03,3231,緯創,200~400張,270,5,2.4,0.04
2026/07/03,3231,緯創,20~30張,2796,57,2.23,0.05
2026/07/03,3231,緯創,30~40張,1142,9,1.28,0.02
2026/07/03,3231,緯創,400~600張,128,-2,1.95,-0.01
2026/07/03,3231,緯創,40~50張,793,1,1.15,0.0
2026/07/03,3231,緯創,50~100張,1305,0,2.93,0.0
2026/07/03,3231,緯創,5~10張,22628,351,5.52,0.09
2026/07/03,3231,緯創,600~800張,57,-2,1.23,-0.05
2026/07/03,3231,緯創,800~1000張,39,-1,1.09,-0.04
2026/07/03,3231,緯創,千張大戶,281,-3,58.54,-0.29
2026/07/03,3231,緯創,零股散戶,138875,-459,0.88,0.0
2026/07/17,3231,緯創,100~200張,633,2,2.83,0.02
2026/07/17,3231,緯創,10~15張,6654,85,2.65,0.03
2026/07/17,3231,緯創,15~20張,3865,80,2.25,0.05
2026/07/17,3231,緯創,1~5張,231452,434,13.92,0.09
2026/07/17,3231,緯創,200~400張,281,4,2.51,0.04
2026/07/17,3231,緯創,20~30張,2991,77,2.39,0.07
2026/07/17,3231,緯創,30~40張,1179,-2,1.32,0.0
2026/07/17,3231,緯創,400~600張,119,-10,1.83,-0.15
2026/07/17,3231,緯創,40~50張,853,32,1.24,0.05
2026/07/17,3231,緯創,50~100張,1347,-12,3.02,-0.03
2026/07/17,3231,緯創,5~10張,23683,161,5.76,0.03
2026/07/17,3231,緯創,600~800張,56,2,1.2,0.03
2026/07/17,3231,緯創,800~1000張,41,3,1.15,0.09
2026/07/17,3231,緯創,千張大戶,282,3,56.96,-0.34
2026/07/17,3231,緯創,零股散戶,139287,107,0.9,0.01
2026/07/24,3231,緯創,100~200張,599,-34,2.66,-0.17
2026/07/24,3231,緯創,10~15張,5966,-688,2.37,-0.28
2026/07/24,3231,緯創,15~20張,3476,-389,2.02,-0.23
2026/07/24,3231,緯創,1~5張,210935,-20517,12.54,-1.38
2026/07/24,3231,緯創,200~400張,272,-9,2.41,-0.1
2026/07/24,3231,緯創,20~30張,2686,-305,2.14,-0.25
2026/07/24,3231,緯創,30~40張,1071,-108,1.2,-0.12
2026/07/24,3231,緯創,400~600張,111,-8,1.7,-0.13
2026/07/24,3231,緯創,40~50張,756,-97,1.09,-0.15
2026/07/24,3231,緯創,50~100張,1261,-86,2.83,-0.19
2026/07/24,3231,緯創,5~10張,21262,-2421,5.17,-0.59
2026/07/24,3231,緯創,600~800張,55,-1,1.2,0.0
2026/07/24,3231,緯創,800~1000張,35,-6,0.98,-0.17
2026/07/24,3231,緯創,千張大戶,290,8,60.75,3.79
2026/07/24,3231,緯創,零股散戶,135376,-3911,0.85,-0.05
2026/07/31,3231,緯創,100~200張,579,-20,2.56,-0.1
2026/07/31,3231,緯創,10~15張,5771,-195,2.29,-0.08
2026/07/31,3231,緯創,15~20張,3307,-169,1.92,-0.1
2026/07/31,3231,緯創,1~5張,201179,-9756,11.93,-0.61
2026/07/31,3231,緯創,200~400張,269,-3,2.38,-0.03
2026/07/31,3231,緯創,20~30張,2552,-134,2.03,-0.11
2026/07/31,3231,緯創,30~40張,1051,-20,1.17,-0.03
2026/07/31,3231,緯創,400~600張,113,2,1.73,0.03
2026/07/31,3231,緯創,40~50張,749,-7,1.08,-0.01
2026/07/31,3231,緯創,50~100張,1221,-40,2.74,-0.09
2026/07/31,3231,緯創,5~10張,20230,-1032,4.92,-0.25
2026/07/31,3231,緯創,600~800張,54,-1,1.17,-0.03
2026/07/31,3231,緯創,800~1000張,39,4,1.1,0.12
2026/07/31,3231,緯創,千張大戶,290,0,62.08,1.33
2026/07/31,3231,緯創,零股散戶,132546,-2830,0.82,-0.03
2026/04/24,3413,京鼎,100~200張,37,3,4.82,0.63
2026/04/24,3413,京鼎,10~15張,288,0,3.29,-0.01
2026/04/24,3413,京鼎,15~20張,141,4,2.31,0.09
2026/04/24,3413,京鼎,1~5張,12377,-63,19.61,-0.07
2026/04/24,3413,京鼎,200~400張,26,-2,6.45,-0.23
2026/04/24,3413,京鼎,20~30張,112,-5,2.57,-0.13
2026/04/24,3413,京鼎,30~40張,47,-2,1.5,-0.05
2026/04/24,3413,京鼎,400~600張,10,0,4.3,-0.02
2026/04/24,3413,京鼎,40~50張,37,2,1.51,0.09
2026/04/24,3413,京鼎,50~100張,80,-1,5.37,-0.2
2026/04/24,3413,京鼎,5~10張,966,-17,6.66,-0.1
2026/04/24,3413,京鼎,600~800張,5,-2,3.15,-1.1
2026/04/24,3413,京鼎,800~1000張,5,1,4.09,0.8
2026/04/24,3413,京鼎,千張大戶,11,0,32.6,0.32
2026/04/24,3413,京鼎,零股散戶,13840,-44,1.69,-0.01
2026/05/08,3413,京鼎,100~200張,40,5,5.15,0.55
2026/05/08,3413,京鼎,10~15張,301,6,3.45,0.07
2026/05/08,3413,京鼎,15~20張,136,-5,2.2,-0.09
2026/05/08,3413,京鼎,1~5張,13114,445,20.81,0.75
2026/05/08,3413,京鼎,200~400張,26,-3,6.54,-0.58
2026/05/08,3413,京鼎,20~30張,126,10,2.9,0.22
2026/05/08,3413,京鼎,30~40張,53,5,1.69,0.16
2026/05/08,3413,京鼎,400~600張,6,-1,2.57,-0.43
2026/05/08,3413,京鼎,40~50張,38,1,1.55,0.04
2026/05/08,3413,京鼎,50~100張,75,-13,5.07,-0.85
2026/05/08,3413,京鼎,5~10張,1005,35,6.89,0.25
2026/05/08,3413,京鼎,600~800張,5,1,3.09,0.55
2026/05/08,3413,京鼎,800~1000張,3,-3,2.39,-2.36
2026/05/08,3413,京鼎,千張大戶,13,2,33.83,1.67
2026/05/08,3413,京鼎,零股散戶,14217,235,1.78,0.04
2026/05/15,3413,京鼎,100~200張,38,-2,4.93,-0.22
2026/05/15,3413,京鼎,10~15張,273,-28,3.13,-0.32
2026/05/15,3413,京鼎,15~20張,126,-10,2.05,-0.15
2026/05/15,3413,京鼎,1~5張,12556,-558,19.91,-0.9
2026/05/15,3413,京鼎,200~400張,24,-2,6.13,-0.41
2026/05/15,3413,京鼎,20~30張,120,-6,2.77,-0.13
2026/05/15,3413,京鼎,30~40張,48,-5,1.53,-0.16
2026/05/15,3413,京鼎,400~600張,7,1,2.95,0.38
2026/05/15,3413,京鼎,40~50張,36,-2,1.47,-0.08
2026/05/15,3413,京鼎,50~100張,78,3,5.12,0.05
2026/05/15,3413,京鼎,5~10張,952,-53,6.59,-0.3
2026/05/15,3413,京鼎,600~800張,5,0,3.18,0.09
2026/05/15,3413,京鼎,800~1000張,3,0,2.52,0.13
2026/05/15,3413,京鼎,千張大戶,14,1,35.89,2.06
2026/05/15,3413,京鼎,零股散戶,14164,-53,1.76,-0.02
2026/05/22,3413,京鼎,100~200張,34,-4,4.3,-0.63
2026/05/22,3413,京鼎,10~15張,255,-18,2.92,-0.21
2026/05/22,3413,京鼎,15~20張,117,-9,1.92,-0.13
2026/05/22,3413,京鼎,1~5張,11561,-995,18.27,-1.64
2026/05/22,3413,京鼎,200~400張,29,5,7.07,0.94
2026/05/22,3413,京鼎,20~30張,116,-4,2.68,-0.09
2026/05/22,3413,京鼎,30~40張,46,-2,1.47,-0.06
2026/05/22,3413,京鼎,400~600張,7,0,3.0,0.05
2026/05/22,3413,京鼎,40~50張,32,-4,1.31,-0.16
2026/05/22,3413,京鼎,50~100張,74,-4,4.86,-0.26
2026/05/22,3413,京鼎,5~10張,874,-78,6.07,-0.52
2026/05/22,3413,京鼎,600~800張,4,-1,2.38,-0.8
2026/05/22,3413,京鼎,800~1000張,3,0,2.56,0.04
2026/05/22,3413,京鼎,千張大戶,15,1,39.47,3.58
2026/05/22,3413,京鼎,零股散戶,13608,-556,1.64,-0.12
2026/05/29,3413,京鼎,100~200張,36,2,4.51,0.21
2026/05/29,3413,京鼎,10~15張,251,-4,2.87,-0.05
2026/05/29,3413,京鼎,15~20張,114,-3,1.85,-0.07
2026/05/29,3413,京鼎,1~5張,13128,1567,20.28,2.01
2026/05/29,3413,京鼎,200~400張,30,1,7.6,0.53
2026/05/29,3413,京鼎,20~30張,122,6,2.82,0.14
2026/05/29,3413,京鼎,30~40張,41,-5,1.28,-0.19
2026/05/29,3413,京鼎,400~600張,9,2,4.09,1.09
2026/05/29,3413,京鼎,40~50張,34,2,1.38,0.07
2026/05/29,3413,京鼎,50~100張,72,-2,4.71,-0.15
2026/05/29,3413,京鼎,5~10張,940,66,6.51,0.44
2026/05/29,3413,京鼎,600~800張,3,-1,1.93,-0.45
2026/05/29,3413,京鼎,800~1000張,1,-2,0.75,-1.81
2026/05/29,3413,京鼎,千張大戶,13,-2,37.56,-1.91
2026/05/29,3413,京鼎,零股散戶,14615,1007,1.78,0.14
2026/06/05,3413,京鼎,100~200張,34,-2,4.13,-0.38
2026/06/05,3413,京鼎,10~15張,252,1,2.9,0.03
2026/06/05,3413,京鼎,15~20張,118,4,1.93,0.08
2026/06/05,3413,京鼎,1~5張,13701,573,21.11,0.83
2026/06/05,3413,京鼎,200~400張,24,-6,6.15,-1.45
2026/06/05,3413,京鼎,20~30張,118,-4,2.76,-0.06
2026/06/05,3413,京鼎,30~40張,42,1,1.35,0.07
2026/06/05,3413,京鼎,400~600張,12,3,5.33,1.24
2026/06/05,3413,京鼎,40~50張,31,-3,1.27,-0.11
2026/06/05,3413,京鼎,50~100張,77,5,5.18,0.47
2026/06/05,3413,京鼎,5~10張,975,35,6.74,0.23
2026/06/05,3413,京鼎,600~800張,3,0,1.84,-0.09
2026/06/05,3413,京鼎,800~1000張,0,-1,0.0,-0.75
2026/06/05,3413,京鼎,千張大戶,13,0,37.32,-0.24
2026/06/05,3413,京鼎,零股散戶,15179,564,1.9,0.12
2026/06/12,3413,京鼎,100~200張,36,2,4.49,0.36
2026/06/12,3413,京鼎,10~15張,277,25,3.18,0.28
2026/06/12,3413,京鼎,15~20張,131,13,2.14,0.21
2026/06/12,3413,京鼎,1~5張,14053,352,21.83,0.72
2026/06/12,3413,京鼎,200~400張,25,1,6.55,0.4
2026/06/12,3413,京鼎,20~30張,120,2,2.79,0.03
2026/06/12,3413,京鼎,30~40張,48,6,1.53,0.18
2026/06/12,3413,京鼎,400~600張,7,-5,3.09,-2.24
2026/06/12,3413,京鼎,40~50張,29,-2,1.17,-0.1
2026/06/12,3413,京鼎,50~100張,80,3,5.3,0.12
2026/06/12,3413,京鼎,5~10張,1008,33,6.92,0.18
2026/06/12,3413,京鼎,600~800張,4,1,2.47,0.63
2026/06/12,3413,京鼎,800~1000張,0,0,0.0,0.0
2026/06/12,3413,京鼎,千張大戶,12,-1,36.49,-0.83
2026/06/12,3413,京鼎,零股散戶,15350,171,1.97,0.07
2026/06/26,3413,京鼎,100~200張,34,-3,4.3,-0.24
2026/06/26,3413,京鼎,10~15張,265,6,3.05,0.1
2026/06/26,3413,京鼎,15~20張,125,-3,2.04,-0.05
2026/06/26,3413,京鼎,1~5張,13442,288,20.87,0.43
2026/06/26,3413,京鼎,200~400張,30,0,7.63,-0.04
2026/06/26,3413,京鼎,20~30張,120,9,2.77,0.2
2026/06/26,3413,京鼎,30~40張,40,-1,1.27,-0.03
2026/06/26,3413,京鼎,400~600張,11,0,4.87,-0.25
2026/06/26,3413,京鼎,40~50張,39,1,1.58,0.01
2026/06/26,3413,京鼎,50~100張,79,4,5.18,0.17
2026/06/26,3413,京鼎,5~10張,981,25,6.73,0.17
2026/06/26,3413,京鼎,600~800張,1,-2,0.6,-1.2
2026/06/26,3413,京鼎,800~1000張,2,1,1.49,0.76
2026/06/26,3413,京鼎,千張大戶,11,0,35.66,-0.06
2026/06/26,3413,京鼎,零股散戶,15048,213,1.89,0.02
2026/07/03,3413,京鼎,100~200張,38,4,4.72,0.42
2026/07/03,3413,京鼎,10~15張,238,-27,2.73,-0.32
2026/07/03,3413,京鼎,15~20張,118,-7,1.92,-0.12
2026/07/03,3413,京鼎,1~5張,11022,-2420,17.34,-3.53
2026/07/03,3413,京鼎,200~400張,26,-4,6.65,-0.98
2026/07/03,3413,京鼎,20~30張,106,-14,2.49,-0.28
2026/07/03,3413,京鼎,30~40張,39,-1,1.25,-0.02
2026/07/03,3413,京鼎,400~600張,8,-3,3.68,-1.19
2026/07/03,3413,京鼎,40~50張,35,-4,1.43,-0.15
2026/07/03,3413,京鼎,50~100張,74,-5,4.73,-0.45
2026/07/03,3413,京鼎,5~10張,862,-119,5.91,-0.82
2026/07/03,3413,京鼎,600~800張,3,2,1.75,1.15
2026/07/03,3413,京鼎,800~1000張,0,-2,0.0,-1.49
2026/07/03,3413,京鼎,千張大戶,17,6,43.67,8.01
2026/07/03,3413,京鼎,零股散戶,13852,-1196,1.67,-0.22
2026/07/17,3413,京鼎,100~200張,38,1,4.63,0.21
2026/07/17,3413,京鼎,10~15張,206,-26,2.36,-0.3
2026/07/17,3413,京鼎,15~20張,99,-13,1.62,-0.22
2026/07/17,3413,京鼎,1~5張,9306,-838,14.67,-1.28
2026/07/17,3413,京鼎,200~400張,31,-1,8.09,-0.51
2026/07/17,3413,京鼎,20~30張,106,1,2.46,0.05
2026/07/17,3413,京鼎,30~40張,46,9,1.48,0.3
2026/07/17,3413,京鼎,400~600張,6,1,2.72,0.29
2026/07/17,3413,京鼎,40~50張,28,-13,1.13,-0.55
2026/07/17,3413,京鼎,50~100張,64,-14,4.16,-0.93
2026/07/17,3413,京鼎,5~10張,765,-34,5.27,-0.18
2026/07/17,3413,京鼎,600~800張,6,0,3.57,-0.04
2026/07/17,3413,京鼎,800~1000張,2,2,1.64,1.64
2026/07/17,3413,京鼎,千張大戶,18,1,44.67,1.62
2026/07/17,3413,京鼎,零股散戶,13180,-328,1.48,-0.09
2026/07/24,3413,京鼎,100~200張,33,-5,3.91,-0.72
2026/07/24,3413,京鼎,10~15張,232,26,2.67,0.31
2026/07/24,3413,京鼎,15~20張,102,3,1.66,0.04
2026/07/24,3413,京鼎,1~5張,9549,243,15.06,0.39
2026/07/24,3413,京鼎,200~400張,34,3,8.95,0.86
2026/07/24,3413,京鼎,20~30張,98,-8,2.25,-0.21
2026/07/24,3413,京鼎,30~40張,54,8,1.76,0.28
2026/07/24,3413,京鼎,400~600張,6,0,2.76,0.04
2026/07/24,3413,京鼎,40~50張,31,3,1.27,0.14
2026/07/24,3413,京鼎,50~100張,69,5,4.38,0.22
2026/07/24,3413,京鼎,5~10張,793,28,5.45,0.18
2026/07/24,3413,京鼎,600~800張,4,-2,2.39,-1.18
2026/07/24,3413,京鼎,800~1000張,3,1,2.5,0.86
2026/07/24,3413,京鼎,千張大戶,17,-1,43.4,-1.27
2026/07/24,3413,京鼎,零股散戶,13571,391,1.53,0.05
2026/07/31,3413,京鼎,100~200張,35,2,4.26,0.35
2026/07/31,3413,京鼎,10~15張,261,29,3.0,0.33
2026/07/31,3413,京鼎,15~20張,106,4,1.72,0.06
2026/07/31,3413,京鼎,1~5張,10129,580,16.21,1.15
2026/07/31,3413,京鼎,200~400張,31,-3,7.79,-1.16
2026/07/31,3413,京鼎,20~30張,101,3,2.29,0.04
2026/07/31,3413,京鼎,30~40張,58,4,1.87,0.11
2026/07/31,3413,京鼎,400~600張,7,1,3.24,0.48
2026/07/31,3413,京鼎,40~50張,32,1,1.32,0.05
2026/07/31,3413,京鼎,50~100張,71,2,4.55,0.17
2026/07/31,3413,京鼎,5~10張,833,40,5.7,0.25
2026/07/31,3413,京鼎,600~800張,6,2,3.76,1.37
2026/07/31,3413,京鼎,800~1000張,2,-1,1.58,-0.92
2026/07/31,3413,京鼎,千張大戶,15,-2,41.02,-2.38
2026/07/31,3413,京鼎,零股散戶,13767,196,1.61,0.08
2026/04/24,3443,創意,100~200張,51,-1,5.15,-0.14
2026/04/24,3443,創意,10~15張,144,-2,1.35,-0.02
2026/04/24,3443,創意,15~20張,79,0,1.04,0.0
2026/04/24,3443,創意,1~5張,3930,-86,4.85,-0.08
2026/04/24,3443,創意,200~400張,37,3,7.8,0.63
2026/04/24,3443,創意,20~30張,94,9,1.74,0.19
2026/04/24,3443,創意,30~40張,48,-6,1.26,-0.15
2026/04/24,3443,創意,400~600張,8,-2,2.94,-0.7
2026/04/24,3443,創意,40~50張,26,-5,0.86,-0.18
2026/04/24,3443,創意,50~100張,78,-4,4.07,-0.16
2026/04/24,3443,創意,5~10張,314,11,1.76,0.08
2026/04/24,3443,創意,600~800張,11,2,5.86,1.37
2026/04/24,3443,創意,800~1000張,5,-1,3.42,-0.52
2026/04/24,3443,創意,千張大戶,13,0,56.3,-0.25
2026/04/24,3443,創意,零股散戶,30116,-6,1.54,-0.06
2026/05/08,3443,創意,100~200張,55,6,5.59,0.72
2026/05/08,3443,創意,10~15張,146,1,1.38,0.02
2026/05/08,3443,創意,15~20張,87,8,1.16,0.12
2026/05/08,3443,創意,1~5張,3837,-141,4.74,-0.18
2026/05/08,3443,創意,200~400張,32,-3,6.79,-0.44
2026/05/08,3443,創意,20~30張,88,-12,1.61,-0.22
2026/05/08,3443,創意,30~40張,57,6,1.51,0.18
2026/05/08,3443,創意,400~600張,12,2,4.39,0.69
2026/05/08,3443,創意,40~50張,29,4,0.98,0.15
2026/05/08,3443,創意,50~100張,74,-3,3.94,-0.12
2026/05/08,3443,創意,5~10張,319,0,1.79,0.0
2026/05/08,3443,創意,600~800張,9,2,4.65,1.12
2026/05/08,3443,創意,800~1000張,5,-3,3.52,-1.79
2026/05/08,3443,創意,千張大戶,13,-1,56.44,-0.15
2026/05/08,3443,創意,零股散戶,33326,1495,1.52,-0.01
2026/05/15,3443,創意,100~200張,59,4,6.07,0.48
2026/05/15,3443,創意,10~15張,142,-4,1.33,-0.05
2026/05/15,3443,創意,15~20張,82,-5,1.09,-0.07
2026/05/15,3443,創意,1~5張,4166,329,5.09,0.35
2026/05/15,3443,創意,200~400張,36,4,7.64,0.85
2026/05/15,3443,創意,20~30張,92,4,1.71,0.1
2026/05/15,3443,創意,30~40張,49,-8,1.27,-0.24
2026/05/15,3443,創意,400~600張,10,-2,3.49,-0.9
2026/05/15,3443,創意,40~50張,30,1,1.01,0.03
2026/05/15,3443,創意,50~100張,73,-1,3.95,0.01
2026/05/15,3443,創意,5~10張,304,-15,1.69,-0.1
2026/05/15,3443,創意,600~800張,10,1,5.04,0.39
2026/05/15,3443,創意,800~1000張,4,-1,2.7,-0.82
2026/05/15,3443,創意,千張大戶,13,0,56.15,-0.29
2026/05/15,3443,創意,零股散戶,44248,10922,1.76,0.24
2026/05/22,3443,創意,100~200張,53,-6,5.48,-0.59
2026/05/22,3443,創意,10~15張,147,5,1.38,0.05
2026/05/22,3443,創意,15~20張,82,0,1.09,0.0
2026/05/22,3443,創意,1~5張,4093,-73,5.01,-0.08
2026/05/22,3443,創意,200~400張,38,2,8.07,0.43
2026/05/22,3443,創意,20~30張,101,9,1.89,0.18
2026/05/22,3443,創意,30~40張,46,-3,1.21,-0.06
2026/05/22,3443,創意,400~600張,7,-3,2.41,-1.08
2026/05/22,3443,創意,40~50張,29,-1,0.98,-0.03
2026/05/22,3443,創意,50~100張,80,7,4.4,0.45
2026/05/22,3443,創意,5~10張,304,0,1.69,0.0
2026/05/22,3443,創意,600~800張,11,1,5.54,0.5
2026/05/22,3443,創意,800~1000張,4,0,2.77,0.07
2026/05/22,3443,創意,千張大戶,14,1,56.18,0.03
2026/05/22,3443,創意,零股散戶,45891,1643,1.84,0.08
2026/05/29,3443,創意,100~200張,52,-1,5.42,-0.06
2026/05/29,3443,創意,10~15張,147,0,1.38,0.0
2026/05/29,3443,創意,15~20張,79,-3,1.05,-0.04
2026/05/29,3443,創意,1~5張,4385,292,5.39,0.38
2026/05/29,3443,創意,200~400張,33,-5,6.97,-1.1
2026/05/29,3443,創意,20~30張,104,3,1.93,0.04
2026/05/29,3443,創意,30~40張,45,-1,1.17,-0.04
2026/05/29,3443,創意,400~600張,13,6,4.53,2.12
2026/05/29,3443,創意,40~50張,27,-2,0.93,-0.05
2026/05/29,3443,創意,50~100張,88,8,4.81,0.41
2026/05/29,3443,創意,5~10張,318,14,1.78,0.09
2026/05/29,3443,創意,600~800張,10,-1,5.15,-0.39
2026/05/29,3443,創意,800~1000張,4,0,2.69,-0.08
2026/05/29,3443,創意,千張大戶,13,-1,54.65,-1.53
2026/05/29,3443,創意,零股散戶,52324,6433,2.06,0.22
2026/06/05,3443,創意,100~200張,51,-1,5.36,-0.06
2026/06/05,3443,創意,10~15張,148,1,1.4,0.02
2026/06/05,3443,創意,15~20張,86,7,1.15,0.1
2026/06/05,3443,創意,1~5張,4731,346,5.71,0.32
2026/06/05,3443,創意,200~400張,35,2,7.28,0.31
2026/06/05,3443,創意,20~30張,104,0,1.94,0.01
2026/06/05,3443,創意,30~40張,51,6,1.34,0.17
2026/06/05,3443,創意,400~600張,14,1,5.06,0.53
2026/06/05,3443,創意,40~50張,27,0,0.91,-0.02
2026/06/05,3443,創意,50~100張,80,-8,4.23,-0.58
2026/06/05,3443,創意,5~10張,345,27,1.92,0.14
2026/06/05,3443,創意,600~800張,9,-1,4.75,-0.4
2026/06/05,3443,創意,800~1000張,5,1,3.5,0.81
2026/06/05,3443,創意,千張大戶,12,-1,52.94,-1.71
2026/06/05,3443,創意,零股散戶,61918,9594,2.45,0.39
2026/06/12,3443,創意,100~200張,52,1,5.56,0.2
2026/06/12,3443,創意,10~15張,155,7,1.46,0.06
2026/06/12,3443,創意,15~20張,87,1,1.17,0.02
2026/06/12,3443,創意,1~5張,4866,135,5.86,0.15
2026/06/12,3443,創意,200~400張,31,-4,6.49,-0.79
2026/06/12,3443,創意,20~30張,99,-5,1.84,-0.1
2026/06/12,3443,創意,30~40張,54,3,1.42,0.08
2026/06/12,3443,創意,400~600張,15,1,5.2,0.14
2026/06/12,3443,創意,40~50張,28,1,0.95,0.04
2026/06/12,3443,創意,50~100張,75,-5,4.02,-0.21
2026/06/12,3443,創意,5~10張,340,-5,1.89,-0.03
2026/06/12,3443,創意,600~800張,8,-1,4.18,-0.57
2026/06/12,3443,創意,800~1000張,6,1,4.09,0.59
2026/06/12,3443,創意,千張大戶,12,0,53.2,0.26
2026/06/12,3443,創意,零股散戶,63860,1942,2.6,0.15
2026/06/26,3443,創意,100~200張,45,-5,4.72,-0.55
2026/06/26,3443,創意,10~15張,159,4,1.5,0.04
2026/06/26,3443,創意,15~20張,94,7,1.26,0.09
2026/06/26,3443,創意,1~5張,4541,83,5.55,0.11
2026/06/26,3443,創意,200~400張,39,1,8.51,0.53
2026/06/26,3443,創意,20~30張,112,5,2.07,0.08
2026/06/26,3443,創意,30~40張,50,0,1.32,0.0
2026/06/26,3443,創意,400~600張,16,-1,5.7,-0.35
2026/06/26,3443,創意,40~50張,31,1,1.05,0.04
2026/06/26,3443,創意,50~100張,89,4,4.71,0.18
2026/06/26,3443,創意,5~10張,331,-9,1.81,-0.06
2026/06/26,3443,創意,600~800張,8,2,4.09,0.96
2026/06/26,3443,創意,800~1000張,3,-1,1.92,-0.63
2026/06/26,3443,創意,千張大戶,12,-1,53.43,-0.45
2026/06/26,3443,創意,零股散戶,55786,394,2.26,0.0
2026/07/03,3443,創意,100~200張,47,2,4.92,0.2
2026/07/03,3443,創意,10~15張,160,1,1.51,0.01
2026/07/03,3443,創意,15~20張,89,-5,1.19,-0.07
2026/07/03,3443,創意,1~5張,4279,-262,5.27,-0.28
2026/07/03,3443,創意,200~400張,41,2,9.12,0.61
2026/07/03,3443,創意,20~30張,114,2,2.12,0.05
2026/07/03,3443,創意,30~40張,51,1,1.36,0.04
2026/07/03,3443,創意,400~600張,16,0,5.72,0.02
2026/07/03,3443,創意,40~50張,36,5,1.21,0.16
2026/07/03,3443,創意,50~100張,85,-4,4.67,-0.04
2026/07/03,3443,創意,5~10張,321,-10,1.76,-0.05
2026/07/03,3443,創意,600~800張,7,-1,3.55,-0.54
2026/07/03,3443,創意,800~1000張,3,0,1.92,0.0
2026/07/03,3443,創意,千張大戶,12,0,53.51,0.08
2026/07/03,3443,創意,零股散戶,51577,-4209,2.08,-0.18
2026/07/17,3443,創意,100~200張,49,6,5.06,0.67
2026/07/17,3443,創意,10~15張,153,-5,1.46,-0.05
2026/07/17,3443,創意,15~20張,89,1,1.18,0.0
2026/07/17,3443,創意,1~5張,4877,181,5.93,0.19
2026/07/17,3443,創意,200~400張,42,0,9.04,-0.06
2026/07/17,3443,創意,20~30張,118,1,2.19,0.01
2026/07/17,3443,創意,30~40張,44,-2,1.18,-0.05
2026/07/17,3443,創意,400~600張,17,0,5.93,0.14
2026/07/17,3443,創意,40~50張,37,2,1.25,0.08
2026/07/17,3443,創意,50~100張,73,-11,3.97,-0.62
2026/07/17,3443,創意,5~10張,352,21,1.95,0.12
2026/07/17,3443,創意,600~800張,8,-1,3.98,-0.44
2026/07/17,3443,創意,800~1000張,2,0,1.33,0.06
2026/07/17,3443,創意,千張大戶,12,0,53.0,-0.2
2026/07/17,3443,創意,零股散戶,60990,2507,2.46,0.14
2026/07/24,3443,創意,100~200張,50,1,5.23,0.17
2026/07/24,3443,創意,10~15張,150,-3,1.43,-0.03
2026/07/24,3443,創意,15~20張,88,-1,1.18,0.0
2026/07/24,3443,創意,1~5張,4803,-74,5.88,-0.05
2026/07/24,3443,創意,200~400張,40,-2,8.81,-0.23
2026/07/24,3443,創意,20~30張,114,-4,2.11,-0.08
2026/07/24,3443,創意,30~40張,51,7,1.36,0.18
2026/07/24,3443,創意,400~600張,16,-1,5.65,-0.28
2026/07/24,3443,創意,40~50張,35,-2,1.17,-0.08
2026/07/24,3443,創意,50~100張,79,6,4.25,0.28
2026/07/24,3443,創意,5~10張,340,-12,1.91,-0.04
2026/07/24,3443,創意,600~800張,7,-1,3.5,-0.48
2026/07/24,3443,創意,800~1000張,3,1,1.96,0.63
2026/07/24,3443,創意,千張大戶,12,0,53.03,0.03
2026/07/24,3443,創意,零股散戶,59979,-1011,2.46,0.0
2026/07/31,3443,創意,100~200張,50,0,5.22,-0.01
2026/07/31,3443,創意,10~15張,161,11,1.54,0.11
2026/07/31,3443,創意,15~20張,83,-5,1.1,-0.08
2026/07/31,3443,創意,1~5張,4921,118,6.05,0.17
2026/07/31,3443,創意,200~400張,40,0,8.6,-0.21
2026/07/31,3443,創意,20~30張,107,-7,1.97,-0.14
2026/07/31,3443,創意,30~40張,59,8,1.57,0.21
2026/07/31,3443,創意,400~600張,15,-1,5.47,-0.18
2026/07/31,3443,創意,40~50張,31,-4,1.03,-0.14
2026/07/31,3443,創意,50~100張,83,4,4.34,0.09
2026/07/31,3443,創意,5~10張,348,8,1.95,0.04
2026/07/31,3443,創意,600~800張,6,-1,3.18,-0.32
2026/07/31,3443,創意,800~1000張,4,1,2.7,0.74
2026/07/31,3443,創意,千張大戶,12,0,52.66,-0.37
2026/07/31,3443,創意,零股散戶,61270,1291,2.55,0.09
2026/04/24,3481,群創,100~200張,3383,117,5.94,0.24
2026/04/24,3481,群創,10~15張,26571,1289,4.2,0.21
2026/04/24,3481,群創,15~20張,19538,750,4.42,0.18
2026/04/24,3481,群創,1~5張,393180,1223,11.31,0.14
2026/04/24,3481,群創,200~400張,1392,55,4.85,0.19
2026/04/24,3481,群創,20~30張,15481,801,4.91,0.26
2026/04/24,3481,群創,30~40張,7853,329,3.48,0.14
2026/04/24,3481,群創,400~600張,400,11,2.43,0.09
2026/04/24,3481,群創,40~50張,4873,223,2.81,0.12
2026/04/24,3481,群創,50~100張,8477,281,7.61,0.26
2026/04/24,3481,群創,5~10張,86123,3074,8.42,0.29
2026/04/24,3481,群創,600~800張,186,8,1.62,0.07
2026/04/24,3481,群創,800~1000張,107,8,1.19,0.1
2026/04/24,3481,群創,千張大戶,453,-7,35.96,-2.27
2026/04/24,3481,群創,零股散戶,195610,-2325,0.78,0.0
2026/05/08,3481,群創,100~200張,3099,-308,5.44,-0.53
2026/05/08,3481,群創,10~15張,22973,-3832,3.61,-0.62
2026/05/08,3481,群創,15~20張,17457,-2393,3.94,-0.55
2026/05/08,3481,群創,1~5張,354334,-37937,10.09,-1.24
2026/05/08,3481,群創,200~400張,1318,-87,4.6,-0.31
2026/05/08,3481,群創,20~30張,13649,-2059,4.32,-0.67
2026/05/08,3481,群創,30~40張,6974,-1024,3.08,-0.47
2026/05/08,3481,群創,400~600張,375,-21,2.27,-0.14
2026/05/08,3481,群創,40~50張,4428,-523,2.56,-0.3
2026/05/08,3481,群創,50~100張,7637,-921,6.88,-0.79
2026/05/08,3481,群創,5~10張,75606,-11686,7.39,-1.14
2026/05/08,3481,群創,600~800張,181,-5,1.58,-0.04
2026/05/08,3481,群創,800~1000張,95,-11,1.06,-0.12
2026/05/08,3481,群創,千張大戶,464,9,42.34,6.91
2026/05/08,3481,群創,零股散戶,192825,-1608,0.76,-0.01
2026/05/15,3481,群創,100~200張,2898,-201,5.06,-0.38
2026/05/15,3481,群創,10~15張,21244,-1729,3.34,-0.27
2026/05/15,3481,群創,15~20張,16294,-1163,3.68,-0.26
2026/05/15,3481,群創,1~5張,353587,-747,9.85,-0.24
2026/05/15,3481,群創,200~400張,1280,-38,4.47,-0.13
2026/05/15,3481,群創,20~30張,12698,-951,4.03,-0.29
2026/05/15,3481,群創,30~40張,6378,-596,2.83,-0.25
2026/05/15,3481,群創,400~600張,372,-3,2.26,-0.01
2026/05/15,3481,群創,40~50張,4093,-335,2.37,-0.19
2026/05/15,3481,群創,50~100張,7310,-327,6.59,-0.29
2026/05/15,3481,群創,5~10張,70321,-5285,6.9,-0.49
2026/05/15,3481,群創,600~800張,174,-7,1.52,-0.06
2026/05/15,3481,群創,800~1000張,96,1,1.08,0.02
2026/05/15,3481,群創,千張大戶,455,-9,45.21,2.87
2026/05/15,3481,群創,零股散戶,197052,4227,0.75,-0.01
2026/05/22,3481,群創,100~200張,2868,-30,5.01,-0.05
2026/05/22,3481,群創,10~15張,19961,-1283,3.14,-0.2
2026/05/22,3481,群創,15~20張,15258,-1036,3.44,-0.24
2026/05/22,3481,群創,1~5張,334216,-19371,9.27,-0.58
2026/05/22,3481,群創,200~400張,1255,-25,4.39,-0.08
2026/05/22,3481,群創,20~30張,12002,-696,3.8,-0.23
2026/05/22,3481,群創,30~40張,6013,-365,2.66,-0.17
2026/05/22,3481,群創,400~600張,352,-20,2.13,-0.13
2026/05/22,3481,群創,40~50張,3969,-124,2.3,-0.07
2026/05/22,3481,群創,50~100張,6984,-326,6.29,-0.3
2026/05/22,3481,群創,5~10張,65784,-4537,6.45,-0.45
2026/05/22,3481,群創,600~800張,174,0,1.51,-0.01
2026/05/22,3481,群創,800~1000張,97,1,1.09,0.01
2026/05/22,3481,群創,千張大戶,455,0,47.71,2.5
2026/05/22,3481,群創,零股散戶,197101,49,0.74,-0.01
2026/05/29,3481,群創,100~200張,3077,209,5.38,0.37
2026/05/29,3481,群創,10~15張,23846,3885,3.77,0.63
2026/05/29,3481,群創,15~20張,17833,2575,4.06,0.62
2026/05/29,3481,群創,1~5張,449971,115755,12.19,2.92
2026/05/29,3481,群創,200~400張,1318,63,4.59,0.2
2026/05/29,3481,群創,20~30張,13900,1898,4.41,0.61
2026/05/29,3481,群創,30~40張,6882,869,3.06,0.4
2026/05/29,3481,群創,400~600張,354,2,2.15,0.02
2026/05/29,3481,群創,40~50張,4426,457,2.56,0.26
2026/05/29,3481,群創,50~100張,7684,700,6.93,0.64
2026/05/29,3481,群創,5~10張,80228,14444,7.89,1.44
2026/05/29,3481,群創,600~800張,170,-4,1.47,-0.04
2026/05/29,3481,群創,800~1000張,98,1,1.11,0.02
2026/05/29,3481,群創,千張大戶,425,-30,39.56,-8.15
2026/05/29,3481,群創,零股散戶,225294,28193,0.81,0.07
2026/06/05,3481,群創,100~200張,2989,-88,5.23,-0.15
2026/06/05,3481,群創,10~15張,23261,-585,3.68,-0.09
2026/06/05,3481,群創,15~20張,16966,-867,3.86,-0.2
2026/06/05,3481,群創,1~5張,466671,16700,12.38,0.19
2026/06/05,3481,群創,200~400張,1225,-93,4.28,-0.31
2026/06/05,3481,群創,20~30張,13263,-637,4.21,-0.2
2026/06/05,3481,群創,30~40張,6654,-228,2.95,-0.11
2026/06/05,3481,群創,400~600張,353,-1,2.14,-0.01
2026/06/05,3481,群創,40~50張,4305,-121,2.5,-0.06
2026/06/05,3481,群創,50~100張,7346,-338,6.62,-0.31
2026/06/05,3481,群創,5~10張,78594,-1634,7.74,-0.15
2026/06/05,3481,群創,600~800張,164,-6,1.42,-0.05
2026/06/05,3481,群創,800~1000張,82,-16,0.92,-0.19
2026/06/05,3481,群創,千張大戶,422,-3,41.17,1.61
2026/06/05,3481,群創,零股散戶,240324,15030,0.84,0.03
2026/06/12,3481,群創,100~200張,2978,-11,5.19,-0.04
2026/06/12,3481,群創,10~15張,24482,1221,3.87,0.19
2026/06/12,3481,群創,15~20張,17378,412,3.95,0.09
2026/06/12,3481,群創,1~5張,477797,11126,12.83,0.45
2026/06/12,3481,群創,200~400張,1207,-18,4.2,-0.08
2026/06/12,3481,群創,20~30張,13614,351,4.31,0.1
2026/06/12,3481,群創,30~40張,6721,67,2.98,0.03
2026/06/12,3481,群創,400~600張,348,-5,2.12,-0.02
2026/06/12,3481,群創,40~50張,4330,25,2.51,0.01
2026/06/12,3481,群創,50~100張,7380,34,6.62,0.0
2026/06/12,3481,群創,5~10張,81914,3320,8.03,0.29
2026/06/12,3481,群創,600~800張,153,-11,1.33,-0.09
2026/06/12,3481,群創,800~1000張,82,0,0.92,0.0
2026/06/12,3481,群創,千張大戶,421,-1,40.22,-0.95
2026/06/12,3481,群創,零股散戶,243599,3275,0.85,0.01
2026/06/26,3481,群創,100~200張,3059,76,5.33,0.13
2026/06/26,3481,群創,10~15張,24050,230,3.81,0.04
2026/06/26,3481,群創,15~20張,17113,134,3.89,0.03
2026/06/26,3481,群創,1~5張,487529,32737,12.85,0.67
2026/06/26,3481,群創,200~400張,1233,26,4.3,0.11
2026/06/26,3481,群創,20~30張,13652,205,4.33,0.07
2026/06/26,3481,群創,30~40張,6700,84,2.97,0.04
2026/06/26,3481,群創,400~600張,341,-9,2.06,-0.06
2026/06/26,3481,群創,40~50張,4297,15,2.49,0.01
2026/06/26,3481,群創,50~100張,7442,20,6.69,0.04
2026/06/26,3481,群創,5~10張,79759,1056,7.85,0.12
2026/06/26,3481,群創,600~800張,166,10,1.44,0.09
2026/06/26,3481,群創,800~1000張,79,0,0.89,0.0
2026/06/26,3481,群創,千張大戶,442,5,40.16,-1.32
2026/06/26,3481,群創,零股散戶,256021,16845,0.87,0.03
2026/07/03,3481,群創,100~200張,3111,52,5.42,0.09
2026/07/03,3481,群創,10~15張,25685,1635,4.07,0.26
2026/07/03,3481,群創,15~20張,17714,601,4.03,0.14
2026/07/03,3481,群創,1~5張,521265,33736,13.73,0.88
2026/07/03,3481,群創,200~400張,1251,18,4.34,0.04
2026/07/03,3481,群創,20~30張,14196,544,4.5,0.17
2026/07/03,3481,群創,30~40張,6928,228,3.07,0.1
2026/07/03,3481,群創,400~600張,348,7,2.1,0.04
2026/07/03,3481,群創,40~50張,4450,153,2.58,0.09
2026/07/03,3481,群創,50~100張,7608,166,6.82,0.13
2026/07/03,3481,群創,5~10張,84296,4537,8.28,0.43
2026/07/03,3481,群創,600~800張,178,12,1.54,0.1
2026/07/03,3481,群創,800~1000張,77,-2,0.86,-0.03
2026/07/03,3481,群創,千張大戶,430,-12,37.68,-2.48
2026/07/03,3481,群創,零股散戶,264681,8660,0.89,0.02
2026/07/17,3481,群創,100~200張,3179,48,5.53,0.08
2026/07/17,3481,群創,10~15張,27615,1307,4.38,0.21
2026/07/17,3481,群創,15~20張,18429,398,4.19,0.09
2026/07/17,3481,群創,1~5張,540990,8563,14.47,0.35
2026/07/17,3481,群創,200~400張,1182,-34,4.1,-0.11
2026/07/17,3481,群創,20~30張,14916,388,4.73,0.12
2026/07/17,3481,群創,30~40張,7165,195,3.18,0.09
2026/07/17,3481,群創,400~600張,375,16,2.26,0.09
2026/07/17,3481,群創,40~50張,4573,22,2.64,0.0
2026/07/17,3481,群創,50~100張,7715,67,6.9,0.05
2026/07/17,3481,群創,5~10張,90152,2997,8.81,0.27
2026/07/17,3481,群創,600~800張,176,3,1.52,0.03
2026/07/17,3481,群創,800~1000張,86,3,0.97,0.04
2026/07/17,3481,群創,千張大戶,424,-8,35.35,-1.31
2026/07/17,3481,群創,零股散戶,268922,1919,0.91,0.01
2026/07/24,3481,群創,100~200張,3198,19,5.55,0.02
2026/07/24,3481,群創,10~15張,28355,740,4.49,0.11
2026/07/24,3481,群創,15~20張,18851,422,4.29,0.1
2026/07/24,3481,群創,1~5張,547424,6434,14.72,0.25
2026/07/24,3481,群創,200~400張,1175,-7,4.06,-0.04
2026/07/24,3481,群創,20~30張,15144,228,4.79,0.06
2026/07/24,3481,群創,30~40張,7305,140,3.24,0.06
2026/07/24,3481,群創,400~600張,371,-4,2.24,-0.02
2026/07/24,3481,群創,40~50張,4606,33,2.66,0.02
2026/07/24,3481,群創,50~100張,7847,132,7.0,0.1
2026/07/24,3481,群創,5~10張,92364,2212,9.01,0.2
2026/07/24,3481,群創,600~800張,174,-2,1.5,-0.02
2026/07/24,3481,群創,800~1000張,84,-2,0.94,-0.03
2026/07/24,3481,群創,千張大戶,417,-7,34.51,-0.84
2026/07/24,3481,群創,零股散戶,269343,421,0.91,0.0
2026/07/31,3481,群創,100~200張,3162,-36,5.49,-0.06
2026/07/31,3481,群創,10~15張,29041,686,4.6,0.11
2026/07/31,3481,群創,15~20張,19192,341,4.36,0.07
2026/07/31,3481,群創,1~5張,546417,-1007,14.83,0.11
2026/07/31,3481,群創,200~400張,1217,42,4.2,0.14
2026/07/31,3481,群創,20~30張,15602,458,4.94,0.15
2026/07/31,3481,群創,30~40張,7385,80,3.27,0.03
2026/07/31,3481,群創,400~600張,367,-4,2.22,-0.02
2026/07/31,3481,群創,40~50張,4668,62,2.7,0.04
2026/07/31,3481,群創,50~100張,7942,95,7.09,0.09
2026/07/31,3481,群創,5~10張,94582,2218,9.2,0.19
2026/07/31,3481,群創,600~800張,171,-3,1.47,-0.03
2026/07/31,3481,群創,800~1000張,84,0,0.94,0.0
2026/07/31,3481,群創,千張大戶,413,-4,33.7,-0.81
2026/07/31,3481,群創,零股散戶,268730,-613,0.91,0.0
2026/04/24,3596,智易,100~200張,68,2,4.43,0.2
2026/04/24,3596,智易,10~15張,210,12,1.21,0.08
2026/04/24,3596,智易,15~20張,115,5,0.94,0.04
2026/04/24,3596,智易,1~5張,8159,128,6.6,0.14
2026/04/24,3596,智易,200~400張,41,-8,5.19,-1.02
2026/04/24,3596,智易,20~30張,111,3,1.27,0.05
2026/04/24,3596,智易,30~40張,46,-1,0.74,-0.01
2026/04/24,3596,智易,400~600張,20,-2,4.44,-0.45
2026/04/24,3596,智易,40~50張,36,-1,0.73,-0.02
2026/04/24,3596,智易,50~100張,82,4,2.73,0.09
2026/04/24,3596,智易,5~10張,717,16,2.49,0.08
2026/04/24,3596,智易,600~800張,9,3,2.85,1.01
2026/04/24,3596,智易,800~1000張,10,0,4.03,0.08
2026/04/24,3596,智易,千張大戶,35,-1,61.8,-0.24
2026/04/24,3596,智易,零股散戶,11866,-15,0.49,0.0
2026/05/08,3596,智易,100~200張,72,8,4.63,0.45
2026/05/08,3596,智易,10~15張,219,7,1.25,0.03
2026/05/08,3596,智易,15~20張,125,2,1.02,0.02
2026/05/08,3596,智易,1~5張,8445,203,6.87,0.17
2026/05/08,3596,智易,200~400張,39,0,4.91,0.06
2026/05/08,3596,智易,20~30張,111,0,1.28,0.01
2026/05/08,3596,智易,30~40張,50,-5,0.8,-0.08
2026/05/08,3596,智易,400~600張,22,0,4.85,0.0
2026/05/08,3596,智易,40~50張,34,0,0.68,0.0
2026/05/08,3596,智易,50~100張,74,-9,2.43,-0.34
2026/05/08,3596,智易,5~10張,736,11,2.55,0.04
2026/05/08,3596,智易,600~800張,10,2,3.29,0.69
2026/05/08,3596,智易,800~1000張,8,-3,3.14,-1.23
2026/05/08,3596,智易,千張大戶,34,0,61.72,0.15
2026/05/08,3596,智易,零股散戶,11869,14,0.5,0.01
2026/05/15,3596,智易,100~200張,69,-3,4.48,-0.15
2026/05/15,3596,智易,10~15張,206,-13,1.18,-0.07
2026/05/15,3596,智易,15~20張,122,-3,1.0,-0.02
2026/05/15,3596,智易,1~5張,9883,1438,7.76,0.89
2026/05/15,3596,智易,200~400張,36,-3,4.52,-0.39
2026/05/15,3596,智易,20~30張,114,3,1.3,0.02
2026/05/15,3596,智易,30~40張,43,-7,0.68,-0.12
2026/05/15,3596,智易,400~600張,21,-1,4.63,-0.22
2026/05/15,3596,智易,40~50張,37,3,0.75,0.07
2026/05/15,3596,智易,50~100張,72,-2,2.44,0.01
2026/05/15,3596,智易,5~10張,803,67,2.81,0.26
2026/05/15,3596,智易,600~800張,8,-2,2.45,-0.84
2026/05/15,3596,智易,800~1000張,9,1,3.46,0.32
2026/05/15,3596,智易,千張大戶,35,1,61.95,0.23
2026/05/15,3596,智易,零股散戶,12429,560,0.54,0.04
2026/05/22,3596,智易,100~200張,70,1,4.61,0.13
2026/05/22,3596,智易,10~15張,207,1,1.19,0.01
2026/05/22,3596,智易,15~20張,124,2,1.02,0.02
2026/05/22,3596,智易,1~5張,9568,-315,7.49,-0.27
2026/05/22,3596,智易,200~400張,31,-5,3.89,-0.63
2026/05/22,3596,智易,20~30張,111,-3,1.27,-0.03
2026/05/22,3596,智易,30~40張,46,3,0.73,0.05
2026/05/22,3596,智易,400~600張,20,-1,4.31,-0.32
2026/05/22,3596,智易,40~50張,40,3,0.82,0.07
2026/05/22,3596,智易,50~100張,71,-1,2.4,-0.04
2026/05/22,3596,智易,5~10張,779,-24,2.72,-0.09
2026/05/22,3596,智易,600~800張,10,2,3.09,0.64
2026/05/22,3596,智易,800~1000張,8,-1,3.11,-0.35
2026/05/22,3596,智易,千張大戶,36,1,62.77,0.82
2026/05/22,3596,智易,零股散戶,12292,-137,0.53,-0.01
2026/05/29,3596,智易,100~200張,68,-2,4.4,-0.21
2026/05/29,3596,智易,10~15張,201,-6,1.15,-0.04
2026/05/29,3596,智易,15~20張,106,-18,0.86,-0.16
2026/05/29,3596,智易,1~5張,8752,-816,6.91,-0.58
2026/05/29,3596,智易,200~400張,34,3,4.26,0.37
2026/05/29,3596,智易,20~30張,109,-2,1.25,-0.02
2026/05/29,3596,智易,30~40張,45,-1,0.7,-0.03
2026/05/29,3596,智易,400~600張,20,0,4.39,0.08
2026/05/29,3596,智易,40~50張,41,1,0.83,0.01
2026/05/29,3596,智易,50~100張,69,-2,2.32,-0.08
2026/05/29,3596,智易,5~10張,757,-22,2.64,-0.08
2026/05/29,3596,智易,600~800張,10,0,3.15,0.06
2026/05/29,3596,智易,800~1000張,8,0,3.12,0.01
2026/05/29,3596,智易,千張大戶,36,0,63.43,0.66
2026/05/29,3596,智易,零股散戶,12121,-171,0.51,-0.02
2026/06/05,3596,智易,100~200張,63,-5,4.09,-0.31
2026/06/05,3596,智易,10~15張,200,-1,1.15,0.0
2026/06/05,3596,智易,15~20張,109,3,0.89,0.03
2026/06/05,3596,智易,1~5張,8532,-220,6.77,-0.14
2026/06/05,3596,智易,200~400張,39,5,4.68,0.42
2026/06/05,3596,智易,20~30張,110,1,1.26,0.01
2026/06/05,3596,智易,30~40張,48,3,0.75,0.05
2026/06/05,3596,智易,400~600張,22,2,4.83,0.44
2026/06/05,3596,智易,40~50張,44,3,0.9,0.07
2026/06/05,3596,智易,50~100張,71,2,2.37,0.05
2026/06/05,3596,智易,5~10張,737,-20,2.55,-0.09
2026/06/05,3596,智易,600~800張,9,-1,2.91,-0.24
2026/06/05,3596,智易,800~1000張,10,2,3.98,0.86
2026/06/05,3596,智易,千張大戶,34,-2,62.28,-1.15
2026/06/05,3596,智易,零股散戶,12031,-90,0.51,0.0
2026/06/12,3596,智易,100~200張,63,0,4.1,0.01
2026/06/12,3596,智易,10~15張,191,-9,1.09,-0.06
2026/06/12,3596,智易,15~20張,118,9,0.97,0.08
2026/06/12,3596,智易,1~5張,8403,-129,6.68,-0.09
2026/06/12,3596,智易,200~400張,42,3,5.32,0.64
2026/06/12,3596,智易,20~30張,107,-3,1.22,-0.04
2026/06/12,3596,智易,30~40張,45,-3,0.72,-0.03
2026/06/12,3596,智易,400~600張,23,1,5.06,0.23
2026/06/12,3596,智易,40~50張,45,1,0.92,0.02
2026/06/12,3596,智易,50~100張,69,-2,2.32,-0.05
2026/06/12,3596,智易,5~10張,742,5,2.59,0.04
2026/06/12,3596,智易,600~800張,10,1,3.19,0.28
2026/06/12,3596,智易,800~1000張,8,-2,3.19,-0.79
2026/06/12,3596,智易,千張大戶,33,-1,62.07,-0.21
2026/06/12,3596,智易,零股散戶,11951,-80,0.5,-0.01
2026/06/26,3596,智易,100~200張,66,5,4.3,0.36
2026/06/26,3596,智易,10~15張,197,3,1.13,0.02
2026/06/26,3596,智易,15~20張,109,0,0.9,0.01
2026/06/26,3596,智易,1~5張,8624,407,6.85,0.3
2026/06/26,3596,智易,200~400張,38,-4,4.93,-0.59
2026/06/26,3596,智易,20~30張,119,11,1.36,0.14
2026/06/26,3596,智易,30~40張,43,3,0.67,0.04
2026/06/26,3596,智易,400~600張,26,2,5.8,0.5
2026/06/26,3596,智易,40~50張,45,-4,0.93,-0.07
2026/06/26,3596,智易,50~100張,73,2,2.42,0.05
2026/06/26,3596,智易,5~10張,720,-1,2.51,0.01
2026/06/26,3596,智易,600~800張,8,-3,2.51,-1.01
2026/06/26,3596,智易,800~1000張,10,0,4.03,0.03
2026/06/26,3596,智易,千張大戶,32,1,61.08,0.23
2026/06/26,3596,智易,零股散戶,12194,271,0.51,0.01
2026/07/03,3596,智易,100~200張,73,7,4.81,0.51
2026/07/03,3596,智易,10~15張,206,9,1.18,0.05
2026/07/03,3596,智易,15~20張,109,0,0.89,-0.01
2026/07/03,3596,智易,1~5張,8571,-53,6.78,-0.07
2026/07/03,3596,智易,200~400張,33,-5,4.18,-0.75
2026/07/03,3596,智易,20~30張,109,-10,1.25,-0.11
2026/07/03,3596,智易,30~40張,46,3,0.73,0.06
2026/07/03,3596,智易,400~600張,26,0,5.77,-0.03
2026/07/03,3596,智易,40~50張,38,-7,0.78,-0.15
2026/07/03,3596,智易,50~100張,78,5,2.55,0.13
2026/07/03,3596,智易,5~10張,699,-21,2.44,-0.07
2026/07/03,3596,智易,600~800張,7,-1,2.24,-0.27
2026/07/03,3596,智易,800~1000張,11,1,4.36,0.33
2026/07/03,3596,智易,千張大戶,31,-1,61.44,0.36
2026/07/03,3596,智易,零股散戶,12228,34,0.52,0.01
2026/07/17,3596,智易,100~200張,69,0,4.55,0.03
2026/07/17,3596,智易,10~15張,199,-3,1.15,-0.02
2026/07/17,3596,智易,15~20張,108,-2,0.88,-0.02
2026/07/17,3596,智易,1~5張,8243,-129,6.56,-0.07
2026/07/17,3596,智易,200~400張,30,-2,3.69,-0.31
2026/07/17,3596,智易,20~30張,106,0,1.21,-0.01
2026/07/17,3596,智易,30~40張,43,-2,0.68,-0.03
2026/07/17,3596,智易,400~600張,24,-1,5.37,-0.25
2026/07/17,3596,智易,40~50張,41,-1,0.85,-0.02
2026/07/17,3596,智易,50~100張,80,2,2.61,0.07
2026/07/17,3596,智易,5~10張,692,1,2.41,0.0
2026/07/17,3596,智易,600~800張,10,3,3.07,0.91
2026/07/17,3596,智易,800~1000張,9,-3,3.54,-1.19
2026/07/17,3596,智易,千張大戶,34,2,62.87,0.91
2026/07/17,3596,智易,零股散戶,12032,-96,0.5,-0.01
2026/07/24,3596,智易,100~200張,64,-5,4.15,-0.4
2026/07/24,3596,智易,10~15張,200,1,1.15,0.0
2026/07/24,3596,智易,15~20張,113,5,0.93,0.05
2026/07/24,3596,智易,1~5張,8168,-75,6.52,-0.04
2026/07/24,3596,智易,200~400張,32,2,3.95,0.26
2026/07/24,3596,智易,20~30張,106,0,1.21,0.0
2026/07/24,3596,智易,30~40張,46,3,0.73,0.05
2026/07/24,3596,智易,400~600張,26,2,5.8,0.43
2026/07/24,3596,智易,40~50張,40,-1,0.82,-0.03
2026/07/24,3596,智易,50~100張,81,1,2.62,0.01
2026/07/24,3596,智易,5~10張,684,-8,2.37,-0.04
2026/07/24,3596,智易,600~800張,7,-3,2.17,-0.9
2026/07/24,3596,智易,800~1000張,11,2,4.37,0.83
2026/07/24,3596,智易,千張大戶,33,-1,62.63,-0.24
2026/07/24,3596,智易,零股散戶,11962,-70,0.49,-0.01
2026/07/31,3596,智易,100~200張,67,3,4.32,0.17
2026/07/31,3596,智易,10~15張,214,14,1.22,0.07
2026/07/31,3596,智易,15~20張,117,4,0.96,0.03
2026/07/31,3596,智易,1~5張,8259,91,6.63,0.11
2026/07/31,3596,智易,200~400張,34,2,4.28,0.33
2026/07/31,3596,智易,20~30張,104,-2,1.19,-0.02
2026/07/31,3596,智易,30~40張,45,-1,0.71,-0.02
2026/07/31,3596,智易,400~600張,26,0,5.76,-0.04
2026/07/31,3596,智易,40~50張,38,-2,0.79,-0.03
2026/07/31,3596,智易,50~100張,78,-3,2.51,-0.11
2026/07/31,3596,智易,5~10張,691,7,2.41,0.04
2026/07/31,3596,智易,600~800張,7,0,2.16,-0.01
2026/07/31,3596,智易,800~1000張,10,-1,3.96,-0.41
2026/07/31,3596,智易,千張大戶,33,0,62.54,-0.09
2026/07/31,3596,智易,零股散戶,11936,-26,0.5,0.01
2026/04/24,3653,健策,100~200張,80,0,7.76,0.06
2026/04/24,3653,健策,10~15張,144,7,1.25,0.06
2026/04/24,3653,健策,15~20張,86,-6,1.04,-0.07
2026/04/24,3653,健策,1~5張,1875,-65,2.32,-0.04
2026/04/24,3653,健策,200~400張,39,-1,7.72,-0.03
2026/04/24,3653,健策,20~30張,93,-7,1.57,-0.13
2026/04/24,3653,健策,30~40張,63,-5,1.49,-0.12
2026/04/24,3653,健策,400~600張,13,-1,4.3,-0.28
2026/04/24,3653,健策,40~50張,47,5,1.46,0.17
2026/04/24,3653,健策,50~100張,98,-2,4.85,0.08
2026/04/24,3653,健策,5~10張,245,-10,1.22,-0.05
2026/04/24,3653,健策,600~800張,5,2,2.45,1.04
2026/04/24,3653,健策,800~1000張,5,-1,3.13,-0.63
2026/04/24,3653,健策,千張大戶,18,0,58.6,-0.03
2026/04/24,3653,健策,零股散戶,22240,996,0.78,-0.03
2026/05/08,3653,健策,100~200張,78,-5,7.41,-0.65
2026/05/08,3653,健策,10~15張,139,-9,1.2,-0.08
2026/05/08,3653,健策,15~20張,95,6,1.16,0.09
2026/05/08,3653,健策,1~5張,2370,485,2.82,0.49
2026/05/08,3653,健策,200~400張,40,2,7.65,-0.04
2026/05/08,3653,健策,20~30張,101,3,1.71,0.06
2026/05/08,3653,健策,30~40張,68,4,1.61,0.1
2026/05/08,3653,健策,400~600張,14,1,4.73,0.44
2026/05/08,3653,健策,40~50張,38,-8,1.17,-0.25
2026/05/08,3653,健策,50~100張,100,3,4.79,0.12
2026/05/08,3653,健策,5~10張,262,21,1.3,0.11
2026/05/08,3653,健策,600~800張,5,0,2.46,0.09
2026/05/08,3653,健策,800~1000張,5,0,3.21,0.05
2026/05/08,3653,健策,千張大戶,17,-1,57.48,-0.98
2026/05/08,3653,健策,零股散戶,40579,17795,1.23,0.45
2026/05/15,3653,健策,100~200張,68,-10,6.72,-0.69
2026/05/15,3653,健策,10~15張,148,9,1.28,0.08
2026/05/15,3653,健策,15~20張,99,4,1.2,0.04
2026/05/15,3653,健策,1~5張,3131,761,3.64,0.82
2026/05/15,3653,健策,200~400張,33,-7,6.7,-0.95
2026/05/15,3653,健策,20~30張,94,-7,1.6,-0.11
2026/05/15,3653,健策,30~40張,69,1,1.62,0.01
2026/05/15,3653,健策,400~600張,14,0,4.62,-0.11
2026/05/15,3653,健策,40~50張,44,6,1.35,0.18
2026/05/15,3653,健策,50~100張,91,-9,4.42,-0.37
2026/05/15,3653,健策,5~10張,284,22,1.41,0.11
2026/05/15,3653,健策,600~800張,5,0,2.28,-0.18
2026/05/15,3653,健策,800~1000張,6,1,3.73,0.52
2026/05/15,3653,健策,千張大戶,18,1,57.53,0.05
2026/05/15,3653,健策,零股散戶,59843,19264,1.82,0.59
2026/05/22,3653,健策,100~200張,59,-9,5.63,-1.09
2026/05/22,3653,健策,10~15張,141,-7,1.22,-0.06
2026/05/22,3653,健策,15~20張,101,2,1.23,0.03
2026/05/22,3653,健策,1~5張,3123,-8,3.64,0.0
2026/05/22,3653,健策,200~400張,37,4,7.28,0.58
2026/05/22,3653,健策,20~30張,100,6,1.7,0.1
2026/05/22,3653,健策,30~40張,65,-4,1.54,-0.08
2026/05/22,3653,健策,400~600張,15,1,4.87,0.25
2026/05/22,3653,健策,40~50張,42,-2,1.3,-0.05
2026/05/22,3653,健策,50~100張,84,-7,4.13,-0.29
2026/05/22,3653,健策,5~10張,301,17,1.49,0.08
2026/05/22,3653,健策,600~800張,4,-1,1.82,-0.46
2026/05/22,3653,健策,800~1000張,6,0,3.75,0.02
2026/05/22,3653,健策,千張大戶,19,1,58.41,0.88
2026/05/22,3653,健策,零股散戶,60032,189,1.91,0.09
2026/05/29,3653,健策,100~200張,60,1,5.63,0.0
2026/05/29,3653,健策,10~15張,132,-9,1.13,-0.09
2026/05/29,3653,健策,15~20張,95,-6,1.15,-0.08
2026/05/29,3653,健策,1~5張,3239,116,3.73,0.09
2026/05/29,3653,健策,200~400張,40,3,7.98,0.7
2026/05/29,3653,健策,20~30張,105,5,1.77,0.07
2026/05/29,3653,健策,30~40張,63,-2,1.5,-0.04
2026/05/29,3653,健策,400~600張,13,-2,4.25,-0.62
2026/05/29,3653,健策,40~50張,36,-6,1.11,-0.19
2026/05/29,3653,健策,50~100張,83,-1,4.04,-0.09
2026/05/29,3653,健策,5~10張,297,-4,1.47,-0.02
2026/05/29,3653,健策,600~800張,5,1,2.46,0.64
2026/05/29,3653,健策,800~1000張,6,0,3.89,0.14
2026/05/29,3653,健策,千張大戶,18,-1,57.79,-0.62
2026/05/29,3653,健策,零股散戶,61598,1566,2.01,0.1
2026/06/05,3653,健策,100~200張,61,1,5.81,0.18
2026/06/05,3653,健策,10~15張,141,9,1.24,0.11
2026/06/05,3653,健策,15~20張,93,-2,1.12,-0.03
2026/06/05,3653,健策,1~5張,3128,-111,3.65,-0.08
2026/06/05,3653,健策,200~400張,41,1,8.12,0.14
2026/06/05,3653,健策,20~30張,102,-3,1.72,-0.05
2026/06/05,3653,健策,30~40張,60,-3,1.42,-0.08
2026/06/05,3653,健策,400~600張,16,3,5.11,0.86
2026/06/05,3653,健策,40~50張,37,1,1.13,0.02
2026/06/05,3653,健策,50~100張,81,-2,3.88,-0.16
2026/06/05,3653,健策,5~10張,293,-4,1.46,-0.01
2026/06/05,3653,健策,600~800張,3,-2,1.47,-0.99
2026/06/05,3653,健策,800~1000張,4,-2,2.53,-1.36
2026/06/05,3653,健策,千張大戶,20,2,59.29,1.5
2026/06/05,3653,健策,零股散戶,61220,-378,1.99,-0.02
2026/06/12,3653,健策,100~200張,64,3,6.05,0.24
2026/06/12,3653,健策,10~15張,141,0,1.23,-0.01
2026/06/12,3653,健策,15~20張,94,1,1.15,0.03
2026/06/12,3653,健策,1~5張,3064,-64,3.58,-0.07
2026/06/12,3653,健策,200~400張,44,3,8.36,0.24
2026/06/12,3653,健策,20~30張,99,-3,1.67,-0.05
2026/06/12,3653,健策,30~40張,60,0,1.43,0.01
2026/06/12,3653,健策,400~600張,16,0,5.22,0.11
2026/06/12,3653,健策,40~50張,36,-1,1.1,-0.03
2026/06/12,3653,健策,50~100張,86,5,4.13,0.25
2026/06/12,3653,健策,5~10張,292,-1,1.46,0.0
2026/06/12,3653,健策,600~800張,1,-2,0.45,-1.02
2026/06/12,3653,健策,800~1000張,5,1,3.09,0.56
2026/06/12,3653,健策,千張大戶,19,-1,59.01,-0.28
2026/06/12,3653,健策,零股散戶,60071,-1149,1.99,0.0
2026/06/26,3653,健策,100~200張,63,-7,6.03,-0.61
2026/06/26,3653,健策,10~15張,132,-11,1.14,-0.11
2026/06/26,3653,健策,15~20張,81,-5,0.99,-0.06
2026/06/26,3653,健策,1~5張,3154,326,3.67,0.33
2026/06/26,3653,健策,200~400張,45,4,8.53,0.76
2026/06/26,3653,健策,20~30張,103,7,1.71,0.11
2026/06/26,3653,健策,30~40張,49,-12,1.17,-0.28
2026/06/26,3653,健策,400~600張,10,-5,3.25,-1.7
2026/06/26,3653,健策,40~50張,41,2,1.25,0.07
2026/06/26,3653,健策,50~100張,84,1,3.94,0.01
2026/06/26,3653,健策,5~10張,310,17,1.55,0.1
2026/06/26,3653,健策,600~800張,3,0,1.3,-0.21
2026/06/26,3653,健策,800~1000張,5,0,3.09,0.0
2026/06/26,3653,健策,千張大戶,20,1,60.26,1.37
2026/06/26,3653,健策,零股散戶,59498,4084,2.06,0.22
2026/07/03,3653,健策,100~200張,61,-2,5.88,-0.15
2026/07/03,3653,健策,10~15張,139,7,1.21,0.07
2026/07/03,3653,健策,15~20張,79,-2,0.97,-0.02
2026/07/03,3653,健策,1~5張,3105,-49,3.61,-0.06
2026/07/03,3653,健策,200~400張,41,-4,7.63,-0.9
2026/07/03,3653,健策,20~30張,103,0,1.71,0.0
2026/07/03,3653,健策,30~40張,57,8,1.35,0.18
2026/07/03,3653,健策,400~600張,12,2,3.63,0.38
2026/07/03,3653,健策,40~50張,42,1,1.29,0.04
2026/07/03,3653,健策,50~100張,80,-4,3.78,-0.16
2026/07/03,3653,健策,5~10張,300,-10,1.5,-0.05
2026/07/03,3653,健策,600~800張,4,1,1.82,0.52
2026/07/03,3653,健策,800~1000張,6,1,3.68,0.59
2026/07/03,3653,健策,千張大戶,20,0,59.78,-0.48
2026/07/03,3653,健策,零股散戶,59424,-74,2.09,0.03
2026/07/17,3653,健策,100~200張,63,4,5.94,0.35
2026/07/17,3653,健策,10~15張,133,-4,1.15,-0.04
2026/07/17,3653,健策,15~20張,87,6,1.05,0.07
2026/07/17,3653,健策,1~5張,3054,-93,3.57,-0.09
2026/07/17,3653,健策,200~400張,41,-2,7.59,-0.34
2026/07/17,3653,健策,20~30張,105,-4,1.74,-0.08
2026/07/17,3653,健策,30~40張,47,0,1.12,0.01
2026/07/17,3653,健策,400~600張,12,1,3.76,0.4
2026/07/17,3653,健策,40~50張,41,2,1.25,0.06
2026/07/17,3653,健策,50~100張,79,-1,3.71,-0.08
2026/07/17,3653,健策,5~10張,289,-13,1.47,-0.05
2026/07/17,3653,健策,600~800張,8,2,3.88,1.01
2026/07/17,3653,健策,800~1000張,3,-2,1.96,-1.11
2026/07/17,3653,健策,千張大戶,20,0,59.59,-0.11
2026/07/17,3653,健策,零股散戶,58939,-1075,2.13,-0.02
2026/07/24,3653,健策,100~200張,66,3,6.21,0.27
2026/07/24,3653,健策,10~15張,130,-3,1.13,-0.02
2026/07/24,3653,健策,15~20張,84,-3,1.02,-0.03
2026/07/24,3653,健策,1~5張,2868,-186,3.36,-0.21
2026/07/24,3653,健策,200~400張,34,-7,6.67,-0.92
2026/07/24,3653,健策,20~30張,96,-9,1.6,-0.14
2026/07/24,3653,健策,30~40張,44,-3,1.04,-0.08
2026/07/24,3653,健策,400~600張,11,-1,3.38,-0.38
2026/07/24,3653,健策,40~50張,41,0,1.26,0.01
2026/07/24,3653,健策,50~100張,78,-1,3.67,-0.04
2026/07/24,3653,健策,5~10張,296,7,1.5,0.03
2026/07/24,3653,健策,600~800張,4,-4,1.83,-2.05
2026/07/24,3653,健策,800~1000張,5,2,3.25,1.29
2026/07/24,3653,健策,千張大戶,23,3,62.06,2.47
2026/07/24,3653,健策,零股散戶,54074,-4865,1.94,-0.19
2026/07/31,3653,健策,100~200張,54,-12,5.07,-1.14
2026/07/31,3653,健策,10~15張,132,2,1.15,0.02
2026/07/31,3653,健策,15~20張,78,-6,0.94,-0.08
2026/07/31,3653,健策,1~5張,2892,24,3.39,0.03
2026/07/31,3653,健策,200~400張,40,6,7.5,0.83
2026/07/31,3653,健策,20~30張,103,7,1.73,0.13
2026/07/31,3653,健策,30~40張,47,3,1.1,0.06
2026/07/31,3653,健策,400~600張,14,3,4.4,1.02
2026/07/31,3653,健策,40~50張,37,-4,1.14,-0.12
2026/07/31,3653,健策,50~100張,83,5,3.86,0.19
2026/07/31,3653,健策,5~10張,295,-1,1.5,0.0
2026/07/31,3653,健策,600~800張,3,-1,1.44,-0.39
2026/07/31,3653,健策,800~1000張,4,-1,2.64,-0.61
2026/07/31,3653,健策,千張大戶,23,0,62.13,0.07
2026/07/31,3653,健策,零股散戶,54109,35,1.94,0.0
2026/04/24,3711,日月光投控,100~200張,468,7,1.47,0.03
2026/04/24,3711,日月光投控,10~15張,2156,25,0.6,0.01
2026/04/24,3711,日月光投控,15~20張,1163,4,0.46,0.0
2026/04/24,3711,日月光投控,1~5張,64821,2280,2.7,0.07
2026/04/24,3711,日月光投控,200~400張,334,-3,2.18,0.0
2026/04/24,3711,日月光投控,20~30張,1025,5,0.57,0.01
2026/04/24,3711,日月光投控,30~40張,471,-4,0.36,0.0
2026/04/24,3711,日月光投控,400~600張,172,-3,1.91,-0.05
2026/04/24,3711,日月光投控,40~50張,325,12,0.33,0.02
2026/04/24,3711,日月光投控,50~100張,689,18,1.08,0.02
2026/04/24,3711,日月光投控,5~10張,6973,136,1.15,0.03
2026/04/24,3711,日月光投控,600~800張,108,6,1.67,0.1
2026/04/24,3711,日月光投控,800~1000張,68,-8,1.35,-0.17
2026/04/24,3711,日月光投控,千張大戶,438,9,83.68,-0.07
2026/04/24,3711,日月光投控,零股散戶,134750,7054,0.43,0.01
2026/05/08,3711,日月光投控,100~200張,455,-6,1.42,-0.02
2026/05/08,3711,日月光投控,10~15張,2163,-22,0.6,0.0
2026/05/08,3711,日月光投控,15~20張,1181,-7,0.47,0.0
2026/05/08,3711,日月光投控,1~5張,71681,3086,2.9,0.07
2026/05/08,3711,日月光投控,200~400張,345,5,2.24,0.04
2026/05/08,3711,日月光投控,20~30張,1027,-21,0.57,-0.01
2026/05/08,3711,日月光投控,30~40張,497,6,0.38,0.0
2026/05/08,3711,日月光投控,400~600張,189,4,2.11,0.06
2026/05/08,3711,日月光投控,40~50張,311,-9,0.31,-0.01
2026/05/08,3711,日月光投控,50~100張,689,-2,1.08,-0.01
2026/05/08,3711,日月光投控,5~10張,7102,-31,1.17,0.0
2026/05/08,3711,日月光投控,600~800張,108,-3,1.67,-0.05
2026/05/08,3711,日月光投控,800~1000張,77,9,1.53,0.18
2026/05/08,3711,日月光投控,千張大戶,434,1,82.98,-0.27
2026/05/08,3711,日月光投控,零股散戶,159503,15070,0.5,0.04
2026/05/15,3711,日月光投控,100~200張,465,10,1.46,0.04
2026/05/15,3711,日月光投控,10~15張,2160,-3,0.59,-0.01
2026/05/15,3711,日月光投控,15~20張,1196,15,0.47,0.0
2026/05/15,3711,日月光投控,1~5張,73681,2000,2.98,0.08
2026/05/15,3711,日月光投控,200~400張,335,-10,2.15,-0.09
2026/05/15,3711,日月光投控,20~30張,1045,18,0.58,0.01
2026/05/15,3711,日月光投控,30~40張,496,-1,0.38,0.0
2026/05/15,3711,日月光投控,400~600張,186,-3,2.07,-0.04
2026/05/15,3711,日月光投控,40~50張,323,12,0.32,0.01
2026/05/15,3711,日月光投控,50~100張,705,16,1.11,0.03
2026/05/15,3711,日月光投控,5~10張,7170,68,1.18,0.01
2026/05/15,3711,日月光投控,600~800張,115,7,1.77,0.1
2026/05/15,3711,日月光投控,800~1000張,75,-2,1.49,-0.04
2026/05/15,3711,日月光投控,千張大戶,431,-3,82.84,-0.14
2026/05/15,3711,日月光投控,零股散戶,169261,9758,0.52,0.02
2026/05/22,3711,日月光投控,100~200張,467,2,1.46,0.0
2026/05/22,3711,日月光投控,10~15張,2230,70,0.61,0.02
2026/05/22,3711,日月光投控,15~20張,1202,6,0.47,0.0
2026/05/22,3711,日月光投控,1~5張,77483,3802,3.14,0.16
2026/05/22,3711,日月光投控,200~400張,338,3,2.17,0.02
2026/05/22,3711,日月光投控,20~30張,1060,15,0.59,0.01
2026/05/22,3711,日月光投控,30~40張,490,-6,0.38,0.0
2026/05/22,3711,日月光投控,400~600張,187,1,2.1,0.03
2026/05/22,3711,日月光投控,40~50張,324,1,0.32,0.0
2026/05/22,3711,日月光投控,50~100張,692,-13,1.09,-0.02
2026/05/22,3711,日月光投控,5~10張,7396,226,1.21,0.03
2026/05/22,3711,日月光投控,600~800張,119,4,1.84,0.07
2026/05/22,3711,日月光投控,800~1000張,70,-5,1.4,-0.09
2026/05/22,3711,日月光投控,千張大戶,424,-7,82.56,-0.28
2026/05/22,3711,日月光投控,零股散戶,181458,12197,0.58,0.06
2026/05/29,3711,日月光投控,100~200張,467,0,1.46,0.0
2026/05/29,3711,日月光投控,10~15張,2221,-9,0.61,0.0
2026/05/29,3711,日月光投控,15~20張,1215,13,0.48,0.01
2026/05/29,3711,日月光投控,1~5張,79771,2288,3.19,0.05
2026/05/29,3711,日月光投控,200~400張,351,13,2.27,0.1
2026/05/29,3711,日月光投控,20~30張,1040,-20,0.57,-0.02
2026/05/29,3711,日月光投控,30~40張,489,-1,0.38,0.0
2026/05/29,3711,日月光投控,400~600張,181,-6,2.03,-0.07
2026/05/29,3711,日月光投控,40~50張,327,3,0.33,0.01
2026/05/29,3711,日月光投控,50~100張,691,-1,1.08,-0.01
2026/05/29,3711,日月光投控,5~10張,7416,20,1.22,0.01
2026/05/29,3711,日月光投控,600~800張,117,-2,1.81,-0.03
2026/05/29,3711,日月光投控,800~1000張,67,-3,1.34,-0.06
2026/05/29,3711,日月光投控,千張大戶,431,7,82.56,0.0
2026/05/29,3711,日月光投控,零股散戶,194915,13457,0.6,0.02
2026/06/05,3711,日月光投控,100~200張,470,3,1.48,0.02
2026/06/05,3711,日月光投控,10~15張,2287,66,0.63,0.02
2026/06/05,3711,日月光投控,15~20張,1254,39,0.5,0.02
2026/06/05,3711,日月光投控,1~5張,86390,6619,3.44,0.25
2026/06/05,3711,日月光投控,200~400張,347,-4,2.24,-0.03
2026/06/05,3711,日月光投控,20~30張,1067,27,0.59,0.02
2026/06/05,3711,日月光投控,30~40張,504,15,0.39,0.01
2026/06/05,3711,日月光投控,400~600張,194,13,2.17,0.14
2026/06/05,3711,日月光投控,40~50張,336,9,0.34,0.01
2026/06/05,3711,日月光投控,50~100張,712,21,1.12,0.04
2026/06/05,3711,日月光投控,5~10張,7757,341,1.28,0.06
2026/06/05,3711,日月光投控,600~800張,103,-14,1.59,-0.22
2026/06/05,3711,日月光投控,800~1000張,68,1,1.35,0.01
2026/06/05,3711,日月光投控,千張大戶,432,1,82.13,-0.43
2026/06/05,3711,日月光投控,零股散戶,220939,26024,0.68,0.08
2026/06/12,3711,日月光投控,100~200張,474,4,1.49,0.01
2026/06/12,3711,日月光投控,10~15張,2334,47,0.64,0.01
2026/06/12,3711,日月光投控,15~20張,1275,21,0.5,0.0
2026/06/12,3711,日月光投控,1~5張,88665,2275,3.55,0.11
2026/06/12,3711,日月光投控,200~400張,343,-4,2.19,-0.05
2026/06/12,3711,日月光投控,20~30張,1086,19,0.6,0.01
2026/06/12,3711,日月光投控,30~40張,502,-2,0.39,0.0
2026/06/12,3711,日月光投控,400~600張,195,1,2.19,0.02
2026/06/12,3711,日月光投控,40~50張,342,6,0.34,0.0
2026/06/12,3711,日月光投控,50~100張,715,3,1.13,0.01
2026/06/12,3711,日月光投控,5~10張,7942,185,1.31,0.03
2026/06/12,3711,日月光投控,600~800張,105,2,1.62,0.03
2026/06/12,3711,日月光投控,800~1000張,73,5,1.45,0.1
2026/06/12,3711,日月光投控,千張大戶,428,-4,81.79,-0.34
2026/06/12,3711,日月光投控,零股散戶,231681,10742,0.74,0.06
2026/06/26,3711,日月光投控,100~200張,484,1,1.5,-0.01
2026/06/26,3711,日月光投控,10~15張,2277,-45,0.63,-0.01
2026/06/26,3711,日月光投控,15~20張,1234,-38,0.49,-0.01
2026/06/26,3711,日月光投控,1~5張,84639,-3194,3.37,-0.14
2026/06/26,3711,日月光投控,200~400張,360,16,2.32,0.13
2026/06/26,3711,日月光投控,20~30張,1076,-29,0.6,-0.01
2026/06/26,3711,日月光投控,30~40張,501,1,0.39,0.0
2026/06/26,3711,日月光投控,400~600張,199,2,2.23,0.02
2026/06/26,3711,日月光投控,40~50張,348,-3,0.35,0.0
2026/06/26,3711,日月光投控,50~100張,720,-1,1.14,0.0
2026/06/26,3711,日月光投控,5~10張,7664,-262,1.26,-0.04
2026/06/26,3711,日月光投控,600~800張,89,-18,1.37,-0.28
2026/06/26,3711,日月光投控,800~1000張,80,5,1.58,0.09
2026/06/26,3711,日月光投控,千張大戶,434,7,82.01,0.29
2026/06/26,3711,日月光投控,零股散戶,222551,-5913,0.69,-0.03
2026/07/03,3711,日月光投控,100~200張,490,6,1.52,0.02
2026/07/03,3711,日月光投控,10~15張,2192,-85,0.61,-0.02
2026/07/03,3711,日月光投控,15~20張,1198,-36,0.47,-0.02
2026/07/03,3711,日月光投控,1~5張,78832,-5807,3.16,-0.21
2026/07/03,3711,日月光投控,200~400張,363,3,2.34,0.02
2026/07/03,3711,日月光投控,20~30張,1055,-21,0.59,-0.01
2026/07/03,3711,日月光投控,30~40張,484,-17,0.37,-0.02
2026/07/03,3711,日月光投控,400~600張,192,-7,2.15,-0.08
2026/07/03,3711,日月光投控,40~50張,342,-6,0.34,-0.01
2026/07/03,3711,日月光投控,50~100張,718,-2,1.13,-0.01
2026/07/03,3711,日月光投控,5~10張,7425,-239,1.22,-0.04
2026/07/03,3711,日月光投控,600~800張,100,11,1.53,0.16
2026/07/03,3711,日月光投控,800~1000張,82,2,1.62,0.04
2026/07/03,3711,日月光投控,千張大戶,427,-7,82.22,0.21
2026/07/03,3711,日月光投控,零股散戶,213984,-8567,0.65,-0.04
2026/07/17,3711,日月光投控,100~200張,501,12,1.55,0.03
2026/07/17,3711,日月光投控,10~15張,2265,-10,0.62,-0.01
2026/07/17,3711,日月光投控,15~20張,1247,-19,0.49,-0.01
2026/07/17,3711,日月光投控,1~5張,84588,-2498,3.36,-0.1
2026/07/17,3711,日月光投控,200~400張,364,1,2.32,-0.01
2026/07/17,3711,日月光投控,20~30張,1094,6,0.61,0.01
2026/07/17,3711,日月光投控,30~40張,496,-6,0.38,-0.01
2026/07/17,3711,日月光投控,400~600張,202,11,2.25,0.12
2026/07/17,3711,日月光投控,40~50張,336,-9,0.34,-0.01
2026/07/17,3711,日月光投控,50~100張,742,3,1.17,0.0
2026/07/17,3711,日月光投控,5~10張,7783,-54,1.28,-0.01
2026/07/17,3711,日月光投控,600~800張,97,-4,1.49,-0.06
2026/07/17,3711,日月光投控,800~1000張,79,0,1.55,-0.01
2026/07/17,3711,日月光投控,千張大戶,428,7,81.79,0.07
2026/07/17,3711,日月光投控,零股散戶,236918,-2931,0.72,0.0
2026/07/24,3711,日月光投控,100~200張,498,-3,1.54,-0.01
2026/07/24,3711,日月光投控,10~15張,2353,88,0.65,0.03
2026/07/24,3711,日月光投控,15~20張,1280,33,0.5,0.01
2026/07/24,3711,日月光投控,1~5張,86893,2305,3.46,0.1
2026/07/24,3711,日月光投控,200~400張,356,-8,2.27,-0.05
2026/07/24,3711,日月光投控,20~30張,1132,38,0.63,0.02
2026/07/24,3711,日月光投控,30~40張,496,0,0.38,0.0
2026/07/24,3711,日月光投控,400~600張,199,-3,2.22,-0.03
2026/07/24,3711,日月光投控,40~50張,348,12,0.35,0.01
2026/07/24,3711,日月光投控,50~100張,748,6,1.18,0.01
2026/07/24,3711,日月光投控,5~10張,7941,158,1.3,0.02
2026/07/24,3711,日月光投控,600~800張,103,6,1.59,0.1
2026/07/24,3711,日月光投控,800~1000張,79,0,1.56,0.01
2026/07/24,3711,日月光投控,千張大戶,426,-2,81.55,-0.24
2026/07/24,3711,日月光投控,零股散戶,243227,6309,0.74,0.02
2026/07/31,3711,日月光投控,100~200張,494,-4,1.52,-0.02
2026/07/31,3711,日月光投控,10~15張,2403,50,0.66,0.01
2026/07/31,3711,日月光投控,15~20張,1321,41,0.52,0.02
2026/07/31,3711,日月光投控,1~5張,89349,2456,3.58,0.12
2026/07/31,3711,日月光投控,200~400張,365,9,2.32,0.05
2026/07/31,3711,日月光投控,20~30張,1124,-8,0.62,-0.01
2026/07/31,3711,日月光投控,30~40張,513,17,0.4,0.02
2026/07/31,3711,日月光投控,400~600張,199,0,2.22,0.0
2026/07/31,3711,日月光投控,40~50張,360,12,0.36,0.01
2026/07/31,3711,日月光投控,50~100張,741,-7,1.17,-0.01
2026/07/31,3711,日月光投控,5~10張,8257,316,1.35,0.05
2026/07/31,3711,日月光投控,600~800張,95,-8,1.45,-0.14
2026/07/31,3711,日月光投控,800~1000張,83,4,1.65,0.09
2026/07/31,3711,日月光投控,千張大戶,419,-7,81.33,-0.22
2026/07/31,3711,日月光投控,零股散戶,251782,8555,0.78,0.04
2026/04/24,4904,遠傳,100~200張,181,-7,0.72,-0.02
2026/04/24,4904,遠傳,10~15張,935,-25,0.32,-0.01
2026/04/24,4904,遠傳,15~20張,535,-3,0.26,0.0
2026/04/24,4904,遠傳,1~5張,29865,-299,1.63,-0.02
2026/04/24,4904,遠傳,200~400張,149,-1,1.22,-0.01
2026/04/24,4904,遠傳,20~30張,470,-3,0.32,0.0
2026/04/24,4904,遠傳,30~40張,234,-5,0.22,-0.01
2026/04/24,4904,遠傳,400~600張,60,1,0.8,0.01
2026/04/24,4904,遠傳,40~50張,143,0,0.18,0.0
2026/04/24,4904,遠傳,50~100張,298,-2,0.58,-0.01
2026/04/24,4904,遠傳,5~10張,3299,-55,0.68,-0.02
2026/04/24,4904,遠傳,600~800張,45,1,0.87,0.01
2026/04/24,4904,遠傳,800~1000張,27,-4,0.67,-0.1
2026/04/24,4904,遠傳,千張大戶,240,0,91.08,0.17
2026/04/24,4904,遠傳,零股散戶,54564,-381,0.37,-0.01
2026/05/08,4904,遠傳,100~200張,186,2,0.73,0.0
2026/05/08,4904,遠傳,10~15張,930,-6,0.32,0.0
2026/05/08,4904,遠傳,15~20張,538,0,0.26,0.0
2026/05/08,4904,遠傳,1~5張,29794,-17,1.63,0.0
2026/05/08,4904,遠傳,200~400張,149,0,1.21,0.0
2026/05/08,4904,遠傳,20~30張,470,0,0.32,0.0
2026/05/08,4904,遠傳,30~40張,233,-1,0.22,0.0
2026/05/08,4904,遠傳,400~600張,59,-1,0.79,-0.01
2026/05/08,4904,遠傳,40~50張,145,-1,0.18,0.0
2026/05/08,4904,遠傳,50~100張,297,0,0.58,0.0
2026/05/08,4904,遠傳,5~10張,3299,-5,0.68,0.0
2026/05/08,4904,遠傳,600~800張,46,0,0.88,-0.01
2026/05/08,4904,遠傳,800~1000張,26,-1,0.65,-0.02
2026/05/08,4904,遠傳,千張大戶,242,1,91.1,0.06
2026/05/08,4904,遠傳,零股散戶,54037,-314,0.37,0.0
2026/05/15,4904,遠傳,100~200張,184,-2,0.73,0.0
2026/05/15,4904,遠傳,10~15張,914,-16,0.31,-0.01
2026/05/15,4904,遠傳,15~20張,530,-8,0.26,0.0
2026/05/15,4904,遠傳,1~5張,29355,-439,1.61,-0.02
2026/05/15,4904,遠傳,200~400張,146,-3,1.18,-0.03
2026/05/15,4904,遠傳,20~30張,461,-9,0.31,-0.01
2026/05/15,4904,遠傳,30~40張,225,-8,0.21,-0.01
2026/05/15,4904,遠傳,400~600張,63,4,0.84,0.05
2026/05/15,4904,遠傳,40~50張,144,-1,0.18,0.0
2026/05/15,4904,遠傳,50~100張,290,-7,0.57,-0.01
2026/05/15,4904,遠傳,5~10張,3242,-57,0.67,-0.01
2026/05/15,4904,遠傳,600~800張,47,1,0.89,0.01
2026/05/15,4904,遠傳,800~1000張,23,-3,0.57,-0.08
2026/05/15,4904,遠傳,千張大戶,245,3,91.23,0.13
2026/05/15,4904,遠傳,零股散戶,53730,-307,0.37,0.0
2026/05/22,4904,遠傳,100~200張,185,1,0.73,0.0
2026/05/22,4904,遠傳,10~15張,906,-8,0.31,0.0
2026/05/22,4904,遠傳,15~20張,541,11,0.27,0.01
2026/05/22,4904,遠傳,1~5張,29579,224,1.62,0.01
2026/05/22,4904,遠傳,200~400張,152,6,1.23,0.05
2026/05/22,4904,遠傳,20~30張,465,4,0.32,0.01
2026/05/22,4904,遠傳,30~40張,227,2,0.22,0.01
2026/05/22,4904,遠傳,400~600張,65,2,0.87,0.03
2026/05/22,4904,遠傳,40~50張,146,2,0.18,0.0
2026/05/22,4904,遠傳,50~100張,294,4,0.57,0.0
2026/05/22,4904,遠傳,5~10張,3251,9,0.67,0.0
2026/05/22,4904,遠傳,600~800張,46,-1,0.87,-0.02
2026/05/22,4904,遠傳,800~1000張,26,3,0.65,0.08
2026/05/22,4904,遠傳,千張大戶,241,-4,91.06,-0.17
2026/05/22,4904,遠傳,零股散戶,53537,-193,0.37,0.0
2026/05/29,4904,遠傳,100~200張,190,5,0.75,0.02
2026/05/29,4904,遠傳,10~15張,939,33,0.32,0.01
2026/05/29,4904,遠傳,15~20張,548,7,0.27,0.0
2026/05/29,4904,遠傳,1~5張,29967,388,1.64,0.02
2026/05/29,4904,遠傳,200~400張,153,1,1.24,0.01
2026/05/29,4904,遠傳,20~30張,475,10,0.32,0.0
2026/05/29,4904,遠傳,30~40張,232,5,0.22,0.0
2026/05/29,4904,遠傳,400~600張,68,3,0.91,0.04
2026/05/29,4904,遠傳,40~50張,150,4,0.19,0.01
2026/05/29,4904,遠傳,50~100張,298,4,0.58,0.01
2026/05/29,4904,遠傳,5~10張,3317,66,0.69,0.02
2026/05/29,4904,遠傳,600~800張,46,0,0.87,0.0
2026/05/29,4904,遠傳,800~1000張,25,-1,0.62,-0.03
2026/05/29,4904,遠傳,千張大戶,245,4,90.94,-0.12
2026/05/29,4904,遠傳,零股散戶,53393,-144,0.36,-0.01
2026/06/05,4904,遠傳,100~200張,180,-10,0.71,-0.04
2026/06/05,4904,遠傳,10~15張,890,-49,0.31,-0.01
2026/06/05,4904,遠傳,15~20張,521,-27,0.26,-0.01
2026/06/05,4904,遠傳,1~5張,29046,-921,1.59,-0.05
2026/06/05,4904,遠傳,200~400張,149,-4,1.22,-0.02
2026/06/05,4904,遠傳,20~30張,445,-30,0.3,-0.02
2026/06/05,4904,遠傳,30~40張,233,1,0.22,0.0
2026/06/05,4904,遠傳,400~600張,64,-4,0.86,-0.05
2026/06/05,4904,遠傳,40~50張,144,-6,0.18,-0.01
2026/06/05,4904,遠傳,50~100張,287,-11,0.56,-0.02
2026/06/05,4904,遠傳,5~10張,3190,-127,0.66,-0.03
2026/06/05,4904,遠傳,600~800張,44,-2,0.84,-0.03
2026/06/05,4904,遠傳,800~1000張,27,2,0.67,0.05
2026/06/05,4904,遠傳,千張大戶,249,4,91.2,0.26
2026/06/05,4904,遠傳,零股散戶,52826,-567,0.36,0.0
2026/06/12,4904,遠傳,100~200張,179,-1,0.71,0.0
2026/06/12,4904,遠傳,10~15張,875,-15,0.3,-0.01
2026/06/12,4904,遠傳,15~20張,518,-3,0.25,-0.01
2026/06/12,4904,遠傳,1~5張,28515,-531,1.56,-0.03
2026/06/12,4904,遠傳,200~400張,151,2,1.23,0.01
2026/06/12,4904,遠傳,20~30張,435,-10,0.3,0.0
2026/06/12,4904,遠傳,30~40張,231,-2,0.22,0.0
2026/06/12,4904,遠傳,400~600張,62,-2,0.84,-0.02
2026/06/12,4904,遠傳,40~50張,134,-10,0.17,-0.01
2026/06/12,4904,遠傳,50~100張,288,1,0.56,0.0
2026/06/12,4904,遠傳,5~10張,3108,-82,0.64,-0.02
2026/06/12,4904,遠傳,600~800張,45,1,0.86,0.02
2026/06/12,4904,遠傳,800~1000張,32,5,0.8,0.13
2026/06/12,4904,遠傳,千張大戶,243,-6,91.14,-0.06
2026/06/12,4904,遠傳,零股散戶,52247,-579,0.36,0.0
2026/06/26,4904,遠傳,100~200張,176,-6,0.7,-0.02
2026/06/26,4904,遠傳,10~15張,864,-11,0.3,0.0
2026/06/26,4904,遠傳,15~20張,512,6,0.25,0.0
2026/06/26,4904,遠傳,1~5張,28322,-34,1.55,0.0
2026/06/26,4904,遠傳,200~400張,149,1,1.22,0.01
2026/06/26,4904,遠傳,20~30張,436,-1,0.3,0.0
2026/06/26,4904,遠傳,30~40張,229,0,0.22,0.0
2026/06/26,4904,遠傳,400~600張,68,5,0.91,0.06
2026/06/26,4904,遠傳,40~50張,131,2,0.16,0.0
2026/06/26,4904,遠傳,50~100張,277,-2,0.54,0.0
2026/06/26,4904,遠傳,5~10張,3073,3,0.63,0.0
2026/06/26,4904,遠傳,600~800張,47,1,0.9,0.02
2026/06/26,4904,遠傳,800~1000張,35,4,0.87,0.1
2026/06/26,4904,遠傳,千張大戶,234,-11,91.04,-0.15
2026/06/26,4904,遠傳,零股散戶,51699,-155,0.35,0.0
2026/07/03,4904,遠傳,100~200張,179,3,0.71,0.01
2026/07/03,4904,遠傳,10~15張,851,-13,0.29,-0.01
2026/07/03,4904,遠傳,15~20張,506,-6,0.25,0.0
2026/07/03,4904,遠傳,1~5張,28304,-18,1.54,-0.01
2026/07/03,4904,遠傳,200~400張,146,-3,1.17,-0.05
2026/07/03,4904,遠傳,20~30張,427,-9,0.29,-0.01
2026/07/03,4904,遠傳,30~40張,235,6,0.23,0.01
2026/07/03,4904,遠傳,400~600張,68,0,0.91,0.0
2026/07/03,4904,遠傳,40~50張,133,2,0.16,0.0
2026/07/03,4904,遠傳,50~100張,279,2,0.54,0.0
2026/07/03,4904,遠傳,5~10張,3053,-20,0.63,0.0
2026/07/03,4904,遠傳,600~800張,46,-1,0.88,-0.02
2026/07/03,4904,遠傳,800~1000張,35,0,0.87,0.0
2026/07/03,4904,遠傳,千張大戶,233,-1,91.1,0.06
2026/07/03,4904,遠傳,零股散戶,51728,29,0.35,0.0
2026/07/17,4904,遠傳,100~200張,192,-2,0.75,-0.02
2026/07/17,4904,遠傳,10~15張,924,-5,0.32,0.0
2026/07/17,4904,遠傳,15~20張,546,-21,0.27,-0.01
2026/07/17,4904,遠傳,1~5張,29408,-704,1.61,-0.03
2026/07/17,4904,遠傳,200~400張,154,-7,1.23,-0.06
2026/07/17,4904,遠傳,20~30張,483,-8,0.33,-0.01
2026/07/17,4904,遠傳,30~40張,246,-5,0.24,0.0
2026/07/17,4904,遠傳,400~600張,67,2,0.9,0.03
2026/07/17,4904,遠傳,40~50張,141,-8,0.17,-0.01
2026/07/17,4904,遠傳,50~100張,287,-10,0.56,-0.02
2026/07/17,4904,遠傳,5~10張,3245,-59,0.67,-0.02
2026/07/17,4904,遠傳,600~800張,51,1,0.98,0.02
2026/07/17,4904,遠傳,800~1000張,28,-3,0.69,-0.08
2026/07/17,4904,遠傳,千張大戶,232,3,90.86,0.22
2026/07/17,4904,遠傳,零股散戶,51887,13,0.35,0.0
2026/07/24,4904,遠傳,100~200張,195,3,0.77,0.02
2026/07/24,4904,遠傳,10~15張,908,-16,0.31,-0.01
2026/07/24,4904,遠傳,15~20張,529,-17,0.26,-0.01
2026/07/24,4904,遠傳,1~5張,28838,-570,1.58,-0.03
2026/07/24,4904,遠傳,200~400張,150,-4,1.19,-0.04
2026/07/24,4904,遠傳,20~30張,464,-19,0.32,-0.01
2026/07/24,4904,遠傳,30~40張,243,-3,0.23,-0.01
2026/07/24,4904,遠傳,400~600張,71,4,0.95,0.05
2026/07/24,4904,遠傳,40~50張,136,-5,0.17,0.0
2026/07/24,4904,遠傳,50~100張,285,-2,0.55,-0.01
2026/07/24,4904,遠傳,5~10張,3167,-78,0.66,-0.01
2026/07/24,4904,遠傳,600~800張,44,-7,0.84,-0.14
2026/07/24,4904,遠傳,800~1000張,33,5,0.82,0.13
2026/07/24,4904,遠傳,千張大戶,233,1,90.93,0.07
2026/07/24,4904,遠傳,零股散戶,51663,-224,0.35,0.0
2026/07/31,4904,遠傳,100~200張,191,-4,0.75,-0.02
2026/07/31,4904,遠傳,10~15張,870,-38,0.3,-0.01
2026/07/31,4904,遠傳,15~20張,520,-9,0.26,0.0
2026/07/31,4904,遠傳,1~5張,28415,-423,1.55,-0.03
2026/07/31,4904,遠傳,200~400張,157,7,1.24,0.05
2026/07/31,4904,遠傳,20~30張,456,-8,0.31,-0.01
2026/07/31,4904,遠傳,30~40張,235,-8,0.23,0.0
2026/07/31,4904,遠傳,400~600張,64,-7,0.86,-0.09
2026/07/31,4904,遠傳,40~50張,138,2,0.17,0.0
2026/07/31,4904,遠傳,50~100張,285,0,0.55,0.0
2026/07/31,4904,遠傳,5~10張,3121,-46,0.65,-0.01
2026/07/31,4904,遠傳,600~800張,44,0,0.84,0.0
2026/07/31,4904,遠傳,800~1000張,38,5,0.94,0.12
2026/07/31,4904,遠傳,千張大戶,232,-1,90.92,-0.01
2026/07/31,4904,遠傳,零股散戶,51381,-282,0.35,0.0
2026/04/24,4958,臻鼎-KY,100~200張,193,1,2.61,0.03
2026/04/24,4958,臻鼎-KY,10~15張,822,36,0.99,0.05
2026/04/24,4958,臻鼎-KY,15~20張,501,-29,0.87,-0.05
2026/04/24,4958,臻鼎-KY,1~5張,49228,6685,7.51,0.81
2026/04/24,4958,臻鼎-KY,200~400張,133,-2,3.56,-0.09
2026/04/24,4958,臻鼎-KY,20~30張,424,10,1.01,0.02
2026/04/24,4958,臻鼎-KY,30~40張,199,-7,0.66,-0.02
2026/04/24,4958,臻鼎-KY,400~600張,60,-5,2.69,-0.28
2026/04/24,4958,臻鼎-KY,40~50張,138,3,0.59,0.01
2026/04/24,4958,臻鼎-KY,50~100張,292,3,1.95,-0.01
2026/04/24,4958,臻鼎-KY,5~10張,2994,164,2.19,0.13
2026/04/24,4958,臻鼎-KY,600~800張,38,-3,2.48,-0.21
2026/04/24,4958,臻鼎-KY,800~1000張,27,-2,2.26,-0.17
2026/04/24,4958,臻鼎-KY,千張大戶,123,6,69.89,-0.32
2026/04/24,4958,臻鼎-KY,零股散戶,41223,8320,0.66,0.1
2026/05/08,4958,臻鼎-KY,100~200張,184,-5,2.44,-0.09
2026/05/08,4958,臻鼎-KY,10~15張,860,60,1.03,0.07
2026/05/08,4958,臻鼎-KY,15~20張,543,12,0.94,0.02
2026/05/08,4958,臻鼎-KY,1~5張,60255,7630,8.99,1.0
2026/05/08,4958,臻鼎-KY,200~400張,144,5,3.81,0.05
2026/05/08,4958,臻鼎-KY,20~30張,405,1,0.97,0.01
2026/05/08,4958,臻鼎-KY,30~40張,195,-4,0.64,-0.02
2026/05/08,4958,臻鼎-KY,400~600張,63,-2,2.86,-0.07
2026/05/08,4958,臻鼎-KY,40~50張,133,-4,0.57,-0.02
2026/05/08,4958,臻鼎-KY,50~100張,281,-3,1.87,-0.05
2026/05/08,4958,臻鼎-KY,5~10張,3116,109,2.27,0.06
2026/05/08,4958,臻鼎-KY,600~800張,38,2,2.47,0.13
2026/05/08,4958,臻鼎-KY,800~1000張,28,3,2.35,0.25
2026/05/08,4958,臻鼎-KY,千張大戶,117,-10,67.71,-1.61
2026/05/08,4958,臻鼎-KY,零股散戶,68361,19063,1.01,0.25
2026/05/15,4958,臻鼎-KY,100~200張,181,-3,2.43,-0.01
2026/05/15,4958,臻鼎-KY,10~15張,845,-15,1.01,-0.02
2026/05/15,4958,臻鼎-KY,15~20張,529,-14,0.91,-0.03
2026/05/15,4958,臻鼎-KY,1~5張,59156,-1099,8.81,-0.18
2026/05/15,4958,臻鼎-KY,200~400張,138,-6,3.6,-0.21
2026/05/15,4958,臻鼎-KY,20~30張,387,-18,0.92,-0.05
2026/05/15,4958,臻鼎-KY,30~40張,214,19,0.7,0.06
2026/05/15,4958,臻鼎-KY,400~600張,61,-2,2.79,-0.07
2026/05/15,4958,臻鼎-KY,40~50張,131,-2,0.56,-0.01
2026/05/15,4958,臻鼎-KY,50~100張,266,-15,1.78,-0.09
2026/05/15,4958,臻鼎-KY,5~10張,3116,0,2.26,-0.01
2026/05/15,4958,臻鼎-KY,600~800張,39,1,2.54,0.07
2026/05/15,4958,臻鼎-KY,800~1000張,25,-3,2.07,-0.28
2026/05/15,4958,臻鼎-KY,千張大戶,116,-1,68.48,0.77
2026/05/15,4958,臻鼎-KY,零股散戶,72405,4044,1.06,0.05
2026/05/22,4958,臻鼎-KY,100~200張,184,3,2.4,-0.03
2026/05/22,4958,臻鼎-KY,10~15張,834,-11,0.99,-0.02
2026/05/22,4958,臻鼎-KY,15~20張,519,-10,0.89,-0.02
2026/05/22,4958,臻鼎-KY,1~5張,57553,-1603,8.55,-0.26
2026/05/22,4958,臻鼎-KY,200~400張,150,12,3.91,0.31
2026/05/22,4958,臻鼎-KY,20~30張,407,20,0.96,0.04
2026/05/22,4958,臻鼎-KY,30~40張,201,-13,0.65,-0.05
2026/05/22,4958,臻鼎-KY,400~600張,65,4,2.94,0.15
2026/05/22,4958,臻鼎-KY,40~50張,124,-7,0.53,-0.03
2026/05/22,4958,臻鼎-KY,50~100張,266,0,1.8,0.02
2026/05/22,4958,臻鼎-KY,5~10張,3104,-12,2.23,-0.03
2026/05/22,4958,臻鼎-KY,600~800張,41,2,2.67,0.13
2026/05/22,4958,臻鼎-KY,800~1000張,24,-1,2.0,-0.07
2026/05/22,4958,臻鼎-KY,千張大戶,113,-3,68.29,-0.19
2026/05/22,4958,臻鼎-KY,零股散戶,74920,2515,1.12,0.06
2026/05/29,4958,臻鼎-KY,100~200張,188,4,2.47,0.07
2026/05/29,4958,臻鼎-KY,10~15張,892,58,1.05,0.06
2026/05/29,4958,臻鼎-KY,15~20張,506,-13,0.86,-0.03
2026/05/29,4958,臻鼎-KY,1~5張,61666,4113,9.19,0.64
2026/05/29,4958,臻鼎-KY,200~400張,147,-3,3.86,-0.05
2026/05/29,4958,臻鼎-KY,20~30張,418,11,0.98,0.02
2026/05/29,4958,臻鼎-KY,30~40張,194,-7,0.63,-0.02
2026/05/29,4958,臻鼎-KY,400~600張,62,-3,2.83,-0.11
2026/05/29,4958,臻鼎-KY,40~50張,129,5,0.55,0.02
2026/05/29,4958,臻鼎-KY,50~100張,262,-4,1.76,-0.04
2026/05/29,4958,臻鼎-KY,5~10張,3171,67,2.26,0.03
2026/05/29,4958,臻鼎-KY,600~800張,39,-2,2.52,-0.15
2026/05/29,4958,臻鼎-KY,800~1000張,27,3,2.24,0.24
2026/05/29,4958,臻鼎-KY,千張大戶,116,3,67.45,-0.84
2026/05/29,4958,臻鼎-KY,零股散戶,85818,10898,1.25,0.13
2026/06/05,4958,臻鼎-KY,100~200張,198,10,2.61,0.14
2026/06/05,4958,臻鼎-KY,10~15張,920,28,1.09,0.04
2026/06/05,4958,臻鼎-KY,15~20張,522,16,0.89,0.03
2026/06/05,4958,臻鼎-KY,1~5張,64454,2788,9.61,0.42
2026/06/05,4958,臻鼎-KY,200~400張,145,-2,3.82,-0.04
2026/06/05,4958,臻鼎-KY,20~30張,443,25,1.04,0.06
2026/06/05,4958,臻鼎-KY,30~40張,191,-3,0.62,-0.01
2026/06/05,4958,臻鼎-KY,400~600張,56,-6,2.58,-0.25
2026/06/05,4958,臻鼎-KY,40~50張,139,10,0.59,0.04
2026/06/05,4958,臻鼎-KY,50~100張,257,-5,1.72,-0.04
2026/06/05,4958,臻鼎-KY,5~10張,3299,128,2.35,0.09
2026/06/05,4958,臻鼎-KY,600~800張,36,-3,2.32,-0.2
2026/06/05,4958,臻鼎-KY,800~1000張,24,-3,2.01,-0.23
2026/06/05,4958,臻鼎-KY,千張大戶,113,-3,67.27,-0.18
2026/06/05,4958,臻鼎-KY,零股散戶,95697,9879,1.4,0.15
2026/06/12,4958,臻鼎-KY,100~200張,201,3,2.67,0.06
2026/06/12,4958,臻鼎-KY,10~15張,895,-25,1.06,-0.03
2026/06/12,4958,臻鼎-KY,15~20張,547,25,0.93,0.04
2026/06/12,4958,臻鼎-KY,1~5張,63789,-665,9.49,-0.12
2026/06/12,4958,臻鼎-KY,200~400張,140,-5,3.63,-0.19
2026/06/12,4958,臻鼎-KY,20~30張,446,3,1.05,0.01
2026/06/12,4958,臻鼎-KY,30~40張,194,3,0.63,0.01
2026/06/12,4958,臻鼎-KY,400~600張,60,4,2.72,0.14
2026/06/12,4958,臻鼎-KY,40~50張,147,8,0.63,0.04
2026/06/12,4958,臻鼎-KY,50~100張,253,-4,1.7,-0.02
2026/06/12,4958,臻鼎-KY,5~10張,3278,-21,2.33,-0.02
2026/06/12,4958,臻鼎-KY,600~800張,34,-2,2.2,-0.12
2026/06/12,4958,臻鼎-KY,800~1000張,24,0,2.02,0.01
2026/06/12,4958,臻鼎-KY,千張大戶,114,1,67.48,0.21
2026/06/12,4958,臻鼎-KY,零股散戶,97579,1882,1.42,0.02
2026/06/26,4958,臻鼎-KY,100~200張,197,1,2.58,0.0
2026/06/26,4958,臻鼎-KY,10~15張,952,71,1.1,0.06
2026/06/26,4958,臻鼎-KY,15~20張,553,30,0.92,0.04
2026/06/26,4958,臻鼎-KY,1~5張,67600,9700,9.8,1.29
2026/06/26,4958,臻鼎-KY,200~400張,149,5,3.74,0.04
2026/06/26,4958,臻鼎-KY,20~30張,451,26,1.04,0.04
2026/06/26,4958,臻鼎-KY,30~40張,203,11,0.65,0.03
2026/06/26,4958,臻鼎-KY,400~600張,61,4,2.7,0.12
2026/06/26,4958,臻鼎-KY,40~50張,142,1,0.59,-0.01
2026/06/26,4958,臻鼎-KY,50~100張,279,7,1.82,0.02
2026/06/26,4958,臻鼎-KY,5~10張,3402,349,2.35,0.19
2026/06/26,4958,臻鼎-KY,600~800張,32,-4,1.96,-0.33
2026/06/26,4958,臻鼎-KY,800~1000張,28,-3,2.28,-0.28
2026/06/26,4958,臻鼎-KY,千張大戶,121,2,66.87,-1.43
2026/06/26,4958,臻鼎-KY,零股散戶,111866,17502,1.53,0.22
2026/07/03,4958,臻鼎-KY,100~200張,209,12,2.69,0.11
2026/07/03,4958,臻鼎-KY,10~15張,947,-5,1.08,-0.02
2026/07/03,4958,臻鼎-KY,15~20張,541,-12,0.9,-0.02
2026/07/03,4958,臻鼎-KY,1~5張,71139,3539,10.24,0.44
2026/07/03,4958,臻鼎-KY,200~400張,152,3,3.84,0.1
2026/07/03,4958,臻鼎-KY,20~30張,444,-7,1.01,-0.03
2026/07/03,4958,臻鼎-KY,30~40張,209,6,0.67,0.02
2026/07/03,4958,臻鼎-KY,400~600張,62,1,2.73,0.03
2026/07/03,4958,臻鼎-KY,40~50張,141,-1,0.58,-0.01
2026/07/03,4958,臻鼎-KY,50~100張,278,-1,1.81,-0.01
2026/07/03,4958,臻鼎-KY,5~10張,3514,112,2.42,0.07
2026/07/03,4958,臻鼎-KY,600~800張,28,-4,1.72,-0.24
2026/07/03,4958,臻鼎-KY,800~1000張,29,1,2.36,0.08
2026/07/03,4958,臻鼎-KY,千張大戶,119,-2,66.24,-0.63
2026/07/03,4958,臻鼎-KY,零股散戶,121158,9292,1.63,0.1
2026/07/17,4958,臻鼎-KY,100~200張,201,-3,2.56,-0.09
2026/07/17,4958,臻鼎-KY,10~15張,889,-66,1.02,-0.08
2026/07/17,4958,臻鼎-KY,15~20張,487,-45,0.8,-0.08
2026/07/17,4958,臻鼎-KY,1~5張,67002,-5411,9.64,-0.91
2026/07/17,4958,臻鼎-KY,200~400張,152,4,3.77,0.08
2026/07/17,4958,臻鼎-KY,20~30張,449,-15,1.02,-0.04
2026/07/17,4958,臻鼎-KY,30~40張,196,-10,0.62,-0.04
2026/07/17,4958,臻鼎-KY,400~600張,59,0,2.58,0.0
2026/07/17,4958,臻鼎-KY,40~50張,155,5,0.64,0.02
2026/07/17,4958,臻鼎-KY,50~100張,270,-6,1.77,-0.04
2026/07/17,4958,臻鼎-KY,5~10張,3364,-230,2.31,-0.17
2026/07/17,4958,臻鼎-KY,600~800張,33,3,2.01,0.18
2026/07/17,4958,臻鼎-KY,800~1000張,29,5,2.32,0.39
2026/07/17,4958,臻鼎-KY,千張大戶,121,0,67.29,0.93
2026/07/17,4958,臻鼎-KY,零股散戶,117239,-9529,1.56,-0.19
2026/07/24,4958,臻鼎-KY,100~200張,198,-3,2.5,-0.06
2026/07/24,4958,臻鼎-KY,10~15張,1025,136,1.17,0.15
2026/07/24,4958,臻鼎-KY,15~20張,514,27,0.84,0.04
2026/07/24,4958,臻鼎-KY,1~5張,70655,3653,10.42,0.78
2026/07/24,4958,臻鼎-KY,200~400張,154,2,3.83,0.06
2026/07/24,4958,臻鼎-KY,20~30張,474,25,1.08,0.06
2026/07/24,4958,臻鼎-KY,30~40張,198,2,0.63,0.01
2026/07/24,4958,臻鼎-KY,400~600張,59,0,2.59,0.01
2026/07/24,4958,臻鼎-KY,40~50張,156,1,0.64,0.0
2026/07/24,4958,臻鼎-KY,50~100張,277,7,1.8,0.03
2026/07/24,4958,臻鼎-KY,5~10張,3710,346,2.53,0.22
2026/07/24,4958,臻鼎-KY,600~800張,31,-2,1.92,-0.09
2026/07/24,4958,臻鼎-KY,800~1000張,29,0,2.31,-0.01
2026/07/24,4958,臻鼎-KY,千張大戶,120,-1,65.94,-1.35
2026/07/24,4958,臻鼎-KY,零股散戶,124495,7256,1.71,0.15
2026/07/31,4958,臻鼎-KY,100~200張,193,-5,2.41,-0.09
2026/07/31,4958,臻鼎-KY,10~15張,1025,0,1.17,0.0
2026/07/31,4958,臻鼎-KY,15~20張,531,17,0.87,0.03
2026/07/31,4958,臻鼎-KY,1~5張,69834,-821,10.38,-0.04
2026/07/31,4958,臻鼎-KY,200~400張,144,-10,3.54,-0.29
2026/07/31,4958,臻鼎-KY,20~30張,434,-40,0.99,-0.09
2026/07/31,4958,臻鼎-KY,30~40張,201,3,0.64,0.01
2026/07/31,4958,臻鼎-KY,400~600張,55,-4,2.43,-0.16
2026/07/31,4958,臻鼎-KY,40~50張,158,2,0.65,0.01
2026/07/31,4958,臻鼎-KY,50~100張,278,1,1.81,0.01
2026/07/31,4958,臻鼎-KY,5~10張,3723,13,2.52,-0.01
2026/07/31,4958,臻鼎-KY,600~800張,33,2,2.01,0.09
2026/07/31,4958,臻鼎-KY,800~1000張,26,-3,2.09,-0.22
2026/07/31,4958,臻鼎-KY,千張大戶,121,1,66.66,0.72
2026/07/31,4958,臻鼎-KY,零股散戶,124870,375,1.76,0.05
2026/04/24,4967,十銓,100~200張,21,-4,3.66,-0.63
2026/04/24,4967,十銓,10~15張,243,-35,3.64,-0.6
2026/04/24,4967,十銓,15~20張,117,-10,2.53,-0.28
2026/04/24,4967,十銓,1~5張,15337,-2043,28.8,-5.42
2026/04/24,4967,十銓,200~400張,16,1,5.45,0.05
2026/04/24,4967,十銓,20~30張,102,-11,3.07,-0.38
2026/04/24,4967,十銓,30~40張,46,-8,1.96,-0.31
2026/04/24,4967,十銓,400~600張,10,0,5.57,-0.14
2026/04/24,4967,十銓,40~50張,32,-14,1.67,-0.83
2026/04/24,4967,十銓,50~100張,43,8,3.57,0.57
2026/04/24,4967,十銓,5~10張,915,-154,8.5,-1.45
2026/04/24,4967,十銓,600~800張,3,0,2.42,-0.03
2026/04/24,4967,十銓,800~1000張,3,-2,3.33,-1.99
2026/04/24,4967,十銓,千張大戶,12,7,23.27,11.76
2026/04/24,4967,十銓,零股散戶,39138,-811,2.49,-0.31
2026/05/08,4967,十銓,100~200張,23,3,3.67,0.43
2026/05/08,4967,十銓,10~15張,253,-17,3.63,-0.35
2026/05/08,4967,十銓,15~20張,160,22,3.25,0.38
2026/05/08,4967,十銓,1~5張,19115,509,33.76,0.51
2026/05/08,4967,十銓,200~400張,18,-2,5.38,-1.11
2026/05/08,4967,十銓,20~30張,124,7,3.48,0.07
2026/05/08,4967,十銓,30~40張,42,-4,1.64,-0.26
2026/05/08,4967,十銓,400~600張,6,1,3.49,0.66
2026/05/08,4967,十銓,40~50張,31,-1,1.6,-0.08
2026/05/08,4967,十銓,50~100張,44,2,3.45,0.12
2026/05/08,4967,十銓,5~10張,1105,80,9.74,0.47
2026/05/08,4967,十銓,600~800張,4,-1,2.84,-1.14
2026/05/08,4967,十銓,800~1000張,3,0,3.07,0.19
2026/05/08,4967,十銓,千張大戶,10,0,17.98,0.08
2026/05/08,4967,十銓,零股散戶,43083,85,2.95,0.04
2026/05/15,4967,十銓,100~200張,19,-4,2.95,-0.72
2026/05/15,4967,十銓,10~15張,268,15,3.72,0.09
2026/05/15,4967,十銓,15~20張,172,12,3.48,0.23
2026/05/15,4967,十銓,1~5張,20092,977,35.35,1.59
2026/05/15,4967,十銓,200~400張,18,0,5.74,0.36
2026/05/15,4967,十銓,20~30張,126,2,3.46,-0.02
2026/05/15,4967,十銓,30~40張,45,3,1.75,0.11
2026/05/15,4967,十銓,400~600張,7,1,3.92,0.43
2026/05/15,4967,十銓,40~50張,40,9,2.01,0.41
2026/05/15,4967,十銓,50~100張,48,4,3.72,0.27
2026/05/15,4967,十銓,5~10張,1143,38,9.92,0.18
2026/05/15,4967,十銓,600~800張,2,-2,1.44,-1.4
2026/05/15,4967,十銓,800~1000張,2,-1,1.92,-1.15
2026/05/15,4967,十銓,千張大戶,11,1,17.38,-0.6
2026/05/15,4967,十銓,零股散戶,44017,934,3.18,0.23
2026/05/22,4967,十銓,100~200張,23,4,3.53,0.58
2026/05/22,4967,十銓,10~15張,276,8,3.81,0.09
2026/05/22,4967,十銓,15~20張,168,-4,3.34,-0.14
2026/05/22,4967,十銓,1~5張,20626,534,36.6,1.25
2026/05/22,4967,十銓,200~400張,17,-1,5.47,-0.27
2026/05/22,4967,十銓,20~30張,129,3,3.5,0.04
2026/05/22,4967,十銓,30~40張,55,10,2.13,0.38
2026/05/22,4967,十銓,400~600張,9,2,4.6,0.68
2026/05/22,4967,十銓,40~50張,34,-6,1.69,-0.32
2026/05/22,4967,十銓,50~100張,46,-2,3.53,-0.19
2026/05/22,4967,十銓,5~10張,1254,111,10.67,0.75
2026/05/22,4967,十銓,600~800張,1,-1,0.84,-0.6
2026/05/22,4967,十銓,800~1000張,1,-1,0.92,-1.0
2026/05/22,4967,十銓,千張大戶,10,-1,16.01,-1.37
2026/05/22,4967,十銓,零股散戶,44118,101,3.29,0.11
2026/05/29,4967,十銓,100~200張,22,-1,3.45,-0.08
2026/05/29,4967,十銓,10~15張,293,17,4.02,0.21
2026/05/29,4967,十銓,15~20張,182,14,3.59,0.25
2026/05/29,4967,十銓,1~5張,20975,349,36.91,0.31
2026/05/29,4967,十銓,200~400張,18,1,5.65,0.18
2026/05/29,4967,十銓,20~30張,128,-1,3.49,-0.01
2026/05/29,4967,十銓,30~40張,50,-5,1.91,-0.22
2026/05/29,4967,十銓,400~600張,8,-1,4.18,-0.42
2026/05/29,4967,十銓,40~50張,35,1,1.73,0.04
2026/05/29,4967,十銓,50~100張,47,1,3.42,-0.11
2026/05/29,4967,十銓,5~10張,1263,9,10.64,-0.03
2026/05/29,4967,十銓,600~800張,2,1,1.64,0.8
2026/05/29,4967,十銓,800~1000張,3,2,2.65,1.73
2026/05/29,4967,十銓,千張大戶,8,-2,13.34,-2.67
2026/05/29,4967,十銓,零股散戶,44146,28,3.29,0.0
2026/06/05,4967,十銓,100~200張,21,-1,3.27,-0.18
2026/06/05,4967,十銓,10~15張,282,-11,3.85,-0.17
2026/06/05,4967,十銓,15~20張,180,-2,3.5,-0.09
2026/06/05,4967,十銓,1~5張,19628,-1347,33.4,-3.51
2026/06/05,4967,十銓,200~400張,16,-2,4.61,-1.04
2026/06/05,4967,十銓,20~30張,129,1,3.46,-0.03
2026/06/05,4967,十銓,30~40張,46,-4,1.72,-0.19
2026/06/05,4967,十銓,400~600張,1,-7,0.57,-3.61
2026/06/05,4967,十銓,40~50張,33,-2,1.62,-0.11
2026/06/05,4967,十銓,50~100張,48,1,3.51,0.09
2026/06/05,4967,十銓,5~10張,1201,-62,10.14,-0.5
2026/06/05,4967,十銓,600~800張,5,3,3.86,2.22
2026/06/05,4967,十銓,800~1000張,2,-1,1.86,-0.79
2026/06/05,4967,十銓,千張大戶,13,5,21.47,8.13
2026/06/05,4967,十銓,零股散戶,43908,-238,3.1,-0.19
2026/06/12,4967,十銓,100~200張,27,6,4.3,1.03
2026/06/12,4967,十銓,10~15張,273,-9,3.71,-0.14
2026/06/12,4967,十銓,15~20張,179,-1,3.49,-0.01
2026/06/12,4967,十銓,1~5張,19961,333,34.52,1.12
2026/06/12,4967,十銓,200~400張,22,6,6.92,2.31
2026/06/12,4967,十銓,20~30張,141,12,3.76,0.3
2026/06/12,4967,十銓,30~40張,45,-1,1.67,-0.05
2026/06/12,4967,十銓,400~600張,6,5,3.0,2.43
2026/06/12,4967,十銓,40~50張,35,2,1.7,0.08
2026/06/12,4967,十銓,50~100張,52,4,4.01,0.5
2026/06/12,4967,十銓,5~10張,1241,40,10.37,0.23
2026/06/12,4967,十銓,600~800張,8,3,5.81,1.95
2026/06/12,4967,十銓,800~1000張,2,0,1.78,-0.08
2026/06/12,4967,十銓,千張大戶,6,-7,11.74,-9.73
2026/06/12,4967,十銓,零股散戶,43917,9,3.16,0.06
2026/06/26,4967,十銓,100~200張,23,-5,3.76,-0.55
2026/06/26,4967,十銓,10~15張,304,31,4.07,0.38
2026/06/26,4967,十銓,15~20張,186,-3,3.59,-0.08
2026/06/26,4967,十銓,1~5張,20824,559,35.79,0.74
2026/06/26,4967,十銓,200~400張,16,-5,4.63,-1.65
2026/06/26,4967,十銓,20~30張,152,4,4.05,0.09
2026/06/26,4967,十銓,30~40張,50,-3,1.83,-0.13
2026/06/26,4967,十銓,400~600張,10,3,5.06,1.52
2026/06/26,4967,十銓,40~50張,40,3,1.94,0.14
2026/06/26,4967,十銓,50~100張,52,3,3.88,0.14
2026/06/26,4967,十銓,5~10張,1258,2,10.37,-0.07
2026/06/26,4967,十銓,600~800張,3,-2,2.26,-1.51
2026/06/26,4967,十銓,800~1000張,4,3,3.68,2.76
2026/06/26,4967,十銓,千張大戶,6,-2,11.8,-1.82
2026/06/26,4967,十銓,零股散戶,44113,300,3.2,0.04
2026/07/03,4967,十銓,100~200張,17,-6,2.62,-1.14
2026/07/03,4967,十銓,10~15張,310,6,4.15,0.08
2026/07/03,4967,十銓,15~20張,196,10,3.78,0.19
2026/07/03,4967,十銓,1~5張,20565,-259,35.89,0.1
2026/07/03,4967,十銓,200~400張,21,5,6.29,1.66
2026/07/03,4967,十銓,20~30張,152,0,4.06,0.01
2026/07/03,4967,十銓,30~40張,61,11,2.23,0.4
2026/07/03,4967,十銓,400~600張,7,-3,3.69,-1.37
2026/07/03,4967,十銓,40~50張,32,-8,1.55,-0.39
2026/07/03,4967,十銓,50~100張,58,6,4.25,0.37
2026/07/03,4967,十銓,5~10張,1310,52,10.68,0.31
2026/07/03,4967,十銓,600~800張,4,1,2.8,0.54
2026/07/03,4967,十銓,800~1000張,3,-1,2.64,-1.04
2026/07/03,4967,十銓,千張大戶,7,1,12.07,0.27
2026/07/03,4967,十銓,零股散戶,43870,-243,3.22,0.02
2026/07/17,4967,十銓,100~200張,18,-3,2.66,-0.57
2026/07/17,4967,十銓,10~15張,322,5,4.23,0.02
2026/07/17,4967,十銓,15~20張,188,-11,3.59,-0.22
2026/07/17,4967,十銓,1~5張,20579,-77,35.83,-0.34
2026/07/17,4967,十銓,200~400張,21,3,6.18,0.83
2026/07/17,4967,十銓,20~30張,154,-3,3.99,-0.12
2026/07/17,4967,十銓,30~40張,70,3,2.53,0.09
2026/07/17,4967,十銓,400~600張,9,2,4.48,0.85
2026/07/17,4967,十銓,40~50張,38,3,1.8,0.11
2026/07/17,4967,十銓,50~100張,57,-1,4.11,-0.12
2026/07/17,4967,十銓,5~10張,1417,9,11.33,-0.06
2026/07/17,4967,十銓,600~800張,4,-2,2.67,-1.48
2026/07/17,4967,十銓,800~1000張,3,2,2.69,1.75
2026/07/17,4967,十銓,千張大戶,6,-1,10.66,-1.03
2026/07/17,4967,十銓,零股散戶,43623,-153,3.19,-0.02
2026/07/24,4967,十銓,100~200張,24,6,3.61,0.95
2026/07/24,4967,十銓,10~15張,330,8,4.31,0.08
2026/07/24,4967,十銓,15~20張,188,0,3.58,-0.01
2026/07/24,4967,十銓,1~5張,20277,-302,35.4,-0.43
2026/07/24,4967,十銓,200~400張,19,-2,5.66,-0.52
2026/07/24,4967,十銓,20~30張,155,1,4.03,0.04
2026/07/24,4967,十銓,30~40張,74,4,2.68,0.15
2026/07/24,4967,十銓,400~600張,9,0,4.36,-0.12
2026/07/24,4967,十銓,40~50張,34,-4,1.61,-0.19
2026/07/24,4967,十銓,50~100張,53,-4,3.82,-0.29
2026/07/24,4967,十銓,5~10張,1434,17,11.45,0.12
2026/07/24,4967,十銓,600~800張,5,1,3.74,1.07
2026/07/24,4967,十銓,800~1000張,2,-1,1.78,-0.91
2026/07/24,4967,十銓,千張大戶,6,0,10.72,0.06
2026/07/24,4967,十銓,零股散戶,43424,-199,3.17,-0.02
2026/07/31,4967,十銓,100~200張,21,-3,3.19,-0.42
2026/07/31,4967,十銓,10~15張,322,-8,4.19,-0.12
2026/07/31,4967,十銓,15~20張,203,15,3.86,0.28
2026/07/31,4967,十銓,1~5張,20263,-14,35.41,0.01
2026/07/31,4967,十銓,200~400張,21,2,6.01,0.35
2026/07/31,4967,十銓,20~30張,166,11,4.33,0.3
2026/07/31,4967,十銓,30~40張,75,1,2.72,0.04
2026/07/31,4967,十銓,400~600張,8,-1,4.21,-0.15
2026/07/31,4967,十銓,40~50張,39,5,1.85,0.24
2026/07/31,4967,十銓,50~100張,49,-4,3.58,-0.24
2026/07/31,4967,十銓,5~10張,1431,-3,11.38,-0.07
2026/07/31,4967,十銓,600~800張,4,-1,2.93,-0.81
2026/07/31,4967,十銓,800~1000張,1,-1,0.85,-0.93
2026/07/31,4967,十銓,千張大戶,7,1,12.21,1.49
2026/07/31,4967,十銓,零股散戶,43432,8,3.19,0.02
2026/04/24,5289,宜鼎,100~200張,63,-2,9.1,-0.43
2026/04/24,5289,宜鼎,10~15張,249,5,3.2,0.1
2026/04/24,5289,宜鼎,15~20張,136,-6,2.51,-0.1
2026/04/24,5289,宜鼎,1~5張,8494,399,14.37,0.56
2026/04/24,5289,宜鼎,200~400張,32,-1,8.65,-0.27
2026/04/24,5289,宜鼎,20~30張,151,10,3.94,0.27
2026/04/24,5289,宜鼎,30~40張,61,-2,2.14,-0.1
2026/04/24,5289,宜鼎,400~600張,13,1,6.39,0.53
2026/04/24,5289,宜鼎,40~50張,48,3,2.27,0.17
2026/04/24,5289,宜鼎,50~100張,67,-7,4.83,-0.49
2026/04/24,5289,宜鼎,5~10張,700,47,5.3,0.35
2026/04/24,5289,宜鼎,600~800張,5,1,3.89,0.9
2026/04/24,5289,宜鼎,800~1000張,5,0,4.53,0.06
2026/04/24,5289,宜鼎,千張大戶,11,-2,25.91,-1.73
2026/04/24,5289,宜鼎,零股散戶,38541,1585,2.91,0.18
2026/05/08,5289,宜鼎,100~200張,60,-9,8.61,-1.55
2026/05/08,5289,宜鼎,10~15張,235,-8,3.01,-0.11
2026/05/08,5289,宜鼎,15~20張,139,10,2.56,0.2
2026/05/08,5289,宜鼎,1~5張,7855,-234,13.44,-0.24
2026/05/08,5289,宜鼎,200~400張,35,5,9.32,1.07
2026/05/08,5289,宜鼎,20~30張,143,-6,3.69,-0.18
2026/05/08,5289,宜鼎,30~40張,67,7,2.38,0.26
2026/05/08,5289,宜鼎,400~600張,9,-1,4.36,-0.73
2026/05/08,5289,宜鼎,40~50張,42,-1,1.99,-0.04
2026/05/08,5289,宜鼎,50~100張,75,4,5.38,0.33
2026/05/08,5289,宜鼎,5~10張,696,-5,5.27,-0.04
2026/05/08,5289,宜鼎,600~800張,5,0,3.52,-0.25
2026/05/08,5289,宜鼎,800~1000張,7,0,6.37,-0.08
2026/05/08,5289,宜鼎,千張大戶,11,1,27.28,1.38
2026/05/08,5289,宜鼎,零股散戶,38714,1259,2.76,0.0
2026/05/15,5289,宜鼎,100~200張,61,1,8.92,0.31
2026/05/15,5289,宜鼎,10~15張,233,-2,2.98,-0.03
2026/05/15,5289,宜鼎,15~20張,147,8,2.7,0.14
2026/05/15,5289,宜鼎,1~5張,8417,562,14.25,0.81
2026/05/15,5289,宜鼎,200~400張,32,-3,8.86,-0.46
2026/05/15,5289,宜鼎,20~30張,141,-2,3.62,-0.07
2026/05/15,5289,宜鼎,30~40張,61,-6,2.14,-0.24
2026/05/15,5289,宜鼎,400~600張,9,0,4.37,0.01
2026/05/15,5289,宜鼎,40~50張,48,6,2.26,0.27
2026/05/15,5289,宜鼎,50~100張,78,3,5.55,0.17
2026/05/15,5289,宜鼎,5~10張,697,1,5.29,0.02
2026/05/15,5289,宜鼎,600~800張,5,0,3.55,0.03
2026/05/15,5289,宜鼎,800~1000張,6,-1,5.46,-0.91
2026/05/15,5289,宜鼎,千張大戶,10,-1,26.97,-0.31
2026/05/15,5289,宜鼎,零股散戶,42312,3598,3.0,0.24
2026/05/22,5289,宜鼎,100~200張,56,-5,8.17,-0.75
2026/05/22,5289,宜鼎,10~15張,235,2,3.01,0.03
2026/05/22,5289,宜鼎,15~20張,148,1,2.73,0.03
2026/05/22,5289,宜鼎,1~5張,8882,465,15.08,0.83
2026/05/22,5289,宜鼎,200~400張,30,-2,8.43,-0.43
2026/05/22,5289,宜鼎,20~30張,149,8,3.84,0.22
2026/05/22,5289,宜鼎,30~40張,65,4,2.3,0.16
2026/05/22,5289,宜鼎,400~600張,12,3,5.84,1.47
2026/05/22,5289,宜鼎,40~50張,45,-3,2.11,-0.15
2026/05/22,5289,宜鼎,50~100張,77,-1,5.5,-0.05
2026/05/22,5289,宜鼎,5~10張,714,17,5.42,0.13
2026/05/22,5289,宜鼎,600~800張,6,1,4.48,0.93
2026/05/22,5289,宜鼎,800~1000張,3,-3,2.76,-2.7
2026/05/22,5289,宜鼎,千張大戶,10,0,26.92,-0.05
2026/05/22,5289,宜鼎,零股散戶,45786,3474,3.32,0.32
2026/05/29,5289,宜鼎,100~200張,52,-4,7.81,-0.36
2026/05/29,5289,宜鼎,10~15張,243,8,3.12,0.11
2026/05/29,5289,宜鼎,15~20張,143,-5,2.63,-0.1
2026/05/29,5289,宜鼎,1~5張,9293,411,15.67,0.59
2026/05/29,5289,宜鼎,200~400張,32,2,8.89,0.46
2026/05/29,5289,宜鼎,20~30張,148,-1,3.82,-0.02
2026/05/29,5289,宜鼎,30~40張,65,0,2.34,0.04
2026/05/29,5289,宜鼎,400~600張,8,-4,3.8,-2.04
2026/05/29,5289,宜鼎,40~50張,42,-3,1.98,-0.13
2026/05/29,5289,宜鼎,50~100張,78,1,5.62,0.12
2026/05/29,5289,宜鼎,5~10張,713,-1,5.36,-0.06
2026/05/29,5289,宜鼎,600~800張,7,1,5.25,0.77
2026/05/29,5289,宜鼎,800~1000張,3,0,2.76,0.0
2026/05/29,5289,宜鼎,千張大戶,10,0,27.27,0.35
2026/05/29,5289,宜鼎,零股散戶,48418,2632,3.61,0.29
2026/06/05,5289,宜鼎,100~200張,51,-1,7.65,-0.16
2026/06/05,5289,宜鼎,10~15張,239,-4,3.07,-0.05
2026/06/05,5289,宜鼎,15~20張,148,5,2.73,0.1
2026/06/05,5289,宜鼎,1~5張,8597,-696,14.66,-1.01
2026/06/05,5289,宜鼎,200~400張,30,-2,8.12,-0.77
2026/06/05,5289,宜鼎,20~30張,146,-2,3.73,-0.09
2026/06/05,5289,宜鼎,30~40張,67,2,2.38,0.04
2026/06/05,5289,宜鼎,400~600張,10,2,4.63,0.83
2026/06/05,5289,宜鼎,40~50張,42,0,1.97,-0.01
2026/06/05,5289,宜鼎,50~100張,78,0,5.67,0.05
2026/06/05,5289,宜鼎,5~10張,699,-14,5.27,-0.09
2026/06/05,5289,宜鼎,600~800張,8,1,5.9,0.65
2026/06/05,5289,宜鼎,800~1000張,3,0,2.76,0.0
2026/06/05,5289,宜鼎,千張大戶,10,0,27.98,0.71
2026/06/05,5289,宜鼎,零股散戶,46016,-2402,3.39,-0.22
2026/06/12,5289,宜鼎,100~200張,50,-1,7.17,-0.48
2026/06/12,5289,宜鼎,10~15張,239,0,3.07,0.0
2026/06/12,5289,宜鼎,15~20張,144,-4,2.65,-0.08
2026/06/12,5289,宜鼎,1~5張,8861,264,15.14,0.48
2026/06/12,5289,宜鼎,200~400張,32,2,8.44,0.32
2026/06/12,5289,宜鼎,20~30張,155,9,3.96,0.23
2026/06/12,5289,宜鼎,30~40張,57,-10,2.04,-0.34
2026/06/12,5289,宜鼎,400~600張,13,3,6.49,1.86
2026/06/12,5289,宜鼎,40~50張,44,2,2.06,0.09
2026/06/12,5289,宜鼎,50~100張,84,6,6.02,0.35
2026/06/12,5289,宜鼎,5~10張,704,5,5.3,0.03
2026/06/12,5289,宜鼎,600~800張,6,-2,4.33,-1.57
2026/06/12,5289,宜鼎,800~1000張,3,0,2.72,-0.04
2026/06/12,5289,宜鼎,千張大戶,10,0,26.93,-1.05
2026/06/12,5289,宜鼎,零股散戶,48759,2743,3.61,0.22
2026/06/26,5289,宜鼎,100~200張,50,1,7.39,0.28
2026/06/26,5289,宜鼎,10~15張,244,5,3.13,0.08
2026/06/26,5289,宜鼎,15~20張,140,-4,2.57,-0.07
2026/06/26,5289,宜鼎,1~5張,8970,430,15.38,0.75
2026/06/26,5289,宜鼎,200~400張,29,-4,7.56,-1.42
2026/06/26,5289,宜鼎,20~30張,152,-5,3.89,-0.12
2026/06/26,5289,宜鼎,30~40張,61,1,2.19,0.05
2026/06/26,5289,宜鼎,400~600張,10,0,4.42,-0.4
2026/06/26,5289,宜鼎,40~50張,42,-1,1.98,-0.04
2026/06/26,5289,宜鼎,50~100張,94,5,6.89,0.4
2026/06/26,5289,宜鼎,5~10張,721,39,5.43,0.29
2026/06/26,5289,宜鼎,600~800張,7,0,4.92,-0.03
2026/06/26,5289,宜鼎,800~1000張,3,-1,2.61,-0.98
2026/06/26,5289,宜鼎,千張大戶,11,1,27.81,0.95
2026/06/26,5289,宜鼎,零股散戶,49923,1875,3.76,0.27
2026/07/03,5289,宜鼎,100~200張,50,0,7.42,0.03
2026/07/03,5289,宜鼎,10~15張,262,18,3.38,0.25
2026/07/03,5289,宜鼎,15~20張,145,5,2.67,0.1
2026/07/03,5289,宜鼎,1~5張,9227,257,16.17,0.79
2026/07/03,5289,宜鼎,200~400張,28,-1,7.68,0.12
2026/07/03,5289,宜鼎,20~30張,140,-12,3.6,-0.29
2026/07/03,5289,宜鼎,30~40張,68,7,2.41,0.22
2026/07/03,5289,宜鼎,400~600張,10,0,4.89,0.47
2026/07/03,5289,宜鼎,40~50張,45,3,2.12,0.14
2026/07/03,5289,宜鼎,50~100張,97,3,7.13,0.24
2026/07/03,5289,宜鼎,5~10張,736,15,5.54,0.11
2026/07/03,5289,宜鼎,600~800張,5,-2,3.59,-1.33
2026/07/03,5289,宜鼎,800~1000張,5,2,4.47,1.86
2026/07/03,5289,宜鼎,千張大戶,10,-1,24.54,-3.27
2026/07/03,5289,宜鼎,零股散戶,53081,3158,4.31,0.55
2026/07/17,5289,宜鼎,100~200張,42,-4,6.23,-0.48
2026/07/17,5289,宜鼎,10~15張,265,-1,3.39,-0.03
2026/07/17,5289,宜鼎,15~20張,151,3,2.78,0.05
2026/07/17,5289,宜鼎,1~5張,9810,218,17.44,0.51
2026/07/17,5289,宜鼎,200~400張,32,1,8.77,0.19
2026/07/17,5289,宜鼎,20~30張,143,2,3.66,0.05
2026/07/17,5289,宜鼎,30~40張,70,5,2.5,0.19
2026/07/17,5289,宜鼎,400~600張,13,3,6.4,1.46
2026/07/17,5289,宜鼎,40~50張,46,-2,2.17,-0.09
2026/07/17,5289,宜鼎,50~100張,94,0,6.75,-0.04
2026/07/17,5289,宜鼎,5~10張,811,23,6.04,0.09
2026/07/17,5289,宜鼎,600~800張,5,-1,3.52,-0.75
2026/07/17,5289,宜鼎,800~1000張,5,1,4.71,1.1
2026/07/17,5289,宜鼎,千張大戶,9,-1,20.86,-2.43
2026/07/17,5289,宜鼎,零股散戶,55110,845,4.72,0.19
2026/07/24,5289,宜鼎,100~200張,42,0,6.12,-0.11
2026/07/24,5289,宜鼎,10~15張,258,-7,3.3,-0.09
2026/07/24,5289,宜鼎,15~20張,157,6,2.88,0.1
2026/07/24,5289,宜鼎,1~5張,9687,-123,17.24,-0.2
2026/07/24,5289,宜鼎,200~400張,35,3,9.64,0.87
2026/07/24,5289,宜鼎,20~30張,146,3,3.72,0.06
2026/07/24,5289,宜鼎,30~40張,68,-2,2.42,-0.08
2026/07/24,5289,宜鼎,400~600張,12,-1,5.92,-0.48
2026/07/24,5289,宜鼎,40~50張,48,2,2.25,0.08
2026/07/24,5289,宜鼎,50~100張,92,-2,6.61,-0.14
2026/07/24,5289,宜鼎,5~10張,802,-9,6.0,-0.04
2026/07/24,5289,宜鼎,600~800張,6,1,4.3,0.78
2026/07/24,5289,宜鼎,800~1000張,3,-2,2.74,-1.97
2026/07/24,5289,宜鼎,千張大戶,10,1,21.98,1.12
2026/07/24,5289,宜鼎,零股散戶,54972,-138,4.82,0.1
2026/07/31,5289,宜鼎,100~200張,40,-2,5.9,-0.22
2026/07/31,5289,宜鼎,10~15張,269,11,3.46,0.16
2026/07/31,5289,宜鼎,15~20張,152,-5,2.77,-0.11
2026/07/31,5289,宜鼎,1~5張,9651,-36,17.28,0.04
2026/07/31,5289,宜鼎,200~400張,35,0,9.44,-0.2
2026/07/31,5289,宜鼎,20~30張,142,-4,3.6,-0.12
2026/07/31,5289,宜鼎,30~40張,67,-1,2.39,-0.03
2026/07/31,5289,宜鼎,400~600張,13,1,6.75,0.83
2026/07/31,5289,宜鼎,40~50張,50,2,2.33,0.08
2026/07/31,5289,宜鼎,50~100張,95,3,6.86,0.25
2026/07/31,5289,宜鼎,5~10張,822,20,6.14,0.14
2026/07/31,5289,宜鼎,600~800張,5,-1,3.56,-0.74
2026/07/31,5289,宜鼎,800~1000張,3,0,2.75,0.01
2026/07/31,5289,宜鼎,千張大戶,10,0,21.83,-0.15
2026/07/31,5289,宜鼎,零股散戶,54789,-183,4.86,0.04
2026/04/24,5434,崇越,100~200張,103,-4,7.38,-0.27
2026/04/24,5434,崇越,10~15張,476,-4,2.99,-0.03
2026/04/24,5434,崇越,15~20張,224,-3,2.01,-0.03
2026/04/24,5434,崇越,1~5張,9583,-93,8.97,-0.08
2026/04/24,5434,崇越,200~400張,48,1,7.02,0.03
2026/04/24,5434,崇越,20~30張,226,3,2.85,0.05
2026/04/24,5434,崇越,30~40張,97,-1,1.75,-0.01
2026/04/24,5434,崇越,400~600張,17,3,4.24,0.69
2026/04/24,5434,崇越,40~50張,76,-3,1.76,-0.07
2026/04/24,5434,崇越,50~100張,133,3,4.73,0.14
2026/04/24,5434,崇越,5~10張,1187,-1,4.35,-0.01
2026/04/24,5434,崇越,600~800張,14,-1,4.9,-0.44
2026/04/24,5434,崇越,800~1000張,9,-1,4.0,-0.44
2026/04/24,5434,崇越,千張大戶,33,1,41.95,0.45
2026/04/24,5434,崇越,零股散戶,17832,-57,1.02,0.0
2026/05/08,5434,崇越,100~200張,101,-3,7.25,-0.23
2026/05/08,5434,崇越,10~15張,472,0,2.96,0.0
2026/05/08,5434,崇越,15~20張,226,-3,2.03,-0.03
2026/05/08,5434,崇越,1~5張,9691,142,9.06,0.12
2026/05/08,5434,崇越,200~400張,51,3,7.34,0.35
2026/05/08,5434,崇越,20~30張,229,1,2.89,0.01
2026/05/08,5434,崇越,30~40張,93,2,1.66,0.03
2026/05/08,5434,崇越,400~600張,19,-1,4.99,-0.23
2026/05/08,5434,崇越,40~50張,78,0,1.8,0.0
2026/05/08,5434,崇越,50~100張,130,-3,4.63,-0.08
2026/05/08,5434,崇越,5~10張,1216,16,4.47,0.06
2026/05/08,5434,崇越,600~800張,13,0,4.56,0.0
2026/05/08,5434,崇越,800~1000張,8,-1,3.52,-0.49
2026/05/08,5434,崇越,千張大戶,33,1,41.74,0.5
2026/05/08,5434,崇越,零股散戶,18007,170,1.03,0.0
2026/05/15,5434,崇越,100~200張,94,-7,6.76,-0.49
2026/05/15,5434,崇越,10~15張,470,-2,2.94,-0.02
2026/05/15,5434,崇越,15~20張,228,2,2.05,0.02
2026/05/15,5434,崇越,1~5張,9817,126,9.15,0.09
2026/05/15,5434,崇越,200~400張,54,3,7.78,0.44
2026/05/15,5434,崇越,20~30張,230,1,2.9,0.01
2026/05/15,5434,崇越,30~40張,91,-2,1.63,-0.03
2026/05/15,5434,崇越,400~600張,18,-1,4.67,-0.32
2026/05/15,5434,崇越,40~50張,78,0,1.8,0.0
2026/05/15,5434,崇越,50~100張,136,6,4.82,0.19
2026/05/15,5434,崇越,5~10張,1227,11,4.52,0.05
2026/05/15,5434,崇越,600~800張,14,1,4.89,0.33
2026/05/15,5434,崇越,800~1000張,9,1,4.07,0.55
2026/05/15,5434,崇越,千張大戶,31,-2,40.89,-0.85
2026/05/15,5434,崇越,零股散戶,18060,53,1.04,0.01
2026/05/22,5434,崇越,100~200張,92,-2,6.61,-0.15
2026/05/22,5434,崇越,10~15張,468,-2,2.93,-0.01
2026/05/22,5434,崇越,15~20張,228,0,2.05,0.0
2026/05/22,5434,崇越,1~5張,9796,-21,9.15,0.0
2026/05/22,5434,崇越,200~400張,56,2,8.12,0.34
2026/05/22,5434,崇越,20~30張,237,7,2.99,0.09
2026/05/22,5434,崇越,30~40張,88,-3,1.58,-0.05
2026/05/22,5434,崇越,400~600張,17,-1,4.46,-0.21
2026/05/22,5434,崇越,40~50張,80,2,1.84,0.04
2026/05/22,5434,崇越,50~100張,139,3,4.92,0.1
2026/05/22,5434,崇越,5~10張,1221,-6,4.5,-0.02
2026/05/22,5434,崇越,600~800張,15,1,5.3,0.41
2026/05/22,5434,崇越,800~1000張,10,1,4.56,0.49
2026/05/22,5434,崇越,千張大戶,30,-1,39.87,-1.02
2026/05/22,5434,崇越,零股散戶,17996,-64,1.04,0.0
2026/05/29,5434,崇越,100~200張,95,3,6.81,0.2
2026/05/29,5434,崇越,10~15張,469,1,2.94,0.01
2026/05/29,5434,崇越,15~20張,222,-6,1.99,-0.06
2026/05/29,5434,崇越,1~5張,9780,-16,9.13,-0.02
2026/05/29,5434,崇越,200~400張,54,-2,7.82,-0.3
2026/05/29,5434,崇越,20~30張,239,2,3.02,0.03
2026/05/29,5434,崇越,30~40張,90,2,1.61,0.03
2026/05/29,5434,崇越,400~600張,18,1,4.56,0.1
2026/05/29,5434,崇越,40~50張,79,-1,1.82,-0.02
2026/05/29,5434,崇越,50~100張,137,-2,4.89,-0.03
2026/05/29,5434,崇越,5~10張,1225,4,4.52,0.02
2026/05/29,5434,崇越,600~800張,14,-1,4.94,-0.36
2026/05/29,5434,崇越,800~1000張,10,0,4.55,-0.01
2026/05/29,5434,崇越,千張大戶,31,1,40.27,0.4
2026/05/29,5434,崇越,零股散戶,18352,356,1.05,0.01
2026/06/05,5434,崇越,100~200張,94,-1,6.7,-0.11
2026/06/05,5434,崇越,10~15張,470,1,2.94,0.0
2026/06/05,5434,崇越,15~20張,226,4,2.03,0.04
2026/06/05,5434,崇越,1~5張,9798,18,9.14,0.01
2026/06/05,5434,崇越,200~400張,55,1,7.97,0.15
2026/06/05,5434,崇越,20~30張,237,-2,2.98,-0.04
2026/06/05,5434,崇越,30~40張,91,1,1.64,0.03
2026/06/05,5434,崇越,400~600張,16,-2,4.09,-0.47
2026/06/05,5434,崇越,40~50張,81,2,1.87,0.05
2026/06/05,5434,崇越,50~100張,138,1,4.92,0.03
2026/06/05,5434,崇越,5~10張,1235,10,4.55,0.03
2026/06/05,5434,崇越,600~800張,15,1,5.3,0.36
2026/06/05,5434,崇越,800~1000張,11,1,4.93,0.38
2026/06/05,5434,崇越,千張大戶,30,-1,39.81,-0.46
2026/06/05,5434,崇越,零股散戶,18293,-59,1.05,0.0
2026/06/12,5434,崇越,100~200張,94,0,6.62,-0.08
2026/06/12,5434,崇越,10~15張,470,0,2.94,0.0
2026/06/12,5434,崇越,15~20張,232,6,2.08,0.05
2026/06/12,5434,崇越,1~5張,9755,-43,9.11,-0.03
2026/06/12,5434,崇越,200~400張,58,3,8.43,0.46
2026/06/12,5434,崇越,20~30張,231,-6,2.91,-0.07
2026/06/12,5434,崇越,30~40張,94,3,1.68,0.04
2026/06/12,5434,崇越,400~600張,15,-1,3.87,-0.22
2026/06/12,5434,崇越,40~50張,83,2,1.92,0.05
2026/06/12,5434,崇越,50~100張,142,4,5.12,0.2
2026/06/12,5434,崇越,5~10張,1232,-3,4.54,-0.01
2026/06/12,5434,崇越,600~800張,14,-1,4.96,-0.34
2026/06/12,5434,崇越,800~1000張,11,0,4.79,-0.14
2026/06/12,5434,崇越,千張大戶,30,0,39.91,0.1
2026/06/12,5434,崇越,零股散戶,18153,-140,1.04,-0.01
2026/06/26,5434,崇越,100~200張,92,-5,6.46,-0.38
2026/06/26,5434,崇越,10~15張,456,-7,2.85,-0.04
2026/06/26,5434,崇越,15~20張,232,-1,2.08,0.0
2026/06/26,5434,崇越,1~5張,9550,-71,8.94,-0.07
2026/06/26,5434,崇越,200~400張,59,2,8.64,0.28
2026/06/26,5434,崇越,20~30張,235,6,2.96,0.08
2026/06/26,5434,崇越,30~40張,92,-4,1.65,-0.06
2026/06/26,5434,崇越,400~600張,18,2,4.75,0.58
2026/06/26,5434,崇越,40~50張,84,2,1.94,0.04
2026/06/26,5434,崇越,50~100張,142,5,5.05,0.15
2026/06/26,5434,崇越,5~10張,1196,-19,4.39,-0.08
2026/06/26,5434,崇越,600~800張,14,0,4.93,-0.02
2026/06/26,5434,崇越,800~1000張,10,-2,4.39,-0.93
2026/06/26,5434,崇越,千張大戶,31,2,39.87,0.46
2026/06/26,5434,崇越,零股散戶,18026,-42,1.03,0.0
2026/07/03,5434,崇越,100~200張,94,2,6.63,0.17
2026/07/03,5434,崇越,10~15張,450,-6,2.81,-0.04
2026/07/03,5434,崇越,15~20張,221,-11,1.98,-0.1
2026/07/03,5434,崇越,1~5張,9624,74,8.93,-0.01
2026/07/03,5434,崇越,200~400張,59,0,8.49,-0.15
2026/07/03,5434,崇越,20~30張,237,2,2.99,0.03
2026/07/03,5434,崇越,30~40張,99,7,1.78,0.13
2026/07/03,5434,崇越,400~600張,19,1,4.9,0.15
2026/07/03,5434,崇越,40~50張,81,-3,1.87,-0.07
2026/07/03,5434,崇越,50~100張,136,-6,4.89,-0.16
2026/07/03,5434,崇越,5~10張,1172,-24,4.3,-0.09
2026/07/03,5434,崇越,600~800張,16,2,5.76,0.83
2026/07/03,5434,崇越,800~1000張,12,2,5.34,0.95
2026/07/03,5434,崇越,千張大戶,27,-4,38.2,-1.67
2026/07/03,5434,崇越,零股散戶,18386,360,1.04,0.01
2026/07/17,5434,崇越,100~200張,90,-5,6.36,-0.44
2026/07/17,5434,崇越,10~15張,450,-2,2.81,-0.02
2026/07/17,5434,崇越,15~20張,221,0,1.97,-0.01
2026/07/17,5434,崇越,1~5張,9462,-224,8.79,-0.2
2026/07/17,5434,崇越,200~400張,60,4,8.62,0.58
2026/07/17,5434,崇越,20~30張,234,-2,2.97,-0.01
2026/07/17,5434,崇越,30~40張,102,2,1.84,0.04
2026/07/17,5434,崇越,400~600張,22,2,5.74,0.68
2026/07/17,5434,崇越,40~50張,84,2,1.95,0.05
2026/07/17,5434,崇越,50~100張,137,-6,4.88,-0.22
2026/07/17,5434,崇越,5~10張,1158,-15,4.25,-0.05
2026/07/17,5434,崇越,600~800張,16,0,5.74,-0.01
2026/07/17,5434,崇越,800~1000張,10,-1,4.55,-0.33
2026/07/17,5434,崇越,千張大戶,25,-1,38.41,-0.07
2026/07/17,5434,崇越,零股散戶,18370,7,1.03,-0.02
2026/07/24,5434,崇越,100~200張,92,2,6.62,0.26
2026/07/24,5434,崇越,10~15張,449,-1,2.8,-0.01
2026/07/24,5434,崇越,15~20張,223,2,1.99,0.02
2026/07/24,5434,崇越,1~5張,9555,93,8.87,0.08
2026/07/24,5434,崇越,200~400張,54,-6,7.74,-0.88
2026/07/24,5434,崇越,20~30張,240,6,3.03,0.06
2026/07/24,5434,崇越,30~40張,97,-5,1.74,-0.1
2026/07/24,5434,崇越,400~600張,25,3,6.51,0.77
2026/07/24,5434,崇越,40~50張,83,-1,1.93,-0.02
2026/07/24,5434,崇越,50~100張,137,0,4.85,-0.03
2026/07/24,5434,崇越,5~10張,1157,-1,4.23,-0.02
2026/07/24,5434,崇越,600~800張,13,-3,4.62,-1.12
2026/07/24,5434,崇越,800~1000張,11,1,4.95,0.4
2026/07/24,5434,崇越,千張大戶,26,1,39.0,0.59
2026/07/24,5434,崇越,零股散戶,18646,276,1.04,0.01
2026/07/31,5434,崇越,100~200張,95,3,6.75,0.13
2026/07/31,5434,崇越,10~15張,447,-2,2.8,0.0
2026/07/31,5434,崇越,15~20張,214,-9,1.91,-0.08
2026/07/31,5434,崇越,1~5張,9478,-77,8.79,-0.08
2026/07/31,5434,崇越,200~400張,58,4,8.37,0.63
2026/07/31,5434,崇越,20~30張,231,-9,2.93,-0.1
2026/07/31,5434,崇越,30~40張,100,3,1.79,0.05
2026/07/31,5434,崇越,400~600張,22,-3,5.79,-0.72
2026/07/31,5434,崇越,40~50張,84,1,1.95,0.02
2026/07/31,5434,崇越,50~100張,138,1,4.92,0.07
2026/07/31,5434,崇越,5~10張,1158,1,4.23,0.0
2026/07/31,5434,崇越,600~800張,15,2,5.37,0.75
2026/07/31,5434,崇越,800~1000張,10,-1,4.53,-0.42
2026/07/31,5434,崇越,千張大戶,26,0,38.74,-0.26
2026/07/31,5434,崇越,零股散戶,18617,-29,1.05,0.01
2026/04/24,5483,中美晶,100~200張,130,8,2.83,0.18
2026/04/24,5483,中美晶,10~15張,1243,-91,2.45,-0.18
2026/04/24,5483,中美晶,15~20張,755,-37,2.15,-0.11
2026/04/24,5483,中美晶,1~5張,44814,-1696,13.09,-0.52
2026/04/24,5483,中美晶,200~400張,67,-2,2.95,-0.16
2026/04/24,5483,中美晶,20~30張,622,-30,2.46,-0.11
2026/04/24,5483,中美晶,30~40張,295,-10,1.62,-0.07
2026/04/24,5483,中美晶,400~600張,38,-1,2.86,-0.08
2026/04/24,5483,中美晶,40~50張,180,-14,1.3,-0.1
2026/04/24,5483,中美晶,50~100張,316,-14,3.52,-0.15
2026/04/24,5483,中美晶,5~10張,4540,-260,5.43,-0.31
2026/04/24,5483,中美晶,600~800張,12,-3,1.27,-0.34
2026/04/24,5483,中美晶,800~1000張,16,3,2.26,0.42
2026/04/24,5483,中美晶,千張大戶,81,3,54.94,1.54
2026/04/24,5483,中美晶,零股散戶,65963,-282,0.79,-0.02
2026/05/08,5483,中美晶,100~200張,134,10,2.94,0.25
2026/05/08,5483,中美晶,10~15張,1217,-14,2.41,-0.02
2026/05/08,5483,中美晶,15~20張,746,-33,2.13,-0.09
2026/05/08,5483,中美晶,1~5張,46999,-301,13.49,-0.17
2026/05/08,5483,中美晶,200~400張,70,-1,3.15,-0.04
2026/05/08,5483,中美晶,20~30張,608,-16,2.41,-0.05
2026/05/08,5483,中美晶,30~40張,300,-6,1.66,-0.02
2026/05/08,5483,中美晶,400~600張,42,7,3.13,0.5
2026/05/08,5483,中美晶,40~50張,168,-5,1.2,-0.04
2026/05/08,5483,中美晶,50~100張,309,-14,3.43,-0.17
2026/05/08,5483,中美晶,5~10張,4530,-116,5.46,-0.11
2026/05/08,5483,中美晶,600~800張,15,-1,1.62,-0.11
2026/05/08,5483,中美晶,800~1000張,14,1,1.95,0.15
2026/05/08,5483,中美晶,千張大戶,79,-1,54.15,-0.06
2026/05/08,5483,中美晶,零股散戶,67499,645,0.82,0.01
2026/05/15,5483,中美晶,100~200張,128,-6,2.83,-0.11
2026/05/15,5483,中美晶,10~15張,1223,6,2.42,0.01
2026/05/15,5483,中美晶,15~20張,775,29,2.21,0.08
2026/05/15,5483,中美晶,1~5張,47720,721,13.6,0.11
2026/05/15,5483,中美晶,200~400張,72,2,3.27,0.12
2026/05/15,5483,中美晶,20~30張,598,-10,2.37,-0.04
2026/05/15,5483,中美晶,30~40張,297,-3,1.64,-0.02
2026/05/15,5483,中美晶,400~600張,37,-5,2.75,-0.38
2026/05/15,5483,中美晶,40~50張,155,-13,1.11,-0.09
2026/05/15,5483,中美晶,50~100張,305,-4,3.37,-0.06
2026/05/15,5483,中美晶,5~10張,4444,-86,5.33,-0.13
2026/05/15,5483,中美晶,600~800張,15,0,1.57,-0.05
2026/05/15,5483,中美晶,800~1000張,16,2,2.24,0.29
2026/05/15,5483,中美晶,千張大戶,81,2,54.37,0.22
2026/05/15,5483,中美晶,零股散戶,68246,747,0.85,0.03
2026/05/22,5483,中美晶,100~200張,130,2,2.85,0.02
2026/05/22,5483,中美晶,10~15張,1250,27,2.46,0.04
2026/05/22,5483,中美晶,15~20張,769,-6,2.19,-0.02
2026/05/22,5483,中美晶,1~5張,48678,958,14.06,0.46
2026/05/22,5483,中美晶,200~400張,66,-6,3.0,-0.27
2026/05/22,5483,中美晶,20~30張,639,41,2.54,0.17
2026/05/22,5483,中美晶,30~40張,280,-17,1.55,-0.09
2026/05/22,5483,中美晶,400~600張,39,2,2.86,0.11
2026/05/22,5483,中美晶,40~50張,162,7,1.16,0.05
2026/05/22,5483,中美晶,50~100張,320,15,3.57,0.2
2026/05/22,5483,中美晶,5~10張,4595,151,5.51,0.18
2026/05/22,5483,中美晶,600~800張,13,-2,1.36,-0.21
2026/05/22,5483,中美晶,800~1000張,14,-2,1.98,-0.26
2026/05/22,5483,中美晶,千張大戶,82,1,53.98,-0.39
2026/05/22,5483,中美晶,零股散戶,68117,-129,0.87,0.02
2026/05/29,5483,中美晶,100~200張,118,-12,2.59,-0.26
2026/05/29,5483,中美晶,10~15張,1232,-18,2.43,-0.03
2026/05/29,5483,中美晶,15~20張,740,-29,2.11,-0.08
2026/05/29,5483,中美晶,1~5張,48011,-667,13.68,-0.38
2026/05/29,5483,中美晶,200~400張,69,3,3.08,0.08
2026/05/29,5483,中美晶,20~30張,613,-26,2.42,-0.12
2026/05/29,5483,中美晶,30~40張,272,-8,1.49,-0.06
2026/05/29,5483,中美晶,400~600張,42,3,3.05,0.19
2026/05/29,5483,中美晶,40~50張,175,13,1.25,0.09
2026/05/29,5483,中美晶,50~100張,314,-6,3.51,-0.06
2026/05/29,5483,中美晶,5~10張,4412,-183,5.31,-0.2
2026/05/29,5483,中美晶,600~800張,17,4,1.82,0.46
2026/05/29,5483,中美晶,800~1000張,15,1,2.13,0.15
2026/05/29,5483,中美晶,千張大戶,84,2,54.2,0.22
2026/05/29,5483,中美晶,零股散戶,67870,-247,0.84,-0.03
2026/06/05,5483,中美晶,100~200張,126,8,2.77,0.18
2026/06/05,5483,中美晶,10~15張,1251,19,2.47,0.04
2026/06/05,5483,中美晶,15~20張,730,-10,2.08,-0.03
2026/06/05,5483,中美晶,1~5張,47515,-496,13.63,-0.05
2026/06/05,5483,中美晶,200~400張,76,7,3.38,0.3
2026/06/05,5483,中美晶,20~30張,628,15,2.49,0.07
2026/06/05,5483,中美晶,30~40張,281,9,1.54,0.05
2026/06/05,5483,中美晶,400~600張,40,-2,2.97,-0.08
2026/06/05,5483,中美晶,40~50張,176,1,1.26,0.01
2026/06/05,5483,中美晶,50~100張,325,11,3.63,0.12
2026/06/05,5483,中美晶,5~10張,4427,15,5.32,0.01
2026/06/05,5483,中美晶,600~800張,15,-2,1.58,-0.24
2026/06/05,5483,中美晶,800~1000張,16,1,2.24,0.11
2026/06/05,5483,中美晶,千張大戶,81,-3,53.72,-0.48
2026/06/05,5483,中美晶,零股散戶,68117,247,0.86,0.02
2026/06/12,5483,中美晶,100~200張,126,0,2.77,0.0
2026/06/12,5483,中美晶,10~15張,1315,64,2.6,0.13
2026/06/12,5483,中美晶,15~20張,731,1,2.08,0.0
2026/06/12,5483,中美晶,1~5張,48173,658,13.92,0.29
2026/06/12,5483,中美晶,200~400張,79,3,3.49,0.11
2026/06/12,5483,中美晶,20~30張,667,39,2.64,0.15
2026/06/12,5483,中美晶,30~40張,284,3,1.55,0.01
2026/06/12,5483,中美晶,400~600張,36,-4,2.7,-0.27
2026/06/12,5483,中美晶,40~50張,175,-1,1.25,-0.01
2026/06/12,5483,中美晶,50~100張,340,15,3.78,0.15
2026/06/12,5483,中美晶,5~10張,4588,161,5.5,0.18
2026/06/12,5483,中美晶,600~800張,17,2,1.8,0.22
2026/06/12,5483,中美晶,800~1000張,17,1,2.37,0.13
2026/06/12,5483,中美晶,千張大戶,80,-1,52.61,-1.11
2026/06/12,5483,中美晶,零股散戶,68281,164,0.88,0.02
2026/06/26,5483,中美晶,100~200張,126,5,2.79,0.11
2026/06/26,5483,中美晶,10~15張,1255,68,2.47,0.13
2026/06/26,5483,中美晶,15~20張,701,2,2.0,0.01
2026/06/26,5483,中美晶,1~5張,49146,4036,13.9,1.14
2026/06/26,5483,中美晶,200~400張,79,1,3.5,0.04
2026/06/26,5483,中美晶,20~30張,620,21,2.45,0.09
2026/06/26,5483,中美晶,30~40張,285,23,1.57,0.14
2026/06/26,5483,中美晶,400~600張,36,-1,2.69,0.0
2026/06/26,5483,中美晶,40~50張,166,-15,1.18,-0.11
2026/06/26,5483,中美晶,50~100張,320,18,3.6,0.2
2026/06/26,5483,中美晶,5~10張,4367,243,5.24,0.29
2026/06/26,5483,中美晶,600~800張,18,1,1.91,0.11
2026/06/26,5483,中美晶,800~1000張,15,1,2.07,0.13
2026/06/26,5483,中美晶,千張大戶,83,-2,53.64,-2.35
2026/06/26,5483,中美晶,零股散戶,70200,1940,0.93,0.08
2026/07/03,5483,中美晶,100~200張,124,-2,2.74,-0.05
2026/07/03,5483,中美晶,10~15張,1165,-90,2.3,-0.17
2026/07/03,5483,中美晶,15~20張,673,-28,1.93,-0.07
2026/07/03,5483,中美晶,1~5張,48646,-500,13.48,-0.42
2026/07/03,5483,中美晶,200~400張,77,-2,3.39,-0.11
2026/07/03,5483,中美晶,20~30張,564,-56,2.21,-0.24
2026/07/03,5483,中美晶,30~40張,255,-30,1.4,-0.17
2026/07/03,5483,中美晶,400~600張,39,3,2.9,0.21
2026/07/03,5483,中美晶,40~50張,164,-2,1.16,-0.02
2026/07/03,5483,中美晶,50~100張,300,-20,3.36,-0.24
2026/07/03,5483,中美晶,5~10張,4105,-262,4.95,-0.29
2026/07/03,5483,中美晶,600~800張,23,5,2.52,0.61
2026/07/03,5483,中美晶,800~1000張,15,0,2.09,0.02
2026/07/03,5483,中美晶,千張大戶,81,-2,54.55,0.91
2026/07/03,5483,中美晶,零股散戶,71963,1763,0.94,0.01
2026/07/17,5483,中美晶,100~200張,116,-6,2.62,-0.08
2026/07/17,5483,中美晶,10~15張,1027,-106,2.03,-0.21
2026/07/17,5483,中美晶,15~20張,630,-34,1.79,-0.11
2026/07/17,5483,中美晶,1~5張,41694,-5269,11.56,-1.48
2026/07/17,5483,中美晶,200~400張,83,6,3.72,0.31
2026/07/17,5483,中美晶,20~30張,529,-13,2.1,-0.04
2026/07/17,5483,中美晶,30~40張,216,-49,1.19,-0.27
2026/07/17,5483,中美晶,400~600張,33,-7,2.49,-0.52
2026/07/17,5483,中美晶,40~50張,138,-11,0.98,-0.08
2026/07/17,5483,中美晶,50~100張,261,-30,2.91,-0.35
2026/07/17,5483,中美晶,5~10張,3431,-506,4.12,-0.61
2026/07/17,5483,中美晶,600~800張,21,1,2.33,0.15
2026/07/17,5483,中美晶,800~1000張,21,3,2.91,0.44
2026/07/17,5483,中美晶,千張大戶,81,-2,58.23,2.86
2026/07/17,5483,中美晶,零股散戶,73733,1170,0.95,-0.01
2026/07/24,5483,中美晶,100~200張,115,-1,2.59,-0.03
2026/07/24,5483,中美晶,10~15張,1073,46,2.12,0.09
2026/07/24,5483,中美晶,15~20張,643,13,1.83,0.04
2026/07/24,5483,中美晶,1~5張,44890,3196,12.46,0.9
2026/07/24,5483,中美晶,200~400張,80,-3,3.5,-0.22
2026/07/24,5483,中美晶,20~30張,503,-26,1.99,-0.11
2026/07/24,5483,中美晶,30~40張,221,5,1.21,0.02
2026/07/24,5483,中美晶,400~600張,36,3,2.71,0.22
2026/07/24,5483,中美晶,40~50張,149,11,1.05,0.07
2026/07/24,5483,中美晶,50~100張,265,4,2.97,0.06
2026/07/24,5483,中美晶,5~10張,3708,277,4.43,0.31
2026/07/24,5483,中美晶,600~800張,21,0,2.32,-0.01
2026/07/24,5483,中美晶,800~1000張,19,-2,2.68,-0.23
2026/07/24,5483,中美晶,千張大戶,82,1,57.03,-1.2
2026/07/24,5483,中美晶,零股散戶,76276,2543,1.05,0.1
2026/07/31,5483,中美晶,100~200張,107,-8,2.41,-0.18
2026/07/31,5483,中美晶,10~15張,1118,45,2.21,0.09
2026/07/31,5483,中美晶,15~20張,646,3,1.84,0.01
2026/07/31,5483,中美晶,1~5張,45047,157,12.63,0.17
2026/07/31,5483,中美晶,200~400張,76,-4,3.29,-0.21
2026/07/31,5483,中美晶,20~30張,547,44,2.16,0.17
2026/07/31,5483,中美晶,30~40張,230,9,1.27,0.06
2026/07/31,5483,中美晶,400~600張,40,4,3.0,0.29
2026/07/31,5483,中美晶,40~50張,140,-9,0.99,-0.06
2026/07/31,5483,中美晶,50~100張,268,3,3.0,0.03
2026/07/31,5483,中美晶,5~10張,3824,116,4.55,0.12
2026/07/31,5483,中美晶,600~800張,24,3,2.61,0.29
2026/07/31,5483,中美晶,800~1000張,20,1,2.82,0.14
2026/07/31,5483,中美晶,千張大戶,80,-2,56.08,-0.95
2026/07/31,5483,中美晶,零股散戶,76481,205,1.08,0.03
2026/04/24,5876,上海商銀,100~200張,1012,4,2.93,0.02
2026/04/24,5876,上海商銀,10~15張,1968,-34,0.5,-0.01
2026/04/24,5876,上海商銀,15~20張,1238,12,0.46,0.01
2026/04/24,5876,上海商銀,1~5張,25693,-269,1.03,-0.01
2026/04/24,5876,上海商銀,200~400張,726,-4,4.23,-0.02
2026/04/24,5876,上海商銀,20~30張,1378,-6,0.71,0.0
2026/04/24,5876,上海商銀,30~40張,775,-15,0.56,-0.01
2026/04/24,5876,上海商銀,400~600張,255,2,2.56,0.02
2026/04/24,5876,上海商銀,40~50張,555,5,0.52,0.01
2026/04/24,5876,上海商銀,50~100張,1329,3,1.97,0.01
2026/04/24,5876,上海商銀,5~10張,4744,-19,0.75,-0.01
2026/04/24,5876,上海商銀,600~800張,123,-4,1.77,-0.05
2026/04/24,5876,上海商銀,800~1000張,78,-2,1.41,-0.04
2026/04/24,5876,上海商銀,千張大戶,371,2,80.49,0.08
2026/04/24,5876,上海商銀,零股散戶,17576,-19,0.03,0.0
2026/05/08,5876,上海商銀,100~200張,1055,14,3.05,0.04
2026/05/08,5876,上海商銀,10~15張,2103,96,0.54,0.03
2026/05/08,5876,上海商銀,15~20張,1297,15,0.48,0.01
2026/05/08,5876,上海商銀,1~5張,26209,235,1.07,0.02
2026/05/08,5876,上海商銀,200~400張,727,6,4.23,0.02
2026/05/08,5876,上海商銀,20~30張,1469,49,0.76,0.03
2026/05/08,5876,上海商銀,30~40張,832,29,0.6,0.02
2026/05/08,5876,上海商銀,400~600張,252,-1,2.52,-0.01
2026/05/08,5876,上海商銀,40~50張,577,4,0.54,0.01
2026/05/08,5876,上海商銀,50~100張,1364,25,2.02,0.04
2026/05/08,5876,上海商銀,5~10張,5074,209,0.81,0.04
2026/05/08,5876,上海商銀,600~800張,126,1,1.81,0.01
2026/05/08,5876,上海商銀,800~1000張,84,5,1.53,0.11
2026/05/08,5876,上海商銀,千張大戶,369,-4,79.94,-0.35
2026/05/08,5876,上海商銀,零股散戶,17572,14,0.03,0.0
2026/05/15,5876,上海商銀,100~200張,1039,-16,3.0,-0.05
2026/05/15,5876,上海商銀,10~15張,2034,-69,0.52,-0.02
2026/05/15,5876,上海商銀,15~20張,1239,-58,0.46,-0.02
2026/05/15,5876,上海商銀,1~5張,25432,-777,1.03,-0.04
2026/05/15,5876,上海商銀,200~400張,725,-2,4.23,0.0
2026/05/15,5876,上海商銀,20~30張,1383,-86,0.71,-0.05
2026/05/15,5876,上海商銀,30~40張,807,-25,0.58,-0.02
2026/05/15,5876,上海商銀,400~600張,254,2,2.55,0.03
2026/05/15,5876,上海商銀,40~50張,558,-19,0.52,-0.02
2026/05/15,5876,上海商銀,50~100張,1347,-17,1.99,-0.03
2026/05/15,5876,上海商銀,5~10張,4785,-289,0.76,-0.05
2026/05/15,5876,上海商銀,600~800張,128,2,1.84,0.03
2026/05/15,5876,上海商銀,800~1000張,80,-4,1.44,-0.09
2026/05/15,5876,上海商銀,千張大戶,367,-2,80.27,0.33
2026/05/15,5876,上海商銀,零股散戶,17414,-158,0.03,0.0
2026/05/22,5876,上海商銀,100~200張,1031,-8,2.97,-0.03
2026/05/22,5876,上海商銀,10~15張,1975,-59,0.5,-0.02
2026/05/22,5876,上海商銀,15~20張,1189,-50,0.44,-0.02
2026/05/22,5876,上海商銀,1~5張,24947,-485,1.0,-0.03
2026/05/22,5876,上海商銀,200~400張,712,-13,4.16,-0.07
2026/05/22,5876,上海商銀,20~30張,1353,-30,0.7,-0.01
2026/05/22,5876,上海商銀,30~40張,782,-25,0.56,-0.02
2026/05/22,5876,上海商銀,400~600張,253,-1,2.54,-0.01
2026/05/22,5876,上海商銀,40~50張,559,1,0.52,0.0
2026/05/22,5876,上海商銀,50~100張,1290,-57,1.9,-0.09
2026/05/22,5876,上海商銀,5~10張,4644,-141,0.74,-0.02
2026/05/22,5876,上海商銀,600~800張,128,0,1.84,0.0
2026/05/22,5876,上海商銀,800~1000張,81,1,1.46,0.02
2026/05/22,5876,上海商銀,千張大戶,367,0,80.57,0.3
2026/05/22,5876,上海商銀,零股散戶,17376,-38,0.03,0.0
2026/05/29,5876,上海商銀,100~200張,1040,9,3.0,0.03
2026/05/29,5876,上海商銀,10~15張,2032,57,0.52,0.02
2026/05/29,5876,上海商銀,15~20張,1241,52,0.46,0.02
2026/05/29,5876,上海商銀,1~5張,25259,312,1.02,0.02
2026/05/29,5876,上海商銀,200~400張,716,4,4.18,0.02
2026/05/29,5876,上海商銀,20~30張,1371,18,0.71,0.01
2026/05/29,5876,上海商銀,30~40張,816,34,0.59,0.03
2026/05/29,5876,上海商銀,400~600張,256,3,2.57,0.03
2026/05/29,5876,上海商銀,40~50張,570,11,0.53,0.01
2026/05/29,5876,上海商銀,50~100張,1331,41,1.96,0.06
2026/05/29,5876,上海商銀,5~10張,4823,179,0.77,0.03
2026/05/29,5876,上海商銀,600~800張,127,-1,1.82,-0.02
2026/05/29,5876,上海商銀,800~1000張,80,-1,1.44,-0.02
2026/05/29,5876,上海商銀,千張大戶,371,4,80.32,-0.25
2026/05/29,5876,上海商銀,零股散戶,17354,-22,0.03,0.0
2026/06/05,5876,上海商銀,100~200張,1017,-23,2.94,-0.06
2026/06/05,5876,上海商銀,10~15張,1926,-106,0.49,-0.03
2026/06/05,5876,上海商銀,15~20張,1205,-36,0.45,-0.01
2026/06/05,5876,上海商銀,1~5張,24604,-655,0.99,-0.03
2026/06/05,5876,上海商銀,200~400張,709,-7,4.14,-0.04
2026/06/05,5876,上海商銀,20~30張,1325,-46,0.68,-0.03
2026/06/05,5876,上海商銀,30~40張,769,-47,0.55,-0.04
2026/06/05,5876,上海商銀,400~600張,257,1,2.59,0.02
2026/06/05,5876,上海商銀,40~50張,539,-31,0.5,-0.03
2026/06/05,5876,上海商銀,50~100張,1303,-28,1.92,-0.04
2026/06/05,5876,上海商銀,5~10張,4620,-203,0.74,-0.03
2026/06/05,5876,上海商銀,600~800張,120,-7,1.72,-0.1
2026/06/05,5876,上海商銀,800~1000張,78,-2,1.4,-0.04
2026/06/05,5876,上海商銀,千張大戶,373,2,80.79,0.47
2026/06/05,5876,上海商銀,零股散戶,17313,-41,0.03,0.0
2026/06/12,5876,上海商銀,100~200張,993,-24,2.87,-0.07
2026/06/12,5876,上海商銀,10~15張,1830,-96,0.46,-0.03
2026/06/12,5876,上海商銀,15~20張,1133,-72,0.42,-0.03
2026/06/12,5876,上海商銀,1~5張,23895,-709,0.96,-0.03
2026/06/12,5876,上海商銀,200~400張,702,-7,4.1,-0.04
2026/06/12,5876,上海商銀,20~30張,1255,-70,0.64,-0.04
2026/06/12,5876,上海商銀,30~40張,724,-45,0.52,-0.03
2026/06/12,5876,上海商銀,400~600張,253,-4,2.53,-0.06
2026/06/12,5876,上海商銀,40~50張,529,-10,0.49,-0.01
2026/06/12,5876,上海商銀,50~100張,1257,-46,1.85,-0.07
2026/06/12,5876,上海商銀,5~10張,4415,-205,0.7,-0.04
2026/06/12,5876,上海商銀,600~800張,122,2,1.74,0.02
2026/06/12,5876,上海商銀,800~1000張,78,0,1.4,0.0
2026/06/12,5876,上海商銀,千張大戶,372,-1,81.21,0.42
2026/06/12,5876,上海商銀,零股散戶,17275,-38,0.03,0.0
2026/06/26,5876,上海商銀,100~200張,998,4,2.87,0.0
2026/06/26,5876,上海商銀,10~15張,1832,34,0.46,0.0
2026/06/26,5876,上海商銀,15~20張,1122,14,0.42,0.01
2026/06/26,5876,上海商銀,1~5張,23778,265,0.95,0.01
2026/06/26,5876,上海商銀,200~400張,719,6,4.22,0.05
2026/06/26,5876,上海商銀,20~30張,1253,27,0.64,0.01
2026/06/26,5876,上海商銀,30~40張,707,5,0.51,0.0
2026/06/26,5876,上海商銀,400~600張,252,-1,2.53,-0.01
2026/06/26,5876,上海商銀,40~50張,518,-8,0.48,-0.01
2026/06/26,5876,上海商銀,50~100張,1256,21,1.84,0.02
2026/06/26,5876,上海商銀,5~10張,4405,70,0.7,0.01
2026/06/26,5876,上海商銀,600~800張,118,-5,1.68,-0.07
2026/06/26,5876,上海商銀,800~1000張,81,3,1.46,0.05
2026/06/26,5876,上海商銀,千張大戶,371,0,81.12,-0.11
2026/06/26,5876,上海商銀,零股散戶,17183,25,0.03,0.0
2026/07/03,5876,上海商銀,100~200張,984,-14,2.84,-0.03
2026/07/03,5876,上海商銀,10~15張,1807,-25,0.46,0.0
2026/07/03,5876,上海商銀,15~20張,1120,-2,0.41,-0.01
2026/07/03,5876,上海商銀,1~5張,23584,-194,0.94,-0.01
2026/07/03,5876,上海商銀,200~400張,716,-3,4.21,-0.01
2026/07/03,5876,上海商銀,20~30張,1230,-23,0.63,-0.01
2026/07/03,5876,上海商銀,30~40張,691,-16,0.5,-0.01
2026/07/03,5876,上海商銀,400~600張,254,2,2.55,0.02
2026/07/03,5876,上海商銀,40~50張,511,-7,0.48,0.0
2026/07/03,5876,上海商銀,50~100張,1258,2,1.85,0.01
2026/07/03,5876,上海商銀,5~10張,4368,-37,0.7,0.0
2026/07/03,5876,上海商銀,600~800張,117,-1,1.66,-0.02
2026/07/03,5876,上海商銀,800~1000張,75,-6,1.36,-0.1
2026/07/03,5876,上海商銀,千張大戶,371,0,81.31,0.19
2026/07/03,5876,上海商銀,零股散戶,17169,-14,0.03,0.0
2026/07/17,5876,上海商銀,100~200張,976,-12,2.82,-0.02
2026/07/17,5876,上海商銀,10~15張,1693,-103,0.43,-0.03
2026/07/17,5876,上海商銀,15~20張,1036,-81,0.38,-0.03
2026/07/17,5876,上海商銀,1~5張,22605,-953,0.89,-0.05
2026/07/17,5876,上海商銀,200~400張,699,-22,4.09,-0.13
2026/07/17,5876,上海商銀,20~30張,1148,-82,0.59,-0.04
2026/07/17,5876,上海商銀,30~40張,672,-38,0.48,-0.03
2026/07/17,5876,上海商銀,400~600張,255,2,2.56,0.02
2026/07/17,5876,上海商銀,40~50張,486,-36,0.45,-0.04
2026/07/17,5876,上海商銀,50~100張,1205,-45,1.77,-0.07
2026/07/17,5876,上海商銀,5~10張,4104,-291,0.65,-0.05
2026/07/17,5876,上海商銀,600~800張,117,-4,1.65,-0.06
2026/07/17,5876,上海商銀,800~1000張,75,-2,1.35,-0.04
2026/07/17,5876,上海商銀,千張大戶,375,2,81.77,0.56
2026/07/17,5876,上海商銀,零股散戶,17111,-17,0.03,0.0
2026/07/24,5876,上海商銀,100~200張,934,-42,2.69,-0.13
2026/07/24,5876,上海商銀,10~15張,1613,-80,0.41,-0.02
2026/07/24,5876,上海商銀,15~20張,965,-71,0.35,-0.03
2026/07/24,5876,上海商銀,1~5張,21918,-687,0.86,-0.03
2026/07/24,5876,上海商銀,200~400張,686,-13,4.03,-0.06
2026/07/24,5876,上海商銀,20~30張,1100,-48,0.56,-0.03
2026/07/24,5876,上海商銀,30~40張,624,-48,0.45,-0.03
2026/07/24,5876,上海商銀,400~600張,258,3,2.59,0.03
2026/07/24,5876,上海商銀,40~50張,448,-38,0.41,-0.04
2026/07/24,5876,上海商銀,50~100張,1173,-32,1.72,-0.05
2026/07/24,5876,上海商銀,5~10張,3864,-240,0.61,-0.04
2026/07/24,5876,上海商銀,600~800張,116,-1,1.64,-0.01
2026/07/24,5876,上海商銀,800~1000張,72,-3,1.3,-0.05
2026/07/24,5876,上海商銀,千張大戶,375,0,82.27,0.5
2026/07/24,5876,上海商銀,零股散戶,17028,-83,0.03,0.0
2026/07/31,5876,上海商銀,100~200張,911,-23,2.63,-0.06
2026/07/31,5876,上海商銀,10~15張,1498,-115,0.37,-0.04
2026/07/31,5876,上海商銀,15~20張,908,-57,0.33,-0.02
2026/07/31,5876,上海商銀,1~5張,21362,-556,0.83,-0.03
2026/07/31,5876,上海商銀,200~400張,679,-7,3.97,-0.06
2026/07/31,5876,上海商銀,20~30張,1047,-53,0.53,-0.03
2026/07/31,5876,上海商銀,30~40張,591,-33,0.42,-0.03
2026/07/31,5876,上海商銀,400~600張,251,-7,2.51,-0.08
2026/07/31,5876,上海商銀,40~50張,420,-28,0.39,-0.02
2026/07/31,5876,上海商銀,50~100張,1122,-51,1.65,-0.07
2026/07/31,5876,上海商銀,5~10張,3645,-219,0.57,-0.04
2026/07/31,5876,上海商銀,600~800張,116,0,1.64,0.0
2026/07/31,5876,上海商銀,800~1000張,74,2,1.34,0.04
2026/07/31,5876,上海商銀,千張大戶,371,-4,82.69,0.42
2026/07/31,5876,上海商銀,零股散戶,17051,23,0.03,0.0
2026/04/24,5904,寶雅,100~200張,41,3,5.71,0.36
2026/04/24,5904,寶雅,10~15張,69,-4,0.78,-0.04
2026/04/24,5904,寶雅,15~20張,42,0,0.68,-0.01
2026/04/24,5904,寶雅,1~5張,3172,-263,4.92,-0.42
2026/04/24,5904,寶雅,200~400張,29,0,7.93,0.02
2026/04/24,5904,寶雅,20~30張,43,-2,0.98,-0.04
2026/04/24,5904,寶雅,30~40張,28,5,0.91,0.16
2026/04/24,5904,寶雅,400~600張,14,1,6.39,0.47
2026/04/24,5904,寶雅,40~50張,27,1,1.12,0.04
2026/04/24,5904,寶雅,50~100張,40,1,2.65,0.12
2026/04/24,5904,寶雅,5~10張,195,-27,1.25,-0.18
2026/04/24,5904,寶雅,600~800張,9,1,6.06,0.67
2026/04/24,5904,寶雅,800~1000張,7,-1,5.77,-1.02
2026/04/24,5904,寶雅,千張大戶,18,0,52.24,-0.01
2026/04/24,5904,寶雅,零股散戶,19931,-863,2.53,-0.14
2026/05/08,5904,寶雅,100~200張,41,0,5.5,-0.01
2026/05/08,5904,寶雅,10~15張,66,-2,0.73,-0.04
2026/05/08,5904,寶雅,15~20張,36,3,0.58,0.04
2026/05/08,5904,寶雅,1~5張,3039,-74,4.77,-0.05
2026/05/08,5904,寶雅,200~400張,31,2,8.47,0.82
2026/05/08,5904,寶雅,20~30張,54,9,1.25,0.22
2026/05/08,5904,寶雅,30~40張,29,1,0.95,0.03
2026/05/08,5904,寶雅,400~600張,12,-2,5.57,-0.82
2026/05/08,5904,寶雅,40~50張,31,1,1.32,0.07
2026/05/08,5904,寶雅,50~100張,36,0,2.4,0.12
2026/05/08,5904,寶雅,5~10張,193,-1,1.26,0.0
2026/05/08,5904,寶雅,600~800張,8,-2,5.45,-1.32
2026/05/08,5904,寶雅,800~1000張,7,1,5.7,0.79
2026/05/08,5904,寶雅,千張大戶,19,0,53.58,0.19
2026/05/08,5904,寶雅,零股散戶,19215,-265,2.4,-0.05
2026/05/15,5904,寶雅,100~200張,43,2,5.82,0.32
2026/05/15,5904,寶雅,10~15張,65,-1,0.72,-0.01
2026/05/15,5904,寶雅,15~20張,35,-1,0.56,-0.02
2026/05/15,5904,寶雅,1~5張,3089,50,4.8,0.03
2026/05/15,5904,寶雅,200~400張,31,0,8.49,0.02
2026/05/15,5904,寶雅,20~30張,56,2,1.3,0.05
2026/05/15,5904,寶雅,30~40張,31,2,1.01,0.06
2026/05/15,5904,寶雅,400~600張,11,-1,5.08,-0.49
2026/05/15,5904,寶雅,40~50張,33,2,1.41,0.09
2026/05/15,5904,寶雅,50~100張,36,0,2.37,-0.03
2026/05/15,5904,寶雅,5~10張,194,1,1.28,0.02
2026/05/15,5904,寶雅,600~800張,8,0,5.43,-0.02
2026/05/15,5904,寶雅,800~1000張,7,0,5.7,0.0
2026/05/15,5904,寶雅,千張大戶,19,0,53.54,-0.04
2026/05/15,5904,寶雅,零股散戶,19286,71,2.41,0.01
2026/05/22,5904,寶雅,100~200張,45,2,6.21,0.39
2026/05/22,5904,寶雅,10~15張,65,0,0.73,0.01
2026/05/22,5904,寶雅,15~20張,39,4,0.63,0.07
2026/05/22,5904,寶雅,1~5張,3198,109,4.95,0.15
2026/05/22,5904,寶雅,200~400張,29,-2,7.85,-0.64
2026/05/22,5904,寶雅,20~30張,51,-5,1.18,-0.12
2026/05/22,5904,寶雅,30~40張,33,2,1.08,0.07
2026/05/22,5904,寶雅,400~600張,12,1,5.55,0.47
2026/05/22,5904,寶雅,40~50張,32,-1,1.35,-0.06
2026/05/22,5904,寶雅,50~100張,38,2,2.48,0.11
2026/05/22,5904,寶雅,5~10張,200,6,1.33,0.05
2026/05/22,5904,寶雅,600~800張,7,-1,4.85,-0.58
2026/05/22,5904,寶雅,800~1000張,7,0,5.72,0.02
2026/05/22,5904,寶雅,千張大戶,19,0,53.57,0.03
2026/05/22,5904,寶雅,零股散戶,20474,1188,2.46,0.05
2026/05/29,5904,寶雅,100~200張,47,2,6.41,0.2
2026/05/29,5904,寶雅,10~15張,68,3,0.76,0.03
2026/05/29,5904,寶雅,15~20張,33,-6,0.52,-0.11
2026/05/29,5904,寶雅,1~5張,3226,28,4.97,0.02
2026/05/29,5904,寶雅,200~400張,29,0,7.98,0.13
2026/05/29,5904,寶雅,20~30張,52,1,1.19,0.01
2026/05/29,5904,寶雅,30~40張,29,-4,0.96,-0.12
2026/05/29,5904,寶雅,400~600張,11,-1,5.05,-0.5
2026/05/29,5904,寶雅,40~50張,36,4,1.51,0.16
2026/05/29,5904,寶雅,50~100張,39,1,2.5,0.02
2026/05/29,5904,寶雅,5~10張,199,-1,1.33,0.0
2026/05/29,5904,寶雅,600~800張,9,2,6.14,1.29
2026/05/29,5904,寶雅,800~1000張,7,0,5.85,0.13
2026/05/29,5904,寶雅,千張大戶,18,-1,52.27,-1.3
2026/05/29,5904,寶雅,零股散戶,21389,915,2.51,0.05
2026/06/05,5904,寶雅,100~200張,46,-1,6.29,-0.12
2026/06/05,5904,寶雅,10~15張,75,7,0.84,0.08
2026/06/05,5904,寶雅,15~20張,32,-1,0.51,-0.01
2026/06/05,5904,寶雅,1~5張,3138,-88,4.83,-0.14
2026/06/05,5904,寶雅,200~400張,27,-2,7.35,-0.63
2026/06/05,5904,寶雅,20~30張,46,-6,1.05,-0.14
2026/06/05,5904,寶雅,30~40張,28,-1,0.92,-0.04
2026/06/05,5904,寶雅,400~600張,15,4,6.7,1.65
2026/06/05,5904,寶雅,40~50張,36,0,1.52,0.01
2026/06/05,5904,寶雅,50~100張,39,0,2.54,0.04
2026/06/05,5904,寶雅,5~10張,204,5,1.36,0.03
2026/06/05,5904,寶雅,600~800張,7,-2,4.71,-1.43
2026/06/05,5904,寶雅,800~1000張,9,2,7.33,1.48
2026/06/05,5904,寶雅,千張大戶,18,0,51.51,-0.76
2026/06/05,5904,寶雅,零股散戶,21073,-316,2.47,-0.04
2026/06/12,5904,寶雅,100~200張,49,3,6.6,0.31
2026/06/12,5904,寶雅,10~15張,69,-6,0.77,-0.07
2026/06/12,5904,寶雅,15~20張,35,3,0.56,0.05
2026/06/12,5904,寶雅,1~5張,2968,-170,4.57,-0.26
2026/06/12,5904,寶雅,200~400張,29,2,7.82,0.47
2026/06/12,5904,寶雅,20~30張,48,2,1.11,0.06
2026/06/12,5904,寶雅,30~40張,28,0,0.91,-0.01
2026/06/12,5904,寶雅,400~600張,15,0,6.66,-0.04
2026/06/12,5904,寶雅,40~50張,34,-2,1.42,-0.1
2026/06/12,5904,寶雅,50~100張,39,0,2.47,-0.07
2026/06/12,5904,寶雅,5~10張,191,-13,1.27,-0.09
2026/06/12,5904,寶雅,600~800張,9,2,6.05,1.34
2026/06/12,5904,寶雅,800~1000張,7,-2,5.71,-1.62
2026/06/12,5904,寶雅,千張大戶,18,0,51.65,0.14
2026/06/12,5904,寶雅,零股散戶,20662,-411,2.35,-0.12
2026/06/26,5904,寶雅,100~200張,52,1,6.81,0.02
2026/06/26,5904,寶雅,10~15張,76,1,0.85,0.0
2026/06/26,5904,寶雅,15~20張,33,2,0.53,0.04
2026/06/26,5904,寶雅,1~5張,2845,-73,4.39,-0.11
2026/06/26,5904,寶雅,200~400張,29,1,7.95,0.36
2026/06/26,5904,寶雅,20~30張,49,-1,1.15,-0.01
2026/06/26,5904,寶雅,30~40張,29,1,0.95,0.04
2026/06/26,5904,寶雅,400~600張,17,1,7.71,0.63
2026/06/26,5904,寶雅,40~50張,36,3,1.52,0.14
2026/06/26,5904,寶雅,50~100張,41,2,2.63,0.14
2026/06/26,5904,寶雅,5~10張,185,-7,1.25,-0.04
2026/06/26,5904,寶雅,600~800張,9,-1,6.16,-0.48
2026/06/26,5904,寶雅,800~1000張,5,0,3.96,-0.01
2026/06/26,5904,寶雅,千張大戶,18,-1,51.76,-0.69
2026/06/26,5904,寶雅,零股散戶,21006,349,2.31,-0.03
2026/07/03,5904,寶雅,100~200張,50,-2,6.56,-0.25
2026/07/03,5904,寶雅,10~15張,80,4,0.89,0.04
2026/07/03,5904,寶雅,15~20張,34,1,0.54,0.01
2026/07/03,5904,寶雅,1~5張,2963,118,4.51,0.12
2026/07/03,5904,寶雅,200~400張,30,1,8.51,0.56
2026/07/03,5904,寶雅,20~30張,53,4,1.25,0.1
2026/07/03,5904,寶雅,30~40張,27,-2,0.89,-0.06
2026/07/03,5904,寶雅,400~600張,14,-3,6.36,-1.35
2026/07/03,5904,寶雅,40~50張,34,-2,1.43,-0.09
2026/07/03,5904,寶雅,50~100張,52,11,3.33,0.7
2026/07/03,5904,寶雅,5~10張,185,0,1.24,-0.01
2026/07/03,5904,寶雅,600~800張,7,-2,4.75,-1.41
2026/07/03,5904,寶雅,800~1000張,7,2,5.61,1.65
2026/07/03,5904,寶雅,千張大戶,18,0,51.7,-0.06
2026/07/03,5904,寶雅,零股散戶,22261,1255,2.35,0.04
2026/07/17,5904,寶雅,100~200張,49,2,6.55,0.33
2026/07/17,5904,寶雅,10~15張,76,0,0.86,-0.02
2026/07/17,5904,寶雅,15~20張,41,3,0.66,0.06
2026/07/17,5904,寶雅,1~5張,3532,294,5.26,0.39
2026/07/17,5904,寶雅,200~400張,27,-1,6.88,-0.68
2026/07/17,5904,寶雅,20~30張,52,1,1.23,0.04
2026/07/17,5904,寶雅,30~40張,29,1,0.96,0.05
2026/07/17,5904,寶雅,400~600張,13,-3,6.06,-1.15
2026/07/17,5904,寶雅,40~50張,32,-2,1.35,-0.07
2026/07/17,5904,寶雅,50~100張,50,-2,3.23,-0.11
2026/07/17,5904,寶雅,5~10張,194,10,1.31,0.07
2026/07/17,5904,寶雅,600~800張,8,1,5.29,0.72
2026/07/17,5904,寶雅,800~1000張,6,-1,4.7,-0.96
2026/07/17,5904,寶雅,千張大戶,19,1,52.84,1.1
2026/07/17,5904,寶雅,零股散戶,27775,2467,2.76,0.23
2026/07/24,5904,寶雅,100~200張,46,-3,6.19,-0.36
2026/07/24,5904,寶雅,10~15張,80,4,0.92,0.06
2026/07/24,5904,寶雅,15~20張,41,0,0.66,0.0
2026/07/24,5904,寶雅,1~5張,3540,8,5.28,0.02
2026/07/24,5904,寶雅,200~400張,26,-1,6.74,-0.14
2026/07/24,5904,寶雅,20~30張,52,0,1.21,-0.02
2026/07/24,5904,寶雅,30~40張,33,4,1.09,0.13
2026/07/24,5904,寶雅,400~600張,11,-2,5.09,-0.97
2026/07/24,5904,寶雅,40~50張,36,4,1.5,0.15
2026/07/24,5904,寶雅,50~100張,47,-3,3.05,-0.18
2026/07/24,5904,寶雅,5~10張,194,0,1.3,-0.01
2026/07/24,5904,寶雅,600~800張,8,0,5.18,-0.11
2026/07/24,5904,寶雅,800~1000張,6,0,4.75,0.05
2026/07/24,5904,寶雅,千張大戶,20,1,54.16,1.32
2026/07/24,5904,寶雅,零股散戶,28269,494,2.82,0.06
2026/07/31,5904,寶雅,100~200張,48,2,6.46,0.27
2026/07/31,5904,寶雅,10~15張,75,-5,0.86,-0.06
2026/07/31,5904,寶雅,15~20張,47,6,0.76,0.1
2026/07/31,5904,寶雅,1~5張,3647,107,5.41,0.13
2026/07/31,5904,寶雅,200~400張,24,-2,6.15,-0.59
2026/07/31,5904,寶雅,20~30張,52,0,1.21,0.0
2026/07/31,5904,寶雅,30~40張,30,-3,0.99,-0.1
2026/07/31,5904,寶雅,400~600張,12,1,5.47,0.38
2026/07/31,5904,寶雅,40~50張,40,4,1.67,0.17
2026/07/31,5904,寶雅,50~100張,43,-4,2.77,-0.28
2026/07/31,5904,寶雅,5~10張,205,11,1.39,0.09
2026/07/31,5904,寶雅,600~800張,10,2,6.63,1.45
2026/07/31,5904,寶雅,800~1000張,4,-2,3.21,-1.54
2026/07/31,5904,寶雅,千張大戶,20,0,54.11,-0.05
2026/07/31,5904,寶雅,零股散戶,29098,829,2.84,0.02
2026/04/24,6024,群益期,100~200張,79,1,4.3,0.0
2026/04/24,6024,群益期,10~15張,547,0,2.68,0.0
2026/04/24,6024,群益期,15~20張,284,-6,2.02,-0.04
2026/04/24,6024,群益期,1~5張,8216,5,6.64,0.02
2026/04/24,6024,群益期,200~400張,21,-1,2.13,-0.2
2026/04/24,6024,群益期,20~30張,272,13,2.68,0.12
2026/04/24,6024,群益期,30~40張,121,1,1.71,0.02
2026/04/24,6024,群益期,400~600張,13,1,2.38,0.18
2026/04/24,6024,群益期,40~50張,83,-1,1.49,-0.02
2026/04/24,6024,群益期,50~100張,119,-2,3.33,-0.08
2026/04/24,6024,群益期,5~10張,1531,6,4.49,0.02
2026/04/24,6024,群益期,600~800張,5,1,1.41,0.28
2026/04/24,6024,群益期,800~1000張,1,-1,0.32,-0.33
2026/04/24,6024,群益期,千張大戶,10,0,63.95,0.06
2026/04/24,6024,群益期,零股散戶,6111,-54,0.4,-0.01
2026/05/08,6024,群益期,100~200張,77,0,4.26,0.08
2026/05/08,6024,群益期,10~15張,539,-19,2.65,-0.09
2026/05/08,6024,群益期,15~20張,279,2,1.99,0.02
2026/05/08,6024,群益期,1~5張,8102,-98,6.56,-0.07
2026/05/08,6024,群益期,200~400張,20,-1,2.06,-0.16
2026/05/08,6024,群益期,20~30張,266,-8,2.62,-0.08
2026/05/08,6024,群益期,30~40張,122,-5,1.72,-0.07
2026/05/08,6024,群益期,400~600張,13,0,2.37,-0.02
2026/05/08,6024,群益期,40~50張,84,-2,1.52,-0.03
2026/05/08,6024,群益期,50~100張,119,-1,3.37,0.0
2026/05/08,6024,群益期,5~10張,1497,-23,4.38,-0.07
2026/05/08,6024,群益期,600~800張,4,-1,1.1,-0.31
2026/05/08,6024,群益期,800~1000張,3,2,1.06,0.74
2026/05/08,6024,群益期,千張大戶,10,0,63.87,0.06
2026/05/08,6024,群益期,零股散戶,6047,-37,0.4,0.0
2026/05/15,6024,群益期,100~200張,80,3,4.45,0.19
2026/05/15,6024,群益期,10~15張,535,-4,2.63,-0.02
2026/05/15,6024,群益期,15~20張,276,-3,1.97,-0.02
2026/05/15,6024,群益期,1~5張,8081,-21,6.55,-0.01
2026/05/15,6024,群益期,200~400張,18,-2,1.9,-0.16
2026/05/15,6024,群益期,20~30張,270,4,2.66,0.04
2026/05/15,6024,群益期,30~40張,120,-2,1.69,-0.03
2026/05/15,6024,群益期,400~600張,13,0,2.37,0.0
2026/05/15,6024,群益期,40~50張,82,-2,1.48,-0.04
2026/05/15,6024,群益期,50~100張,121,2,3.42,0.05
2026/05/15,6024,群益期,5~10張,1488,-9,4.36,-0.02
2026/05/15,6024,群益期,600~800張,4,0,1.07,-0.03
2026/05/15,6024,群益期,800~1000張,2,-1,0.67,-0.39
2026/05/15,6024,群益期,千張大戶,11,1,64.3,0.43
2026/05/15,6024,群益期,零股散戶,6020,-27,0.39,-0.01
2026/05/22,6024,群益期,100~200張,79,-1,4.4,-0.05
2026/05/22,6024,群益期,10~15張,542,7,2.67,0.04
2026/05/22,6024,群益期,15~20張,280,4,2.0,0.03
2026/05/22,6024,群益期,1~5張,8103,22,6.58,0.03
2026/05/22,6024,群益期,200~400張,17,-1,1.77,-0.13
2026/05/22,6024,群益期,20~30張,265,-5,2.61,-0.05
2026/05/22,6024,群益期,30~40張,124,4,1.75,0.06
2026/05/22,6024,群益期,400~600張,14,1,2.58,0.21
2026/05/22,6024,群益期,40~50張,82,0,1.48,0.0
2026/05/22,6024,群益期,50~100張,124,3,3.51,0.09
2026/05/22,6024,群益期,5~10張,1496,8,4.4,0.04
2026/05/22,6024,群益期,600~800張,3,-1,0.8,-0.27
2026/05/22,6024,群益期,800~1000張,3,1,1.04,0.37
2026/05/22,6024,群益期,千張大戶,10,-1,63.94,-0.36
2026/05/22,6024,群益期,零股散戶,5975,-45,0.39,0.0
2026/05/29,6024,群益期,100~200張,77,-2,4.29,-0.11
2026/05/29,6024,群益期,10~15張,539,-3,2.65,-0.02
2026/05/29,6024,群益期,15~20張,284,4,2.03,0.03
2026/05/29,6024,群益期,1~5張,8131,28,6.61,0.03
2026/05/29,6024,群益期,200~400張,18,1,1.88,0.11
2026/05/29,6024,群益期,20~30張,273,8,2.69,0.08
2026/05/29,6024,群益期,30~40張,124,0,1.75,0.0
2026/05/29,6024,群益期,400~600張,16,2,2.95,0.37
2026/05/29,6024,群益期,40~50張,82,0,1.49,0.01
2026/05/29,6024,群益期,50~100張,122,-2,3.46,-0.05
2026/05/29,6024,群益期,5~10張,1517,21,4.46,0.06
2026/05/29,6024,群益期,600~800張,2,-1,0.54,-0.26
2026/05/29,6024,群益期,800~1000張,4,1,1.38,0.34
2026/05/29,6024,群益期,千張大戶,9,-1,63.36,-0.58
2026/05/29,6024,群益期,零股散戶,5955,-20,0.39,0.0
2026/06/05,6024,群益期,100~200張,76,-1,4.23,-0.06
2026/06/05,6024,群益期,10~15張,537,-2,2.64,-0.01
2026/06/05,6024,群益期,15~20張,272,-12,1.94,-0.09
2026/06/05,6024,群益期,1~5張,8028,-103,6.53,-0.08
2026/06/05,6024,群益期,200~400張,19,1,1.97,0.09
2026/06/05,6024,群益期,20~30張,257,-16,2.53,-0.16
2026/06/05,6024,群益期,30~40張,124,0,1.75,0.0
2026/06/05,6024,群益期,400~600張,16,0,3.06,0.11
2026/06/05,6024,群益期,40~50張,78,-4,1.41,-0.08
2026/06/05,6024,群益期,50~100張,127,5,3.6,0.14
2026/06/05,6024,群益期,5~10張,1487,-30,4.38,-0.08
2026/06/05,6024,群益期,600~800張,2,0,0.54,0.0
2026/06/05,6024,群益期,800~1000張,3,-1,1.03,-0.35
2026/06/05,6024,群益期,千張大戶,10,1,63.93,0.57
2026/06/05,6024,群益期,零股散戶,6044,89,0.38,-0.01
2026/06/12,6024,群益期,100~200張,77,1,4.23,0.0
2026/06/12,6024,群益期,10~15張,525,-12,2.58,-0.06
2026/06/12,6024,群益期,15~20張,269,-3,1.91,-0.03
2026/06/12,6024,群益期,1~5張,7860,-168,6.4,-0.13
2026/06/12,6024,群益期,200~400張,19,0,2.02,0.05
2026/06/12,6024,群益期,20~30張,248,-9,2.45,-0.08
2026/06/12,6024,群益期,30~40張,125,1,1.76,0.01
2026/06/12,6024,群益期,400~600張,16,0,3.08,0.02
2026/06/12,6024,群益期,40~50張,80,2,1.45,0.04
2026/06/12,6024,群益期,50~100張,134,7,3.8,0.2
2026/06/12,6024,群益期,5~10張,1430,-57,4.22,-0.16
2026/06/12,6024,群益期,600~800張,3,1,0.86,0.32
2026/06/12,6024,群益期,800~1000張,2,-1,0.72,-0.31
2026/06/12,6024,群益期,千張大戶,10,0,64.06,0.13
2026/06/12,6024,群益期,零股散戶,6122,78,0.38,0.0
2026/06/26,6024,群益期,100~200張,76,1,4.25,0.06
2026/06/26,6024,群益期,10~15張,527,5,2.6,0.02
2026/06/26,6024,群益期,15~20張,262,-5,1.86,-0.03
2026/06/26,6024,群益期,1~5張,7765,-28,6.34,-0.01
2026/06/26,6024,群益期,200~400張,20,-1,2.13,-0.16
2026/06/26,6024,群益期,20~30張,249,0,2.45,0.0
2026/06/26,6024,群益期,30~40張,128,6,1.81,0.09
2026/06/26,6024,群益期,400~600張,16,1,3.09,0.23
2026/06/26,6024,群益期,40~50張,75,-3,1.36,-0.06
2026/06/26,6024,群益期,50~100張,133,3,3.78,0.1
2026/06/26,6024,群益期,5~10張,1415,-4,4.17,-0.02
2026/06/26,6024,群益期,600~800張,3,-1,0.86,-0.26
2026/06/26,6024,群益期,800~1000張,2,0,0.72,0.0
2026/06/26,6024,群益期,千張大戶,10,0,64.13,0.04
2026/06/26,6024,群益期,零股散戶,6192,17,0.38,0.0
2026/07/03,6024,群益期,100~200張,77,1,4.35,0.1
2026/07/03,6024,群益期,10~15張,526,-1,2.59,-0.01
2026/07/03,6024,群益期,15~20張,263,1,1.86,0.0
2026/07/03,6024,群益期,1~5張,7769,4,6.35,0.01
2026/07/03,6024,群益期,200~400張,19,-1,2.05,-0.08
2026/07/03,6024,群益期,20~30張,247,-2,2.42,-0.03
2026/07/03,6024,群益期,30~40張,123,-5,1.74,-0.07
2026/07/03,6024,群益期,400~600張,16,0,3.05,-0.04
2026/07/03,6024,群益期,40~50張,73,-2,1.32,-0.04
2026/07/03,6024,群益期,50~100張,132,-1,3.74,-0.04
2026/07/03,6024,群益期,5~10張,1418,3,4.18,0.01
2026/07/03,6024,群益期,600~800張,4,1,1.13,0.27
2026/07/03,6024,群益期,800~1000張,1,-1,0.38,-0.34
2026/07/03,6024,群益期,千張大戶,10,0,64.4,0.27
2026/07/03,6024,群益期,零股散戶,6281,89,0.38,0.0
2026/07/17,6024,群益期,100~200張,74,-2,4.1,-0.12
2026/07/17,6024,群益期,10~15張,531,-7,2.62,-0.04
2026/07/17,6024,群益期,15~20張,262,2,1.86,0.02
2026/07/17,6024,群益期,1~5張,7721,-39,6.3,-0.03
2026/07/17,6024,群益期,200~400張,22,0,2.4,-0.01
2026/07/17,6024,群益期,20~30張,249,5,2.45,0.04
2026/07/17,6024,群益期,30~40張,112,-2,1.59,-0.02
2026/07/17,6024,群益期,400~600張,13,-1,2.48,-0.16
2026/07/17,6024,群益期,40~50張,71,-5,1.28,-0.09
2026/07/17,6024,群益期,50~100張,138,6,3.84,0.14
2026/07/17,6024,群益期,5~10張,1420,7,4.19,0.02
2026/07/17,6024,群益期,600~800張,5,1,1.33,0.26
2026/07/17,6024,群益期,800~1000張,1,0,0.32,0.0
2026/07/17,6024,群益期,千張大戶,11,0,64.78,-0.02
2026/07/17,6024,群益期,零股散戶,6320,-3,0.38,0.0
2026/07/24,6024,群益期,100~200張,77,3,4.25,0.15
2026/07/24,6024,群益期,10~15張,535,4,2.63,0.01
2026/07/24,6024,群益期,15~20張,257,-5,1.82,-0.04
2026/07/24,6024,群益期,1~5張,7688,-33,6.28,-0.02
2026/07/24,6024,群益期,200~400張,21,-1,2.35,-0.05
2026/07/24,6024,群益期,20~30張,248,-1,2.44,-0.01
2026/07/24,6024,群益期,30~40張,113,1,1.6,0.01
2026/07/24,6024,群益期,400~600張,14,1,2.71,0.23
2026/07/24,6024,群益期,40~50張,76,5,1.37,0.09
2026/07/24,6024,群益期,50~100張,132,-6,3.7,-0.14
2026/07/24,6024,群益期,5~10張,1421,1,4.19,0.0
2026/07/24,6024,群益期,600~800張,3,-2,0.82,-0.51
2026/07/24,6024,群益期,800~1000張,2,1,0.65,0.33
2026/07/24,6024,群益期,千張大戶,11,0,64.72,-0.06
2026/07/24,6024,群益期,零股散戶,6329,9,0.38,0.0
2026/07/31,6024,群益期,100~200張,74,-3,4.1,-0.15
2026/07/31,6024,群益期,10~15張,536,1,2.64,0.01
2026/07/31,6024,群益期,15~20張,259,2,1.84,0.02
2026/07/31,6024,群益期,1~5張,7705,17,6.28,0.0
2026/07/31,6024,群益期,200~400張,20,-1,2.27,-0.08
2026/07/31,6024,群益期,20~30張,246,-2,2.41,-0.03
2026/07/31,6024,群益期,30~40張,112,-1,1.58,-0.02
2026/07/31,6024,群益期,400~600張,14,0,2.73,0.02
2026/07/31,6024,群益期,40~50張,81,5,1.46,0.09
2026/07/31,6024,群益期,50~100張,126,-6,3.55,-0.15
2026/07/31,6024,群益期,5~10張,1432,11,4.21,0.02
2026/07/31,6024,群益期,600~800張,6,3,1.64,0.82
2026/07/31,6024,群益期,800~1000張,3,1,1.02,0.37
2026/07/31,6024,群益期,千張大戶,9,-2,63.8,-0.92
2026/07/31,6024,群益期,零股散戶,6357,28,0.38,0.0
2026/04/24,6139,亞翔,100~200張,52,-3,3.16,-0.22
2026/04/24,6139,亞翔,10~15張,300,3,1.55,0.01
2026/04/24,6139,亞翔,15~20張,135,-14,1.01,-0.11
2026/04/24,6139,亞翔,1~5張,11698,103,8.08,0.0
2026/04/24,6139,亞翔,200~400張,41,1,4.91,0.21
2026/04/24,6139,亞翔,20~30張,137,9,1.44,0.09
2026/04/24,6139,亞翔,30~40張,66,-2,0.97,-0.02
2026/04/24,6139,亞翔,400~600張,20,4,4.27,0.78
2026/04/24,6139,亞翔,40~50張,47,-3,0.9,-0.06
2026/04/24,6139,亞翔,50~100張,86,4,2.63,0.13
2026/04/24,6139,亞翔,5~10張,816,-47,2.54,-0.15
2026/04/24,6139,亞翔,600~800張,7,-1,1.97,-0.38
2026/04/24,6139,亞翔,800~1000張,8,-4,3.14,-1.49
2026/04/24,6139,亞翔,千張大戶,38,-1,62.22,1.17
2026/04/24,6139,亞翔,零股散戶,21278,1158,1.13,0.02
2026/05/08,6139,亞翔,100~200張,57,6,3.45,0.35
2026/05/08,6139,亞翔,10~15張,308,1,1.6,0.01
2026/05/08,6139,亞翔,15~20張,155,5,1.16,0.04
2026/05/08,6139,亞翔,1~5張,12617,113,8.75,0.04
2026/05/08,6139,亞翔,200~400張,40,-1,4.9,-0.07
2026/05/08,6139,亞翔,20~30張,145,6,1.52,0.07
2026/05/08,6139,亞翔,30~40張,75,6,1.1,0.08
2026/05/08,6139,亞翔,400~600張,21,1,4.44,0.18
2026/05/08,6139,亞翔,40~50張,47,2,0.9,0.04
2026/05/08,6139,亞翔,50~100張,97,0,2.94,-0.01
2026/05/08,6139,亞翔,5~10張,871,14,2.7,0.02
2026/05/08,6139,亞翔,600~800張,7,0,2.01,-0.06
2026/05/08,6139,亞翔,800~1000張,7,1,2.79,0.42
2026/05/08,6139,亞翔,千張大戶,38,-1,60.44,-1.12
2026/05/08,6139,亞翔,零股散戶,22378,378,1.22,0.01
2026/05/15,6139,亞翔,100~200張,56,-1,3.42,-0.03
2026/05/15,6139,亞翔,10~15張,309,1,1.6,0.0
2026/05/15,6139,亞翔,15~20張,157,2,1.18,0.02
2026/05/15,6139,亞翔,1~5張,12762,145,8.85,0.1
2026/05/15,6139,亞翔,200~400張,41,1,4.92,0.02
2026/05/15,6139,亞翔,20~30張,138,-7,1.45,-0.07
2026/05/15,6139,亞翔,30~40張,78,3,1.14,0.04
2026/05/15,6139,亞翔,400~600張,20,-1,4.22,-0.22
2026/05/15,6139,亞翔,40~50張,48,1,0.92,0.02
2026/05/15,6139,亞翔,50~100張,99,2,2.98,0.04
2026/05/15,6139,亞翔,5~10張,874,3,2.73,0.03
2026/05/15,6139,亞翔,600~800張,11,4,3.29,1.28
2026/05/15,6139,亞翔,800~1000張,7,0,2.72,-0.07
2026/05/15,6139,亞翔,千張大戶,37,-1,59.21,-1.23
2026/05/15,6139,亞翔,零股散戶,23766,1388,1.29,0.07
2026/05/22,6139,亞翔,100~200張,64,8,3.78,0.36
2026/05/22,6139,亞翔,10~15張,300,-9,1.55,-0.05
2026/05/22,6139,亞翔,15~20張,145,-12,1.09,-0.09
2026/05/22,6139,亞翔,1~5張,11521,-1241,8.01,-0.84
2026/05/22,6139,亞翔,200~400張,42,1,5.0,0.08
2026/05/22,6139,亞翔,20~30張,135,-3,1.42,-0.03
2026/05/22,6139,亞翔,30~40張,72,-6,1.05,-0.09
2026/05/22,6139,亞翔,400~600張,22,2,4.8,0.58
2026/05/22,6139,亞翔,40~50張,52,4,1.0,0.08
2026/05/22,6139,亞翔,50~100張,100,1,3.01,0.03
2026/05/22,6139,亞翔,5~10張,792,-82,2.46,-0.27
2026/05/22,6139,亞翔,600~800張,7,-4,2.09,-1.2
2026/05/22,6139,亞翔,800~1000張,10,3,3.82,1.1
2026/05/22,6139,亞翔,千張大戶,38,1,59.64,0.43
2026/05/22,6139,亞翔,零股散戶,22800,-966,1.21,-0.08
2026/05/29,6139,亞翔,100~200張,63,-1,3.75,-0.03
2026/05/29,6139,亞翔,10~15張,300,0,1.56,0.01
2026/05/29,6139,亞翔,15~20張,146,1,1.09,0.0
2026/05/29,6139,亞翔,1~5張,12600,1079,8.78,0.77
2026/05/29,6139,亞翔,200~400張,42,0,4.97,-0.03
2026/05/29,6139,亞翔,20~30張,134,-1,1.4,-0.02
2026/05/29,6139,亞翔,30~40張,73,1,1.06,0.01
2026/05/29,6139,亞翔,400~600張,21,-1,4.43,-0.37
2026/05/29,6139,亞翔,40~50張,52,0,0.99,-0.01
2026/05/29,6139,亞翔,50~100張,96,-4,2.85,-0.16
2026/05/29,6139,亞翔,5~10張,822,30,2.56,0.1
2026/05/29,6139,亞翔,600~800張,9,2,2.63,0.54
2026/05/29,6139,亞翔,800~1000張,8,-2,3.16,-0.66
2026/05/29,6139,亞翔,千張大戶,39,1,59.41,-0.23
2026/05/29,6139,亞翔,零股散戶,24240,1440,1.29,0.08
2026/06/05,6139,亞翔,100~200張,65,2,3.78,0.03
2026/06/05,6139,亞翔,10~15張,306,6,1.59,0.03
2026/06/05,6139,亞翔,15~20張,136,-10,1.02,-0.07
2026/06/05,6139,亞翔,1~5張,12082,-518,8.39,-0.39
2026/06/05,6139,亞翔,200~400張,45,3,5.18,0.21
2026/06/05,6139,亞翔,20~30張,133,-1,1.4,0.0
2026/06/05,6139,亞翔,30~40張,78,5,1.14,0.08
2026/06/05,6139,亞翔,400~600張,22,1,4.86,0.43
2026/06/05,6139,亞翔,40~50張,53,1,1.01,0.02
2026/06/05,6139,亞翔,50~100張,102,6,3.06,0.21
2026/06/05,6139,亞翔,5~10張,809,-13,2.52,-0.04
2026/06/05,6139,亞翔,600~800張,10,1,3.01,0.38
2026/06/05,6139,亞翔,800~1000張,8,0,3.1,-0.06
2026/06/05,6139,亞翔,千張大戶,38,-1,58.6,-0.81
2026/06/05,6139,亞翔,零股散戶,24094,-146,1.26,-0.03
2026/06/12,6139,亞翔,100~200張,66,1,3.95,0.17
2026/06/12,6139,亞翔,10~15張,298,-8,1.54,-0.05
2026/06/12,6139,亞翔,15~20張,141,5,1.05,0.03
2026/06/12,6139,亞翔,1~5張,13169,1087,9.21,0.82
2026/06/12,6139,亞翔,200~400張,45,0,5.32,0.14
2026/06/12,6139,亞翔,20~30張,142,9,1.51,0.11
2026/06/12,6139,亞翔,30~40張,79,1,1.15,0.01
2026/06/12,6139,亞翔,400~600張,15,-7,3.28,-1.58
2026/06/12,6139,亞翔,40~50張,57,4,1.1,0.09
2026/06/12,6139,亞翔,50~100張,107,5,3.2,0.14
2026/06/12,6139,亞翔,5~10張,892,83,2.79,0.27
2026/06/12,6139,亞翔,600~800張,14,4,4.11,1.1
2026/06/12,6139,亞翔,800~1000張,9,1,3.49,0.39
2026/06/12,6139,亞翔,千張大戶,36,-2,56.87,-1.73
2026/06/12,6139,亞翔,零股散戶,25665,1571,1.36,0.1
2026/06/26,6139,亞翔,100~200張,62,-4,3.79,-0.16
2026/06/26,6139,亞翔,10~15張,288,-5,1.49,-0.03
2026/06/26,6139,亞翔,15~20張,140,0,1.05,0.01
2026/06/26,6139,亞翔,1~5張,11473,-809,8.0,-0.55
2026/06/26,6139,亞翔,200~400張,47,3,5.35,0.15
2026/06/26,6139,亞翔,20~30張,140,-2,1.48,-0.03
2026/06/26,6139,亞翔,30~40張,77,-1,1.14,-0.01
2026/06/26,6139,亞翔,400~600張,20,1,4.47,0.36
2026/06/26,6139,亞翔,40~50張,53,-1,1.02,-0.03
2026/06/26,6139,亞翔,50~100張,98,-5,2.91,-0.12
2026/06/26,6139,亞翔,5~10張,800,-26,2.49,-0.08
2026/06/26,6139,亞翔,600~800張,9,-2,2.69,-0.54
2026/06/26,6139,亞翔,800~1000張,7,-2,2.71,-0.75
2026/06/26,6139,亞翔,千張大戶,40,3,60.08,1.8
2026/06/26,6139,亞翔,零股散戶,24556,-743,1.25,-0.04
2026/07/03,6139,亞翔,100~200張,70,8,4.25,0.46
2026/07/03,6139,亞翔,10~15張,279,-9,1.44,-0.05
2026/07/03,6139,亞翔,15~20張,160,20,1.19,0.14
2026/07/03,6139,亞翔,1~5張,11945,472,8.2,0.2
2026/07/03,6139,亞翔,200~400張,45,-2,5.15,-0.2
2026/07/03,6139,亞翔,20~30張,133,-7,1.39,-0.09
2026/07/03,6139,亞翔,30~40張,78,1,1.14,0.0
2026/07/03,6139,亞翔,400~600張,19,-1,4.18,-0.29
2026/07/03,6139,亞翔,40~50張,55,2,1.06,0.04
2026/07/03,6139,亞翔,50~100張,93,-5,2.79,-0.12
2026/07/03,6139,亞翔,5~10張,786,-14,2.46,-0.03
2026/07/03,6139,亞翔,600~800張,8,-1,2.23,-0.46
2026/07/03,6139,亞翔,800~1000張,11,4,4.29,1.58
2026/07/03,6139,亞翔,千張大戶,38,-2,58.85,-1.23
2026/07/03,6139,亞翔,零股散戶,27187,2631,1.3,0.05
2026/07/17,6139,亞翔,100~200張,67,-3,4.05,-0.17
2026/07/17,6139,亞翔,10~15張,296,6,1.53,0.04
2026/07/17,6139,亞翔,15~20張,160,-1,1.19,-0.01
2026/07/17,6139,亞翔,1~5張,12716,334,8.84,0.27
2026/07/17,6139,亞翔,200~400張,47,4,5.47,0.55
2026/07/17,6139,亞翔,20~30張,139,1,1.46,0.01
2026/07/17,6139,亞翔,30~40張,82,3,1.2,0.04
2026/07/17,6139,亞翔,400~600張,21,-1,4.53,-0.07
2026/07/17,6139,亞翔,40~50張,55,1,1.06,0.01
2026/07/17,6139,亞翔,50~100張,97,0,2.9,-0.03
2026/07/17,6139,亞翔,5~10張,848,34,2.65,0.12
2026/07/17,6139,亞翔,600~800張,9,-1,2.69,-0.17
2026/07/17,6139,亞翔,800~1000張,12,2,4.68,0.73
2026/07/17,6139,亞翔,千張大戶,35,-1,56.24,-1.39
2026/07/17,6139,亞翔,零股散戶,28844,937,1.43,0.07
2026/07/24,6139,亞翔,100~200張,61,-6,3.68,-0.37
2026/07/24,6139,亞翔,10~15張,304,8,1.58,0.05
2026/07/24,6139,亞翔,15~20張,161,1,1.2,0.01
2026/07/24,6139,亞翔,1~5張,12781,65,8.98,0.14
2026/07/24,6139,亞翔,200~400張,51,4,5.96,0.49
2026/07/24,6139,亞翔,20~30張,151,12,1.59,0.13
2026/07/24,6139,亞翔,30~40張,81,-1,1.19,-0.01
2026/07/24,6139,亞翔,400~600張,23,2,4.89,0.36
2026/07/24,6139,亞翔,40~50張,53,-2,1.03,-0.03
2026/07/24,6139,亞翔,50~100張,99,2,2.98,0.08
2026/07/24,6139,亞翔,5~10張,854,6,2.67,0.02
2026/07/24,6139,亞翔,600~800張,10,1,2.89,0.2
2026/07/24,6139,亞翔,800~1000張,12,0,4.8,0.12
2026/07/24,6139,亞翔,千張大戶,33,-2,55.03,-1.21
2026/07/24,6139,亞翔,零股散戶,29042,198,1.47,0.04
2026/07/31,6139,亞翔,100~200張,68,7,4.0,0.32
2026/07/31,6139,亞翔,10~15張,335,31,1.76,0.18
2026/07/31,6139,亞翔,15~20張,161,0,1.21,0.01
2026/07/31,6139,亞翔,1~5張,13894,1113,9.86,0.88
2026/07/31,6139,亞翔,200~400張,47,-4,5.56,-0.4
2026/07/31,6139,亞翔,20~30張,160,9,1.68,0.09
2026/07/31,6139,亞翔,30~40張,83,2,1.22,0.03
2026/07/31,6139,亞翔,400~600張,27,4,5.59,0.7
2026/07/31,6139,亞翔,40~50張,63,10,1.21,0.18
2026/07/31,6139,亞翔,50~100張,102,3,3.11,0.13
2026/07/31,6139,亞翔,5~10張,950,96,2.96,0.29
2026/07/31,6139,亞翔,600~800張,13,3,3.57,0.68
2026/07/31,6139,亞翔,800~1000張,11,-1,4.32,-0.48
2026/07/31,6139,亞翔,千張大戶,28,-5,52.2,-2.83
2026/07/31,6139,亞翔,零股散戶,31886,2844,1.67,0.2
2026/04/24,6173,信昌電,100~200張,25,1,1.9,0.05
2026/04/24,6173,信昌電,10~15張,309,6,2.28,0.05
2026/04/24,6173,信昌電,15~20張,204,-10,2.21,-0.12
2026/04/24,6173,信昌電,1~5張,16328,1313,16.86,1.16
2026/04/24,6173,信昌電,200~400張,14,-3,2.35,-0.37
2026/04/24,6173,信昌電,20~30張,147,3,2.18,0.04
2026/04/24,6173,信昌電,30~40張,60,6,1.25,0.13
2026/04/24,6173,信昌電,400~600張,8,2,2.18,0.44
2026/04/24,6173,信昌電,40~50張,38,-5,1.0,-0.14
2026/04/24,6173,信昌電,50~100張,71,-1,2.78,-0.05
2026/04/24,6173,信昌電,5~10張,1228,58,5.7,0.24
2026/04/24,6173,信昌電,600~800張,3,1,1.18,0.41
2026/04/24,6173,信昌電,800~1000張,4,0,2.06,-0.09
2026/04/24,6173,信昌電,千張大戶,13,-1,55.37,-1.82
2026/04/24,6173,信昌電,零股散戶,24809,665,0.63,0.08
2026/05/08,6173,信昌電,100~200張,23,-7,1.75,-0.56
2026/05/08,6173,信昌電,10~15張,250,-57,1.83,-0.44
2026/05/08,6173,信昌電,15~20張,190,-16,2.05,-0.17
2026/05/08,6173,信昌電,1~5張,13571,-2735,14.0,-2.95
2026/05/08,6173,信昌電,200~400張,15,1,2.6,0.21
2026/05/08,6173,信昌電,20~30張,144,-17,2.14,-0.24
2026/05/08,6173,信昌電,30~40張,56,-5,1.15,-0.1
2026/05/08,6173,信昌電,400~600張,3,-4,0.81,-1.17
2026/05/08,6173,信昌電,40~50張,37,-5,0.99,-0.12
2026/05/08,6173,信昌電,50~100張,68,1,2.74,0.16
2026/05/08,6173,信昌電,5~10張,1049,-183,4.94,-0.8
2026/05/08,6173,信昌電,600~800張,5,2,2.06,0.84
2026/05/08,6173,信昌電,800~1000張,3,0,1.58,0.01
2026/05/08,6173,信昌電,千張大戶,15,2,60.71,5.39
2026/05/08,6173,信昌電,零股散戶,24461,-291,0.59,-0.03
2026/05/15,6173,信昌電,100~200張,22,-1,1.72,-0.03
2026/05/15,6173,信昌電,10~15張,224,-26,1.64,-0.19
2026/05/15,6173,信昌電,15~20張,154,-36,1.66,-0.39
2026/05/15,6173,信昌電,1~5張,12322,-1249,12.32,-1.68
2026/05/15,6173,信昌電,200~400張,14,-1,2.2,-0.4
2026/05/15,6173,信昌電,20~30張,118,-26,1.74,-0.4
2026/05/15,6173,信昌電,30~40張,48,-8,0.99,-0.16
2026/05/15,6173,信昌電,400~600張,6,3,1.68,0.87
2026/05/15,6173,信昌電,40~50張,39,2,1.05,0.06
2026/05/15,6173,信昌電,50~100張,61,-7,2.57,-0.17
2026/05/15,6173,信昌電,5~10張,873,-176,4.11,-0.83
2026/05/15,6173,信昌電,600~800張,5,0,2.0,-0.06
2026/05/15,6173,信昌電,800~1000張,5,2,2.51,0.93
2026/05/15,6173,信昌電,千張大戶,17,2,63.15,2.44
2026/05/15,6173,信昌電,零股散戶,24925,464,0.6,0.01
2026/05/22,6173,信昌電,100~200張,22,0,1.77,0.05
2026/05/22,6173,信昌電,10~15張,211,-13,1.56,-0.08
2026/05/22,6173,信昌電,15~20張,143,-11,1.54,-0.12
2026/05/22,6173,信昌電,1~5張,12166,-156,12.11,-0.21
2026/05/22,6173,信昌電,200~400張,15,1,2.38,0.18
2026/05/22,6173,信昌電,20~30張,112,-6,1.65,-0.09
2026/05/22,6173,信昌電,30~40張,48,0,0.99,0.0
2026/05/22,6173,信昌電,400~600張,7,1,2.09,0.41
2026/05/22,6173,信昌電,40~50張,37,-2,0.99,-0.06
2026/05/22,6173,信昌電,50~100張,63,2,2.66,0.09
2026/05/22,6173,信昌電,5~10張,838,-35,3.94,-0.17
2026/05/22,6173,信昌電,600~800張,5,0,1.97,-0.03
2026/05/22,6173,信昌電,800~1000張,6,1,3.1,0.59
2026/05/22,6173,信昌電,千張大戶,15,-2,62.54,-0.61
2026/05/22,6173,信昌電,零股散戶,25521,596,0.66,0.06
2026/05/29,6173,信昌電,100~200張,21,-1,1.82,0.05
2026/05/29,6173,信昌電,10~15張,214,3,1.57,0.01
2026/05/29,6173,信昌電,15~20張,147,4,1.59,0.05
2026/05/29,6173,信昌電,1~5張,12476,310,12.31,0.2
2026/05/29,6173,信昌電,200~400張,14,-1,2.27,-0.11
2026/05/29,6173,信昌電,20~30張,106,-6,1.58,-0.07
2026/05/29,6173,信昌電,30~40張,45,-3,0.93,-0.06
2026/05/29,6173,信昌電,400~600張,7,0,1.99,-0.1
2026/05/29,6173,信昌電,40~50張,44,7,1.17,0.18
2026/05/29,6173,信昌電,50~100張,70,7,2.94,0.28
2026/05/29,6173,信昌電,5~10張,835,-3,3.9,-0.04
2026/05/29,6173,信昌電,600~800張,5,0,2.02,0.05
2026/05/29,6173,信昌電,800~1000張,4,-2,1.94,-1.16
2026/05/29,6173,信昌電,千張大戶,16,1,63.15,0.61
2026/05/29,6173,信昌電,零股散戶,26438,917,0.74,0.08
2026/06/05,6173,信昌電,100~200張,20,-1,1.69,-0.13
2026/06/05,6173,信昌電,10~15張,203,-11,1.49,-0.08
2026/06/05,6173,信昌電,15~20張,145,-2,1.57,-0.02
2026/06/05,6173,信昌電,1~5張,12429,-47,12.29,-0.02
2026/06/05,6173,信昌電,200~400張,15,1,2.42,0.15
2026/06/05,6173,信昌電,20~30張,106,0,1.57,-0.01
2026/06/05,6173,信昌電,30~40張,52,7,1.07,0.14
2026/06/05,6173,信昌電,400~600張,8,1,2.24,0.25
2026/06/05,6173,信昌電,40~50張,37,-7,0.99,-0.18
2026/06/05,6173,信昌電,50~100張,68,-2,2.89,-0.05
2026/06/05,6173,信昌電,5~10張,832,-3,3.9,0.0
2026/06/05,6173,信昌電,600~800張,5,0,2.11,0.09
2026/06/05,6173,信昌電,800~1000張,5,1,2.48,0.54
2026/06/05,6173,信昌電,千張大戶,14,-2,62.4,-0.75
2026/06/05,6173,信昌電,零股散戶,27061,623,0.81,0.07
2026/06/12,6173,信昌電,100~200張,20,0,1.61,-0.08
2026/06/12,6173,信昌電,10~15張,197,-6,1.45,-0.04
2026/06/12,6173,信昌電,15~20張,127,-18,1.38,-0.19
2026/06/12,6173,信昌電,1~5張,12187,-242,11.87,-0.42
2026/06/12,6173,信昌電,200~400張,18,3,2.91,0.49
2026/06/12,6173,信昌電,20~30張,91,-15,1.35,-0.22
2026/06/12,6173,信昌電,30~40張,45,-7,0.94,-0.13
2026/06/12,6173,信昌電,400~600張,8,0,2.28,0.04
2026/06/12,6173,信昌電,40~50張,35,-2,0.94,-0.05
2026/06/12,6173,信昌電,50~100張,62,-6,2.53,-0.36
2026/06/12,6173,信昌電,5~10張,792,-40,3.7,-0.2
2026/06/12,6173,信昌電,600~800張,7,2,2.88,0.77
2026/06/12,6173,信昌電,800~1000張,4,-1,2.08,-0.4
2026/06/12,6173,信昌電,千張大戶,14,0,63.15,0.75
2026/06/12,6173,信昌電,零股散戶,27839,778,0.86,0.05
2026/06/26,6173,信昌電,100~200張,22,-1,1.76,-0.12
2026/06/26,6173,信昌電,10~15張,195,-10,1.42,-0.08
2026/06/26,6173,信昌電,15~20張,137,5,1.49,0.06
2026/06/26,6173,信昌電,1~5張,14226,-514,13.38,-0.52
2026/06/26,6173,信昌電,200~400張,17,0,2.97,-0.01
2026/06/26,6173,信昌電,20~30張,97,-7,1.43,-0.11
2026/06/26,6173,信昌電,30~40張,50,-1,1.06,-0.02
2026/06/26,6173,信昌電,400~600張,6,2,1.62,0.54
2026/06/26,6173,信昌電,40~50張,34,-1,0.9,-0.03
2026/06/26,6173,信昌電,50~100張,60,3,2.5,0.18
2026/06/26,6173,信昌電,5~10張,788,1,3.69,0.01
2026/06/26,6173,信昌電,600~800張,6,-1,2.49,-0.37
2026/06/26,6173,信昌電,800~1000張,4,1,2.04,0.59
2026/06/26,6173,信昌電,千張大戶,13,-1,62.04,-0.18
2026/06/26,6173,信昌電,零股散戶,31517,612,1.15,0.06
2026/07/03,6173,信昌電,100~200張,20,-2,1.69,-0.07
2026/07/03,6173,信昌電,10~15張,203,8,1.49,0.07
2026/07/03,6173,信昌電,15~20張,128,-9,1.39,-0.1
2026/07/03,6173,信昌電,1~5張,14735,509,13.83,0.45
2026/07/03,6173,信昌電,200~400張,17,0,2.78,-0.19
2026/07/03,6173,信昌電,20~30張,105,8,1.55,0.12
2026/07/03,6173,信昌電,30~40張,41,-9,0.85,-0.21
2026/07/03,6173,信昌電,400~600張,5,-1,1.39,-0.23
2026/07/03,6173,信昌電,40~50張,36,2,0.95,0.05
2026/07/03,6173,信昌電,50~100張,57,-3,2.35,-0.15
2026/07/03,6173,信昌電,5~10張,795,7,3.68,-0.01
2026/07/03,6173,信昌電,600~800張,7,1,2.83,0.34
2026/07/03,6173,信昌電,800~1000張,3,-1,1.53,-0.51
2026/07/03,6173,信昌電,千張大戶,13,0,62.38,0.34
2026/07/03,6173,信昌電,零股散戶,32524,1007,1.24,0.09
2026/07/17,6173,信昌電,100~200張,21,3,1.72,0.25
2026/07/17,6173,信昌電,10~15張,226,10,1.68,0.09
2026/07/17,6173,信昌電,15~20張,126,2,1.36,0.02
2026/07/17,6173,信昌電,1~5張,17339,312,16.6,0.63
2026/07/17,6173,信昌電,200~400張,15,-2,2.5,-0.27
2026/07/17,6173,信昌電,20~30張,104,-5,1.55,-0.06
2026/07/17,6173,信昌電,30~40張,47,5,0.97,0.1
2026/07/17,6173,信昌電,400~600張,5,-1,1.38,-0.28
2026/07/17,6173,信昌電,40~50張,30,2,0.78,0.04
2026/07/17,6173,信昌電,50~100張,48,-2,1.92,-0.08
2026/07/17,6173,信昌電,5~10張,864,31,3.97,0.11
2026/07/17,6173,信昌電,600~800張,5,-2,2.11,-0.74
2026/07/17,6173,信昌電,800~1000張,5,1,2.47,0.4
2026/07/17,6173,信昌電,千張大戶,13,2,59.3,-0.31
2026/07/17,6173,信昌電,零股散戶,35891,290,1.63,0.11
2026/07/24,6173,信昌電,100~200張,19,-2,1.5,-0.22
2026/07/24,6173,信昌電,10~15張,227,1,1.68,0.0
2026/07/24,6173,信昌電,15~20張,129,3,1.39,0.03
2026/07/24,6173,信昌電,1~5張,17111,-228,16.49,-0.11
2026/07/24,6173,信昌電,200~400張,17,2,2.7,0.2
2026/07/24,6173,信昌電,20~30張,109,5,1.63,0.08
2026/07/24,6173,信昌電,30~40張,45,-2,0.94,-0.03
2026/07/24,6173,信昌電,400~600張,4,-1,1.14,-0.24
2026/07/24,6173,信昌電,40~50張,30,0,0.79,0.01
2026/07/24,6173,信昌電,50~100張,47,-1,1.89,-0.03
2026/07/24,6173,信昌電,5~10張,889,25,4.07,0.1
2026/07/24,6173,信昌電,600~800張,6,1,2.48,0.37
2026/07/24,6173,信昌電,800~1000張,5,0,2.51,0.04
2026/07/24,6173,信昌電,千張大戶,13,0,59.09,-0.21
2026/07/24,6173,信昌電,零股散戶,35612,-279,1.63,0.0
2026/07/31,6173,信昌電,100~200張,18,-1,1.46,-0.04
2026/07/31,6173,信昌電,10~15張,234,7,1.74,0.06
2026/07/31,6173,信昌電,15~20張,129,0,1.39,0.0
2026/07/31,6173,信昌電,1~5張,17021,-90,16.53,0.04
2026/07/31,6173,信昌電,200~400張,16,-1,2.58,-0.12
2026/07/31,6173,信昌電,20~30張,110,1,1.65,0.02
2026/07/31,6173,信昌電,30~40張,44,-1,0.91,-0.03
2026/07/31,6173,信昌電,400~600張,5,1,1.41,0.27
2026/07/31,6173,信昌電,40~50張,30,0,0.77,-0.02
2026/07/31,6173,信昌電,50~100張,48,1,1.89,0.0
2026/07/31,6173,信昌電,5~10張,898,9,4.12,0.05
2026/07/31,6173,信昌電,600~800張,6,0,2.55,0.07
2026/07/31,6173,信昌電,800~1000張,6,1,3.09,0.58
2026/07/31,6173,信昌電,千張大戶,11,-2,58.21,-0.88
2026/07/31,6173,信昌電,零股散戶,35563,-49,1.63,0.0
2026/04/24,6183,關貿,100~200張,31,0,2.88,0.06
2026/04/24,6183,關貿,10~15張,125,-1,1.03,0.0
2026/04/24,6183,關貿,15~20張,79,1,0.93,0.01
2026/04/24,6183,關貿,1~5張,2972,-9,3.69,-0.01
2026/04/24,6183,關貿,200~400張,30,0,5.8,0.08
2026/04/24,6183,關貿,20~30張,69,-4,1.17,-0.06
2026/04/24,6183,關貿,30~40張,47,1,1.08,0.02
2026/04/24,6183,關貿,400~600張,5,0,1.44,0.05
2026/04/24,6183,關貿,40~50張,29,1,0.87,0.04
2026/04/24,6183,關貿,50~100張,67,7,3.03,0.29
2026/04/24,6183,關貿,5~10張,341,-3,1.74,-0.01
2026/04/24,6183,關貿,600~800張,9,-1,4.36,-0.46
2026/04/24,6183,關貿,800~1000張,1,0,0.53,0.0
2026/04/24,6183,關貿,千張大戶,17,0,71.06,0.0
2026/04/24,6183,關貿,零股散戶,35259,5058,0.32,0.0
2026/05/08,6183,關貿,100~200張,31,0,2.89,0.0
2026/05/08,6183,關貿,10~15張,125,0,1.03,0.0
2026/05/08,6183,關貿,15~20張,77,-2,0.91,-0.02
2026/05/08,6183,關貿,1~5張,2967,1,3.7,0.02
2026/05/08,6183,關貿,200~400張,30,0,5.8,0.01
2026/05/08,6183,關貿,20~30張,72,1,1.21,0.0
2026/05/08,6183,關貿,30~40張,48,2,1.11,0.05
2026/05/08,6183,關貿,400~600張,5,0,1.44,0.0
2026/05/08,6183,關貿,40~50張,27,-3,0.81,-0.09
2026/05/08,6183,關貿,50~100張,67,1,3.04,0.04
2026/05/08,6183,關貿,5~10張,337,-4,1.72,-0.02
2026/05/08,6183,關貿,600~800張,9,0,4.37,0.01
2026/05/08,6183,關貿,800~1000張,1,0,0.53,0.0
2026/05/08,6183,關貿,千張大戶,17,0,71.06,0.0
2026/05/08,6183,關貿,零股散戶,34156,-229,0.32,0.0
2026/05/15,6183,關貿,100~200張,32,1,3.0,0.11
2026/05/15,6183,關貿,10~15張,124,-1,1.02,-0.01
2026/05/15,6183,關貿,15~20張,77,0,0.91,0.0
2026/05/15,6183,關貿,1~5張,2959,-8,3.69,-0.01
2026/05/15,6183,關貿,200~400張,30,0,5.79,-0.01
2026/05/15,6183,關貿,20~30張,72,0,1.21,0.0
2026/05/15,6183,關貿,30~40張,49,1,1.14,0.03
2026/05/15,6183,關貿,400~600張,5,0,1.44,0.0
2026/05/15,6183,關貿,40~50張,28,1,0.84,0.03
2026/05/15,6183,關貿,50~100張,63,-4,2.88,-0.16
2026/05/15,6183,關貿,5~10張,338,1,1.73,0.01
2026/05/15,6183,關貿,600~800張,9,0,4.37,0.0
2026/05/15,6183,關貿,800~1000張,1,0,0.53,0.0
2026/05/15,6183,關貿,千張大戶,17,0,71.06,0.0
2026/05/15,6183,關貿,零股散戶,34044,-112,0.32,0.0
2026/05/22,6183,關貿,100~200張,31,-1,2.89,-0.11
2026/05/22,6183,關貿,10~15張,122,-2,1.01,-0.01
2026/05/22,6183,關貿,15~20張,76,-1,0.89,-0.02
2026/05/22,6183,關貿,1~5張,2953,-6,3.69,0.0
2026/05/22,6183,關貿,200~400張,30,0,5.79,0.0
2026/05/22,6183,關貿,20~30張,74,2,1.25,0.04
2026/05/22,6183,關貿,30~40張,48,-1,1.12,-0.02
2026/05/22,6183,關貿,400~600張,5,0,1.45,0.01
2026/05/22,6183,關貿,40~50張,28,0,0.84,0.0
2026/05/22,6183,關貿,50~100張,65,2,2.99,0.11
2026/05/22,6183,關貿,5~10張,340,2,1.74,0.01
2026/05/22,6183,關貿,600~800張,9,0,4.37,0.0
2026/05/22,6183,關貿,800~1000張,1,0,0.53,0.0
2026/05/22,6183,關貿,千張大戶,17,0,71.06,0.0
2026/05/22,6183,關貿,零股散戶,34016,-28,0.32,0.0
2026/05/29,6183,關貿,100~200張,32,1,2.96,0.07
2026/05/29,6183,關貿,10~15張,124,2,1.02,0.01
2026/05/29,6183,關貿,15~20張,74,-2,0.87,-0.02
2026/05/29,6183,關貿,1~5張,2941,-12,3.68,-0.01
2026/05/29,6183,關貿,200~400張,30,0,5.79,0.0
2026/05/29,6183,關貿,20~30張,71,-3,1.19,-0.06
2026/05/29,6183,關貿,30~40張,49,1,1.14,0.02
2026/05/29,6183,關貿,400~600張,5,0,1.46,0.01
2026/05/29,6183,關貿,40~50張,31,3,0.93,0.09
2026/05/29,6183,關貿,50~100張,63,-2,2.88,-0.11
2026/05/29,6183,關貿,5~10張,338,-2,1.72,-0.02
2026/05/29,6183,關貿,600~800張,9,0,4.37,0.0
2026/05/29,6183,關貿,800~1000張,1,0,0.53,0.0
2026/05/29,6183,關貿,千張大戶,17,0,71.06,0.0
2026/05/29,6183,關貿,零股散戶,33836,-180,0.32,0.0
2026/06/05,6183,關貿,100~200張,31,-1,2.91,-0.05
2026/06/05,6183,關貿,10~15張,124,0,1.03,0.01
2026/06/05,6183,關貿,15~20張,73,-1,0.86,-0.01
2026/06/05,6183,關貿,1~5張,2942,1,3.68,0.0
2026/06/05,6183,關貿,200~400張,30,0,5.77,-0.02
2026/06/05,6183,關貿,20~30張,73,2,1.22,0.03
2026/06/05,6183,關貿,30~40張,46,-3,1.07,-0.07
2026/06/05,6183,關貿,400~600張,5,0,1.46,0.0
2026/06/05,6183,關貿,40~50張,30,-1,0.9,-0.03
2026/06/05,6183,關貿,50~100張,66,3,3.03,0.15
2026/06/05,6183,關貿,5~10張,341,3,1.73,0.01
2026/06/05,6183,關貿,600~800張,9,0,4.37,0.0
2026/06/05,6183,關貿,800~1000張,1,0,0.53,0.0
2026/06/05,6183,關貿,千張大戶,17,0,71.06,0.0
2026/06/05,6183,關貿,零股散戶,33578,-258,0.32,0.0
2026/06/12,6183,關貿,100~200張,32,1,2.97,0.06
2026/06/12,6183,關貿,10~15張,123,-1,1.02,-0.01
2026/06/12,6183,關貿,15~20張,76,3,0.89,0.03
2026/06/12,6183,關貿,1~5張,2965,23,3.7,0.02
2026/06/12,6183,關貿,200~400張,30,0,5.78,0.01
2026/06/12,6183,關貿,20~30張,72,-1,1.21,-0.01
2026/06/12,6183,關貿,30~40張,47,1,1.09,0.02
2026/06/12,6183,關貿,400~600張,5,0,1.47,0.01
2026/06/12,6183,關貿,40~50張,31,1,0.93,0.03
2026/06/12,6183,關貿,50~100張,63,-3,2.86,-0.17
2026/06/12,6183,關貿,5~10張,343,2,1.75,0.02
2026/06/12,6183,關貿,600~800張,9,0,4.37,0.0
2026/06/12,6183,關貿,800~1000張,1,0,0.53,0.0
2026/06/12,6183,關貿,千張大戶,17,0,71.06,0.0
2026/06/12,6183,關貿,零股散戶,33571,-7,0.32,0.0
2026/06/26,6183,關貿,100~200張,32,0,2.96,0.0
2026/06/26,6183,關貿,10~15張,124,3,1.03,0.03
2026/06/26,6183,關貿,15~20張,77,0,0.9,0.0
2026/06/26,6183,關貿,1~5張,2971,-2,3.7,0.0
2026/06/26,6183,關貿,200~400張,30,0,5.78,0.0
2026/06/26,6183,關貿,20~30張,69,-3,1.17,-0.04
2026/06/26,6183,關貿,30~40張,48,1,1.11,0.02
2026/06/26,6183,關貿,400~600張,5,0,1.47,0.0
2026/06/26,6183,關貿,40~50張,29,-3,0.87,-0.08
2026/06/26,6183,關貿,50~100張,64,2,2.92,0.09
2026/06/26,6183,關貿,5~10張,345,-2,1.76,-0.01
2026/06/26,6183,關貿,600~800張,9,0,4.37,0.0
2026/06/26,6183,關貿,800~1000張,1,0,0.53,0.0
2026/06/26,6183,關貿,千張大戶,17,0,71.06,0.0
2026/06/26,6183,關貿,零股散戶,33606,94,0.31,-0.01
2026/07/03,6183,關貿,100~200張,32,0,2.96,0.0
2026/07/03,6183,關貿,10~15張,129,5,1.07,0.04
2026/07/03,6183,關貿,15~20張,76,-1,0.89,-0.01
2026/07/03,6183,關貿,1~5張,2973,2,3.71,0.01
2026/07/03,6183,關貿,200~400張,30,0,5.78,0.0
2026/07/03,6183,關貿,20~30張,70,1,1.19,0.02
2026/07/03,6183,關貿,30~40張,45,-3,1.04,-0.07
2026/07/03,6183,關貿,400~600張,5,0,1.47,0.0
2026/07/03,6183,關貿,40~50張,31,2,0.94,0.07
2026/07/03,6183,關貿,50~100張,62,-2,2.85,-0.07
2026/07/03,6183,關貿,5~10張,344,-1,1.75,-0.01
2026/07/03,6183,關貿,600~800張,9,0,4.37,0.0
2026/07/03,6183,關貿,800~1000張,1,0,0.53,0.0
2026/07/03,6183,關貿,千張大戶,17,0,71.06,0.0
2026/07/03,6183,關貿,零股散戶,33598,-8,0.31,0.0
2026/07/17,6183,關貿,100~200張,32,0,2.99,0.02
2026/07/17,6183,關貿,10~15張,127,-2,1.06,-0.01
2026/07/17,6183,關貿,15~20張,74,-1,0.87,-0.01
2026/07/17,6183,關貿,1~5張,2952,-12,3.68,-0.02
2026/07/17,6183,關貿,200~400張,30,0,5.78,0.0
2026/07/17,6183,關貿,20~30張,70,-1,1.19,-0.02
2026/07/17,6183,關貿,30~40張,49,4,1.14,0.1
2026/07/17,6183,關貿,400~600張,5,0,1.47,0.0
2026/07/17,6183,關貿,40~50張,31,0,0.93,-0.01
2026/07/17,6183,關貿,50~100張,61,-1,2.8,-0.05
2026/07/17,6183,關貿,5~10張,345,-1,1.75,-0.01
2026/07/17,6183,關貿,600~800張,9,0,4.37,0.0
2026/07/17,6183,關貿,800~1000張,1,0,0.53,0.0
2026/07/17,6183,關貿,千張大戶,17,0,71.06,0.0
2026/07/17,6183,關貿,零股散戶,33550,-18,0.31,0.0
2026/07/24,6183,關貿,100~200張,32,0,2.99,0.0
2026/07/24,6183,關貿,10~15張,124,-3,1.03,-0.03
2026/07/24,6183,關貿,15~20張,76,2,0.89,0.02
2026/07/24,6183,關貿,1~5張,2927,-25,3.65,-0.03
2026/07/24,6183,關貿,200~400張,30,0,5.78,0.0
2026/07/24,6183,關貿,20~30張,72,2,1.22,0.03
2026/07/24,6183,關貿,30~40張,47,-2,1.09,-0.05
2026/07/24,6183,關貿,400~600張,5,0,1.47,0.0
2026/07/24,6183,關貿,40~50張,31,0,0.93,0.0
2026/07/24,6183,關貿,50~100張,62,1,2.85,0.05
2026/07/24,6183,關貿,5~10張,341,-4,1.74,-0.01
2026/07/24,6183,關貿,600~800張,9,0,4.37,0.0
2026/07/24,6183,關貿,800~1000張,1,0,0.53,0.0
2026/07/24,6183,關貿,千張大戶,17,0,71.06,0.0
2026/07/24,6183,關貿,零股散戶,33515,-35,0.31,0.0
2026/07/31,6183,關貿,100~200張,32,0,2.98,-0.01
2026/07/31,6183,關貿,10~15張,127,3,1.05,0.02
2026/07/31,6183,關貿,15~20張,76,0,0.89,0.0
2026/07/31,6183,關貿,1~5張,2900,-27,3.61,-0.04
2026/07/31,6183,關貿,200~400張,30,0,5.78,0.0
2026/07/31,6183,關貿,20~30張,72,0,1.22,0.0
2026/07/31,6183,關貿,30~40張,45,-2,1.04,-0.05
2026/07/31,6183,關貿,400~600張,5,0,1.47,0.0
2026/07/31,6183,關貿,40~50張,33,2,0.99,0.06
2026/07/31,6183,關貿,50~100張,63,1,2.9,0.05
2026/07/31,6183,關貿,5~10張,336,-5,1.72,-0.02
2026/07/31,6183,關貿,600~800張,9,0,4.37,0.0
2026/07/31,6183,關貿,800~1000張,1,0,0.53,0.0
2026/07/31,6183,關貿,千張大戶,17,0,71.06,0.0
2026/07/31,6183,關貿,零股散戶,33507,-8,0.31,0.0
2026/04/24,6196,帆宣,100~200張,59,4,3.75,0.29
2026/04/24,6196,帆宣,10~15張,216,-9,1.27,-0.04
2026/04/24,6196,帆宣,15~20張,125,4,1.03,0.03
2026/04/24,6196,帆宣,1~5張,11015,423,8.2,0.27
2026/04/24,6196,帆宣,200~400張,33,-5,4.26,-0.63
2026/04/24,6196,帆宣,20~30張,110,-8,1.26,-0.1
2026/04/24,6196,帆宣,30~40張,56,-1,0.89,-0.02
2026/04/24,6196,帆宣,400~600張,11,0,2.32,-0.01
2026/04/24,6196,帆宣,40~50張,36,-3,0.76,-0.06
2026/04/24,6196,帆宣,50~100張,88,4,2.91,0.12
2026/04/24,6196,帆宣,5~10張,676,-16,2.43,-0.05
2026/04/24,6196,帆宣,600~800張,5,-3,1.59,-0.79
2026/04/24,6196,帆宣,800~1000張,3,2,1.24,0.82
2026/04/24,6196,帆宣,千張大戶,26,0,67.21,0.09
2026/04/24,6196,帆宣,零股散戶,12320,1251,0.8,0.06
2026/05/08,6196,帆宣,100~200張,53,-4,3.27,-0.3
2026/05/08,6196,帆宣,10~15張,211,-2,1.24,-0.01
2026/05/08,6196,帆宣,15~20張,120,-8,0.98,-0.07
2026/05/08,6196,帆宣,1~5張,11540,565,8.46,0.31
2026/05/08,6196,帆宣,200~400張,36,2,4.65,0.14
2026/05/08,6196,帆宣,20~30張,109,3,1.26,0.05
2026/05/08,6196,帆宣,30~40張,58,3,0.93,0.05
2026/05/08,6196,帆宣,400~600張,9,-2,1.91,-0.48
2026/05/08,6196,帆宣,40~50張,36,-4,0.76,-0.08
2026/05/08,6196,帆宣,50~100張,89,1,2.92,0.02
2026/05/08,6196,帆宣,5~10張,699,20,2.51,0.09
2026/05/08,6196,帆宣,600~800張,6,1,1.88,0.29
2026/05/08,6196,帆宣,800~1000張,3,-1,1.24,-0.43
2026/05/08,6196,帆宣,千張大戶,26,1,67.1,0.41
2026/05/08,6196,帆宣,零股散戶,13100,707,0.83,0.03
2026/05/15,6196,帆宣,100~200張,53,0,3.41,0.14
2026/05/15,6196,帆宣,10~15張,211,0,1.23,-0.01
2026/05/15,6196,帆宣,15~20張,123,3,1.01,0.03
2026/05/15,6196,帆宣,1~5張,11259,-281,8.28,-0.18
2026/05/15,6196,帆宣,200~400張,34,-2,4.6,-0.05
2026/05/15,6196,帆宣,20~30張,110,1,1.28,0.02
2026/05/15,6196,帆宣,30~40張,51,-7,0.81,-0.12
2026/05/15,6196,帆宣,400~600張,8,-1,1.69,-0.22
2026/05/15,6196,帆宣,40~50張,36,0,0.75,-0.01
2026/05/15,6196,帆宣,50~100張,93,4,3.09,0.17
2026/05/15,6196,帆宣,5~10張,659,-40,2.37,-0.14
2026/05/15,6196,帆宣,600~800張,7,1,2.14,0.26
2026/05/15,6196,帆宣,800~1000張,3,0,1.22,-0.02
2026/05/15,6196,帆宣,千張大戶,26,0,67.14,0.04
2026/05/15,6196,帆宣,零股散戶,14231,1131,0.89,0.06
2026/05/22,6196,帆宣,100~200張,55,2,3.41,0.0
2026/05/22,6196,帆宣,10~15張,216,5,1.26,0.03
2026/05/22,6196,帆宣,15~20張,119,-4,0.98,-0.03
2026/05/22,6196,帆宣,1~5張,11541,282,8.51,0.23
2026/05/22,6196,帆宣,200~400張,35,1,4.54,-0.06
2026/05/22,6196,帆宣,20~30張,112,2,1.29,0.01
2026/05/22,6196,帆宣,30~40張,55,4,0.88,0.07
2026/05/22,6196,帆宣,400~600張,9,1,1.92,0.23
2026/05/22,6196,帆宣,40~50張,38,2,0.8,0.05
2026/05/22,6196,帆宣,50~100張,89,-4,2.94,-0.15
2026/05/22,6196,帆宣,5~10張,699,40,2.51,0.14
2026/05/22,6196,帆宣,600~800張,7,0,2.12,-0.02
2026/05/22,6196,帆宣,800~1000張,4,1,1.66,0.44
2026/05/22,6196,帆宣,千張大戶,24,-2,66.15,-0.99
2026/05/22,6196,帆宣,零股散戶,14732,501,0.95,0.06
2026/05/29,6196,帆宣,100~200張,57,2,3.65,0.24
2026/05/29,6196,帆宣,10~15張,211,-5,1.24,-0.02
2026/05/29,6196,帆宣,15~20張,109,-10,0.9,-0.08
2026/05/29,6196,帆宣,1~5張,11616,75,8.44,-0.07
2026/05/29,6196,帆宣,200~400張,34,-1,4.61,0.07
2026/05/29,6196,帆宣,20~30張,105,-7,1.22,-0.07
2026/05/29,6196,帆宣,30~40張,54,-1,0.86,-0.02
2026/05/29,6196,帆宣,400~600張,9,0,1.9,-0.02
2026/05/29,6196,帆宣,40~50張,38,0,0.8,0.0
2026/05/29,6196,帆宣,50~100張,88,-1,2.93,-0.01
2026/05/29,6196,帆宣,5~10張,681,-18,2.44,-0.07
2026/05/29,6196,帆宣,600~800張,3,-4,0.94,-1.18
2026/05/29,6196,帆宣,800~1000張,5,1,2.06,0.4
2026/05/29,6196,帆宣,千張大戶,26,2,66.96,0.81
2026/05/29,6196,帆宣,零股散戶,15820,1088,0.97,0.02
2026/06/05,6196,帆宣,100~200張,56,-1,3.48,-0.17
2026/06/05,6196,帆宣,10~15張,206,-5,1.2,-0.04
2026/06/05,6196,帆宣,15~20張,106,-3,0.88,-0.02
2026/06/05,6196,帆宣,1~5張,11215,-401,8.19,-0.25
2026/06/05,6196,帆宣,200~400張,36,2,4.76,0.15
2026/06/05,6196,帆宣,20~30張,105,0,1.22,0.0
2026/06/05,6196,帆宣,30~40張,54,0,0.86,0.0
2026/06/05,6196,帆宣,400~600張,9,0,1.91,0.01
2026/06/05,6196,帆宣,40~50張,41,3,0.85,0.05
2026/06/05,6196,帆宣,50~100張,88,0,2.87,-0.06
2026/06/05,6196,帆宣,5~10張,673,-8,2.41,-0.03
2026/06/05,6196,帆宣,600~800張,4,1,1.27,0.33
2026/06/05,6196,帆宣,800~1000張,6,1,2.48,0.42
2026/06/05,6196,帆宣,千張大戶,25,-1,66.59,-0.37
2026/06/05,6196,帆宣,零股散戶,15594,-226,0.96,-0.01
2026/06/12,6196,帆宣,100~200張,54,-2,3.42,-0.06
2026/06/12,6196,帆宣,10~15張,217,11,1.27,0.07
2026/06/12,6196,帆宣,15~20張,104,-2,0.85,-0.03
2026/06/12,6196,帆宣,1~5張,11314,99,8.25,0.06
2026/06/12,6196,帆宣,200~400張,35,-1,4.47,-0.29
2026/06/12,6196,帆宣,20~30張,110,5,1.27,0.05
2026/06/12,6196,帆宣,30~40張,53,-1,0.84,-0.02
2026/06/12,6196,帆宣,400~600張,10,1,2.15,0.24
2026/06/12,6196,帆宣,40~50張,38,-3,0.8,-0.05
2026/06/12,6196,帆宣,50~100張,96,8,3.19,0.32
2026/06/12,6196,帆宣,5~10張,685,12,2.44,0.03
2026/06/12,6196,帆宣,600~800張,4,0,1.24,-0.03
2026/06/12,6196,帆宣,800~1000張,6,0,2.52,0.04
2026/06/12,6196,帆宣,千張大戶,25,0,66.25,-0.34
2026/06/12,6196,帆宣,零股散戶,16142,548,0.97,0.01
2026/06/26,6196,帆宣,100~200張,55,1,3.55,0.12
2026/06/26,6196,帆宣,10~15張,215,2,1.26,0.02
2026/06/26,6196,帆宣,15~20張,109,0,0.9,-0.01
2026/06/26,6196,帆宣,1~5張,11435,58,8.34,0.05
2026/06/26,6196,帆宣,200~400張,30,-4,3.95,-0.49
2026/06/26,6196,帆宣,20~30張,111,3,1.27,0.02
2026/06/26,6196,帆宣,30~40張,60,7,0.95,0.1
2026/06/26,6196,帆宣,400~600張,8,-2,1.76,-0.47
2026/06/26,6196,帆宣,40~50張,36,-3,0.76,-0.05
2026/06/26,6196,帆宣,50~100張,93,-4,3.08,-0.13
2026/06/26,6196,帆宣,5~10張,678,-4,2.4,-0.03
2026/06/26,6196,帆宣,600~800張,6,3,1.88,0.94
2026/06/26,6196,帆宣,800~1000張,5,-2,2.14,-0.77
2026/06/26,6196,帆宣,千張大戶,26,1,66.61,0.67
2026/06/26,6196,帆宣,零股散戶,17705,138,1.06,0.02
2026/07/03,6196,帆宣,100~200張,55,0,3.52,-0.03
2026/07/03,6196,帆宣,10~15張,219,4,1.28,0.02
2026/07/03,6196,帆宣,15~20張,99,-10,0.82,-0.08
2026/07/03,6196,帆宣,1~5張,11315,-120,8.23,-0.11
2026/07/03,6196,帆宣,200~400張,35,5,4.48,0.53
2026/07/03,6196,帆宣,20~30張,105,-6,1.21,-0.06
2026/07/03,6196,帆宣,30~40張,62,2,0.98,0.03
2026/07/03,6196,帆宣,400~600張,7,-1,1.51,-0.25
2026/07/03,6196,帆宣,40~50張,38,2,0.79,0.03
2026/07/03,6196,帆宣,50~100張,94,1,3.12,0.04
2026/07/03,6196,帆宣,5~10張,677,-1,2.4,0.0
2026/07/03,6196,帆宣,600~800張,7,1,2.13,0.25
2026/07/03,6196,帆宣,800~1000張,5,0,2.07,-0.07
2026/07/03,6196,帆宣,千張大戶,25,-1,66.31,-0.3
2026/07/03,6196,帆宣,零股散戶,18141,436,1.07,0.01
2026/07/17,6196,帆宣,100~200張,54,-2,3.4,-0.1
2026/07/17,6196,帆宣,10~15張,215,-3,1.26,-0.01
2026/07/17,6196,帆宣,15~20張,108,4,0.9,0.04
2026/07/17,6196,帆宣,1~5張,11171,-357,8.15,-0.22
2026/07/17,6196,帆宣,200~400張,35,0,4.44,-0.08
2026/07/17,6196,帆宣,20~30張,110,2,1.28,0.03
2026/07/17,6196,帆宣,30~40張,55,-8,0.88,-0.12
2026/07/17,6196,帆宣,400~600張,13,6,2.83,1.36
2026/07/17,6196,帆宣,40~50張,37,1,0.77,0.02
2026/07/17,6196,帆宣,50~100張,91,2,2.97,0.03
2026/07/17,6196,帆宣,5~10張,658,-25,2.34,-0.08
2026/07/17,6196,帆宣,600~800張,7,-1,2.18,-0.3
2026/07/17,6196,帆宣,800~1000張,1,-3,0.4,-1.28
2026/07/17,6196,帆宣,千張大戶,26,1,67.07,0.76
2026/07/17,6196,帆宣,零股散戶,18060,-472,1.06,-0.03
2026/07/24,6196,帆宣,100~200張,56,2,3.53,0.13
2026/07/24,6196,帆宣,10~15張,213,-2,1.24,-0.02
2026/07/24,6196,帆宣,15~20張,114,6,0.94,0.04
2026/07/24,6196,帆宣,1~5張,11409,238,8.33,0.18
2026/07/24,6196,帆宣,200~400張,38,3,4.86,0.42
2026/07/24,6196,帆宣,20~30張,104,-6,1.19,-0.09
2026/07/24,6196,帆宣,30~40張,61,6,0.97,0.09
2026/07/24,6196,帆宣,400~600張,8,-5,1.71,-1.12
2026/07/24,6196,帆宣,40~50張,37,0,0.77,0.0
2026/07/24,6196,帆宣,50~100張,91,0,2.95,-0.02
2026/07/24,6196,帆宣,5~10張,666,8,2.37,0.03
2026/07/24,6196,帆宣,600~800張,8,1,2.46,0.28
2026/07/24,6196,帆宣,800~1000張,2,1,0.82,0.42
2026/07/24,6196,帆宣,千張大戶,25,-1,66.67,-0.4
2026/07/24,6196,帆宣,零股散戶,18675,615,1.1,0.04
2026/07/31,6196,帆宣,100~200張,60,4,3.77,0.24
2026/07/31,6196,帆宣,10~15張,220,7,1.28,0.04
2026/07/31,6196,帆宣,15~20張,108,-6,0.89,-0.05
2026/07/31,6196,帆宣,1~5張,11221,-188,8.27,-0.06
2026/07/31,6196,帆宣,200~400張,36,-2,4.54,-0.32
2026/07/31,6196,帆宣,20~30張,106,2,1.21,0.02
2026/07/31,6196,帆宣,30~40張,59,-2,0.93,-0.04
2026/07/31,6196,帆宣,400~600張,8,0,1.74,0.03
2026/07/31,6196,帆宣,40~50張,38,1,0.79,0.02
2026/07/31,6196,帆宣,50~100張,83,-8,2.69,-0.26
2026/07/31,6196,帆宣,5~10張,660,-6,2.35,-0.02
2026/07/31,6196,帆宣,600~800張,7,-1,2.16,-0.3
2026/07/31,6196,帆宣,800~1000張,2,0,0.75,-0.07
2026/07/31,6196,帆宣,千張大戶,26,1,67.45,0.78
2026/07/31,6196,帆宣,零股散戶,18625,-50,1.1,0.0
2026/04/24,6239,力成,100~200張,144,-4,2.76,-0.1
2026/04/24,6239,力成,10~15張,750,58,1.27,0.11
2026/04/24,6239,力成,15~20張,416,24,1.01,0.06
2026/04/24,6239,力成,1~5張,37714,3073,8.64,0.68
2026/04/24,6239,力成,200~400張,72,0,2.72,-0.03
2026/04/24,6239,力成,20~30張,353,14,1.18,0.05
2026/04/24,6239,力成,30~40張,183,-5,0.85,-0.02
2026/04/24,6239,力成,400~600張,56,0,3.53,-0.07
2026/04/24,6239,力成,40~50張,90,7,0.54,0.04
2026/04/24,6239,力成,50~100張,231,1,2.19,0.03
2026/04/24,6239,力成,5~10張,2850,162,2.93,0.17
2026/04/24,6239,力成,600~800張,24,4,2.2,0.38
2026/04/24,6239,力成,800~1000張,20,0,2.31,0.01
2026/04/24,6239,力成,千張大戶,95,-4,67.08,-1.36
2026/04/24,6239,力成,零股散戶,62790,1734,0.72,0.06
2026/05/08,6239,力成,100~200張,147,-7,2.81,-0.14
2026/05/08,6239,力成,10~15張,762,-50,1.29,-0.08
2026/05/08,6239,力成,15~20張,469,-4,1.14,-0.01
2026/05/08,6239,力成,1~5張,41828,575,9.43,-0.07
2026/05/08,6239,力成,200~400張,78,1,3.04,0.1
2026/05/08,6239,力成,20~30張,374,-8,1.26,-0.02
2026/05/08,6239,力成,30~40張,184,6,0.86,0.03
2026/05/08,6239,力成,400~600張,51,0,3.3,0.04
2026/05/08,6239,力成,40~50張,108,11,0.66,0.07
2026/05/08,6239,力成,50~100張,233,-4,2.19,-0.05
2026/05/08,6239,力成,5~10張,3032,-75,3.12,-0.07
2026/05/08,6239,力成,600~800張,21,-5,1.9,-0.5
2026/05/08,6239,力成,800~1000張,15,-1,1.77,-0.07
2026/05/08,6239,力成,千張大戶,95,1,66.35,0.73
2026/05/08,6239,力成,零股散戶,67469,2925,0.81,0.05
2026/05/15,6239,力成,100~200張,142,-5,2.66,-0.15
2026/05/15,6239,力成,10~15張,790,28,1.34,0.05
2026/05/15,6239,力成,15~20張,489,20,1.19,0.05
2026/05/15,6239,力成,1~5張,42451,623,9.63,0.2
2026/05/15,6239,力成,200~400張,85,7,3.21,0.17
2026/05/15,6239,力成,20~30張,383,9,1.29,0.03
2026/05/15,6239,力成,30~40張,198,14,0.92,0.06
2026/05/15,6239,力成,400~600張,48,-3,3.05,-0.25
2026/05/15,6239,力成,40~50張,114,6,0.69,0.03
2026/05/15,6239,力成,50~100張,242,9,2.29,0.1
2026/05/15,6239,力成,5~10張,3158,126,3.25,0.13
2026/05/15,6239,力成,600~800張,19,-2,1.7,-0.2
2026/05/15,6239,力成,800~1000張,23,8,2.73,0.96
2026/05/15,6239,力成,千張大戶,90,-5,65.13,-1.22
2026/05/15,6239,力成,零股散戶,68078,609,0.83,0.02
2026/05/22,6239,力成,100~200張,137,-5,2.58,-0.08
2026/05/22,6239,力成,10~15張,712,-78,1.2,-0.14
2026/05/22,6239,力成,15~20張,465,-24,1.13,-0.06
2026/05/22,6239,力成,1~5張,37145,-5306,8.42,-1.21
2026/05/22,6239,力成,200~400張,82,-3,3.13,-0.08
2026/05/22,6239,力成,20~30張,373,-10,1.25,-0.04
2026/05/22,6239,力成,30~40張,174,-24,0.81,-0.11
2026/05/22,6239,力成,400~600張,44,-4,2.83,-0.22
2026/05/22,6239,力成,40~50張,112,-2,0.68,-0.01
2026/05/22,6239,力成,50~100張,252,10,2.41,0.12
2026/05/22,6239,力成,5~10張,2806,-352,2.9,-0.35
2026/05/22,6239,力成,600~800張,17,-2,1.51,-0.19
2026/05/22,6239,力成,800~1000張,19,-4,2.26,-0.47
2026/05/22,6239,力成,千張大戶,103,13,68.03,2.9
2026/05/22,6239,力成,零股散戶,66416,-1662,0.77,-0.06
2026/05/29,6239,力成,100~200張,144,7,2.71,0.13
2026/05/29,6239,力成,10~15張,662,-50,1.12,-0.08
2026/05/29,6239,力成,15~20張,384,-81,0.93,-0.2
2026/05/29,6239,力成,1~5張,41115,3970,8.87,0.45
2026/05/29,6239,力成,200~400張,86,4,3.24,0.11
2026/05/29,6239,力成,20~30張,375,2,1.26,0.01
2026/05/29,6239,力成,30~40張,159,-15,0.74,-0.07
2026/05/29,6239,力成,400~600張,48,4,3.08,0.25
2026/05/29,6239,力成,40~50張,112,0,0.68,0.0
2026/05/29,6239,力成,50~100張,238,-14,2.29,-0.12
2026/05/29,6239,力成,5~10張,2645,-161,2.72,-0.18
2026/05/29,6239,力成,600~800張,15,-2,1.32,-0.19
2026/05/29,6239,力成,800~1000張,18,-1,2.11,-0.15
2026/05/29,6239,力成,千張大戶,99,-4,67.85,-0.18
2026/05/29,6239,力成,零股散戶,83618,17202,1.01,0.24
2026/06/05,6239,力成,100~200張,139,-5,2.6,-0.11
2026/06/05,6239,力成,10~15張,724,62,1.22,0.1
2026/06/05,6239,力成,15~20張,402,18,0.97,0.04
2026/06/05,6239,力成,1~5張,45839,4724,10.0,1.13
2026/06/05,6239,力成,200~400張,88,2,3.4,0.16
2026/06/05,6239,力成,20~30張,373,-2,1.25,-0.01
2026/06/05,6239,力成,30~40張,189,30,0.87,0.13
2026/06/05,6239,力成,400~600張,45,-3,2.93,-0.15
2026/06/05,6239,力成,40~50張,109,-3,0.66,-0.02
2026/06/05,6239,力成,50~100張,229,-9,2.16,-0.13
2026/06/05,6239,力成,5~10張,2889,244,2.96,0.24
2026/06/05,6239,力成,600~800張,13,-2,1.18,-0.14
2026/06/05,6239,力成,800~1000張,18,0,2.11,0.0
2026/06/05,6239,力成,千張大戶,100,1,66.39,-1.46
2026/06/05,6239,力成,零股散戶,91933,8315,1.22,0.21
2026/06/12,6239,力成,100~200張,137,-2,2.55,-0.05
2026/06/12,6239,力成,10~15張,788,64,1.33,0.11
2026/06/12,6239,力成,15~20張,449,47,1.09,0.12
2026/06/12,6239,力成,1~5張,47428,1589,10.45,0.45
2026/06/12,6239,力成,200~400張,82,-6,3.18,-0.22
2026/06/12,6239,力成,20~30張,388,15,1.29,0.04
2026/06/12,6239,力成,30~40張,181,-8,0.83,-0.04
2026/06/12,6239,力成,400~600張,44,-1,2.85,-0.08
2026/06/12,6239,力成,40~50張,124,15,0.75,0.09
2026/06/12,6239,力成,50~100張,226,-3,2.15,-0.01
2026/06/12,6239,力成,5~10張,3051,162,3.13,0.17
2026/06/12,6239,力成,600~800張,14,1,1.27,0.09
2026/06/12,6239,力成,800~1000張,16,-2,1.87,-0.24
2026/06/12,6239,力成,千張大戶,101,1,65.85,-0.54
2026/06/12,6239,力成,零股散戶,94861,2928,1.33,0.11
2026/06/26,6239,力成,100~200張,139,1,2.58,0.02
2026/06/26,6239,力成,10~15張,937,64,1.59,0.11
2026/06/26,6239,力成,15~20張,523,53,1.27,0.13
2026/06/26,6239,力成,1~5張,59785,5983,13.22,1.46
2026/06/26,6239,力成,200~400張,86,3,3.29,0.12
2026/06/26,6239,力成,20~30張,442,28,1.47,0.09
2026/06/26,6239,力成,30~40張,213,18,0.99,0.09
2026/06/26,6239,力成,400~600張,43,-4,2.75,-0.31
2026/06/26,6239,力成,40~50張,134,2,0.81,0.01
2026/06/26,6239,力成,50~100張,252,8,2.37,0.06
2026/06/26,6239,力成,5~10張,3812,500,3.89,0.52
2026/06/26,6239,力成,600~800張,25,10,2.3,0.95
2026/06/26,6239,力成,800~1000張,10,-3,1.14,-0.35
2026/06/26,6239,力成,千張大戶,100,-3,60.62,-3.07
2026/06/26,6239,力成,零股散戶,107215,6615,1.65,0.2
2026/07/03,6239,力成,100~200張,142,3,2.63,0.05
2026/07/03,6239,力成,10~15張,933,-4,1.58,-0.01
2026/07/03,6239,力成,15~20張,549,26,1.34,0.07
2026/07/03,6239,力成,1~5張,60401,616,13.37,0.15
2026/07/03,6239,力成,200~400張,80,-6,3.03,-0.26
2026/07/03,6239,力成,20~30張,423,-19,1.42,-0.05
2026/07/03,6239,力成,30~40張,205,-8,0.95,-0.04
2026/07/03,6239,力成,400~600張,48,5,3.15,0.4
2026/07/03,6239,力成,40~50張,131,-3,0.79,-0.02
2026/07/03,6239,力成,50~100張,248,-4,2.36,-0.01
2026/07/03,6239,力成,5~10張,3850,38,3.93,0.04
2026/07/03,6239,力成,600~800張,23,-2,2.1,-0.2
2026/07/03,6239,力成,800~1000張,14,4,1.6,0.46
2026/07/03,6239,力成,千張大戶,100,0,60.01,-0.61
2026/07/03,6239,力成,零股散戶,107652,437,1.68,0.03
2026/07/17,6239,力成,100~200張,146,0,2.69,-0.02
2026/07/17,6239,力成,10~15張,961,4,1.62,0.0
2026/07/17,6239,力成,15~20張,534,-1,1.3,0.0
2026/07/17,6239,力成,1~5張,60081,-90,13.32,0.0
2026/07/17,6239,力成,200~400張,75,0,2.83,-0.05
2026/07/17,6239,力成,20~30張,439,5,1.47,0.02
2026/07/17,6239,力成,30~40張,206,-1,0.96,0.0
2026/07/17,6239,力成,400~600張,49,-2,3.24,-0.08
2026/07/17,6239,力成,40~50張,126,0,0.76,0.0
2026/07/17,6239,力成,50~100張,246,-6,2.31,-0.08
2026/07/17,6239,力成,5~10張,3915,67,3.98,0.06
2026/07/17,6239,力成,600~800張,18,-1,1.64,-0.13
2026/07/17,6239,力成,800~1000張,14,1,1.59,0.08
2026/07/17,6239,力成,千張大戶,101,1,60.51,0.16
2026/07/17,6239,力成,零股散戶,107468,-150,1.7,0.02
2026/07/24,6239,力成,100~200張,152,6,2.79,0.1
2026/07/24,6239,力成,10~15張,1028,67,1.74,0.12
2026/07/24,6239,力成,15~20張,522,-12,1.27,-0.03
2026/07/24,6239,力成,1~5張,60689,608,13.56,0.24
2026/07/24,6239,力成,200~400張,76,1,2.94,0.11
2026/07/24,6239,力成,20~30張,451,12,1.5,0.03
2026/07/24,6239,力成,30~40張,214,8,0.99,0.03
2026/07/24,6239,力成,400~600張,49,0,3.22,-0.02
2026/07/24,6239,力成,40~50張,133,7,0.8,0.04
2026/07/24,6239,力成,50~100張,256,10,2.41,0.1
2026/07/24,6239,力成,5~10張,4056,141,4.12,0.14
2026/07/24,6239,力成,600~800張,20,2,1.85,0.21
2026/07/24,6239,力成,800~1000張,15,1,1.73,0.14
2026/07/24,6239,力成,千張大戶,97,-4,59.28,-1.23
2026/07/24,6239,力成,零股散戶,107082,-386,1.72,0.02
2026/07/31,6239,力成,100~200張,149,-3,2.71,-0.08
2026/07/31,6239,力成,10~15張,1117,89,1.89,0.15
2026/07/31,6239,力成,15~20張,557,35,1.36,0.09
2026/07/31,6239,力成,1~5張,61872,1183,14.05,0.49
2026/07/31,6239,力成,200~400張,77,1,2.93,-0.01
2026/07/31,6239,力成,20~30張,477,26,1.58,0.08
2026/07/31,6239,力成,30~40張,235,21,1.09,0.1
2026/07/31,6239,力成,400~600張,46,-3,3.03,-0.19
2026/07/31,6239,力成,40~50張,141,8,0.85,0.05
2026/07/31,6239,力成,50~100張,259,3,2.43,0.02
2026/07/31,6239,力成,5~10張,4236,180,4.29,0.17
2026/07/31,6239,力成,600~800張,18,-2,1.65,-0.2
2026/07/31,6239,力成,800~1000張,19,4,2.17,0.44
2026/07/31,6239,力成,千張大戶,92,-5,58.15,-1.13
2026/07/31,6239,力成,零股散戶,106958,-124,1.75,0.03
2026/04/24,6274,台燿,100~200張,84,8,4.23,0.45
2026/04/24,6274,台燿,10~15張,259,5,1.13,0.02
2026/04/24,6274,台燿,15~20張,141,-2,0.9,-0.02
2026/04/24,6274,台燿,1~5張,21081,156,11.45,0.06
2026/04/24,6274,台燿,200~400張,49,-7,4.68,-0.53
2026/04/24,6274,台燿,20~30張,122,2,1.08,0.01
2026/04/24,6274,台燿,30~40張,70,-7,0.87,-0.09
2026/04/24,6274,台燿,400~600張,14,-4,2.36,-0.67
2026/04/24,6274,台燿,40~50張,45,-4,0.71,-0.06
2026/04/24,6274,台燿,50~100張,126,2,3.14,0.04
2026/04/24,6274,台燿,5~10張,1061,10,2.86,0.01
2026/04/24,6274,台燿,600~800張,23,3,5.49,0.72
2026/04/24,6274,台燿,800~1000張,9,1,2.81,0.28
2026/04/24,6274,台燿,千張大戶,48,-1,56.59,-0.35
2026/04/24,6274,台燿,零股散戶,51622,2783,1.62,0.11
2026/05/08,6274,台燿,100~200張,90,0,4.37,-0.13
2026/05/08,6274,台燿,10~15張,248,-4,1.07,-0.02
2026/05/08,6274,台燿,15~20張,150,15,0.94,0.09
2026/05/08,6274,台燿,1~5張,18847,-1669,10.11,-0.99
2026/05/08,6274,台燿,200~400張,49,6,4.63,0.56
2026/05/08,6274,台燿,20~30張,125,-1,1.1,-0.01
2026/05/08,6274,台燿,30~40張,75,0,0.93,0.01
2026/05/08,6274,台燿,400~600張,18,1,3.05,0.15
2026/05/08,6274,台燿,40~50張,48,5,0.74,0.06
2026/05/08,6274,台燿,50~100張,133,9,3.31,0.29
2026/05/08,6274,台燿,5~10張,1018,-55,2.7,-0.17
2026/05/08,6274,台燿,600~800張,22,0,5.18,0.0
2026/05/08,6274,台燿,800~1000張,11,2,3.37,0.52
2026/05/08,6274,台燿,千張大戶,49,1,56.93,-0.25
2026/05/08,6274,台燿,零股散戶,51226,-1024,1.5,-0.11
2026/05/15,6274,台燿,100~200張,92,2,4.45,0.08
2026/05/15,6274,台燿,10~15張,247,-1,1.05,-0.02
2026/05/15,6274,台燿,15~20張,151,1,0.94,0.0
2026/05/15,6274,台燿,1~5張,18850,3,10.1,-0.01
2026/05/15,6274,台燿,200~400張,49,0,4.55,-0.08
2026/05/15,6274,台燿,20~30張,130,5,1.13,0.03
2026/05/15,6274,台燿,30~40張,74,-1,0.91,-0.02
2026/05/15,6274,台燿,400~600張,16,-2,2.58,-0.47
2026/05/15,6274,台燿,40~50張,45,-3,0.7,-0.04
2026/05/15,6274,台燿,50~100張,128,-5,3.18,-0.13
2026/05/15,6274,台燿,5~10張,1001,-17,2.65,-0.05
2026/05/15,6274,台燿,600~800張,22,0,5.15,-0.03
2026/05/15,6274,台燿,800~1000張,10,-1,3.02,-0.35
2026/05/15,6274,台燿,千張大戶,48,-1,57.97,1.04
2026/05/15,6274,台燿,零股散戶,53319,2093,1.54,0.04
2026/05/22,6274,台燿,100~200張,96,4,4.7,0.25
2026/05/22,6274,台燿,10~15張,247,0,1.05,0.0
2026/05/22,6274,台燿,15~20張,150,-1,0.93,-0.01
2026/05/22,6274,台燿,1~5張,18757,-93,10.07,-0.03
2026/05/22,6274,台燿,200~400張,42,-7,3.83,-0.72
2026/05/22,6274,台燿,20~30張,140,10,1.22,0.09
2026/05/22,6274,台燿,30~40張,71,-3,0.87,-0.04
2026/05/22,6274,台燿,400~600張,20,4,3.32,0.74
2026/05/22,6274,台燿,40~50張,49,4,0.76,0.06
2026/05/22,6274,台燿,50~100張,123,-5,3.08,-0.1
2026/05/22,6274,台燿,5~10張,1004,3,2.65,0.0
2026/05/22,6274,台燿,600~800張,21,-1,4.88,-0.27
2026/05/22,6274,台燿,800~1000張,10,0,3.05,0.03
2026/05/22,6274,台燿,千張大戶,46,-2,57.96,-0.01
2026/05/22,6274,台燿,零股散戶,53756,437,1.55,0.01
2026/05/29,6274,台燿,100~200張,97,1,4.69,-0.01
2026/05/29,6274,台燿,10~15張,248,1,1.05,0.0
2026/05/29,6274,台燿,15~20張,152,2,0.94,0.01
2026/05/29,6274,台燿,1~5張,19404,647,10.34,0.27
2026/05/29,6274,台燿,200~400張,52,10,4.81,0.98
2026/05/29,6274,台燿,20~30張,129,-11,1.11,-0.11
2026/05/29,6274,台燿,30~40張,74,3,0.9,0.03
2026/05/29,6274,台燿,400~600張,17,-3,2.81,-0.51
2026/05/29,6274,台燿,40~50張,45,-4,0.7,-0.06
2026/05/29,6274,台燿,50~100張,130,7,3.19,0.11
2026/05/29,6274,台燿,5~10張,1006,2,2.64,-0.01
2026/05/29,6274,台燿,600~800張,20,-1,4.71,-0.17
2026/05/29,6274,台燿,800~1000張,11,1,3.37,0.32
2026/05/29,6274,台燿,千張大戶,49,3,57.01,-0.95
2026/05/29,6274,台燿,零股散戶,58693,4937,1.65,0.1
2026/06/05,6274,台燿,100~200張,97,0,4.57,-0.12
2026/06/05,6274,台燿,10~15張,260,12,1.11,0.06
2026/06/05,6274,台燿,15~20張,140,-12,0.87,-0.07
2026/06/05,6274,台燿,1~5張,19334,-70,10.28,-0.06
2026/06/05,6274,台燿,200~400張,56,4,5.45,0.64
2026/06/05,6274,台燿,20~30張,123,-6,1.07,-0.04
2026/06/05,6274,台燿,30~40張,67,-7,0.81,-0.09
2026/06/05,6274,台燿,400~600張,16,-1,2.52,-0.29
2026/06/05,6274,台燿,40~50張,54,9,0.82,0.12
2026/06/05,6274,台燿,50~100張,129,-1,3.2,0.01
2026/06/05,6274,台燿,5~10張,988,-18,2.59,-0.05
2026/06/05,6274,台燿,600~800張,21,1,4.98,0.27
2026/06/05,6274,台燿,800~1000張,10,-1,2.98,-0.39
2026/06/05,6274,台燿,千張大戶,51,2,56.93,-0.08
2026/06/05,6274,台燿,零股散戶,62397,3704,1.73,0.08
2026/06/12,6274,台燿,100~200張,93,-4,4.49,-0.08
2026/06/12,6274,台燿,10~15張,252,-8,1.06,-0.05
2026/06/12,6274,台燿,15~20張,157,17,0.96,0.09
2026/06/12,6274,台燿,1~5張,19933,599,10.53,0.25
2026/06/12,6274,台燿,200~400張,56,0,5.34,-0.11
2026/06/12,6274,台燿,20~30張,123,0,1.06,-0.01
2026/06/12,6274,台燿,30~40張,76,9,0.92,0.11
2026/06/12,6274,台燿,400~600張,18,2,2.92,0.4
2026/06/12,6274,台燿,40~50張,50,-4,0.76,-0.06
2026/06/12,6274,台燿,50~100張,130,1,3.25,0.05
2026/06/12,6274,台燿,5~10張,987,-1,2.57,-0.02
2026/06/12,6274,台燿,600~800張,23,2,5.41,0.43
2026/06/12,6274,台燿,800~1000張,10,0,3.05,0.07
2026/06/12,6274,台燿,千張大戶,48,-3,55.7,-1.23
2026/06/12,6274,台燿,零股散戶,67490,5093,1.89,0.16
2026/06/26,6274,台燿,100~200張,91,1,4.33,-0.05
2026/06/26,6274,台燿,10~15張,247,-3,1.04,-0.02
2026/06/26,6274,台燿,15~20張,155,4,0.95,0.02
2026/06/26,6274,台燿,1~5張,19675,329,10.38,0.17
2026/06/26,6274,台燿,200~400張,58,0,5.53,0.08
2026/06/26,6274,台燿,20~30張,123,3,1.05,0.02
2026/06/26,6274,台燿,30~40張,80,-6,0.96,-0.08
2026/06/26,6274,台燿,400~600張,19,1,3.14,0.19
2026/06/26,6274,台燿,40~50張,49,0,0.75,0.01
2026/06/26,6274,台燿,50~100張,136,3,3.34,0.06
2026/06/26,6274,台燿,5~10張,997,9,2.58,0.01
2026/06/26,6274,台燿,600~800張,20,1,4.6,0.19
2026/06/26,6274,台燿,800~1000張,10,0,3.06,0.03
2026/06/26,6274,台燿,千張大戶,49,-1,56.23,-0.73
2026/06/26,6274,台燿,零股散戶,71578,4138,1.98,0.09
2026/07/03,6274,台燿,100~200張,96,5,4.49,0.16
2026/07/03,6274,台燿,10~15張,254,7,1.07,0.03
2026/07/03,6274,台燿,15~20張,155,0,0.95,0.0
2026/07/03,6274,台燿,1~5張,19902,227,10.48,0.1
2026/07/03,6274,台燿,200~400張,58,0,5.67,0.14
2026/07/03,6274,台燿,20~30張,126,3,1.07,0.02
2026/07/03,6274,台燿,30~40張,80,0,0.95,-0.01
2026/07/03,6274,台燿,400~600張,17,-2,2.8,-0.34
2026/07/03,6274,台燿,40~50張,46,-3,0.69,-0.06
2026/07/03,6274,台燿,50~100張,131,-5,3.22,-0.12
2026/07/03,6274,台燿,5~10張,1010,13,2.61,0.03
2026/07/03,6274,台燿,600~800張,22,2,5.07,0.47
2026/07/03,6274,台燿,800~1000張,10,0,3.0,-0.06
2026/07/03,6274,台燿,千張大戶,50,1,55.78,-0.45
2026/07/03,6274,台燿,零股散戶,74074,2496,2.07,0.09
2026/07/17,6274,台燿,100~200張,95,-3,4.53,0.0
2026/07/17,6274,台燿,10~15張,252,-2,1.05,-0.02
2026/07/17,6274,台燿,15~20張,145,-6,0.88,-0.05
2026/07/17,6274,台燿,1~5張,20609,584,10.99,0.43
2026/07/17,6274,台燿,200~400張,54,-9,5.33,-0.73
2026/07/17,6274,台燿,20~30張,138,7,1.16,0.04
2026/07/17,6274,台燿,30~40張,65,-9,0.78,-0.1
2026/07/17,6274,台燿,400~600張,19,4,3.1,0.64
2026/07/17,6274,台燿,40~50張,42,-4,0.63,-0.06
2026/07/17,6274,台燿,50~100張,133,4,3.14,0.01
2026/07/17,6274,台燿,5~10張,997,14,2.57,0.02
2026/07/17,6274,台燿,600~800張,24,-3,5.52,-0.6
2026/07/17,6274,台燿,800~1000張,10,1,2.95,0.25
2026/07/17,6274,台燿,千張大戶,47,-2,54.97,-0.03
2026/07/17,6274,台燿,零股散戶,80928,4514,2.33,0.2
2026/07/24,6274,台燿,100~200張,88,-7,4.25,-0.28
2026/07/24,6274,台燿,10~15張,255,3,1.07,0.02
2026/07/24,6274,台燿,15~20張,154,9,0.94,0.06
2026/07/24,6274,台燿,1~5張,20197,-412,10.76,-0.23
2026/07/24,6274,台燿,200~400張,56,2,5.59,0.26
2026/07/24,6274,台燿,20~30張,136,-2,1.15,-0.01
2026/07/24,6274,台燿,30~40張,69,4,0.82,0.04
2026/07/24,6274,台燿,400~600張,18,-1,2.98,-0.12
2026/07/24,6274,台燿,40~50張,38,-4,0.58,-0.05
2026/07/24,6274,台燿,50~100張,129,-4,3.05,-0.09
2026/07/24,6274,台燿,5~10張,993,-4,2.55,-0.02
2026/07/24,6274,台燿,600~800張,25,1,5.89,0.37
2026/07/24,6274,台燿,800~1000張,11,1,3.29,0.34
2026/07/24,6274,台燿,千張大戶,43,-4,54.68,-0.29
2026/07/24,6274,台燿,零股散戶,79967,-961,2.33,0.0
2026/07/31,6274,台燿,100~200張,91,3,4.27,0.02
2026/07/31,6274,台燿,10~15張,262,7,1.1,0.03
2026/07/31,6274,台燿,15~20張,150,-4,0.92,-0.02
2026/07/31,6274,台燿,1~5張,20659,462,11.03,0.27
2026/07/31,6274,台燿,200~400張,53,-3,5.19,-0.4
2026/07/31,6274,台燿,20~30張,144,8,1.22,0.07
2026/07/31,6274,台燿,30~40張,74,5,0.88,0.06
2026/07/31,6274,台燿,400~600張,18,0,2.92,-0.06
2026/07/31,6274,台燿,40~50張,46,8,0.7,0.12
2026/07/31,6274,台燿,50~100張,121,-8,2.86,-0.19
2026/07/31,6274,台燿,5~10張,1030,37,2.64,0.09
2026/07/31,6274,台燿,600~800張,25,0,5.79,-0.1
2026/07/31,6274,台燿,800~1000張,11,0,3.28,-0.01
2026/07/31,6274,台燿,千張大戶,44,1,54.71,0.03
2026/07/31,6274,台燿,零股散戶,81309,1342,2.42,0.09
2026/04/24,6446,藥華藥,100~200張,192,1,7.02,0.02
2026/04/24,6446,藥華藥,10~15張,872,5,2.83,0.02
2026/04/24,6446,藥華藥,15~20張,465,9,2.14,0.04
2026/04/24,6446,藥華藥,1~5張,12069,-6,6.25,0.0
2026/04/24,6446,藥華藥,200~400張,116,1,8.41,0.15
2026/04/24,6446,藥華藥,20~30張,491,-6,3.19,-0.02
2026/04/24,6446,藥華藥,30~40張,288,7,2.6,0.06
2026/04/24,6446,藥華藥,400~600張,37,-2,4.73,-0.22
2026/04/24,6446,藥華藥,40~50張,180,-5,2.13,-0.05
2026/04/24,6446,藥華藥,50~100張,345,5,6.34,0.1
2026/04/24,6446,藥華藥,5~10張,2025,38,3.87,0.08
2026/04/24,6446,藥華藥,600~800張,22,2,3.92,0.38
2026/04/24,6446,藥華藥,800~1000張,19,1,4.45,0.25
2026/04/24,6446,藥華藥,千張大戶,52,-3,41.14,-0.82
2026/04/24,6446,藥華藥,零股散戶,29610,-60,0.9,0.0
2026/05/08,6446,藥華藥,100~200張,194,5,7.09,0.18
2026/05/08,6446,藥華藥,10~15張,885,5,2.86,0.01
2026/05/08,6446,藥華藥,15~20張,449,-1,2.06,-0.01
2026/05/08,6446,藥華藥,1~5張,11885,-110,6.17,-0.05
2026/05/08,6446,藥華藥,200~400張,111,-3,7.97,-0.25
2026/05/08,6446,藥華藥,20~30張,481,-8,3.13,-0.05
2026/05/08,6446,藥華藥,30~40張,297,3,2.68,0.02
2026/05/08,6446,藥華藥,400~600張,39,-1,4.93,-0.14
2026/05/08,6446,藥華藥,40~50張,171,-7,2.02,-0.09
2026/05/08,6446,藥華藥,50~100張,351,4,6.43,0.05
2026/05/08,6446,藥華藥,5~10張,1971,-30,3.77,-0.06
2026/05/08,6446,藥華藥,600~800張,25,1,4.51,0.22
2026/05/08,6446,藥華藥,800~1000張,17,-1,4.01,-0.21
2026/05/08,6446,藥華藥,千張大戶,53,1,41.39,0.37
2026/05/08,6446,藥華藥,零股散戶,29187,-350,0.89,-0.02
2026/05/15,6446,藥華藥,100~200張,190,-4,6.91,-0.18
2026/05/15,6446,藥華藥,10~15張,847,-38,2.74,-0.12
2026/05/15,6446,藥華藥,15~20張,429,-20,1.96,-0.1
2026/05/15,6446,藥華藥,1~5張,11227,-658,5.8,-0.37
2026/05/15,6446,藥華藥,200~400張,114,3,8.05,0.08
2026/05/15,6446,藥華藥,20~30張,473,-8,3.07,-0.06
2026/05/15,6446,藥華藥,30~40張,282,-15,2.55,-0.13
2026/05/15,6446,藥華藥,400~600張,41,2,5.24,0.31
2026/05/15,6446,藥華藥,40~50張,173,2,2.05,0.03
2026/05/15,6446,藥華藥,50~100張,348,-3,6.38,-0.05
2026/05/15,6446,藥華藥,5~10張,1912,-59,3.67,-0.1
2026/05/15,6446,藥華藥,600~800張,21,-4,3.84,-0.67
2026/05/15,6446,藥華藥,800~1000張,17,0,4.01,0.0
2026/05/15,6446,藥華藥,千張大戶,56,3,42.83,1.44
2026/05/15,6446,藥華藥,零股散戶,28106,-1081,0.82,-0.07
2026/05/22,6446,藥華藥,100~200張,187,-3,6.77,-0.14
2026/05/22,6446,藥華藥,10~15張,848,1,2.73,-0.01
2026/05/22,6446,藥華藥,15~20張,434,5,1.99,0.03
2026/05/22,6446,藥華藥,1~5張,10772,-455,5.62,-0.18
2026/05/22,6446,藥華藥,200~400張,117,3,8.3,0.25
2026/05/22,6446,藥華藥,20~30張,472,-1,3.07,0.0
2026/05/22,6446,藥華藥,30~40張,276,-6,2.51,-0.04
2026/05/22,6446,藥華藥,400~600張,41,0,5.29,0.05
2026/05/22,6446,藥華藥,40~50張,186,13,2.21,0.16
2026/05/22,6446,藥華藥,50~100張,337,-11,6.19,-0.19
2026/05/22,6446,藥華藥,5~10張,1889,-23,3.62,-0.05
2026/05/22,6446,藥華藥,600~800張,21,0,3.86,0.02
2026/05/22,6446,藥華藥,800~1000張,14,-3,3.25,-0.76
2026/05/22,6446,藥華藥,千張大戶,57,1,43.73,0.9
2026/05/22,6446,藥華藥,零股散戶,27885,-221,0.81,-0.01
2026/05/29,6446,藥華藥,100~200張,194,7,7.09,0.32
2026/05/29,6446,藥華藥,10~15張,842,-6,2.71,-0.02
2026/05/29,6446,藥華藥,15~20張,432,-2,1.98,-0.01
2026/05/29,6446,藥華藥,1~5張,10483,-289,5.47,-0.15
2026/05/29,6446,藥華藥,200~400張,115,-2,8.15,-0.15
2026/05/29,6446,藥華藥,20~30張,458,-14,2.97,-0.1
2026/05/29,6446,藥華藥,30~40張,274,-2,2.49,-0.02
2026/05/29,6446,藥華藥,400~600張,41,0,5.29,0.0
2026/05/29,6446,藥華藥,40~50張,190,4,2.26,0.05
2026/05/29,6446,藥華藥,50~100張,333,-4,6.09,-0.1
2026/05/29,6446,藥華藥,5~10張,1826,-63,3.51,-0.11
2026/05/29,6446,藥華藥,600~800張,21,0,3.85,-0.01
2026/05/29,6446,藥華藥,800~1000張,16,2,3.73,0.48
2026/05/29,6446,藥華藥,千張大戶,55,-2,43.55,-0.18
2026/05/29,6446,藥華藥,零股散戶,27539,-346,0.78,-0.03
2026/06/05,6446,藥華藥,100~200張,190,-4,6.92,-0.17
2026/06/05,6446,藥華藥,10~15張,849,7,2.74,0.03
2026/06/05,6446,藥華藥,15~20張,431,-1,1.97,-0.01
2026/06/05,6446,藥華藥,1~5張,10495,12,5.46,-0.01
2026/06/05,6446,藥華藥,200~400張,120,5,8.46,0.31
2026/06/05,6446,藥華藥,20~30張,471,13,3.05,0.08
2026/06/05,6446,藥華藥,30~40張,276,2,2.51,0.02
2026/06/05,6446,藥華藥,400~600張,41,0,5.19,-0.1
2026/06/05,6446,藥華藥,40~50張,186,-4,2.21,-0.05
2026/06/05,6446,藥華藥,50~100張,331,-2,6.06,-0.03
2026/06/05,6446,藥華藥,5~10張,1827,1,3.5,-0.01
2026/06/05,6446,藥華藥,600~800張,23,2,4.15,0.3
2026/06/05,6446,藥華藥,800~1000張,14,-2,3.26,-0.47
2026/06/05,6446,藥華藥,千張大戶,57,2,43.68,0.13
2026/06/05,6446,藥華藥,零股散戶,27789,250,0.78,0.0
2026/06/12,6446,藥華藥,100~200張,197,7,7.26,0.34
2026/06/12,6446,藥華藥,10~15張,844,-5,2.72,-0.02
2026/06/12,6446,藥華藥,15~20張,431,0,1.97,0.0
2026/06/12,6446,藥華藥,1~5張,10327,-168,5.39,-0.07
2026/06/12,6446,藥華藥,200~400張,115,-5,8.25,-0.21
2026/06/12,6446,藥華藥,20~30張,466,-5,3.02,-0.03
2026/06/12,6446,藥華藥,30~40張,278,2,2.52,0.01
2026/06/12,6446,藥華藥,400~600張,40,-1,5.15,-0.04
2026/06/12,6446,藥華藥,40~50張,195,9,2.32,0.11
2026/06/12,6446,藥華藥,50~100張,331,0,6.04,-0.02
2026/06/12,6446,藥華藥,5~10張,1794,-33,3.44,-0.06
2026/06/12,6446,藥華藥,600~800張,21,-2,3.83,-0.32
2026/06/12,6446,藥華藥,800~1000張,14,0,3.23,-0.03
2026/06/12,6446,藥華藥,千張大戶,59,2,44.02,0.34
2026/06/12,6446,藥華藥,零股散戶,28141,352,0.77,-0.01
2026/06/26,6446,藥華藥,100~200張,194,-1,7.18,-0.03
2026/06/26,6446,藥華藥,10~15張,816,-17,2.61,-0.08
2026/06/26,6446,藥華藥,15~20張,424,-1,1.93,-0.02
2026/06/26,6446,藥華藥,1~5張,9985,-165,5.21,-0.1
2026/06/26,6446,藥華藥,200~400張,111,-4,7.89,-0.39
2026/06/26,6446,藥華藥,20~30張,453,-8,2.91,-0.08
2026/06/26,6446,藥華藥,30~40張,274,-2,2.47,-0.03
2026/06/26,6446,藥華藥,400~600張,42,1,5.34,0.03
2026/06/26,6446,藥華藥,40~50張,192,-1,2.27,-0.02
2026/06/26,6446,藥華藥,50~100張,325,-4,5.94,-0.08
2026/06/26,6446,藥華藥,5~10張,1796,12,3.45,0.01
2026/06/26,6446,藥華藥,600~800張,26,4,4.71,0.67
2026/06/26,6446,藥華藥,800~1000張,11,-3,2.54,-0.72
2026/06/26,6446,藥華藥,千張大戶,61,3,44.72,0.84
2026/06/26,6446,藥華藥,零股散戶,28362,641,0.76,0.0
2026/07/03,6446,藥華藥,100~200張,192,-2,7.06,-0.12
2026/07/03,6446,藥華藥,10~15張,819,3,2.62,0.01
2026/07/03,6446,藥華藥,15~20張,426,2,1.95,0.02
2026/07/03,6446,藥華藥,1~5張,10133,148,5.25,0.04
2026/07/03,6446,藥華藥,200~400張,108,-3,7.57,-0.32
2026/07/03,6446,藥華藥,20~30張,445,-8,2.87,-0.04
2026/07/03,6446,藥華藥,30~40張,272,-2,2.45,-0.02
2026/07/03,6446,藥華藥,400~600張,50,8,6.28,0.94
2026/07/03,6446,藥華藥,40~50張,197,5,2.33,0.06
2026/07/03,6446,藥華藥,50~100張,314,-11,5.74,-0.2
2026/07/03,6446,藥華藥,5~10張,1792,-4,3.43,-0.02
2026/07/03,6446,藥華藥,600~800張,26,0,4.68,-0.03
2026/07/03,6446,藥華藥,800~1000張,12,1,2.77,0.23
2026/07/03,6446,藥華藥,千張大戶,60,-1,44.14,-0.58
2026/07/03,6446,藥華藥,零股散戶,30169,1807,0.79,0.03
2026/07/17,6446,藥華藥,100~200張,194,9,7.19,0.33
2026/07/17,6446,藥華藥,10~15張,844,30,2.7,0.1
2026/07/17,6446,藥華藥,15~20張,425,-7,1.94,-0.03
2026/07/17,6446,藥華藥,1~5張,10558,225,5.45,0.11
2026/07/17,6446,藥華藥,200~400張,107,-2,7.62,-0.12
2026/07/17,6446,藥華藥,20~30張,456,2,2.96,0.02
2026/07/17,6446,藥華藥,30~40張,262,-3,2.36,-0.03
2026/07/17,6446,藥華藥,400~600張,43,-3,5.49,-0.32
2026/07/17,6446,藥華藥,40~50張,198,5,2.34,0.05
2026/07/17,6446,藥華藥,50~100張,324,0,5.88,-0.07
2026/07/17,6446,藥華藥,5~10張,1830,50,3.47,0.07
2026/07/17,6446,藥華藥,600~800張,27,0,4.87,0.01
2026/07/17,6446,藥華藥,800~1000張,11,-3,2.61,-0.72
2026/07/17,6446,藥華藥,千張大戶,60,3,44.16,0.52
2026/07/17,6446,藥華藥,零股散戶,35220,2953,0.89,0.07
2026/07/24,6446,藥華藥,100~200張,188,-6,6.92,-0.27
2026/07/24,6446,藥華藥,10~15張,842,-2,2.71,0.01
2026/07/24,6446,藥華藥,15~20張,411,-14,1.88,-0.06
2026/07/24,6446,藥華藥,1~5張,10488,-70,5.43,-0.02
2026/07/24,6446,藥華藥,200~400張,112,5,7.94,0.32
2026/07/24,6446,藥華藥,20~30張,466,10,3.02,0.06
2026/07/24,6446,藥華藥,30~40張,265,3,2.39,0.03
2026/07/24,6446,藥華藥,400~600張,43,0,5.56,0.07
2026/07/24,6446,藥華藥,40~50張,200,2,2.36,0.02
2026/07/24,6446,藥華藥,50~100張,323,-1,5.89,0.01
2026/07/24,6446,藥華藥,5~10張,1860,30,3.53,0.06
2026/07/24,6446,藥華藥,600~800張,27,0,4.86,-0.01
2026/07/24,6446,藥華藥,800~1000張,11,0,2.57,-0.04
2026/07/24,6446,藥華藥,千張大戶,60,0,43.96,-0.2
2026/07/24,6446,藥華藥,零股散戶,36087,867,0.92,0.03
2026/07/31,6446,藥華藥,100~200張,187,-1,6.86,-0.06
2026/07/31,6446,藥華藥,10~15張,831,-11,2.68,-0.03
2026/07/31,6446,藥華藥,15~20張,422,11,1.92,0.04
2026/07/31,6446,藥華藥,1~5張,10415,-73,5.41,-0.02
2026/07/31,6446,藥華藥,200~400張,113,1,7.98,0.04
2026/07/31,6446,藥華藥,20~30張,466,0,3.03,0.01
2026/07/31,6446,藥華藥,30~40張,253,-12,2.29,-0.1
2026/07/31,6446,藥華藥,400~600張,45,2,5.82,0.26
2026/07/31,6446,藥華藥,40~50張,204,4,2.4,0.04
2026/07/31,6446,藥華藥,50~100張,323,0,5.89,0.0
2026/07/31,6446,藥華藥,5~10張,1850,-10,3.5,-0.03
2026/07/31,6446,藥華藥,600~800張,29,2,5.25,0.39
2026/07/31,6446,藥華藥,800~1000張,10,-1,2.4,-0.17
2026/07/31,6446,藥華藥,千張大戶,59,-1,43.56,-0.4
2026/07/31,6446,藥華藥,零股散戶,36144,57,0.94,0.02
2026/04/24,6488,環球晶,100~200張,85,1,2.53,0.04
2026/04/24,6488,環球晶,10~15張,309,-38,0.83,-0.1
2026/04/24,6488,環球晶,15~20張,190,-17,0.71,-0.07
2026/04/24,6488,環球晶,1~5張,15028,-295,5.35,-0.19
2026/04/24,6488,環球晶,200~400張,73,0,4.47,0.06
2026/04/24,6488,環球晶,20~30張,160,-20,0.85,-0.1
2026/04/24,6488,環球晶,30~40張,79,-9,0.58,-0.05
2026/04/24,6488,環球晶,400~600張,26,3,2.71,0.36
2026/04/24,6488,環球晶,40~50張,52,1,0.49,0.01
2026/04/24,6488,環球晶,50~100張,124,-1,1.86,-0.01
2026/04/24,6488,環球晶,5~10張,1071,-120,1.68,-0.2
2026/04/24,6488,環球晶,600~800張,15,1,2.17,0.16
2026/04/24,6488,環球晶,800~1000張,6,-4,1.13,-0.73
2026/04/24,6488,環球晶,千張大戶,48,3,73.76,0.85
2026/04/24,6488,環球晶,零股散戶,30741,602,0.82,-0.01
2026/05/08,6488,環球晶,100~200張,100,8,2.92,0.22
2026/05/08,6488,環球晶,10~15張,248,-61,0.66,-0.16
2026/05/08,6488,環球晶,15~20張,159,-48,0.6,-0.17
2026/05/08,6488,環球晶,1~5張,13710,-2436,4.8,-0.97
2026/05/08,6488,環球晶,200~400張,73,4,4.52,0.32
2026/05/08,6488,環球晶,20~30張,142,-14,0.75,-0.08
2026/05/08,6488,環球晶,30~40張,82,-3,0.6,-0.02
2026/05/08,6488,環球晶,400~600張,27,-4,2.89,-0.32
2026/05/08,6488,環球晶,40~50張,52,2,0.49,0.02
2026/05/08,6488,環球晶,50~100張,117,-13,1.74,-0.2
2026/05/08,6488,環球晶,5~10張,921,-205,1.45,-0.3
2026/05/08,6488,環球晶,600~800張,18,0,2.74,0.11
2026/05/08,6488,環球晶,800~1000張,13,1,2.41,0.17
2026/05/08,6488,環球晶,千張大戶,47,6,72.58,1.47
2026/05/08,6488,環球晶,零股散戶,32426,-11,0.79,-0.07
2026/05/15,6488,環球晶,100~200張,91,-9,2.71,-0.21
2026/05/15,6488,環球晶,10~15張,251,3,0.67,0.01
2026/05/15,6488,環球晶,15~20張,156,-3,0.58,-0.02
2026/05/15,6488,環球晶,1~5張,13510,-200,4.73,-0.07
2026/05/15,6488,環球晶,200~400張,71,-2,4.43,-0.09
2026/05/15,6488,環球晶,20~30張,143,1,0.75,0.0
2026/05/15,6488,環球晶,30~40張,81,-1,0.6,0.0
2026/05/15,6488,環球晶,400~600張,22,-5,2.3,-0.59
2026/05/15,6488,環球晶,40~50張,51,-1,0.48,-0.01
2026/05/15,6488,環球晶,50~100張,117,0,1.8,0.06
2026/05/15,6488,環球晶,5~10張,884,-37,1.39,-0.06
2026/05/15,6488,環球晶,600~800張,22,4,3.32,0.58
2026/05/15,6488,環球晶,800~1000張,15,2,2.73,0.32
2026/05/15,6488,環球晶,千張大戶,47,0,72.65,0.07
2026/05/15,6488,環球晶,零股散戶,34098,1672,0.8,0.01
2026/05/22,6488,環球晶,100~200張,94,3,2.83,0.12
2026/05/22,6488,環球晶,10~15張,271,20,0.72,0.05
2026/05/22,6488,環球晶,15~20張,165,9,0.61,0.03
2026/05/22,6488,環球晶,1~5張,14482,972,5.09,0.36
2026/05/22,6488,環球晶,200~400張,68,-3,4.21,-0.22
2026/05/22,6488,環球晶,20~30張,152,9,0.8,0.05
2026/05/22,6488,環球晶,30~40張,85,4,0.63,0.03
2026/05/22,6488,環球晶,400~600張,27,5,2.81,0.51
2026/05/22,6488,環球晶,40~50張,52,1,0.49,0.01
2026/05/22,6488,環球晶,50~100張,120,3,1.83,0.03
2026/05/22,6488,環球晶,5~10張,953,69,1.49,0.1
2026/05/22,6488,環球晶,600~800張,23,1,3.45,0.13
2026/05/22,6488,環球晶,800~1000張,13,-2,2.37,-0.36
2026/05/22,6488,環球晶,千張大戶,47,0,71.7,-0.95
2026/05/22,6488,環球晶,零股散戶,36752,2654,0.89,0.09
2026/05/29,6488,環球晶,100~200張,81,-13,2.48,-0.35
2026/05/29,6488,環球晶,10~15張,257,-14,0.69,-0.03
2026/05/29,6488,環球晶,15~20張,152,-13,0.57,-0.04
2026/05/29,6488,環球晶,1~5張,13967,-515,4.8,-0.29
2026/05/29,6488,環球晶,200~400張,70,2,4.27,0.06
2026/05/29,6488,環球晶,20~30張,156,4,0.83,0.03
2026/05/29,6488,環球晶,30~40張,72,-13,0.52,-0.11
2026/05/29,6488,環球晶,400~600張,33,6,3.45,0.64
2026/05/29,6488,環球晶,40~50張,53,1,0.5,0.01
2026/05/29,6488,環球晶,50~100張,129,9,1.96,0.13
2026/05/29,6488,環球晶,5~10張,890,-63,1.41,-0.08
2026/05/29,6488,環球晶,600~800張,15,-8,2.17,-1.28
2026/05/29,6488,環球晶,800~1000張,12,-1,2.27,-0.1
2026/05/29,6488,環球晶,千張大戶,51,4,73.12,1.42
2026/05/29,6488,環球晶,零股散戶,39022,2270,0.88,-0.01
2026/06/05,6488,環球晶,100~200張,85,4,2.51,0.03
2026/06/05,6488,環球晶,10~15張,236,-21,0.63,-0.06
2026/06/05,6488,環球晶,15~20張,162,10,0.61,0.04
2026/06/05,6488,環球晶,1~5張,12914,-1053,4.46,-0.34
2026/06/05,6488,環球晶,200~400張,68,-2,4.12,-0.15
2026/06/05,6488,環球晶,20~30張,145,-11,0.78,-0.05
2026/06/05,6488,環球晶,30~40張,77,5,0.57,0.05
2026/06/05,6488,環球晶,400~600張,37,4,3.85,0.4
2026/06/05,6488,環球晶,40~50張,56,3,0.52,0.02
2026/06/05,6488,環球晶,50~100張,126,-3,1.92,-0.04
2026/06/05,6488,環球晶,5~10張,865,-25,1.37,-0.04
2026/06/05,6488,環球晶,600~800張,14,-1,2.05,-0.12
2026/06/05,6488,環球晶,800~1000張,17,5,3.21,0.94
2026/06/05,6488,環球晶,千張大戶,47,-4,72.46,-0.66
2026/06/05,6488,環球晶,零股散戶,38668,-354,0.87,-0.01
2026/06/12,6488,環球晶,100~200張,94,9,2.79,0.28
2026/06/12,6488,環球晶,10~15張,248,12,0.67,0.04
2026/06/12,6488,環球晶,15~20張,162,0,0.61,0.0
2026/06/12,6488,環球晶,1~5張,13557,643,4.73,0.27
2026/06/12,6488,環球晶,200~400張,66,-2,4.06,-0.06
2026/06/12,6488,環球晶,20~30張,150,5,0.81,0.03
2026/06/12,6488,環球晶,30~40張,72,-5,0.53,-0.04
2026/06/12,6488,環球晶,400~600張,35,-2,3.68,-0.17
2026/06/12,6488,環球晶,40~50張,64,8,0.6,0.08
2026/06/12,6488,環球晶,50~100張,126,0,1.91,-0.01
2026/06/12,6488,環球晶,5~10張,919,54,1.46,0.09
2026/06/12,6488,環球晶,600~800張,14,0,2.11,0.06
2026/06/12,6488,環球晶,800~1000張,15,-2,2.87,-0.34
2026/06/12,6488,環球晶,千張大戶,48,1,72.21,-0.25
2026/06/12,6488,環球晶,零股散戶,40320,1652,0.93,0.06
2026/06/26,6488,環球晶,100~200張,90,0,2.65,-0.01
2026/06/26,6488,環球晶,10~15張,227,0,0.61,0.0
2026/06/26,6488,環球晶,15~20張,147,9,0.55,0.04
2026/06/26,6488,環球晶,1~5張,12213,15,4.25,0.01
2026/06/26,6488,環球晶,200~400張,74,1,4.5,0.08
2026/06/26,6488,環球晶,20~30張,150,0,0.8,0.0
2026/06/26,6488,環球晶,30~40張,76,3,0.56,0.02
2026/06/26,6488,環球晶,400~600張,30,-3,3.15,-0.42
2026/06/26,6488,環球晶,40~50張,63,-2,0.59,-0.02
2026/06/26,6488,環球晶,50~100張,125,3,1.88,0.03
2026/06/26,6488,環球晶,5~10張,823,2,1.31,0.0
2026/06/26,6488,環球晶,600~800張,15,0,2.25,-0.02
2026/06/26,6488,環球晶,800~1000張,16,0,3.03,-0.02
2026/06/26,6488,環球晶,千張大戶,51,0,72.93,0.3
2026/06/26,6488,環球晶,零股散戶,40965,1628,0.87,0.01
2026/07/03,6488,環球晶,100~200張,95,5,2.79,0.14
2026/07/03,6488,環球晶,10~15張,237,10,0.64,0.03
2026/07/03,6488,環球晶,15~20張,148,1,0.55,0.0
2026/07/03,6488,環球晶,1~5張,12304,91,4.28,0.03
2026/07/03,6488,環球晶,200~400張,73,-1,4.46,-0.04
2026/07/03,6488,環球晶,20~30張,156,6,0.83,0.03
2026/07/03,6488,環球晶,30~40張,81,5,0.59,0.03
2026/07/03,6488,環球晶,400~600張,31,1,3.27,0.12
2026/07/03,6488,環球晶,40~50張,69,6,0.66,0.07
2026/07/03,6488,環球晶,50~100張,126,1,1.88,0.0
2026/07/03,6488,環球晶,5~10張,843,20,1.34,0.03
2026/07/03,6488,環球晶,600~800張,13,-2,1.93,-0.32
2026/07/03,6488,環球晶,800~1000張,15,-1,2.83,-0.2
2026/07/03,6488,環球晶,千張大戶,54,3,72.95,0.02
2026/07/03,6488,環球晶,零股散戶,42172,1207,0.9,0.03
2026/07/17,6488,環球晶,100~200張,98,-3,2.84,-0.14
2026/07/17,6488,環球晶,10~15張,241,-6,0.64,-0.02
2026/07/17,6488,環球晶,15~20張,150,4,0.56,0.02
2026/07/17,6488,環球晶,1~5張,11876,-166,4.1,-0.06
2026/07/17,6488,環球晶,200~400張,76,6,4.64,0.31
2026/07/17,6488,環球晶,20~30張,143,-3,0.76,0.0
2026/07/17,6488,環球晶,30~40張,82,-11,0.6,-0.09
2026/07/17,6488,環球晶,400~600張,21,-5,2.16,-0.57
2026/07/17,6488,環球晶,40~50張,71,2,0.66,0.02
2026/07/17,6488,環球晶,50~100張,135,4,2.0,-0.02
2026/07/17,6488,環球晶,5~10張,799,-29,1.26,-0.05
2026/07/17,6488,環球晶,600~800張,16,4,2.28,0.55
2026/07/17,6488,環球晶,800~1000張,20,0,3.69,-0.07
2026/07/17,6488,環球晶,千張大戶,52,0,72.81,0.11
2026/07/17,6488,環球晶,零股散戶,47159,4406,0.91,0.03
2026/07/24,6488,環球晶,100~200張,99,1,2.9,0.06
2026/07/24,6488,環球晶,10~15張,250,9,0.67,0.03
2026/07/24,6488,環球晶,15~20張,153,3,0.57,0.01
2026/07/24,6488,環球晶,1~5張,12884,1008,4.43,0.33
2026/07/24,6488,環球晶,200~400張,79,3,4.82,0.18
2026/07/24,6488,環球晶,20~30張,137,-6,0.72,-0.04
2026/07/24,6488,環球晶,30~40張,81,-1,0.59,-0.01
2026/07/24,6488,環球晶,400~600張,27,6,2.88,0.72
2026/07/24,6488,環球晶,40~50張,69,-2,0.64,-0.02
2026/07/24,6488,環球晶,50~100張,147,12,2.19,0.19
2026/07/24,6488,環球晶,5~10張,820,21,1.29,0.03
2026/07/24,6488,環球晶,600~800張,12,-4,1.69,-0.59
2026/07/24,6488,環球晶,800~1000張,20,0,3.75,0.06
2026/07/24,6488,環球晶,千張大戶,51,-1,71.73,-1.08
2026/07/24,6488,環球晶,零股散戶,53513,6354,1.03,0.12
2026/07/31,6488,環球晶,100~200張,92,-7,2.71,-0.19
2026/07/31,6488,環球晶,10~15張,247,-3,0.66,-0.01
2026/07/31,6488,環球晶,15~20張,143,-10,0.53,-0.04
2026/07/31,6488,環球晶,1~5張,13268,384,4.62,0.19
2026/07/31,6488,環球晶,200~400張,81,2,4.93,0.11
2026/07/31,6488,環球晶,20~30張,133,-4,0.69,-0.03
2026/07/31,6488,環球晶,30~40張,79,-2,0.58,-0.01
2026/07/31,6488,環球晶,400~600張,30,3,3.29,0.41
2026/07/31,6488,環球晶,40~50張,66,-3,0.62,-0.02
2026/07/31,6488,環球晶,50~100張,143,-4,2.14,-0.05
2026/07/31,6488,環球晶,5~10張,887,67,1.38,0.09
2026/07/31,6488,環球晶,600~800張,11,-1,1.61,-0.08
2026/07/31,6488,環球晶,800~1000張,13,-7,2.41,-1.34
2026/07/31,6488,環球晶,千張大戶,54,3,72.61,0.88
2026/07/31,6488,環球晶,零股散戶,56200,2687,1.13,0.1
2026/04/24,6669,緯穎,100~200張,78,0,5.92,-0.2
2026/04/24,6669,緯穎,10~15張,153,-4,1.03,-0.03
2026/04/24,6669,緯穎,15~20張,116,-7,1.1,-0.07
2026/04/24,6669,緯穎,1~5張,5030,-575,4.47,-0.59
2026/04/24,6669,緯穎,200~400張,53,9,8.28,1.43
2026/04/24,6669,緯穎,20~30張,128,-4,1.71,-0.06
2026/04/24,6669,緯穎,30~40張,77,5,1.45,0.1
2026/04/24,6669,緯穎,400~600張,17,0,4.54,-0.1
2026/04/24,6669,緯穎,40~50張,50,4,1.23,0.1
2026/04/24,6669,緯穎,50~100張,127,-7,4.95,-0.24
2026/04/24,6669,緯穎,5~10張,413,-32,1.66,-0.12
2026/04/24,6669,緯穎,600~800張,7,-4,2.7,-1.53
2026/04/24,6669,緯穎,800~1000張,6,1,2.94,0.59
2026/04/24,6669,緯穎,千張大戶,19,2,55.39,1.08
2026/04/24,6669,緯穎,零股散戶,76084,-5941,2.57,-0.35
2026/05/08,6669,緯穎,100~200張,81,1,6.04,-0.02
2026/05/08,6669,緯穎,10~15張,150,-2,1.0,-0.02
2026/05/08,6669,緯穎,15~20張,111,-2,1.05,-0.03
2026/05/08,6669,緯穎,1~5張,4763,56,4.18,0.03
2026/05/08,6669,緯穎,200~400張,56,1,8.53,-0.02
2026/05/08,6669,緯穎,20~30張,128,4,1.72,0.05
2026/05/08,6669,緯穎,30~40張,79,0,1.47,-0.01
2026/05/08,6669,緯穎,400~600張,21,2,5.38,0.43
2026/05/08,6669,緯穎,40~50張,49,2,1.19,0.05
2026/05/08,6669,緯穎,50~100張,138,0,5.42,0.02
2026/05/08,6669,緯穎,5~10張,396,-1,1.59,0.0
2026/05/08,6669,緯穎,600~800張,6,-2,2.35,-0.81
2026/05/08,6669,緯穎,800~1000張,5,-1,2.27,-0.68
2026/05/08,6669,緯穎,千張大戶,19,2,55.37,0.96
2026/05/08,6669,緯穎,零股散戶,75424,1807,2.35,0.02
2026/05/15,6669,緯穎,100~200張,87,6,6.7,0.66
2026/05/15,6669,緯穎,10~15張,156,6,1.05,0.05
2026/05/15,6669,緯穎,15~20張,117,6,1.11,0.06
2026/05/15,6669,緯穎,1~5張,4513,-250,4.01,-0.17
2026/05/15,6669,緯穎,200~400張,57,1,8.95,0.42
2026/05/15,6669,緯穎,20~30張,130,2,1.74,0.02
2026/05/15,6669,緯穎,30~40張,84,5,1.56,0.09
2026/05/15,6669,緯穎,400~600張,17,-4,4.63,-0.75
2026/05/15,6669,緯穎,40~50張,50,1,1.21,0.02
2026/05/15,6669,緯穎,50~100張,143,5,5.5,0.08
2026/05/15,6669,緯穎,5~10張,396,0,1.59,0.0
2026/05/15,6669,緯穎,600~800張,10,4,3.79,1.44
2026/05/15,6669,緯穎,800~1000張,5,0,2.41,0.14
2026/05/15,6669,緯穎,千張大戶,15,-4,53.41,-1.96
2026/05/15,6669,緯穎,零股散戶,76398,974,2.28,-0.07
2026/05/22,6669,緯穎,100~200張,91,4,6.93,0.23
2026/05/22,6669,緯穎,10~15張,159,3,1.07,0.02
2026/05/22,6669,緯穎,15~20張,110,-7,1.04,-0.07
2026/05/22,6669,緯穎,1~5張,4454,-59,3.96,-0.05
2026/05/22,6669,緯穎,200~400張,54,-3,8.31,-0.64
2026/05/22,6669,緯穎,20~30張,131,1,1.75,0.01
2026/05/22,6669,緯穎,30~40張,88,4,1.64,0.08
2026/05/22,6669,緯穎,400~600張,21,4,5.68,1.05
2026/05/22,6669,緯穎,40~50張,52,2,1.27,0.06
2026/05/22,6669,緯穎,50~100張,138,-5,5.23,-0.27
2026/05/22,6669,緯穎,5~10張,407,11,1.64,0.05
2026/05/22,6669,緯穎,600~800張,9,-1,3.43,-0.36
2026/05/22,6669,緯穎,800~1000張,5,0,2.36,-0.05
2026/05/22,6669,緯穎,千張大戶,15,0,53.34,-0.07
2026/05/22,6669,緯穎,零股散戶,76387,-11,2.27,-0.01
2026/05/29,6669,緯穎,100~200張,86,-5,6.52,-0.41
2026/05/29,6669,緯穎,10~15張,161,2,1.09,0.02
2026/05/29,6669,緯穎,15~20張,108,-2,1.03,-0.01
2026/05/29,6669,緯穎,1~5張,4824,370,4.26,0.3
2026/05/29,6669,緯穎,200~400張,62,8,9.31,1.0
2026/05/29,6669,緯穎,20~30張,126,-5,1.67,-0.08
2026/05/29,6669,緯穎,30~40張,85,-3,1.58,-0.06
2026/05/29,6669,緯穎,400~600張,16,-5,4.3,-1.38
2026/05/29,6669,緯穎,40~50張,52,0,1.28,0.01
2026/05/29,6669,緯穎,50~100張,132,-6,5.02,-0.21
2026/05/29,6669,緯穎,5~10張,405,-2,1.62,-0.02
2026/05/29,6669,緯穎,600~800張,10,1,3.91,0.48
2026/05/29,6669,緯穎,800~1000張,4,-1,1.77,-0.59
2026/05/29,6669,緯穎,千張大戶,16,1,54.0,0.66
2026/05/29,6669,緯穎,零股散戶,90785,14398,2.58,0.31
2026/06/05,6669,緯穎,100~200張,81,-5,6.18,-0.34
2026/06/05,6669,緯穎,10~15張,153,-8,1.02,-0.07
2026/06/05,6669,緯穎,15~20張,122,14,1.16,0.13
2026/06/05,6669,緯穎,1~5張,4568,-256,4.02,-0.24
2026/06/05,6669,緯穎,200~400張,65,3,9.87,0.56
2026/06/05,6669,緯穎,20~30張,133,7,1.75,0.08
2026/06/05,6669,緯穎,30~40張,86,1,1.59,0.01
2026/06/05,6669,緯穎,400~600張,14,-2,3.66,-0.64
2026/06/05,6669,緯穎,40~50張,49,-3,1.2,-0.08
2026/06/05,6669,緯穎,50~100張,142,10,5.33,0.31
2026/06/05,6669,緯穎,5~10張,383,-22,1.53,-0.09
2026/06/05,6669,緯穎,600~800張,9,-1,3.54,-0.37
2026/06/05,6669,緯穎,800~1000張,6,2,2.81,1.04
2026/06/05,6669,緯穎,千張大戶,16,0,53.85,-0.15
2026/06/05,6669,緯穎,零股散戶,87776,-3009,2.43,-0.15
2026/06/12,6669,緯穎,100~200張,89,8,6.84,0.66
2026/06/12,6669,緯穎,10~15張,151,-2,1.0,-0.02
2026/06/12,6669,緯穎,15~20張,120,-2,1.14,-0.02
2026/06/12,6669,緯穎,1~5張,4811,243,4.23,0.21
2026/06/12,6669,緯穎,200~400張,60,-5,9.12,-0.75
2026/06/12,6669,緯穎,20~30張,140,7,1.85,0.1
2026/06/12,6669,緯穎,30~40張,84,-2,1.56,-0.03
2026/06/12,6669,緯穎,400~600張,11,-3,2.88,-0.78
2026/06/12,6669,緯穎,40~50張,48,-1,1.16,-0.04
2026/06/12,6669,緯穎,50~100張,137,-5,5.16,-0.17
2026/06/12,6669,緯穎,5~10張,402,19,1.6,0.07
2026/06/12,6669,緯穎,600~800張,9,0,3.35,-0.19
2026/06/12,6669,緯穎,800~1000張,4,-2,1.84,-0.97
2026/06/12,6669,緯穎,千張大戶,18,2,55.57,1.72
2026/06/12,6669,緯穎,零股散戶,93911,6135,2.62,0.19
2026/06/26,6669,緯穎,100~200張,93,6,7.29,0.56
2026/06/26,6669,緯穎,10~15張,154,7,1.02,0.05
2026/06/26,6669,緯穎,15~20張,123,-1,1.16,-0.01
2026/06/26,6669,緯穎,1~5張,5574,497,4.87,0.44
2026/06/26,6669,緯穎,200~400張,51,-7,7.54,-1.14
2026/06/26,6669,緯穎,20~30張,130,0,1.71,0.0
2026/06/26,6669,緯穎,30~40張,74,-5,1.38,-0.08
2026/06/26,6669,緯穎,400~600張,16,2,4.13,0.37
2026/06/26,6669,緯穎,40~50張,56,2,1.36,0.05
2026/06/26,6669,緯穎,50~100張,132,3,4.86,0.05
2026/06/26,6669,緯穎,5~10張,444,22,1.78,0.11
2026/06/26,6669,緯穎,600~800張,9,0,3.44,-0.06
2026/06/26,6669,緯穎,800~1000張,6,4,3.05,2.07
2026/06/26,6669,緯穎,千張大戶,15,-4,53.17,-2.82
2026/06/26,6669,緯穎,零股散戶,108396,11008,3.16,0.41
2026/07/03,6669,緯穎,100~200張,87,-6,6.7,-0.59
2026/07/03,6669,緯穎,10~15張,172,18,1.14,0.12
2026/07/03,6669,緯穎,15~20張,126,3,1.19,0.03
2026/07/03,6669,緯穎,1~5張,5241,-333,4.57,-0.3
2026/07/03,6669,緯穎,200~400張,60,9,8.99,1.45
2026/07/03,6669,緯穎,20~30張,132,2,1.74,0.03
2026/07/03,6669,緯穎,30~40張,70,-4,1.3,-0.08
2026/07/03,6669,緯穎,400~600張,15,-1,3.99,-0.14
2026/07/03,6669,緯穎,40~50張,58,2,1.4,0.04
2026/07/03,6669,緯穎,50~100張,131,-1,4.9,0.04
2026/07/03,6669,緯穎,5~10張,414,-30,1.64,-0.14
2026/07/03,6669,緯穎,600~800張,8,-1,3.1,-0.34
2026/07/03,6669,緯穎,800~1000張,5,-1,2.45,-0.6
2026/07/03,6669,緯穎,千張大戶,16,1,53.77,0.6
2026/07/03,6669,緯穎,零股散戶,103647,-4749,3.05,-0.11
2026/07/17,6669,緯穎,100~200張,84,-2,6.55,-0.02
2026/07/17,6669,緯穎,10~15張,179,7,1.19,0.05
2026/07/17,6669,緯穎,15~20張,121,0,1.14,0.0
2026/07/17,6669,緯穎,1~5張,4925,-110,4.28,-0.1
2026/07/17,6669,緯穎,200~400張,68,6,10.48,1.18
2026/07/17,6669,緯穎,20~30張,136,2,1.78,0.02
2026/07/17,6669,緯穎,30~40張,67,1,1.24,0.01
2026/07/17,6669,緯穎,400~600張,14,0,3.63,0.08
2026/07/17,6669,緯穎,40~50張,59,2,1.42,0.05
2026/07/17,6669,緯穎,50~100張,128,-4,4.85,-0.15
2026/07/17,6669,緯穎,5~10張,401,-10,1.58,-0.04
2026/07/17,6669,緯穎,600~800張,10,-1,3.67,-0.46
2026/07/17,6669,緯穎,800~1000張,4,-1,1.88,-0.5
2026/07/17,6669,緯穎,千張大戶,15,0,53.41,-0.03
2026/07/17,6669,緯穎,零股散戶,95982,-2651,2.83,-0.07
2026/07/24,6669,緯穎,100~200張,90,6,6.91,0.36
2026/07/24,6669,緯穎,10~15張,165,-14,1.1,-0.09
2026/07/24,6669,緯穎,15~20張,128,7,1.2,0.06
2026/07/24,6669,緯穎,1~5張,4594,-331,4.02,-0.26
2026/07/24,6669,緯穎,200~400張,63,-5,9.3,-1.18
2026/07/24,6669,緯穎,20~30張,131,-5,1.71,-0.07
2026/07/24,6669,緯穎,30~40張,73,6,1.36,0.12
2026/07/24,6669,緯穎,400~600張,17,3,4.46,0.83
2026/07/24,6669,緯穎,40~50張,57,-2,1.37,-0.05
2026/07/24,6669,緯穎,50~100張,122,-6,4.67,-0.18
2026/07/24,6669,緯穎,5~10張,405,4,1.62,0.04
2026/07/24,6669,緯穎,600~800張,11,1,3.94,0.27
2026/07/24,6669,緯穎,800~1000張,4,0,1.97,0.09
2026/07/24,6669,緯穎,千張大戶,16,1,53.75,0.34
2026/07/24,6669,緯穎,零股散戶,87128,-8854,2.55,-0.28
2026/07/31,6669,緯穎,100~200張,88,-2,6.77,-0.14
2026/07/31,6669,緯穎,10~15張,177,12,1.18,0.08
2026/07/31,6669,緯穎,15~20張,118,-10,1.1,-0.1
2026/07/31,6669,緯穎,1~5張,4430,-164,3.89,-0.13
2026/07/31,6669,緯穎,200~400張,62,-1,9.21,-0.09
2026/07/31,6669,緯穎,20~30張,135,4,1.78,0.07
2026/07/31,6669,緯穎,30~40張,67,-6,1.25,-0.11
2026/07/31,6669,緯穎,400~600張,22,5,5.72,1.26
2026/07/31,6669,緯穎,40~50張,64,7,1.55,0.18
2026/07/31,6669,緯穎,50~100張,122,0,4.77,0.1
2026/07/31,6669,緯穎,5~10張,392,-13,1.55,-0.07
2026/07/31,6669,緯穎,600~800張,10,-1,3.68,-0.26
2026/07/31,6669,緯穎,800~1000張,4,0,1.97,0.0
2026/07/31,6669,緯穎,千張大戶,15,-1,53.1,-0.65
2026/07/31,6669,緯穎,零股散戶,83234,-3894,2.4,-0.15
2026/04/24,6691,洋基工程,100~200張,35,3,4.09,0.23
2026/04/24,6691,洋基工程,10~15張,125,-6,1.23,-0.07
2026/04/24,6691,洋基工程,15~20張,79,1,1.14,0.02
2026/04/24,6691,洋基工程,1~5張,3628,-94,5.44,-0.16
2026/04/24,6691,洋基工程,200~400張,32,-2,7.11,-0.55
2026/04/24,6691,洋基工程,20~30張,80,-2,1.6,-0.06
2026/04/24,6691,洋基工程,30~40張,42,3,1.19,0.08
2026/04/24,6691,洋基工程,400~600張,12,-1,4.98,-0.51
2026/04/24,6691,洋基工程,40~50張,30,1,1.12,0.04
2026/04/24,6691,洋基工程,50~100張,53,-2,3.14,-0.1
2026/04/24,6691,洋基工程,5~10張,391,-14,2.32,-0.07
2026/04/24,6691,洋基工程,600~800張,10,-2,5.84,-1.17
2026/04/24,6691,洋基工程,800~1000張,10,3,7.27,2.12
2026/04/24,6691,洋基工程,千張大戶,18,0,52.37,0.19
2026/04/24,6691,洋基工程,零股散戶,8874,-140,1.07,-0.01
2026/05/08,6691,洋基工程,100~200張,34,2,4.05,0.27
2026/05/08,6691,洋基工程,10~15張,143,9,1.42,0.09
2026/05/08,6691,洋基工程,15~20張,80,0,1.17,0.01
2026/05/08,6691,洋基工程,1~5張,3672,-2,5.49,-0.04
2026/05/08,6691,洋基工程,200~400張,34,0,7.6,0.14
2026/05/08,6691,洋基工程,20~30張,78,1,1.54,0.01
2026/05/08,6691,洋基工程,30~40張,41,-2,1.16,-0.06
2026/05/08,6691,洋基工程,400~600張,13,-1,5.43,-0.44
2026/05/08,6691,洋基工程,40~50張,29,0,1.07,-0.01
2026/05/08,6691,洋基工程,50~100張,56,1,3.24,0.06
2026/05/08,6691,洋基工程,5~10張,390,-14,2.33,-0.09
2026/05/08,6691,洋基工程,600~800張,9,0,5.33,-0.05
2026/05/08,6691,洋基工程,800~1000張,7,-1,5.17,-0.79
2026/05/08,6691,洋基工程,千張大戶,19,1,53.86,0.88
2026/05/08,6691,洋基工程,零股散戶,8852,69,1.06,0.01
2026/05/15,6691,洋基工程,100~200張,31,-3,3.6,-0.45
2026/05/15,6691,洋基工程,10~15張,146,3,1.45,0.03
2026/05/15,6691,洋基工程,15~20張,87,7,1.27,0.1
2026/05/15,6691,洋基工程,1~5張,3844,172,5.74,0.25
2026/05/15,6691,洋基工程,200~400張,36,2,7.72,0.12
2026/05/15,6691,洋基工程,20~30張,79,1,1.58,0.04
2026/05/15,6691,洋基工程,30~40張,42,1,1.19,0.03
2026/05/15,6691,洋基工程,400~600張,15,2,6.36,0.93
2026/05/15,6691,洋基工程,40~50張,29,0,1.07,0.0
2026/05/15,6691,洋基工程,50~100張,55,-1,3.18,-0.06
2026/05/15,6691,洋基工程,5~10張,403,13,2.4,0.07
2026/05/15,6691,洋基工程,600~800張,7,-2,4.25,-1.08
2026/05/15,6691,洋基工程,800~1000張,7,0,5.23,0.06
2026/05/15,6691,洋基工程,千張大戶,19,0,53.8,-0.06
2026/05/15,6691,洋基工程,零股散戶,9035,183,1.09,0.03
2026/05/22,6691,洋基工程,100~200張,30,-1,3.49,-0.11
2026/05/22,6691,洋基工程,10~15張,143,-3,1.43,-0.02
2026/05/22,6691,洋基工程,15~20張,79,-8,1.15,-0.12
2026/05/22,6691,洋基工程,1~5張,3951,107,5.89,0.15
2026/05/22,6691,洋基工程,200~400張,36,0,7.75,0.03
2026/05/22,6691,洋基工程,20~30張,87,8,1.76,0.18
2026/05/22,6691,洋基工程,30~40張,45,3,1.27,0.08
2026/05/22,6691,洋基工程,400~600張,16,1,6.6,0.24
2026/05/22,6691,洋基工程,40~50張,29,0,1.07,0.0
2026/05/22,6691,洋基工程,50~100張,55,0,3.18,0.0
2026/05/22,6691,洋基工程,5~10張,422,19,2.51,0.11
2026/05/22,6691,洋基工程,600~800張,4,-3,2.38,-1.87
2026/05/22,6691,洋基工程,800~1000張,9,2,6.57,1.34
2026/05/22,6691,洋基工程,千張大戶,19,0,53.77,-0.03
2026/05/22,6691,洋基工程,零股散戶,9076,41,1.1,0.01
2026/05/29,6691,洋基工程,100~200張,33,3,3.92,0.43
2026/05/29,6691,洋基工程,10~15張,147,4,1.47,0.04
2026/05/29,6691,洋基工程,15~20張,81,2,1.18,0.03
2026/05/29,6691,洋基工程,1~5張,3892,-59,5.79,-0.1
2026/05/29,6691,洋基工程,200~400張,34,-2,7.45,-0.3
2026/05/29,6691,洋基工程,20~30張,87,0,1.76,0.0
2026/05/29,6691,洋基工程,30~40張,43,-2,1.21,-0.06
2026/05/29,6691,洋基工程,400~600張,17,1,7.14,0.54
2026/05/29,6691,洋基工程,40~50張,28,-1,1.05,-0.02
2026/05/29,6691,洋基工程,50~100張,55,0,3.15,-0.03
2026/05/29,6691,洋基工程,5~10張,426,4,2.53,0.02
2026/05/29,6691,洋基工程,600~800張,4,0,2.4,0.02
2026/05/29,6691,洋基工程,800~1000張,8,-1,5.78,-0.79
2026/05/29,6691,洋基工程,千張大戶,19,0,54.02,0.25
2026/05/29,6691,洋基工程,零股散戶,9016,-60,1.09,-0.01
2026/06/05,6691,洋基工程,100~200張,33,0,3.9,-0.02
2026/06/05,6691,洋基工程,10~15張,142,-5,1.43,-0.04
2026/06/05,6691,洋基工程,15~20張,82,1,1.19,0.01
2026/06/05,6691,洋基工程,1~5張,3949,57,5.87,0.08
2026/06/05,6691,洋基工程,200~400張,36,2,8.11,0.66
2026/06/05,6691,洋基工程,20~30張,88,1,1.78,0.02
2026/06/05,6691,洋基工程,30~40張,44,1,1.24,0.03
2026/06/05,6691,洋基工程,400~600張,14,-3,5.8,-1.34
2026/06/05,6691,洋基工程,40~50張,30,2,1.11,0.06
2026/06/05,6691,洋基工程,50~100張,55,0,3.2,0.05
2026/06/05,6691,洋基工程,5~10張,430,4,2.56,0.03
2026/06/05,6691,洋基工程,600~800張,5,1,2.89,0.49
2026/06/05,6691,洋基工程,800~1000張,8,0,5.86,0.08
2026/06/05,6691,洋基工程,千張大戶,19,0,53.88,-0.14
2026/06/05,6691,洋基工程,零股散戶,9050,34,1.1,0.01
2026/06/12,6691,洋基工程,100~200張,37,4,4.32,0.42
2026/06/12,6691,洋基工程,10~15張,149,7,1.5,0.07
2026/06/12,6691,洋基工程,15~20張,82,0,1.19,0.0
2026/06/12,6691,洋基工程,1~5張,3942,-7,5.85,-0.02
2026/06/12,6691,洋基工程,200~400張,34,-2,7.72,-0.39
2026/06/12,6691,洋基工程,20~30張,93,5,1.87,0.09
2026/06/12,6691,洋基工程,30~40張,42,-2,1.19,-0.05
2026/06/12,6691,洋基工程,400~600張,15,1,6.25,0.45
2026/06/12,6691,洋基工程,40~50張,34,4,1.26,0.15
2026/06/12,6691,洋基工程,50~100張,50,-5,2.87,-0.33
2026/06/12,6691,洋基工程,5~10張,424,-6,2.52,-0.04
2026/06/12,6691,洋基工程,600~800張,4,-1,2.39,-0.5
2026/06/12,6691,洋基工程,800~1000張,8,0,5.91,0.05
2026/06/12,6691,洋基工程,千張大戶,19,0,53.97,0.09
2026/06/12,6691,洋基工程,零股散戶,9112,62,1.11,0.01
2026/06/26,6691,洋基工程,100~200張,37,-1,4.29,-0.14
2026/06/26,6691,洋基工程,10~15張,128,-17,1.29,-0.17
2026/06/26,6691,洋基工程,15~20張,80,10,1.17,0.15
2026/06/26,6691,洋基工程,1~5張,3417,-205,5.07,-0.3
2026/06/26,6691,洋基工程,200~400張,34,-1,7.64,-0.34
2026/06/26,6691,洋基工程,20~30張,78,-8,1.57,-0.15
2026/06/26,6691,洋基工程,30~40張,43,-1,1.2,-0.05
2026/06/26,6691,洋基工程,400~600張,13,0,5.36,0.06
2026/06/26,6691,洋基工程,40~50張,30,-1,1.12,-0.04
2026/06/26,6691,洋基工程,50~100張,54,3,3.15,0.22
2026/06/26,6691,洋基工程,5~10張,375,-10,2.24,-0.04
2026/06/26,6691,洋基工程,600~800張,5,1,3.05,0.66
2026/06/26,6691,洋基工程,800~1000張,7,-1,5.25,-0.65
2026/06/26,6691,洋基工程,千張大戶,22,1,56.51,0.82
2026/06/26,6691,洋基工程,零股散戶,8892,-117,1.03,-0.02
2026/07/03,6691,洋基工程,100~200張,37,0,4.32,0.03
2026/07/03,6691,洋基工程,10~15張,133,5,1.35,0.06
2026/07/03,6691,洋基工程,15~20張,78,-2,1.14,-0.03
2026/07/03,6691,洋基工程,1~5張,3656,239,5.35,0.28
2026/07/03,6691,洋基工程,200~400張,31,-3,7.07,-0.57
2026/07/03,6691,洋基工程,20~30張,78,0,1.56,-0.01
2026/07/03,6691,洋基工程,30~40張,42,-1,1.17,-0.03
2026/07/03,6691,洋基工程,400~600張,13,0,5.39,0.03
2026/07/03,6691,洋基工程,40~50張,27,-3,1.02,-0.1
2026/07/03,6691,洋基工程,50~100張,55,1,3.18,0.03
2026/07/03,6691,洋基工程,5~10張,373,-2,2.24,0.0
2026/07/03,6691,洋基工程,600~800張,5,0,3.05,0.0
2026/07/03,6691,洋基工程,800~1000張,9,2,6.79,1.54
2026/07/03,6691,洋基工程,千張大戶,20,-2,55.23,-1.28
2026/07/03,6691,洋基工程,零股散戶,9418,526,1.06,0.03
2026/07/17,6691,洋基工程,100~200張,35,-2,4.02,-0.41
2026/07/17,6691,洋基工程,10~15張,142,4,1.44,0.04
2026/07/17,6691,洋基工程,15~20張,84,2,1.23,0.03
2026/07/17,6691,洋基工程,1~5張,3918,146,5.71,0.18
2026/07/17,6691,洋基工程,200~400張,35,5,7.89,1.04
2026/07/17,6691,洋基工程,20~30張,78,2,1.56,0.03
2026/07/17,6691,洋基工程,30~40張,45,1,1.26,0.03
2026/07/17,6691,洋基工程,400~600張,13,0,5.45,0.07
2026/07/17,6691,洋基工程,40~50張,29,0,1.1,0.0
2026/07/17,6691,洋基工程,50~100張,49,-5,2.87,-0.3
2026/07/17,6691,洋基工程,5~10張,377,-8,2.24,-0.05
2026/07/17,6691,洋基工程,600~800張,7,-1,4.11,-0.58
2026/07/17,6691,洋基工程,800~1000張,7,1,5.24,0.71
2026/07/17,6691,洋基工程,千張大戶,18,-1,54.67,-0.83
2026/07/17,6691,洋基工程,零股散戶,10057,467,1.12,0.03
2026/07/24,6691,洋基工程,100~200張,36,1,4.14,0.12
2026/07/24,6691,洋基工程,10~15張,144,2,1.46,0.02
2026/07/24,6691,洋基工程,15~20張,85,1,1.25,0.02
2026/07/24,6691,洋基工程,1~5張,3996,78,5.89,0.18
2026/07/24,6691,洋基工程,200~400張,34,-1,7.56,-0.33
2026/07/24,6691,洋基工程,20~30張,80,2,1.61,0.05
2026/07/24,6691,洋基工程,30~40張,49,4,1.38,0.12
2026/07/24,6691,洋基工程,400~600張,16,3,6.39,0.94
2026/07/24,6691,洋基工程,40~50張,29,0,1.09,-0.01
2026/07/24,6691,洋基工程,50~100張,48,-1,2.9,0.03
2026/07/24,6691,洋基工程,5~10張,385,8,2.3,0.06
2026/07/24,6691,洋基工程,600~800張,5,-2,3.04,-1.07
2026/07/24,6691,洋基工程,800~1000張,8,1,5.98,0.74
2026/07/24,6691,洋基工程,千張大戶,17,-1,53.78,-0.89
2026/07/24,6691,洋基工程,零股散戶,10094,37,1.14,0.02
2026/07/31,6691,洋基工程,100~200張,38,2,4.4,0.26
2026/07/31,6691,洋基工程,10~15張,143,-1,1.47,0.01
2026/07/31,6691,洋基工程,15~20張,76,-9,1.12,-0.13
2026/07/31,6691,洋基工程,1~5張,4123,127,6.14,0.25
2026/07/31,6691,洋基工程,200~400張,33,-1,7.47,-0.09
2026/07/31,6691,洋基工程,20~30張,77,-3,1.52,-0.09
2026/07/31,6691,洋基工程,30~40張,56,7,1.59,0.21
2026/07/31,6691,洋基工程,400~600張,15,-1,6.15,-0.24
2026/07/31,6691,洋基工程,40~50張,29,0,1.09,0.0
2026/07/31,6691,洋基工程,50~100張,54,6,3.21,0.31
2026/07/31,6691,洋基工程,5~10張,402,17,2.38,0.08
2026/07/31,6691,洋基工程,600~800張,5,0,3.14,0.1
2026/07/31,6691,洋基工程,800~1000張,7,-1,5.29,-0.69
2026/07/31,6691,洋基工程,千張大戶,18,1,53.78,0.0
2026/07/31,6691,洋基工程,零股散戶,10194,100,1.18,0.04
2026/04/24,6770,力積電,100~200張,1408,21,4.55,0.08
2026/04/24,6770,力積電,10~15張,13933,98,4.14,0.02
2026/04/24,6770,力積電,15~20張,8518,50,3.67,0.02
2026/04/24,6770,力積電,1~5張,330685,2252,16.03,0.12
2026/04/24,6770,力積電,200~400張,541,6,3.55,0.04
2026/04/24,6770,力積電,20~30張,6981,91,4.15,0.05
2026/04/24,6770,力積電,30~40張,3155,43,2.63,0.03
2026/04/24,6770,力積電,400~600張,181,3,2.08,0.04
2026/04/24,6770,力積電,40~50張,1993,22,2.14,0.02
2026/04/24,6770,力積電,50~100張,3436,97,5.69,0.16
2026/04/24,6770,力積電,5~10張,47230,1054,8.62,0.19
2026/04/24,6770,力積電,600~800張,71,-4,1.15,-0.06
2026/04/24,6770,力積電,800~1000張,42,2,0.87,0.04
2026/04/24,6770,力積電,千張大戶,158,4,39.71,-0.74
2026/04/24,6770,力積電,零股散戶,199673,-1326,0.96,-0.01
2026/05/08,6770,力積電,100~200張,1347,-56,4.36,-0.17
2026/05/08,6770,力積電,10~15張,13010,-981,3.86,-0.3
2026/05/08,6770,力積電,15~20張,7906,-608,3.4,-0.26
2026/05/08,6770,力積電,1~5張,310285,-19921,14.96,-1.05
2026/05/08,6770,力積電,200~400張,530,-8,3.47,-0.05
2026/05/08,6770,力積電,20~30張,6553,-426,3.89,-0.25
2026/05/08,6770,力積電,30~40張,2960,-213,2.46,-0.18
2026/05/08,6770,力積電,400~600張,182,6,2.1,0.08
2026/05/08,6770,力積電,40~50張,1916,-80,2.06,-0.09
2026/05/08,6770,力積電,50~100張,3275,-178,5.42,-0.3
2026/05/08,6770,力積電,5~10張,43933,-3403,8.01,-0.62
2026/05/08,6770,力積電,600~800張,69,-6,1.11,-0.1
2026/05/08,6770,力積電,800~1000張,39,-3,0.8,-0.07
2026/05/08,6770,力積電,千張大戶,166,6,43.09,3.36
2026/05/08,6770,力積電,零股散戶,194726,-3595,0.92,-0.03
2026/05/15,6770,力積電,100~200張,1395,48,4.53,0.17
2026/05/15,6770,力積電,10~15張,13901,891,4.13,0.27
2026/05/15,6770,力積電,15~20張,8443,537,3.63,0.23
2026/05/15,6770,力積電,1~5張,338914,28629,16.26,1.3
2026/05/15,6770,力積電,200~400張,553,23,3.57,0.1
2026/05/15,6770,力積電,20~30張,6938,385,4.13,0.24
2026/05/15,6770,力積電,30~40張,3113,153,2.59,0.13
2026/05/15,6770,力積電,400~600張,184,2,2.11,0.01
2026/05/15,6770,力積電,40~50張,2062,146,2.22,0.16
2026/05/15,6770,力積電,50~100張,3420,145,5.66,0.24
2026/05/15,6770,力積電,5~10張,46957,3024,8.58,0.57
2026/05/15,6770,力積電,600~800張,76,7,1.22,0.11
2026/05/15,6770,力積電,800~1000張,42,3,0.87,0.07
2026/05/15,6770,力積電,千張大戶,156,-10,39.48,-3.61
2026/05/15,6770,力積電,零股散戶,201650,6924,0.95,0.03
2026/05/22,6770,力積電,100~200張,1393,-2,4.51,-0.02
2026/05/22,6770,力積電,10~15張,13838,-63,4.11,-0.02
2026/05/22,6770,力積電,15~20張,8427,-16,3.62,-0.01
2026/05/22,6770,力積電,1~5張,336709,-2205,16.18,-0.08
2026/05/22,6770,力積電,200~400張,542,-11,3.48,-0.09
2026/05/22,6770,力積電,20~30張,6952,14,4.14,0.01
2026/05/22,6770,力積電,30~40張,3115,2,2.59,0.0
2026/05/22,6770,力積電,400~600張,179,-5,2.05,-0.06
2026/05/22,6770,力積電,40~50張,2057,-5,2.21,-0.01
2026/05/22,6770,力積電,50~100張,3444,24,5.69,0.03
2026/05/22,6770,力積電,5~10張,47039,82,8.58,0.0
2026/05/22,6770,力積電,600~800張,72,-4,1.16,-0.06
2026/05/22,6770,力積電,800~1000張,36,-6,0.74,-0.13
2026/05/22,6770,力積電,千張大戶,154,-2,39.92,0.44
2026/05/22,6770,力積電,零股散戶,200718,-932,0.95,0.0
2026/05/29,6770,力積電,100~200張,1203,-190,3.89,-0.62
2026/05/29,6770,力積電,10~15張,10558,-3280,3.12,-0.99
2026/05/29,6770,力積電,15~20張,6402,-2025,2.75,-0.87
2026/05/29,6770,力積電,1~5張,264858,-71851,12.39,-3.79
2026/05/29,6770,力積電,200~400張,481,-61,3.13,-0.35
2026/05/29,6770,力積電,20~30張,5390,-1562,3.2,-0.94
2026/05/29,6770,力積電,30~40張,2492,-623,2.06,-0.53
2026/05/29,6770,力積電,400~600張,168,-11,1.92,-0.13
2026/05/29,6770,力積電,40~50張,1709,-348,1.84,-0.37
2026/05/29,6770,力積電,50~100張,2893,-551,4.78,-0.91
2026/05/29,6770,力積電,5~10張,35221,-11818,6.43,-2.15
2026/05/29,6770,力積電,600~800張,76,4,1.24,0.08
2026/05/29,6770,力積電,800~1000張,31,-5,0.64,-0.1
2026/05/29,6770,力積電,千張大戶,162,8,51.64,11.72
2026/05/29,6770,力積電,零股散戶,195434,-5284,0.9,-0.05
2026/06/05,6770,力積電,100~200張,1194,-9,3.84,-0.05
2026/06/05,6770,力積電,10~15張,11580,1022,3.42,0.3
2026/06/05,6770,力積電,15~20張,6929,527,2.98,0.23
2026/06/05,6770,力積電,1~5張,308984,44126,14.34,1.95
2026/06/05,6770,力積電,200~400張,478,-3,3.1,-0.03
2026/06/05,6770,力積電,20~30張,5836,446,3.46,0.26
2026/06/05,6770,力積電,30~40張,2629,137,2.18,0.12
2026/06/05,6770,力積電,400~600張,167,-1,1.94,0.02
2026/06/05,6770,力積電,40~50張,1791,82,1.93,0.09
2026/06/05,6770,力積電,50~100張,2945,52,4.86,0.08
2026/06/05,6770,力積電,5~10張,38876,3655,7.1,0.67
2026/06/05,6770,力積電,600~800張,80,4,1.29,0.05
2026/06/05,6770,力積電,800~1000張,37,6,0.76,0.12
2026/06/05,6770,力積電,千張大戶,150,-12,47.74,-3.9
2026/06/05,6770,力積電,零股散戶,210601,15167,0.97,0.07
2026/06/12,6770,力積電,100~200張,1236,42,3.97,0.13
2026/06/12,6770,力積電,10~15張,12629,1049,3.74,0.32
2026/06/12,6770,力積電,15~20張,7553,624,3.24,0.26
2026/06/12,6770,力積電,1~5張,325838,16854,15.39,1.05
2026/06/12,6770,力積電,200~400張,484,6,3.14,0.04
2026/06/12,6770,力積電,20~30張,6361,525,3.78,0.32
2026/06/12,6770,力積電,30~40張,2789,160,2.31,0.13
2026/06/12,6770,力積電,400~600張,168,1,1.94,0.0
2026/06/12,6770,力積電,40~50張,1863,72,2.0,0.07
2026/06/12,6770,力積電,50~100張,3119,174,5.14,0.28
2026/06/12,6770,力積電,5~10張,42585,3709,7.75,0.65
2026/06/12,6770,力積電,600~800張,77,-3,1.23,-0.06
2026/06/12,6770,力積電,800~1000張,35,-2,0.72,-0.04
2026/06/12,6770,力積電,千張大戶,156,6,44.57,-3.17
2026/06/12,6770,力積電,零股散戶,213197,2596,1.01,0.04
2026/06/26,6770,力積電,100~200張,1291,-24,3.8,-0.06
2026/06/26,6770,力積電,10~15張,13155,-606,3.55,-0.17
2026/06/26,6770,力積電,15~20張,8004,-343,3.14,-0.13
2026/06/26,6770,力積電,1~5張,345800,1487,14.65,-0.22
2026/06/26,6770,力積電,200~400張,526,32,3.11,0.2
2026/06/26,6770,力積電,20~30張,6611,-300,3.58,-0.16
2026/06/26,6770,力積電,30~40張,3126,-9,2.36,-0.01
2026/06/26,6770,力積電,400~600張,184,6,1.92,0.06
2026/06/26,6770,力積電,40~50張,2004,2,1.97,0.01
2026/06/26,6770,力積電,50~100張,3322,-30,5.0,-0.03
2026/06/26,6770,力積電,5~10張,43974,-2003,7.32,-0.3
2026/06/26,6770,力積電,600~800張,82,0,1.2,0.0
2026/06/26,6770,力積電,800~1000張,38,7,0.71,0.14
2026/06/26,6770,力積電,千張大戶,177,14,46.7,0.69
2026/06/26,6770,力積電,零股散戶,216928,2273,0.92,-0.01
2026/07/03,6770,力積電,100~200張,1330,39,3.92,0.12
2026/07/03,6770,力積電,10~15張,13752,597,3.71,0.16
2026/07/03,6770,力積電,15~20張,8367,363,3.28,0.14
2026/07/03,6770,力積電,1~5張,358772,12972,15.32,0.67
2026/07/03,6770,力積電,200~400張,546,20,3.22,0.11
2026/07/03,6770,力積電,20~30張,6837,226,3.7,0.12
2026/07/03,6770,力積電,30~40張,3217,91,2.43,0.07
2026/07/03,6770,力積電,400~600張,187,3,1.96,0.04
2026/07/03,6770,力積電,40~50張,2042,38,2.0,0.03
2026/07/03,6770,力積電,50~100張,3370,48,5.08,0.08
2026/07/03,6770,力積電,5~10張,46281,2307,7.68,0.36
2026/07/03,6770,力積電,600~800張,77,-5,1.12,-0.08
2026/07/03,6770,力積電,800~1000張,42,4,0.79,0.08
2026/07/03,6770,力積電,千張大戶,185,8,44.77,-1.93
2026/07/03,6770,力積電,零股散戶,219499,2571,0.94,0.02
2026/07/17,6770,力積電,100~200張,1354,8,3.97,0.02
2026/07/17,6770,力積電,10~15張,13623,-462,3.67,-0.13
2026/07/17,6770,力積電,15~20張,8165,-281,3.2,-0.11
2026/07/17,6770,力積電,1~5張,353825,-7868,15.09,-0.43
2026/07/17,6770,力積電,200~400張,541,-14,3.2,-0.09
2026/07/17,6770,力積電,20~30張,6755,-272,3.65,-0.15
2026/07/17,6770,力積電,30~40張,3213,-17,2.43,-0.01
2026/07/17,6770,力積電,400~600張,177,-10,1.85,-0.11
2026/07/17,6770,力積電,40~50張,1986,-72,1.94,-0.07
2026/07/17,6770,力積電,50~100張,3329,-90,5.01,-0.14
2026/07/17,6770,力積電,5~10張,45590,-1719,7.56,-0.28
2026/07/17,6770,力積電,600~800張,84,6,1.22,0.08
2026/07/17,6770,力積電,800~1000張,41,-3,0.77,-0.05
2026/07/17,6770,力積電,千張大戶,201,10,45.42,1.48
2026/07/17,6770,力積電,零股散戶,218990,-493,0.94,-0.01
2026/07/24,6770,力積電,100~200張,1424,70,4.17,0.2
2026/07/24,6770,力積電,10~15張,14809,1186,4.0,0.33
2026/07/24,6770,力積電,15~20張,8822,657,3.45,0.25
2026/07/24,6770,力積電,1~5張,372576,18751,16.05,0.96
2026/07/24,6770,力積電,200~400張,579,38,3.43,0.23
2026/07/24,6770,力積電,20~30張,7280,525,3.94,0.29
2026/07/24,6770,力積電,30~40張,3457,244,2.62,0.19
2026/07/24,6770,力積電,400~600張,183,6,1.91,0.06
2026/07/24,6770,力積電,40~50張,2182,196,2.13,0.19
2026/07/24,6770,力積電,50~100張,3598,269,5.41,0.4
2026/07/24,6770,力積電,5~10張,49446,3856,8.19,0.63
2026/07/24,6770,力積電,600~800張,90,6,1.32,0.1
2026/07/24,6770,力積電,800~1000張,47,6,0.88,0.11
2026/07/24,6770,力積電,千張大戶,200,-1,41.47,-3.95
2026/07/24,6770,力積電,零股散戶,220364,1374,0.95,0.01
2026/07/31,6770,力積電,100~200張,1483,59,4.33,0.16
2026/07/31,6770,力積電,10~15張,15755,946,4.25,0.25
2026/07/31,6770,力積電,15~20張,9295,473,3.63,0.18
2026/07/31,6770,力積電,1~5張,375720,3144,16.42,0.37
2026/07/31,6770,力積電,200~400張,586,7,3.47,0.04
2026/07/31,6770,力積電,20~30張,7661,381,4.14,0.2
2026/07/31,6770,力積電,30~40張,3649,192,2.76,0.14
2026/07/31,6770,力積電,400~600張,197,14,2.05,0.14
2026/07/31,6770,力積電,40~50張,2271,89,2.23,0.1
2026/07/31,6770,力積電,50~100張,3762,164,5.64,0.23
2026/07/31,6770,力積電,5~10張,51988,2542,8.58,0.39
2026/07/31,6770,力積電,600~800張,97,7,1.42,0.1
2026/07/31,6770,力積電,800~1000張,48,1,0.9,0.02
2026/07/31,6770,力積電,千張大戶,199,-1,39.14,-2.33
2026/07/31,6770,力積電,零股散戶,220005,-359,0.96,0.01
2026/04/24,6782,視陽,100~200張,41,2,9.2,0.63
2026/04/24,6782,視陽,10~15張,85,-1,1.72,-0.01
2026/04/24,6782,視陽,15~20張,58,-6,1.62,-0.21
2026/04/24,6782,視陽,1~5張,2622,49,7.62,0.17
2026/04/24,6782,視陽,200~400張,27,-3,12.31,-1.62
2026/04/24,6782,視陽,20~30張,58,3,2.37,0.13
2026/04/24,6782,視陽,30~40張,35,-4,1.95,-0.24
2026/04/24,6782,視陽,400~600張,4,1,3.0,0.72
2026/04/24,6782,視陽,40~50張,25,1,1.78,0.08
2026/04/24,6782,視陽,50~100張,69,2,7.78,0.19
2026/04/24,6782,視陽,5~10張,262,-5,3.29,-0.07
2026/04/24,6782,視陽,600~800張,11,0,12.46,0.17
2026/04/24,6782,視陽,800~1000張,1,0,1.29,0.0
2026/04/24,6782,視陽,千張大戶,7,0,32.96,0.04
2026/04/24,6782,視陽,零股散戶,3849,-35,0.56,0.01
2026/05/08,6782,視陽,100~200張,41,0,8.86,-0.26
2026/05/08,6782,視陽,10~15張,87,1,1.75,0.02
2026/05/08,6782,視陽,15~20張,67,8,1.88,0.22
2026/05/08,6782,視陽,1~5張,2880,238,8.31,0.6
2026/05/08,6782,視陽,200~400張,28,1,12.34,0.19
2026/05/08,6782,視陽,20~30張,57,-2,2.27,-0.14
2026/05/08,6782,視陽,30~40張,47,9,2.61,0.49
2026/05/08,6782,視陽,400~600張,4,0,3.17,0.21
2026/05/08,6782,視陽,40~50張,27,1,1.94,0.11
2026/05/08,6782,視陽,50~100張,61,-6,6.94,-0.74
2026/05/08,6782,視陽,5~10張,287,15,3.56,0.17
2026/05/08,6782,視陽,600~800張,9,-2,10.31,-2.03
2026/05/08,6782,視陽,800~1000張,3,2,4.23,2.94
2026/05/08,6782,視陽,千張大戶,6,-1,31.18,-1.78
2026/05/08,6782,視陽,零股散戶,3817,29,0.56,-0.01
2026/05/15,6782,視陽,100~200張,46,5,10.1,1.24
2026/05/15,6782,視陽,10~15張,105,18,2.11,0.36
2026/05/15,6782,視陽,15~20張,66,-1,1.88,0.0
2026/05/15,6782,視陽,1~5張,2991,111,8.74,0.43
2026/05/15,6782,視陽,200~400張,27,-1,11.86,-0.48
2026/05/15,6782,視陽,20~30張,57,0,2.33,0.06
2026/05/15,6782,視陽,30~40張,45,-2,2.51,-0.1
2026/05/15,6782,視陽,400~600張,4,0,3.22,0.05
2026/05/15,6782,視陽,40~50張,27,0,1.95,0.01
2026/05/15,6782,視陽,50~100張,60,-1,6.83,-0.11
2026/05/15,6782,視陽,5~10張,290,3,3.62,0.06
2026/05/15,6782,視陽,600~800張,9,0,10.29,-0.02
2026/05/15,6782,視陽,800~1000張,2,-1,2.72,-1.51
2026/05/15,6782,視陽,千張大戶,6,0,31.18,0.0
2026/05/15,6782,視陽,零股散戶,3830,13,0.58,0.02
2026/05/22,6782,視陽,100~200張,41,-5,9.06,-1.04
2026/05/22,6782,視陽,10~15張,100,-5,1.99,-0.12
2026/05/22,6782,視陽,15~20張,70,4,2.02,0.14
2026/05/22,6782,視陽,1~5張,3060,69,8.88,0.14
2026/05/22,6782,視陽,200~400張,29,2,12.92,1.06
2026/05/22,6782,視陽,20~30張,65,8,2.65,0.32
2026/05/22,6782,視陽,30~40張,48,3,2.68,0.17
2026/05/22,6782,視陽,400~600張,3,-1,2.28,-0.94
2026/05/22,6782,視陽,40~50張,28,1,2.03,0.08
2026/05/22,6782,視陽,50~100張,61,1,6.97,0.14
2026/05/22,6782,視陽,5~10張,301,11,3.74,0.12
2026/05/22,6782,視陽,600~800張,9,0,10.21,-0.08
2026/05/22,6782,視陽,800~1000張,2,0,2.72,0.0
2026/05/22,6782,視陽,千張大戶,6,0,31.18,0.0
2026/05/22,6782,視陽,零股散戶,3877,47,0.59,0.01
2026/05/29,6782,視陽,100~200張,41,0,9.01,-0.05
2026/05/29,6782,視陽,10~15張,107,7,2.16,0.17
2026/05/29,6782,視陽,15~20張,72,2,2.06,0.04
2026/05/29,6782,視陽,1~5張,3084,24,9.08,0.2
2026/05/29,6782,視陽,200~400張,29,0,12.77,-0.15
2026/05/29,6782,視陽,20~30張,63,-2,2.55,-0.1
2026/05/29,6782,視陽,30~40張,48,0,2.68,0.0
2026/05/29,6782,視陽,400~600張,3,0,2.28,0.0
2026/05/29,6782,視陽,40~50張,27,-1,1.96,-0.07
2026/05/29,6782,視陽,50~100張,60,-1,6.88,-0.09
2026/05/29,6782,視陽,5~10張,316,15,3.91,0.17
2026/05/29,6782,視陽,600~800張,9,0,10.08,-0.13
2026/05/29,6782,視陽,800~1000張,2,0,2.72,0.0
2026/05/29,6782,視陽,千張大戶,6,0,31.18,0.0
2026/05/29,6782,視陽,零股散戶,3866,-11,0.59,0.0
2026/06/05,6782,視陽,100~200張,46,5,9.93,0.92
2026/06/05,6782,視陽,10~15張,108,1,2.19,0.03
2026/06/05,6782,視陽,15~20張,74,2,2.11,0.05
2026/06/05,6782,視陽,1~5張,2991,-93,8.75,-0.33
2026/06/05,6782,視陽,200~400張,28,-1,12.24,-0.53
2026/06/05,6782,視陽,20~30張,64,1,2.62,0.07
2026/06/05,6782,視陽,30~40張,46,-2,2.59,-0.09
2026/06/05,6782,視陽,400~600張,3,0,2.28,0.0
2026/06/05,6782,視陽,40~50張,26,-1,1.85,-0.11
2026/06/05,6782,視陽,50~100張,59,-1,6.71,-0.17
2026/06/05,6782,視陽,5~10張,324,8,4.03,0.12
2026/06/05,6782,視陽,600~800張,9,0,10.16,0.08
2026/06/05,6782,視陽,800~1000張,2,0,2.72,0.0
2026/06/05,6782,視陽,千張大戶,6,0,31.18,0.0
2026/06/05,6782,視陽,零股散戶,3838,-28,0.57,-0.02
2026/06/12,6782,視陽,100~200張,46,0,9.86,-0.07
2026/06/12,6782,視陽,10~15張,110,2,2.22,0.03
2026/06/12,6782,視陽,15~20張,70,-4,2.01,-0.1
2026/06/12,6782,視陽,1~5張,2996,5,8.81,0.06
2026/06/12,6782,視陽,200~400張,27,-1,11.81,-0.43
2026/06/12,6782,視陽,20~30張,64,0,2.62,0.0
2026/06/12,6782,視陽,30~40張,43,-3,2.41,-0.18
2026/06/12,6782,視陽,400~600張,5,2,3.98,1.7
2026/06/12,6782,視陽,40~50張,27,1,1.94,0.09
2026/06/12,6782,視陽,50~100張,58,-1,6.65,-0.06
2026/06/12,6782,視陽,5~10張,320,-4,4.01,-0.02
2026/06/12,6782,視陽,600~800張,8,-1,9.11,-1.05
2026/06/12,6782,視陽,800~1000張,2,0,2.72,0.0
2026/06/12,6782,視陽,千張大戶,6,0,31.18,0.0
2026/06/12,6782,視陽,零股散戶,3846,8,0.58,0.01
2026/06/26,6782,視陽,100~200張,47,2,10.02,0.4
2026/06/26,6782,視陽,10~15張,116,1,2.33,0.02
2026/06/26,6782,視陽,15~20張,60,-6,1.7,-0.19
2026/06/26,6782,視陽,1~5張,2973,-25,8.79,-0.06
2026/06/26,6782,視陽,200~400張,27,0,11.94,0.2
2026/06/26,6782,視陽,20~30張,67,-2,2.75,-0.08
2026/06/26,6782,視陽,30~40張,44,1,2.47,0.05
2026/06/26,6782,視陽,400~600張,4,0,2.97,-0.06
2026/06/26,6782,視陽,40~50張,23,-1,1.64,-0.07
2026/06/26,6782,視陽,50~100張,59,-2,6.64,-0.26
2026/06/26,6782,視陽,5~10張,321,-3,4.02,-0.02
2026/06/26,6782,視陽,600~800張,9,0,10.16,0.06
2026/06/26,6782,視陽,800~1000張,2,0,2.72,0.0
2026/06/26,6782,視陽,千張大戶,6,0,31.18,0.0
2026/06/26,6782,視陽,零股散戶,3877,12,0.59,0.01
2026/07/03,6782,視陽,100~200張,46,-1,9.63,-0.39
2026/07/03,6782,視陽,10~15張,115,-1,2.33,0.0
2026/07/03,6782,視陽,15~20張,60,0,1.71,0.01
2026/07/03,6782,視陽,1~5張,2916,-57,8.66,-0.13
2026/07/03,6782,視陽,200~400張,29,2,12.61,0.67
2026/07/03,6782,視陽,20~30張,67,0,2.74,-0.01
2026/07/03,6782,視陽,30~40張,43,-1,2.41,-0.06
2026/07/03,6782,視陽,400~600張,4,0,2.97,0.0
2026/07/03,6782,視陽,40~50張,23,0,1.64,0.0
2026/07/03,6782,視陽,50~100張,59,0,6.6,-0.04
2026/07/03,6782,視陽,5~10張,318,-3,3.94,-0.08
2026/07/03,6782,視陽,600~800張,9,0,10.2,0.04
2026/07/03,6782,視陽,800~1000張,2,0,2.72,0.0
2026/07/03,6782,視陽,千張大戶,6,0,31.18,0.0
2026/07/03,6782,視陽,零股散戶,3834,-43,0.58,-0.01
2026/07/17,6782,視陽,100~200張,43,0,9.41,0.33
2026/07/17,6782,視陽,10~15張,109,-2,2.22,-0.04
2026/07/17,6782,視陽,15~20張,60,-5,1.72,-0.13
2026/07/17,6782,視陽,1~5張,2795,6,8.23,-0.02
2026/07/17,6782,視陽,200~400張,30,0,13.07,-0.11
2026/07/17,6782,視陽,20~30張,66,3,2.7,0.12
2026/07/17,6782,視陽,30~40張,39,1,2.17,0.04
2026/07/17,6782,視陽,400~600張,4,-2,3.19,-1.17
2026/07/17,6782,視陽,40~50張,27,0,1.94,0.01
2026/07/17,6782,視陽,50~100張,62,0,7.0,-0.04
2026/07/17,6782,視陽,5~10張,300,2,3.69,0.03
2026/07/17,6782,視陽,600~800張,9,1,10.12,1.01
2026/07/17,6782,視陽,800~1000張,2,0,2.72,0.0
2026/07/17,6782,視陽,千張大戶,6,0,31.18,0.0
2026/07/17,6782,視陽,零股散戶,3802,-9,0.56,-0.01
2026/07/24,6782,視陽,100~200張,43,0,9.22,-0.19
2026/07/24,6782,視陽,10~15張,103,-6,2.06,-0.16
2026/07/24,6782,視陽,15~20張,69,9,1.95,0.23
2026/07/24,6782,視陽,1~5張,2876,81,8.5,0.27
2026/07/24,6782,視陽,200~400張,29,-1,12.44,-0.63
2026/07/24,6782,視陽,20~30張,74,8,3.0,0.3
2026/07/24,6782,視陽,30~40張,37,-2,2.05,-0.12
2026/07/24,6782,視陽,400~600張,6,2,4.47,1.28
2026/07/24,6782,視陽,40~50張,27,0,1.92,-0.02
2026/07/24,6782,視陽,50~100張,61,-1,7.0,0.0
2026/07/24,6782,視陽,5~10張,303,3,3.72,0.03
2026/07/24,6782,視陽,600~800張,8,-1,9.11,-1.01
2026/07/24,6782,視陽,800~1000張,2,0,2.72,0.0
2026/07/24,6782,視陽,千張大戶,6,0,31.18,0.0
2026/07/24,6782,視陽,零股散戶,3828,26,0.58,0.02
2026/07/31,6782,視陽,100~200張,44,1,9.5,0.28
2026/07/31,6782,視陽,10~15張,102,-1,2.05,-0.01
2026/07/31,6782,視陽,15~20張,72,3,2.05,0.1
2026/07/31,6782,視陽,1~5張,2881,5,8.48,-0.02
2026/07/31,6782,視陽,200~400張,32,3,13.73,1.29
2026/07/31,6782,視陽,20~30張,69,-5,2.81,-0.19
2026/07/31,6782,視陽,30~40張,42,5,2.32,0.27
2026/07/31,6782,視陽,400~600張,4,-2,3.08,-1.39
2026/07/31,6782,視陽,40~50張,28,1,2.01,0.09
2026/07/31,6782,視陽,50~100張,56,-5,6.42,-0.58
2026/07/31,6782,視陽,5~10張,315,12,3.85,0.13
2026/07/31,6782,視陽,600~800張,8,0,9.11,0.0
2026/07/31,6782,視陽,800~1000張,2,0,2.72,0.0
2026/07/31,6782,視陽,千張大戶,6,0,31.18,0.0
2026/07/31,6782,視陽,零股散戶,3824,-4,0.59,0.01
2026/04/24,6789,采鈺,100~200張,45,-5,2.05,-0.26
2026/04/24,6789,采鈺,10~15張,312,-1,1.26,0.0
2026/04/24,6789,采鈺,15~20張,184,-10,1.05,-0.06
2026/04/24,6789,采鈺,1~5張,15672,1729,8.13,0.72
2026/04/24,6789,采鈺,200~400張,27,3,2.49,0.3
2026/04/24,6789,采鈺,20~30張,177,-4,1.42,-0.03
2026/04/24,6789,采鈺,30~40張,102,0,1.15,0.0
2026/04/24,6789,采鈺,400~600張,6,-6,0.95,-0.93
2026/04/24,6789,采鈺,40~50張,53,2,0.75,0.02
2026/04/24,6789,采鈺,50~100張,102,-8,2.3,-0.2
2026/04/24,6789,采鈺,5~10張,1044,-27,2.56,-0.05
2026/04/24,6789,采鈺,600~800張,10,4,2.25,0.91
2026/04/24,6789,采鈺,800~1000張,1,-7,0.26,-1.95
2026/04/24,6789,采鈺,千張大戶,11,4,72.38,1.34
2026/04/24,6789,采鈺,零股散戶,21181,5821,0.93,0.19
2026/05/08,6789,采鈺,100~200張,42,-6,1.91,-0.29
2026/05/08,6789,采鈺,10~15張,325,14,1.3,0.05
2026/05/08,6789,采鈺,15~20張,188,-9,1.08,-0.06
2026/05/08,6789,采鈺,1~5張,18257,741,9.44,0.42
2026/05/08,6789,采鈺,200~400張,31,4,2.88,0.4
2026/05/08,6789,采鈺,20~30張,171,-3,1.37,-0.02
2026/05/08,6789,采鈺,30~40張,101,5,1.13,0.04
2026/05/08,6789,采鈺,400~600張,4,-3,0.62,-0.41
2026/05/08,6789,采鈺,40~50張,57,6,0.82,0.09
2026/05/08,6789,采鈺,50~100張,96,0,2.1,-0.05
2026/05/08,6789,采鈺,5~10張,1161,57,2.84,0.12
2026/05/08,6789,采鈺,600~800張,8,2,1.71,0.38
2026/05/08,6789,采鈺,800~1000張,2,-3,0.56,-0.85
2026/05/08,6789,采鈺,千張大戶,9,1,70.95,0.02
2026/05/08,6789,采鈺,零股散戶,29348,3955,1.24,0.18
2026/05/15,6789,采鈺,100~200張,37,-5,1.7,-0.21
2026/05/15,6789,采鈺,10~15張,344,19,1.37,0.07
2026/05/15,6789,采鈺,15~20張,189,1,1.09,0.01
2026/05/15,6789,采鈺,1~5張,19067,810,9.89,0.45
2026/05/15,6789,采鈺,200~400張,30,-1,2.71,-0.17
2026/05/15,6789,采鈺,20~30張,170,-1,1.35,-0.02
2026/05/15,6789,采鈺,30~40張,106,5,1.19,0.06
2026/05/15,6789,采鈺,400~600張,7,3,1.09,0.47
2026/05/15,6789,采鈺,40~50張,54,-3,0.78,-0.04
2026/05/15,6789,采鈺,50~100張,94,-2,2.12,0.02
2026/05/15,6789,采鈺,5~10張,1129,-32,2.76,-0.08
2026/05/15,6789,采鈺,600~800張,5,-3,1.09,-0.62
2026/05/15,6789,采鈺,800~1000張,5,3,1.4,0.84
2026/05/15,6789,采鈺,千張大戶,8,-1,69.98,-0.97
2026/05/15,6789,采鈺,零股散戶,33032,3684,1.37,0.13
2026/05/22,6789,采鈺,100~200張,31,-6,1.49,-0.21
2026/05/22,6789,采鈺,10~15張,332,-12,1.32,-0.05
2026/05/22,6789,采鈺,15~20張,192,3,1.11,0.02
2026/05/22,6789,采鈺,1~5張,19254,187,10.03,0.14
2026/05/22,6789,采鈺,200~400張,31,1,2.76,0.05
2026/05/22,6789,采鈺,20~30張,177,7,1.42,0.07
2026/05/22,6789,采鈺,30~40張,102,-4,1.13,-0.06
2026/05/22,6789,采鈺,400~600張,7,0,1.07,-0.02
2026/05/22,6789,采鈺,40~50張,57,3,0.83,0.05
2026/05/22,6789,采鈺,50~100張,96,2,2.19,0.07
2026/05/22,6789,采鈺,5~10張,1183,54,2.89,0.13
2026/05/22,6789,采鈺,600~800張,8,3,1.75,0.66
2026/05/22,6789,采鈺,800~1000張,2,-3,0.54,-0.86
2026/05/22,6789,采鈺,千張大戶,8,0,69.89,-0.09
2026/05/22,6789,采鈺,零股散戶,34546,1514,1.5,0.13
2026/05/29,6789,采鈺,100~200張,33,2,1.58,0.09
2026/05/29,6789,采鈺,10~15張,339,7,1.36,0.04
2026/05/29,6789,采鈺,15~20張,179,-13,1.03,-0.08
2026/05/29,6789,采鈺,1~5張,19191,-63,9.99,-0.04
2026/05/29,6789,采鈺,200~400張,29,-2,2.58,-0.18
2026/05/29,6789,采鈺,20~30張,175,-2,1.4,-0.02
2026/05/29,6789,采鈺,30~40張,104,2,1.16,0.03
2026/05/29,6789,采鈺,400~600張,9,2,1.34,0.27
2026/05/29,6789,采鈺,40~50張,61,4,0.89,0.06
2026/05/29,6789,采鈺,50~100張,94,-2,2.13,-0.06
2026/05/29,6789,采鈺,5~10張,1147,-36,2.79,-0.1
2026/05/29,6789,采鈺,600~800張,8,0,1.74,-0.01
2026/05/29,6789,采鈺,800~1000張,3,1,0.82,0.28
2026/05/29,6789,采鈺,千張大戶,7,-1,69.58,-0.31
2026/05/29,6789,采鈺,零股散戶,35018,472,1.54,0.04
2026/06/05,6789,采鈺,100~200張,39,6,1.9,0.32
2026/06/05,6789,采鈺,10~15張,344,5,1.37,0.01
2026/06/05,6789,采鈺,15~20張,183,4,1.06,0.03
2026/06/05,6789,采鈺,1~5張,19002,-189,9.93,-0.06
2026/06/05,6789,采鈺,200~400張,25,-4,2.26,-0.32
2026/06/05,6789,采鈺,20~30張,182,7,1.45,0.05
2026/06/05,6789,采鈺,30~40張,99,-5,1.11,-0.05
2026/06/05,6789,采鈺,400~600張,9,0,1.4,0.06
2026/06/05,6789,采鈺,40~50張,54,-7,0.77,-0.12
2026/06/05,6789,采鈺,50~100張,101,7,2.27,0.14
2026/06/05,6789,采鈺,5~10張,1149,2,2.8,0.01
2026/06/05,6789,采鈺,600~800張,8,0,1.76,0.02
2026/06/05,6789,采鈺,800~1000張,2,-1,0.57,-0.25
2026/06/05,6789,采鈺,千張大戶,7,0,69.71,0.13
2026/06/05,6789,采鈺,零股散戶,35041,23,1.57,0.03
2026/06/12,6789,采鈺,100~200張,35,-4,1.66,-0.24
2026/06/12,6789,采鈺,10~15張,351,7,1.4,0.03
2026/06/12,6789,采鈺,15~20張,184,1,1.06,0.0
2026/06/12,6789,采鈺,1~5張,18791,-211,9.87,-0.06
2026/06/12,6789,采鈺,200~400張,27,2,2.37,0.11
2026/06/12,6789,采鈺,20~30張,167,-15,1.33,-0.12
2026/06/12,6789,采鈺,30~40張,104,5,1.16,0.05
2026/06/12,6789,采鈺,400~600張,11,2,1.74,0.34
2026/06/12,6789,采鈺,40~50張,56,2,0.81,0.04
2026/06/12,6789,采鈺,50~100張,95,-6,2.15,-0.12
2026/06/12,6789,采鈺,5~10張,1178,29,2.86,0.06
2026/06/12,6789,采鈺,600~800張,8,0,1.76,0.0
2026/06/12,6789,采鈺,800~1000張,2,0,0.57,0.0
2026/06/12,6789,采鈺,千張大戶,7,0,69.55,-0.16
2026/06/12,6789,采鈺,零股散戶,35152,111,1.63,0.06
2026/06/26,6789,采鈺,100~200張,40,1,1.81,0.02
2026/06/26,6789,采鈺,10~15張,362,0,1.44,0.0
2026/06/26,6789,采鈺,15~20張,198,7,1.14,0.04
2026/06/26,6789,采鈺,1~5張,18846,31,9.8,-0.08
2026/06/26,6789,采鈺,200~400張,25,-1,2.26,-0.02
2026/06/26,6789,采鈺,20~30張,159,0,1.26,-0.01
2026/06/26,6789,采鈺,30~40張,105,1,1.17,0.01
2026/06/26,6789,采鈺,400~600張,9,-1,1.44,-0.13
2026/06/26,6789,采鈺,40~50張,50,-8,0.72,-0.11
2026/06/26,6789,采鈺,50~100張,105,11,2.31,0.2
2026/06/26,6789,采鈺,5~10張,1164,-8,2.83,-0.03
2026/06/26,6789,采鈺,600~800張,6,-1,1.33,-0.2
2026/06/26,6789,采鈺,800~1000張,2,1,0.54,0.29
2026/06/26,6789,采鈺,千張大戶,9,0,70.31,0.1
2026/06/26,6789,采鈺,零股散戶,34347,-765,1.57,-0.07
2026/07/03,6789,采鈺,100~200張,44,4,2.1,0.29
2026/07/03,6789,采鈺,10~15張,354,-8,1.41,-0.03
2026/07/03,6789,采鈺,15~20張,195,-3,1.12,-0.02
2026/07/03,6789,采鈺,1~5張,18779,-67,9.79,-0.01
2026/07/03,6789,采鈺,200~400張,25,0,2.22,-0.04
2026/07/03,6789,采鈺,20~30張,154,-5,1.23,-0.03
2026/07/03,6789,采鈺,30~40張,107,2,1.18,0.01
2026/07/03,6789,采鈺,400~600張,9,0,1.41,-0.03
2026/07/03,6789,采鈺,40~50張,53,3,0.76,0.04
2026/07/03,6789,采鈺,50~100張,108,3,2.38,0.07
2026/07/03,6789,采鈺,5~10張,1210,46,2.92,0.09
2026/07/03,6789,采鈺,600~800張,7,1,1.54,0.21
2026/07/03,6789,采鈺,800~1000張,2,0,0.51,-0.03
2026/07/03,6789,采鈺,千張大戶,8,-1,69.76,-0.55
2026/07/03,6789,采鈺,零股散戶,34586,239,1.59,0.02
2026/07/17,6789,采鈺,100~200張,47,1,2.11,0.06
2026/07/17,6789,采鈺,10~15張,348,0,1.4,0.01
2026/07/17,6789,采鈺,15~20張,200,7,1.15,0.04
2026/07/17,6789,采鈺,1~5張,18427,-200,9.64,-0.07
2026/07/17,6789,采鈺,200~400張,28,2,2.44,0.19
2026/07/17,6789,采鈺,20~30張,150,-7,1.2,-0.05
2026/07/17,6789,采鈺,30~40張,111,6,1.24,0.08
2026/07/17,6789,采鈺,400~600張,11,1,1.71,0.14
2026/07/17,6789,采鈺,40~50張,49,-1,0.7,-0.02
2026/07/17,6789,采鈺,50~100張,115,9,2.54,0.2
2026/07/17,6789,采鈺,5~10張,1231,13,2.97,0.04
2026/07/17,6789,采鈺,600~800張,6,-1,1.37,-0.19
2026/07/17,6789,采鈺,800~1000張,3,0,0.81,-0.01
2026/07/17,6789,采鈺,千張大戶,6,-1,69.09,-0.37
2026/07/17,6789,采鈺,零股散戶,33988,-566,1.57,-0.02
2026/07/24,6789,采鈺,100~200張,45,-2,2.07,-0.04
2026/07/24,6789,采鈺,10~15張,356,8,1.42,0.02
2026/07/24,6789,采鈺,15~20張,190,-10,1.09,-0.06
2026/07/24,6789,采鈺,1~5張,18338,-89,9.63,-0.01
2026/07/24,6789,采鈺,200~400張,29,1,2.61,0.17
2026/07/24,6789,采鈺,20~30張,158,8,1.26,0.06
2026/07/24,6789,采鈺,30~40張,108,-3,1.2,-0.04
2026/07/24,6789,采鈺,400~600張,9,-2,1.37,-0.34
2026/07/24,6789,采鈺,40~50張,48,-1,0.69,-0.01
2026/07/24,6789,采鈺,50~100張,118,3,2.6,0.06
2026/07/24,6789,采鈺,5~10張,1220,-11,2.94,-0.03
2026/07/24,6789,采鈺,600~800張,5,-1,1.11,-0.26
2026/07/24,6789,采鈺,800~1000張,5,2,1.33,0.52
2026/07/24,6789,采鈺,千張大戶,6,0,69.03,-0.06
2026/07/24,6789,采鈺,零股散戶,33747,-241,1.58,0.01
2026/07/31,6789,采鈺,100~200張,44,-1,2.05,-0.02
2026/07/31,6789,采鈺,10~15張,344,-12,1.37,-0.05
2026/07/31,6789,采鈺,15~20張,190,0,1.08,-0.01
2026/07/31,6789,采鈺,1~5張,18175,-163,9.61,-0.02
2026/07/31,6789,采鈺,200~400張,29,0,2.59,-0.02
2026/07/31,6789,采鈺,20~30張,162,4,1.28,0.02
2026/07/31,6789,采鈺,30~40張,112,4,1.25,0.05
2026/07/31,6789,采鈺,400~600張,10,1,1.59,0.22
2026/07/31,6789,采鈺,40~50張,51,3,0.73,0.04
2026/07/31,6789,采鈺,50~100張,120,2,2.64,0.04
2026/07/31,6789,采鈺,5~10張,1222,2,2.95,0.01
2026/07/31,6789,采鈺,600~800張,4,-1,0.83,-0.28
2026/07/31,6789,采鈺,800~1000張,5,0,1.37,0.04
2026/07/31,6789,采鈺,千張大戶,6,0,68.97,-0.06
2026/07/31,6789,采鈺,零股散戶,33411,-336,1.59,0.01
2026/04/24,8016,矽創,100~200張,45,-1,5.38,-0.13
2026/04/24,8016,矽創,10~15張,309,-18,3.28,-0.18
2026/04/24,8016,矽創,15~20張,192,-6,2.93,-0.06
2026/04/24,8016,矽創,1~5張,12159,164,18.23,-0.01
2026/04/24,8016,矽創,200~400張,33,1,7.61,0.24
2026/04/24,8016,矽創,20~30張,136,-13,2.84,-0.27
2026/04/24,8016,矽創,30~40張,79,-1,2.35,-0.03
2026/04/24,8016,矽創,400~600張,14,3,5.57,1.23
2026/04/24,8016,矽創,40~50張,51,2,1.92,0.06
2026/04/24,8016,矽創,50~100張,92,1,5.59,0.04
2026/04/24,8016,矽創,5~10張,1033,-23,6.65,-0.08
2026/04/24,8016,矽創,600~800張,7,0,4.02,0.02
2026/04/24,8016,矽創,800~1000張,6,0,4.48,0.03
2026/04/24,8016,矽創,千張大戶,22,0,27.96,-0.84
2026/04/24,8016,矽創,零股散戶,23502,168,1.13,0.01
2026/05/08,8016,矽創,100~200張,53,2,6.34,0.06
2026/05/08,8016,矽創,10~15張,288,-22,3.07,-0.23
2026/05/08,8016,矽創,15~20張,175,-14,2.67,-0.21
2026/05/08,8016,矽創,1~5張,11947,-197,17.42,-0.74
2026/05/08,8016,矽創,200~400張,34,1,7.91,0.2
2026/05/08,8016,矽創,20~30張,130,-4,2.71,-0.08
2026/05/08,8016,矽創,30~40張,76,-9,2.28,-0.24
2026/05/08,8016,矽創,400~600張,13,-1,5.15,-0.35
2026/05/08,8016,矽創,40~50張,43,-4,1.62,-0.15
2026/05/08,8016,矽創,50~100張,88,0,5.34,-0.06
2026/05/08,8016,矽創,5~10張,950,-55,6.14,-0.32
2026/05/08,8016,矽創,600~800張,10,1,5.65,0.27
2026/05/08,8016,矽創,800~1000張,8,3,6.22,2.5
2026/05/08,8016,矽創,千張大戶,20,-1,26.28,-0.62
2026/05/08,8016,矽創,零股散戶,23742,131,1.14,0.0
2026/05/15,8016,矽創,100~200張,53,0,6.34,0.0
2026/05/15,8016,矽創,10~15張,268,-20,2.88,-0.19
2026/05/15,8016,矽創,15~20張,160,-15,2.43,-0.24
2026/05/15,8016,矽創,1~5張,11331,-616,16.34,-1.08
2026/05/15,8016,矽創,200~400張,35,1,8.06,0.15
2026/05/15,8016,矽創,20~30張,125,-5,2.6,-0.11
2026/05/15,8016,矽創,30~40張,70,-6,2.1,-0.18
2026/05/15,8016,矽創,400~600張,14,1,5.43,0.28
2026/05/15,8016,矽創,40~50張,46,3,1.73,0.11
2026/05/15,8016,矽創,50~100張,86,-2,5.2,-0.14
2026/05/15,8016,矽創,5~10張,871,-79,5.66,-0.48
2026/05/15,8016,矽創,600~800張,12,2,6.75,1.1
2026/05/15,8016,矽創,800~1000張,7,-1,5.12,-1.1
2026/05/15,8016,矽創,千張大戶,22,2,28.15,1.87
2026/05/15,8016,矽創,零股散戶,23953,211,1.13,-0.01
2026/05/22,8016,矽創,100~200張,59,6,7.15,0.81
2026/05/22,8016,矽創,10~15張,267,-1,2.84,-0.04
2026/05/22,8016,矽創,15~20張,156,-4,2.36,-0.07
2026/05/22,8016,矽創,1~5張,11207,-124,16.16,-0.18
2026/05/22,8016,矽創,200~400張,36,1,8.39,0.33
2026/05/22,8016,矽創,20~30張,124,-1,2.59,-0.01
2026/05/22,8016,矽創,30~40張,74,4,2.19,0.09
2026/05/22,8016,矽創,400~600張,17,3,6.7,1.27
2026/05/22,8016,矽創,40~50張,41,-5,1.54,-0.19
2026/05/22,8016,矽創,50~100張,82,-4,4.92,-0.28
2026/05/22,8016,矽創,5~10張,864,-7,5.61,-0.05
2026/05/22,8016,矽創,600~800張,10,-2,5.44,-1.31
2026/05/22,8016,矽創,800~1000張,4,-3,2.95,-2.17
2026/05/22,8016,矽創,千張大戶,23,1,29.97,1.82
2026/05/22,8016,矽創,零股散戶,23912,-41,1.12,-0.01
2026/05/29,8016,矽創,100~200張,56,-3,6.96,-0.19
2026/05/29,8016,矽創,10~15張,252,-15,2.67,-0.17
2026/05/29,8016,矽創,15~20張,158,2,2.4,0.04
2026/05/29,8016,矽創,1~5張,11395,188,16.31,0.15
2026/05/29,8016,矽創,200~400張,36,0,8.27,-0.12
2026/05/29,8016,矽創,20~30張,122,-2,2.54,-0.05
2026/05/29,8016,矽創,30~40張,73,-1,2.16,-0.03
2026/05/29,8016,矽創,400~600張,20,3,7.96,1.26
2026/05/29,8016,矽創,40~50張,43,2,1.62,0.08
2026/05/29,8016,矽創,50~100張,89,7,5.41,0.49
2026/05/29,8016,矽創,5~10張,870,6,5.63,0.02
2026/05/29,8016,矽創,600~800張,8,-2,4.84,-0.6
2026/05/29,8016,矽創,800~1000張,5,1,3.7,0.75
2026/05/29,8016,矽創,千張大戶,21,-2,28.3,-1.67
2026/05/29,8016,矽創,零股散戶,24339,427,1.15,0.03
2026/06/05,8016,矽創,100~200張,62,6,7.6,0.64
2026/06/05,8016,矽創,10~15張,250,-2,2.64,-0.03
2026/06/05,8016,矽創,15~20張,153,-5,2.32,-0.08
2026/06/05,8016,矽創,1~5張,12064,669,17.12,0.81
2026/06/05,8016,矽創,200~400張,38,2,8.99,0.72
2026/06/05,8016,矽創,20~30張,120,-2,2.48,-0.06
2026/06/05,8016,矽創,30~40張,79,6,2.32,0.16
2026/06/05,8016,矽創,400~600張,18,-2,7.23,-0.73
2026/06/05,8016,矽創,40~50張,35,-8,1.31,-0.31
2026/06/05,8016,矽創,50~100張,89,0,5.45,0.04
2026/06/05,8016,矽創,5~10張,844,-26,5.47,-0.16
2026/06/05,8016,矽創,600~800張,6,-2,3.49,-1.35
2026/06/05,8016,矽創,800~1000張,5,0,3.7,0.0
2026/06/05,8016,矽創,千張大戶,21,0,28.55,0.25
2026/06/05,8016,矽創,零股散戶,24864,525,1.23,0.08
2026/06/12,8016,矽創,100~200張,63,1,7.55,-0.05
2026/06/12,8016,矽創,10~15張,244,-6,2.59,-0.05
2026/06/12,8016,矽創,15~20張,153,0,2.32,0.0
2026/06/12,8016,矽創,1~5張,11834,-230,16.82,-0.3
2026/06/12,8016,矽創,200~400張,36,-2,8.42,-0.57
2026/06/12,8016,矽創,20~30張,115,-5,2.37,-0.11
2026/06/12,8016,矽創,30~40張,80,1,2.37,0.05
2026/06/12,8016,矽創,400~600張,23,5,9.31,2.08
2026/06/12,8016,矽創,40~50張,38,3,1.43,0.12
2026/06/12,8016,矽創,50~100張,80,-9,4.88,-0.57
2026/06/12,8016,矽創,5~10張,860,16,5.55,0.08
2026/06/12,8016,矽創,600~800張,6,0,3.68,0.19
2026/06/12,8016,矽創,800~1000張,5,0,3.76,0.06
2026/06/12,8016,矽創,千張大戶,20,-1,27.67,-0.88
2026/06/12,8016,矽創,零股散戶,24543,-321,1.21,-0.02
2026/06/26,8016,矽創,100~200張,68,3,8.19,0.27
2026/06/26,8016,矽創,10~15張,232,-17,2.48,-0.17
2026/06/26,8016,矽創,15~20張,141,-18,2.15,-0.27
2026/06/26,8016,矽創,1~5張,11494,-414,16.28,-0.66
2026/06/26,8016,矽創,200~400張,41,2,9.53,0.43
2026/06/26,8016,矽創,20~30張,115,-6,2.38,-0.1
2026/06/26,8016,矽創,30~40張,67,-9,1.96,-0.27
2026/06/26,8016,矽創,400~600張,19,0,7.62,-0.15
2026/06/26,8016,矽創,40~50張,36,-2,1.35,-0.08
2026/06/26,8016,矽創,50~100張,79,-2,4.81,-0.11
2026/06/26,8016,矽創,5~10張,806,-41,5.22,-0.24
2026/06/26,8016,矽創,600~800張,6,3,3.58,1.85
2026/06/26,8016,矽創,800~1000張,6,-2,4.52,-1.4
2026/06/26,8016,矽創,千張大戶,21,1,28.62,0.89
2026/06/26,8016,矽創,零股散戶,24955,266,1.23,0.0
2026/07/03,8016,矽創,100~200張,70,2,8.31,0.12
2026/07/03,8016,矽創,10~15張,236,4,2.51,0.03
2026/07/03,8016,矽創,15~20張,146,5,2.21,0.06
2026/07/03,8016,矽創,1~5張,11264,-230,16.03,-0.25
2026/07/03,8016,矽創,200~400張,41,0,9.61,0.08
2026/07/03,8016,矽創,20~30張,114,-1,2.34,-0.04
2026/07/03,8016,矽創,30~40張,67,0,1.96,0.0
2026/07/03,8016,矽創,400~600張,19,0,7.8,0.18
2026/07/03,8016,矽創,40~50張,34,-2,1.28,-0.07
2026/07/03,8016,矽創,50~100張,82,3,4.99,0.18
2026/07/03,8016,矽創,5~10張,787,-19,5.06,-0.16
2026/07/03,8016,矽創,600~800張,7,1,4.04,0.46
2026/07/03,8016,矽創,800~1000張,5,-1,3.82,-0.7
2026/07/03,8016,矽創,千張大戶,21,0,28.71,0.09
2026/07/03,8016,矽創,零股散戶,25178,223,1.25,0.02
2026/07/17,8016,矽創,100~200張,66,-4,7.8,-0.42
2026/07/17,8016,矽創,10~15張,219,-1,2.32,-0.03
2026/07/17,8016,矽創,15~20張,137,7,2.1,0.11
2026/07/17,8016,矽創,1~5張,10106,34,14.59,0.26
2026/07/17,8016,矽創,200~400張,46,1,10.91,0.36
2026/07/17,8016,矽創,20~30張,106,4,2.2,0.11
2026/07/17,8016,矽創,30~40張,62,-2,1.81,-0.06
2026/07/17,8016,矽創,400~600張,25,2,10.32,0.83
2026/07/17,8016,矽創,40~50張,36,0,1.36,-0.01
2026/07/17,8016,矽創,50~100張,80,3,4.87,0.13
2026/07/17,8016,矽創,5~10張,746,24,4.82,0.16
2026/07/17,8016,矽創,600~800張,5,-1,2.71,-0.73
2026/07/17,8016,矽創,800~1000張,6,-1,4.52,-0.86
2026/07/17,8016,矽創,千張大戶,19,0,28.42,0.17
2026/07/17,8016,矽創,零股散戶,24778,-70,1.18,0.0
2026/07/24,8016,矽創,100~200張,67,1,7.99,0.19
2026/07/24,8016,矽創,10~15張,215,-4,2.28,-0.04
2026/07/24,8016,矽創,15~20張,140,3,2.14,0.04
2026/07/24,8016,矽創,1~5張,10012,-94,14.44,-0.15
2026/07/24,8016,矽創,200~400張,48,2,11.38,0.47
2026/07/24,8016,矽創,20~30張,108,2,2.23,0.03
2026/07/24,8016,矽創,30~40張,56,-6,1.64,-0.17
2026/07/24,8016,矽創,400~600張,23,-2,9.45,-0.87
2026/07/24,8016,矽創,40~50張,37,1,1.38,0.02
2026/07/24,8016,矽創,50~100張,80,0,4.84,-0.03
2026/07/24,8016,矽創,5~10張,737,-9,4.75,-0.07
2026/07/24,8016,矽創,600~800張,7,2,3.85,1.14
2026/07/24,8016,矽創,800~1000張,4,-2,3.01,-1.51
2026/07/24,8016,矽創,千張大戶,20,1,29.37,0.95
2026/07/24,8016,矽創,零股散戶,24628,-150,1.17,-0.01
2026/07/31,8016,矽創,100~200張,67,0,7.96,-0.03
2026/07/31,8016,矽創,10~15張,219,4,2.34,0.06
2026/07/31,8016,矽創,15~20張,142,2,2.17,0.03
2026/07/31,8016,矽創,1~5張,10041,29,14.53,0.09
2026/07/31,8016,矽創,200~400張,49,1,11.42,0.04
2026/07/31,8016,矽創,20~30張,107,-1,2.22,-0.01
2026/07/31,8016,矽創,30~40張,57,1,1.66,0.02
2026/07/31,8016,矽創,400~600張,23,0,9.54,0.09
2026/07/31,8016,矽創,40~50張,33,-4,1.24,-0.14
2026/07/31,8016,矽創,50~100張,84,4,5.08,0.24
2026/07/31,8016,矽創,5~10張,748,11,4.8,0.05
2026/07/31,8016,矽創,600~800張,6,-1,3.37,-0.48
2026/07/31,8016,矽創,800~1000張,4,0,3.01,0.0
2026/07/31,8016,矽創,千張大戶,20,0,29.45,0.08
2026/07/31,8016,矽創,零股散戶,24494,-134,1.16,-0.01
2026/04/24,8043,蜜望實,100~200張,19,0,3.44,0.24
2026/04/24,8043,蜜望實,10~15張,122,6,1.97,0.11
2026/04/24,8043,蜜望實,15~20張,76,-4,1.78,-0.1
2026/04/24,8043,蜜望實,1~5張,9403,873,19.65,1.9
2026/04/24,8043,蜜望實,200~400張,8,1,2.86,0.39
2026/04/24,8043,蜜望實,20~30張,47,3,1.5,0.08
2026/04/24,8043,蜜望實,30~40張,11,0,0.48,-0.01
2026/04/24,8043,蜜望實,400~600張,2,-2,1.15,-1.26
2026/04/24,8043,蜜望實,40~50張,10,1,0.57,0.04
2026/04/24,8043,蜜望實,50~100張,16,-2,1.4,-0.12
2026/04/24,8043,蜜望實,5~10張,563,26,5.71,0.17
2026/04/24,8043,蜜望實,600~800張,0,0,0.0,0.0
2026/04/24,8043,蜜望實,800~1000張,0,0,0.0,0.0
2026/04/24,8043,蜜望實,千張大戶,12,1,58.5,-1.51
2026/04/24,8043,蜜望實,零股散戶,8564,90,0.9,0.04
2026/05/08,8043,蜜望實,100~200張,13,-6,2.24,-1.3
2026/05/08,8043,蜜望實,10~15張,119,-5,1.93,-0.08
2026/05/08,8043,蜜望實,15~20張,81,2,1.91,0.04
2026/05/08,8043,蜜望實,1~5張,9154,-132,19.17,-0.33
2026/05/08,8043,蜜望實,200~400張,11,5,4.07,1.89
2026/05/08,8043,蜜望實,20~30張,46,1,1.46,0.0
2026/05/08,8043,蜜望實,30~40張,15,2,0.65,0.08
2026/05/08,8043,蜜望實,400~600張,4,1,2.25,0.59
2026/05/08,8043,蜜望實,40~50張,5,-3,0.29,-0.16
2026/05/08,8043,蜜望實,50~100張,16,0,1.51,0.1
2026/05/08,8043,蜜望實,5~10張,551,-30,5.64,-0.24
2026/05/08,8043,蜜望實,600~800張,0,0,0.0,0.0
2026/05/08,8043,蜜望實,800~1000張,0,0,0.0,0.0
2026/05/08,8043,蜜望實,千張大戶,12,0,57.91,-0.61
2026/05/08,8043,蜜望實,零股散戶,8596,103,0.89,0.01
2026/05/15,8043,蜜望實,100~200張,12,-1,2.08,-0.16
2026/05/15,8043,蜜望實,10~15張,128,9,2.1,0.17
2026/05/15,8043,蜜望實,15~20張,61,-20,1.45,-0.46
2026/05/15,8043,蜜望實,1~5張,8716,-438,18.06,-1.11
2026/05/15,8043,蜜望實,200~400張,13,2,4.79,0.72
2026/05/15,8043,蜜望實,20~30張,48,2,1.55,0.09
2026/05/15,8043,蜜望實,30~40張,16,1,0.68,0.03
2026/05/15,8043,蜜望實,400~600張,5,1,2.87,0.62
2026/05/15,8043,蜜望實,40~50張,16,11,0.95,0.66
2026/05/15,8043,蜜望實,50~100張,14,-2,1.23,-0.28
2026/05/15,8043,蜜望實,5~10張,566,15,5.83,0.19
2026/05/15,8043,蜜望實,600~800張,3,3,2.67,2.67
2026/05/15,8043,蜜望實,800~1000張,0,0,0.0,0.0
2026/05/15,8043,蜜望實,千張大戶,11,-1,54.73,-3.18
2026/05/15,8043,蜜望實,零股散戶,8922,326,0.94,0.05
2026/05/22,8043,蜜望實,100~200張,11,-1,1.91,-0.17
2026/05/22,8043,蜜望實,10~15張,108,-20,1.76,-0.34
2026/05/22,8043,蜜望實,15~20張,71,10,1.66,0.21
2026/05/22,8043,蜜望實,1~5張,7843,-873,15.65,-2.41
2026/05/22,8043,蜜望實,200~400張,17,4,5.99,1.2
2026/05/22,8043,蜜望實,20~30張,33,-15,1.06,-0.49
2026/05/22,8043,蜜望實,30~40張,9,-7,0.38,-0.3
2026/05/22,8043,蜜望實,400~600張,8,3,4.74,1.87
2026/05/22,8043,蜜望實,40~50張,7,-9,0.41,-0.54
2026/05/22,8043,蜜望實,50~100張,13,-1,1.16,-0.07
2026/05/22,8043,蜜望實,5~10張,452,-114,4.64,-1.19
2026/05/22,8043,蜜望實,600~800張,1,-2,0.8,-1.87
2026/05/22,8043,蜜望實,800~1000張,1,1,1.08,1.08
2026/05/22,8043,蜜望實,千張大戶,13,2,57.63,2.9
2026/05/22,8043,蜜望實,零股散戶,9799,877,1.08,0.14
2026/05/29,8043,蜜望實,100~200張,15,4,2.56,0.65
2026/05/29,8043,蜜望實,10~15張,103,-5,1.65,-0.11
2026/05/29,8043,蜜望實,15~20張,66,-5,1.55,-0.11
2026/05/29,8043,蜜望實,1~5張,11525,3682,22.42,6.77
2026/05/29,8043,蜜望實,200~400張,9,-8,3.18,-2.81
2026/05/29,8043,蜜望實,20~30張,54,21,1.78,0.72
2026/05/29,8043,蜜望實,30~40張,15,6,0.67,0.29
2026/05/29,8043,蜜望實,400~600張,6,-2,3.62,-1.12
2026/05/29,8043,蜜望實,40~50張,11,4,0.65,0.24
2026/05/29,8043,蜜望實,50~100張,13,0,1.15,-0.01
2026/05/29,8043,蜜望實,5~10張,543,91,5.57,0.93
2026/05/29,8043,蜜望實,600~800張,2,1,1.81,1.01
2026/05/29,8043,蜜望實,800~1000張,0,-1,0.0,-1.08
2026/05/29,8043,蜜望實,千張大戶,10,-3,51.96,-5.67
2026/05/29,8043,蜜望實,零股散戶,11024,1225,1.36,0.28
2026/06/05,8043,蜜望實,100~200張,19,4,3.29,0.73
2026/06/05,8043,蜜望實,10~15張,106,3,1.73,0.08
2026/06/05,8043,蜜望實,15~20張,64,-2,1.51,-0.04
2026/06/05,8043,蜜望實,1~5張,10860,-665,21.25,-1.17
2026/06/05,8043,蜜望實,200~400張,7,-2,2.45,-0.73
2026/06/05,8043,蜜望實,20~30張,49,-5,1.57,-0.21
2026/06/05,8043,蜜望實,30~40張,11,-4,0.47,-0.2
2026/06/05,8043,蜜望實,400~600張,3,-3,1.83,-1.79
2026/06/05,8043,蜜望實,40~50張,6,-5,0.34,-0.31
2026/06/05,8043,蜜望實,50~100張,14,1,1.32,0.17
2026/06/05,8043,蜜望實,5~10張,540,-3,5.56,-0.01
2026/06/05,8043,蜜望實,600~800張,1,-1,0.88,-0.93
2026/06/05,8043,蜜望實,800~1000張,1,1,1.03,1.03
2026/06/05,8043,蜜望實,千張大戶,11,1,55.28,3.32
2026/06/05,8043,蜜望實,零股散戶,11450,426,1.43,0.07
2026/06/12,8043,蜜望實,100~200張,13,-6,2.08,-1.21
2026/06/12,8043,蜜望實,10~15張,108,2,1.75,0.02
2026/06/12,8043,蜜望實,15~20張,62,-2,1.47,-0.04
2026/06/12,8043,蜜望實,1~5張,11171,311,21.12,-0.13
2026/06/12,8043,蜜望實,200~400張,6,-1,1.94,-0.51
2026/06/12,8043,蜜望實,20~30張,46,-3,1.46,-0.11
2026/06/12,8043,蜜望實,30~40張,16,5,0.73,0.26
2026/06/12,8043,蜜望實,400~600張,7,4,4.04,2.21
2026/06/12,8043,蜜望實,40~50張,7,1,0.41,0.07
2026/06/12,8043,蜜望實,50~100張,16,2,1.53,0.21
2026/06/12,8043,蜜望實,5~10張,452,-88,4.56,-1.0
2026/06/12,8043,蜜望實,600~800張,3,2,2.71,1.83
2026/06/12,8043,蜜望實,800~1000張,1,0,1.24,0.21
2026/06/12,8043,蜜望實,千張大戶,11,0,53.18,-2.1
2026/06/12,8043,蜜望實,零股散戶,14092,2642,1.7,0.27
2026/06/26,8043,蜜望實,100~200張,14,2,2.38,0.52
2026/06/26,8043,蜜望實,10~15張,119,20,1.96,0.36
2026/06/26,8043,蜜望實,15~20張,83,20,1.97,0.49
2026/06/26,8043,蜜望實,1~5張,15064,3524,29.19,7.48
2026/06/26,8043,蜜望實,200~400張,9,3,2.99,0.75
2026/06/26,8043,蜜望實,20~30張,40,-6,1.29,-0.15
2026/06/26,8043,蜜望實,30~40張,11,0,0.47,-0.01
2026/06/26,8043,蜜望實,400~600張,3,-4,1.68,-2.43
2026/06/26,8043,蜜望實,40~50張,13,2,0.78,0.14
2026/06/26,8043,蜜望實,50~100張,15,-1,1.33,-0.21
2026/06/26,8043,蜜望實,5~10張,556,74,5.55,0.62
2026/06/26,8043,蜜望實,600~800張,1,-2,0.94,-1.75
2026/06/26,8043,蜜望實,800~1000張,0,0,0.0,0.0
2026/06/26,8043,蜜望實,千張大戶,10,-2,46.92,-6.36
2026/06/26,8043,蜜望實,零股散戶,17949,2043,2.48,0.53
2026/07/03,8043,蜜望實,100~200張,12,-2,2.02,-0.36
2026/07/03,8043,蜜望實,10~15張,119,0,1.91,-0.05
2026/07/03,8043,蜜望實,15~20張,79,-4,1.87,-0.1
2026/07/03,8043,蜜望實,1~5張,16168,1104,31.11,1.92
2026/07/03,8043,蜜望實,200~400張,10,1,3.57,0.58
2026/07/03,8043,蜜望實,20~30張,34,-6,1.13,-0.16
2026/07/03,8043,蜜望實,30~40張,15,4,0.65,0.18
2026/07/03,8043,蜜望實,400~600張,3,0,1.57,-0.11
2026/07/03,8043,蜜望實,40~50張,9,-4,0.55,-0.23
2026/07/03,8043,蜜望實,50~100張,11,-4,1.03,-0.3
2026/07/03,8043,蜜望實,5~10張,612,56,6.08,0.53
2026/07/03,8043,蜜望實,600~800張,2,1,1.72,0.78
2026/07/03,8043,蜜望實,800~1000張,1,1,1.06,1.06
2026/07/03,8043,蜜望實,千張大戶,10,0,43.2,-3.72
2026/07/03,8043,蜜望實,零股散戶,18453,504,2.62,0.14
2026/07/17,8043,蜜望實,100~200張,14,-1,2.4,-0.12
2026/07/17,8043,蜜望實,10~15張,145,15,2.35,0.26
2026/07/17,8043,蜜望實,15~20張,80,2,1.85,0.04
2026/07/17,8043,蜜望實,1~5張,17607,447,34.98,1.45
2026/07/17,8043,蜜望實,200~400張,11,1,4.25,0.78
2026/07/17,8043,蜜望實,20~30張,37,-2,1.19,-0.08
2026/07/17,8043,蜜望實,30~40張,19,1,0.82,0.04
2026/07/17,8043,蜜望實,400~600張,3,1,1.78,0.62
2026/07/17,8043,蜜望實,40~50張,3,-3,0.17,-0.18
2026/07/17,8043,蜜望實,50~100張,13,-3,1.15,-0.19
2026/07/17,8043,蜜望實,5~10張,687,29,6.76,0.26
2026/07/17,8043,蜜望實,600~800張,0,-1,0.0,-0.91
2026/07/17,8043,蜜望實,800~1000張,1,1,1.08,1.08
2026/07/17,8043,蜜望實,千張大戶,10,0,38.15,-3.19
2026/07/17,8043,蜜望實,零股散戶,19168,46,2.98,0.12
2026/07/24,8043,蜜望實,100~200張,11,-3,1.82,-0.58
2026/07/24,8043,蜜望實,10~15張,165,20,2.7,0.35
2026/07/24,8043,蜜望實,15~20張,64,-16,1.49,-0.36
2026/07/24,8043,蜜望實,1~5張,17546,-61,35.1,0.12
2026/07/24,8043,蜜望實,200~400張,10,-1,3.52,-0.73
2026/07/24,8043,蜜望實,20~30張,42,5,1.36,0.17
2026/07/24,8043,蜜望實,30~40張,20,1,0.86,0.04
2026/07/24,8043,蜜望實,400~600張,5,2,3.1,1.32
2026/07/24,8043,蜜望實,40~50張,7,4,0.4,0.23
2026/07/24,8043,蜜望實,50~100張,14,1,1.26,0.11
2026/07/24,8043,蜜望實,5~10張,707,20,6.95,0.19
2026/07/24,8043,蜜望實,600~800張,1,1,0.81,0.81
2026/07/24,8043,蜜望實,800~1000張,0,-1,0.0,-1.08
2026/07/24,8043,蜜望實,千張大戶,10,0,37.54,-0.61
2026/07/24,8043,蜜望實,零股散戶,19031,-137,3.01,0.03
2026/07/31,8043,蜜望實,100~200張,11,0,1.89,0.07
2026/07/31,8043,蜜望實,10~15張,164,-1,2.67,-0.03
2026/07/31,8043,蜜望實,15~20張,73,9,1.7,0.21
2026/07/31,8043,蜜望實,1~5張,17065,-481,34.23,-0.87
2026/07/31,8043,蜜望實,200~400張,12,2,4.45,0.93
2026/07/31,8043,蜜望實,20~30張,40,-2,1.3,-0.06
2026/07/31,8043,蜜望實,30~40張,21,1,0.91,0.05
2026/07/31,8043,蜜望實,400~600張,1,-4,0.5,-2.6
2026/07/31,8043,蜜望實,40~50張,5,-2,0.28,-0.12
2026/07/31,8043,蜜望實,50~100張,12,-2,1.1,-0.16
2026/07/31,8043,蜜望實,5~10張,708,1,6.94,-0.01
2026/07/31,8043,蜜望實,600~800張,2,1,1.66,0.85
2026/07/31,8043,蜜望實,800~1000張,0,0,0.0,0.0
2026/07/31,8043,蜜望實,千張大戶,11,1,39.31,1.77
2026/07/31,8043,蜜望實,零股散戶,18703,-328,2.98,-0.03
2026/04/24,8046,南電,100~200張,83,5,1.85,0.11
2026/04/24,8046,南電,10~15張,279,32,0.54,0.06
2026/04/24,8046,南電,15~20張,140,-8,0.39,-0.03
2026/04/24,8046,南電,1~5張,21568,3152,5.16,0.67
2026/04/24,8046,南電,200~400張,57,4,2.54,0.23
2026/04/24,8046,南電,20~30張,143,4,0.56,0.02
2026/04/24,8046,南電,30~40張,77,-2,0.42,0.0
2026/04/24,8046,南電,400~600張,19,-6,1.36,-0.5
2026/04/24,8046,南電,40~50張,49,7,0.34,0.05
2026/04/24,8046,南電,50~100張,100,4,1.14,0.03
2026/04/24,8046,南電,5~10張,1077,62,1.27,0.07
2026/04/24,8046,南電,600~800張,18,5,1.91,0.56
2026/04/24,8046,南電,800~1000張,6,-8,0.83,-1.1
2026/04/24,8046,南電,千張大戶,41,4,80.85,-0.29
2026/04/24,8046,南電,零股散戶,42388,8470,0.75,0.12
2026/05/08,8046,南電,100~200張,88,4,1.99,0.08
2026/05/08,8046,南電,10~15張,254,-1,0.5,0.0
2026/05/08,8046,南電,15~20張,131,-9,0.37,-0.02
2026/05/08,8046,南電,1~5張,21391,744,5.09,0.16
2026/05/08,8046,南電,200~400張,55,-2,2.47,-0.09
2026/05/08,8046,南電,20~30張,144,7,0.56,0.03
2026/05/08,8046,南電,30~40張,70,-5,0.38,-0.03
2026/05/08,8046,南電,400~600張,24,4,1.73,0.28
2026/05/08,8046,南電,40~50張,54,8,0.38,0.06
2026/05/08,8046,南電,50~100張,100,-2,1.1,-0.03
2026/05/08,8046,南電,5~10張,1052,30,1.24,0.03
2026/05/08,8046,南電,600~800張,17,-3,1.81,-0.27
2026/05/08,8046,南電,800~1000張,7,3,0.98,0.42
2026/05/08,8046,南電,千張大戶,39,-3,80.47,-0.73
2026/05/08,8046,南電,零股散戶,55439,10297,0.87,0.12
2026/05/15,8046,南電,100~200張,79,-9,1.74,-0.25
2026/05/15,8046,南電,10~15張,286,32,0.55,0.05
2026/05/15,8046,南電,15~20張,140,9,0.39,0.02
2026/05/15,8046,南電,1~5張,24686,3295,6.02,0.93
2026/05/15,8046,南電,200~400張,66,11,2.93,0.46
2026/05/15,8046,南電,20~30張,155,11,0.61,0.05
2026/05/15,8046,南電,30~40張,74,4,0.4,0.02
2026/05/15,8046,南電,400~600張,19,-5,1.42,-0.31
2026/05/15,8046,南電,40~50張,57,3,0.4,0.02
2026/05/15,8046,南電,50~100張,105,5,1.16,0.06
2026/05/15,8046,南電,5~10張,1160,108,1.36,0.12
2026/05/15,8046,南電,600~800張,17,0,1.85,0.04
2026/05/15,8046,南電,800~1000張,5,-2,0.69,-0.29
2026/05/15,8046,南電,千張大戶,36,-3,79.21,-1.26
2026/05/15,8046,南電,零股散戶,71016,15577,1.19,0.32
2026/05/22,8046,南電,100~200張,79,0,1.79,0.05
2026/05/22,8046,南電,10~15張,293,7,0.57,0.02
2026/05/22,8046,南電,15~20張,160,20,0.45,0.06
2026/05/22,8046,南電,1~5張,24597,-89,6.01,-0.01
2026/05/22,8046,南電,200~400張,59,-7,2.62,-0.31
2026/05/22,8046,南電,20~30張,147,-8,0.57,-0.04
2026/05/22,8046,南電,30~40張,75,1,0.41,0.01
2026/05/22,8046,南電,400~600張,22,3,1.64,0.22
2026/05/22,8046,南電,40~50張,63,6,0.44,0.04
2026/05/22,8046,南電,50~100張,112,7,1.23,0.07
2026/05/22,8046,南電,5~10張,1180,20,1.38,0.02
2026/05/22,8046,南電,600~800張,16,-1,1.75,-0.1
2026/05/22,8046,南電,800~1000張,4,-1,0.57,-0.12
2026/05/22,8046,南電,千張大戶,37,1,79.23,0.02
2026/05/22,8046,南電,零股散戶,72508,1492,1.27,0.08
2026/05/29,8046,南電,100~200張,72,-7,1.64,-0.15
2026/05/29,8046,南電,10~15張,314,21,0.61,0.04
2026/05/29,8046,南電,15~20張,173,13,0.49,0.04
2026/05/29,8046,南電,1~5張,26919,2322,6.65,0.64
2026/05/29,8046,南電,200~400張,58,-1,2.6,-0.02
2026/05/29,8046,南電,20~30張,150,3,0.58,0.01
2026/05/29,8046,南電,30~40張,78,3,0.42,0.01
2026/05/29,8046,南電,400~600張,25,3,1.83,0.19
2026/05/29,8046,南電,40~50張,64,1,0.45,0.01
2026/05/29,8046,南電,50~100張,119,7,1.31,0.08
2026/05/29,8046,南電,5~10張,1354,174,1.58,0.2
2026/05/29,8046,南電,600~800張,15,-1,1.61,-0.14
2026/05/29,8046,南電,800~1000張,6,2,0.84,0.27
2026/05/29,8046,南電,千張大戶,36,-1,77.83,-1.4
2026/05/29,8046,南電,零股散戶,85240,12732,1.49,0.22
2026/06/05,8046,南電,100~200張,73,1,1.64,0.0
2026/06/05,8046,南電,10~15張,306,-8,0.59,-0.02
2026/06/05,8046,南電,15~20張,154,-19,0.43,-0.06
2026/06/05,8046,南電,1~5張,25496,-1423,6.25,-0.4
2026/06/05,8046,南電,200~400張,56,-2,2.54,-0.06
2026/06/05,8046,南電,20~30張,153,3,0.59,0.01
2026/06/05,8046,南電,30~40張,78,0,0.42,0.0
2026/06/05,8046,南電,400~600張,22,-3,1.61,-0.22
2026/06/05,8046,南電,40~50張,65,1,0.45,0.0
2026/06/05,8046,南電,50~100張,115,-4,1.26,-0.05
2026/06/05,8046,南電,5~10張,1272,-82,1.48,-0.1
2026/06/05,8046,南電,600~800張,17,2,1.84,0.23
2026/06/05,8046,南電,800~1000張,5,-1,0.7,-0.14
2026/06/05,8046,南電,千張大戶,36,0,78.62,0.79
2026/06/05,8046,南電,零股散戶,84535,-705,1.48,-0.01
2026/06/12,8046,南電,100~200張,61,-12,1.36,-0.28
2026/06/12,8046,南電,10~15張,305,-1,0.59,0.0
2026/06/12,8046,南電,15~20張,154,0,0.43,0.0
2026/06/12,8046,南電,1~5張,26153,657,6.43,0.18
2026/06/12,8046,南電,200~400張,64,8,2.86,0.32
2026/06/12,8046,南電,20~30張,152,-1,0.58,-0.01
2026/06/12,8046,南電,30~40張,73,-5,0.4,-0.02
2026/06/12,8046,南電,400~600張,24,2,1.82,0.21
2026/06/12,8046,南電,40~50張,66,1,0.46,0.01
2026/06/12,8046,南電,50~100張,115,0,1.28,0.02
2026/06/12,8046,南電,5~10張,1298,26,1.51,0.03
2026/06/12,8046,南電,600~800張,15,-2,1.6,-0.24
2026/06/12,8046,南電,800~1000張,7,2,1.0,0.3
2026/06/12,8046,南電,千張大戶,38,2,78.09,-0.53
2026/06/12,8046,南電,零股散戶,85962,1427,1.53,0.05
2026/06/26,8046,南電,100~200張,65,5,1.5,0.1
2026/06/26,8046,南電,10~15張,268,-37,0.52,-0.07
2026/06/26,8046,南電,15~20張,135,-27,0.38,-0.08
2026/06/26,8046,南電,1~5張,19270,-6518,4.65,-1.66
2026/06/26,8046,南電,200~400張,64,-4,2.86,-0.21
2026/06/26,8046,南電,20~30張,157,-1,0.6,-0.01
2026/06/26,8046,南電,30~40張,76,0,0.41,0.0
2026/06/26,8046,南電,400~600張,27,1,2.08,0.14
2026/06/26,8046,南電,40~50張,56,-1,0.39,0.0
2026/06/26,8046,南電,50~100張,130,5,1.45,0.08
2026/06/26,8046,南電,5~10張,1015,-244,1.19,-0.27
2026/06/26,8046,南電,600~800張,17,6,1.86,0.67
2026/06/26,8046,南電,800~1000張,5,-1,0.73,-0.12
2026/06/26,8046,南電,千張大戶,38,-1,80.15,1.77
2026/06/26,8046,南電,零股散戶,73254,-10751,1.17,-0.31
2026/07/03,8046,南電,100~200張,72,7,1.63,0.13
2026/07/03,8046,南電,10~15張,249,-19,0.48,-0.04
2026/07/03,8046,南電,15~20張,127,-8,0.35,-0.03
2026/07/03,8046,南電,1~5張,16879,-2391,4.04,-0.61
2026/07/03,8046,南電,200~400張,67,3,3.0,0.14
2026/07/03,8046,南電,20~30張,148,-9,0.57,-0.03
2026/07/03,8046,南電,30~40張,81,5,0.44,0.03
2026/07/03,8046,南電,400~600張,21,-6,1.63,-0.45
2026/07/03,8046,南電,40~50張,53,-3,0.37,-0.02
2026/07/03,8046,南電,50~100張,124,-6,1.39,-0.06
2026/07/03,8046,南電,5~10張,903,-112,1.06,-0.13
2026/07/03,8046,南電,600~800張,17,0,1.86,0.0
2026/07/03,8046,南電,800~1000張,10,5,1.42,0.69
2026/07/03,8046,南電,千張大戶,39,1,80.73,0.58
2026/07/03,8046,南電,零股散戶,66328,-6926,0.96,-0.21
2026/07/17,8046,南電,100~200張,82,12,1.86,0.3
2026/07/17,8046,南電,10~15張,225,-14,0.44,-0.02
2026/07/17,8046,南電,15~20張,120,-1,0.34,0.01
2026/07/17,8046,南電,1~5張,15751,-666,3.8,-0.14
2026/07/17,8046,南電,200~400張,72,-1,3.2,0.0
2026/07/17,8046,南電,20~30張,141,-9,0.54,-0.04
2026/07/17,8046,南電,30~40張,75,-4,0.41,-0.02
2026/07/17,8046,南電,400~600張,28,5,2.15,0.34
2026/07/17,8046,南電,40~50張,44,-6,0.31,-0.04
2026/07/17,8046,南電,50~100張,132,-4,1.47,-0.06
2026/07/17,8046,南電,5~10張,862,-6,1.01,-0.01
2026/07/17,8046,南電,600~800張,12,-3,1.3,-0.33
2026/07/17,8046,南電,800~1000張,8,2,1.08,0.28
2026/07/17,8046,南電,千張大戶,46,2,81.15,-0.2
2026/07/17,8046,南電,零股散戶,64968,-2542,0.87,-0.08
2026/07/24,8046,南電,100~200張,89,7,2.01,0.15
2026/07/24,8046,南電,10~15張,224,-1,0.43,-0.01
2026/07/24,8046,南電,15~20張,126,6,0.35,0.01
2026/07/24,8046,南電,1~5張,16146,395,3.89,0.09
2026/07/24,8046,南電,200~400張,74,2,3.27,0.07
2026/07/24,8046,南電,20~30張,129,-12,0.5,-0.04
2026/07/24,8046,南電,30~40張,68,-7,0.37,-0.04
2026/07/24,8046,南電,400~600張,23,-5,1.76,-0.39
2026/07/24,8046,南電,40~50張,43,-1,0.3,-0.01
2026/07/24,8046,南電,50~100張,129,-3,1.42,-0.05
2026/07/24,8046,南電,5~10張,868,6,1.02,0.01
2026/07/24,8046,南電,600~800張,15,3,1.61,0.31
2026/07/24,8046,南電,800~1000張,11,3,1.5,0.42
2026/07/24,8046,南電,千張大戶,43,-3,80.58,-0.57
2026/07/24,8046,南電,零股散戶,67146,2178,0.91,0.04
2026/07/31,8046,南電,100~200張,84,-5,1.9,-0.11
2026/07/31,8046,南電,10~15張,231,7,0.45,0.02
2026/07/31,8046,南電,15~20張,131,5,0.36,0.01
2026/07/31,8046,南電,1~5張,17139,993,4.16,0.27
2026/07/31,8046,南電,200~400張,75,1,3.29,0.02
2026/07/31,8046,南電,20~30張,130,1,0.5,0.0
2026/07/31,8046,南電,30~40張,71,3,0.39,0.02
2026/07/31,8046,南電,400~600張,27,4,2.07,0.31
2026/07/31,8046,南電,40~50張,46,3,0.32,0.02
2026/07/31,8046,南電,50~100張,130,1,1.42,0.0
2026/07/31,8046,南電,5~10張,928,60,1.09,0.07
2026/07/31,8046,南電,600~800張,13,-2,1.4,-0.21
2026/07/31,8046,南電,800~1000張,9,-2,1.25,-0.25
2026/07/31,8046,南電,千張大戶,45,2,80.36,-0.22
2026/07/31,8046,南電,零股散戶,72365,5219,0.98,0.07
2026/04/24,8210,勤誠,100~200張,32,3,3.52,0.35
2026/04/24,8210,勤誠,10~15張,126,-6,1.26,-0.05
2026/04/24,8210,勤誠,15~20張,65,-5,0.92,-0.08
2026/04/24,8210,勤誠,1~5張,7295,-852,9.46,-0.97
2026/04/24,8210,勤誠,200~400張,13,-3,2.82,-0.74
2026/04/24,8210,勤誠,20~30張,69,1,1.38,0.01
2026/04/24,8210,勤誠,30~40張,34,-1,0.94,-0.03
2026/04/24,8210,勤誠,400~600張,12,3,4.66,1.21
2026/04/24,8210,勤誠,40~50張,25,6,0.9,0.22
2026/04/24,8210,勤誠,50~100張,57,-7,3.24,-0.4
2026/04/24,8210,勤誠,5~10張,413,-38,2.47,-0.21
2026/04/24,8210,勤誠,600~800張,1,-1,0.49,-0.53
2026/04/24,8210,勤誠,800~1000張,4,0,2.95,0.02
2026/04/24,8210,勤誠,千張大戶,18,1,63.07,1.34
2026/04/24,8210,勤誠,零股散戶,18975,-1619,1.84,-0.17
2026/05/08,8210,勤誠,100~200張,29,2,3.23,0.31
2026/05/08,8210,勤誠,10~15張,105,-13,1.05,-0.14
2026/05/08,8210,勤誠,15~20張,66,4,0.94,0.06
2026/05/08,8210,勤誠,1~5張,6544,-572,8.49,-0.72
2026/05/08,8210,勤誠,200~400張,20,0,4.35,-0.01
2026/05/08,8210,勤誠,20~30張,68,1,1.36,0.02
2026/05/08,8210,勤誠,30~40張,37,2,1.05,0.07
2026/05/08,8210,勤誠,400~600張,12,3,4.63,1.04
2026/05/08,8210,勤誠,40~50張,15,-6,0.53,-0.23
2026/05/08,8210,勤誠,50~100張,59,-1,3.23,-0.18
2026/05/08,8210,勤誠,5~10張,381,-15,2.26,-0.08
2026/05/08,8210,勤誠,600~800張,4,1,2.15,0.51
2026/05/08,8210,勤誠,800~1000張,5,1,3.62,0.71
2026/05/08,8210,勤誠,千張大戶,15,-2,61.32,-1.27
2026/05/08,8210,勤誠,零股散戶,19504,62,1.74,-0.07
2026/05/15,8210,勤誠,100~200張,32,3,3.43,0.2
2026/05/15,8210,勤誠,10~15張,94,-11,0.95,-0.1
2026/05/15,8210,勤誠,15~20張,62,-4,0.88,-0.06
2026/05/15,8210,勤誠,1~5張,5641,-903,7.15,-1.34
2026/05/15,8210,勤誠,200~400張,22,2,4.68,0.33
2026/05/15,8210,勤誠,20~30張,60,-8,1.19,-0.17
2026/05/15,8210,勤誠,30~40張,34,-3,0.94,-0.11
2026/05/15,8210,勤誠,400~600張,15,3,5.89,1.26
2026/05/15,8210,勤誠,40~50張,21,6,0.74,0.21
2026/05/15,8210,勤誠,50~100張,60,1,3.35,0.12
2026/05/15,8210,勤誠,5~10張,313,-68,1.85,-0.41
2026/05/15,8210,勤誠,600~800張,3,-1,1.56,-0.59
2026/05/15,8210,勤誠,800~1000張,4,-1,2.82,-0.8
2026/05/15,8210,勤誠,千張大戶,14,-1,62.94,1.62
2026/05/15,8210,勤誠,零股散戶,18841,-663,1.54,-0.2
2026/05/22,8210,勤誠,100~200張,32,0,3.43,0.0
2026/05/22,8210,勤誠,10~15張,97,3,0.97,0.02
2026/05/22,8210,勤誠,15~20張,59,-3,0.84,-0.04
2026/05/22,8210,勤誠,1~5張,5825,184,7.41,0.26
2026/05/22,8210,勤誠,200~400張,21,-1,4.45,-0.23
2026/05/22,8210,勤誠,20~30張,59,-1,1.17,-0.02
2026/05/22,8210,勤誠,30~40張,37,3,1.02,0.08
2026/05/22,8210,勤誠,400~600張,11,-4,4.37,-1.52
2026/05/22,8210,勤誠,40~50張,22,1,0.79,0.05
2026/05/22,8210,勤誠,50~100張,57,-3,3.21,-0.14
2026/05/22,8210,勤誠,5~10張,316,3,1.86,0.01
2026/05/22,8210,勤誠,600~800張,6,3,3.41,1.85
2026/05/22,8210,勤誠,800~1000張,5,1,3.49,0.67
2026/05/22,8210,勤誠,千張大戶,13,-1,61.93,-1.01
2026/05/22,8210,勤誠,零股散戶,18875,34,1.57,0.03
2026/05/29,8210,勤誠,100~200張,30,-2,3.25,-0.18
2026/05/29,8210,勤誠,10~15張,97,0,0.97,0.0
2026/05/29,8210,勤誠,15~20張,55,-4,0.79,-0.05
2026/05/29,8210,勤誠,1~5張,6345,520,8.12,0.71
2026/05/29,8210,勤誠,200~400張,24,3,5.33,0.88
2026/05/29,8210,勤誠,20~30張,63,4,1.25,0.08
2026/05/29,8210,勤誠,30~40張,30,-7,0.82,-0.2
2026/05/29,8210,勤誠,400~600張,11,0,4.33,-0.04
2026/05/29,8210,勤誠,40~50張,22,0,0.78,-0.01
2026/05/29,8210,勤誠,50~100張,58,1,3.3,0.09
2026/05/29,8210,勤誠,5~10張,344,28,2.04,0.18
2026/05/29,8210,勤誠,600~800張,4,-2,2.33,-1.08
2026/05/29,8210,勤誠,800~1000張,3,-2,2.18,-1.31
2026/05/29,8210,勤誠,千張大戶,14,1,62.67,0.74
2026/05/29,8210,勤誠,零股散戶,21295,2420,1.76,0.19
2026/06/05,8210,勤誠,100~200張,33,3,3.64,0.39
2026/06/05,8210,勤誠,10~15張,103,6,1.04,0.07
2026/06/05,8210,勤誠,15~20張,60,5,0.86,0.07
2026/06/05,8210,勤誠,1~5張,6295,-50,7.98,-0.14
2026/06/05,8210,勤誠,200~400張,27,3,5.95,0.62
2026/06/05,8210,勤誠,20~30張,60,-3,1.18,-0.07
2026/06/05,8210,勤誠,30~40張,30,0,0.82,0.0
2026/06/05,8210,勤誠,400~600張,12,1,4.7,0.37
2026/06/05,8210,勤誠,40~50張,21,-1,0.75,-0.03
2026/06/05,8210,勤誠,50~100張,50,-8,2.84,-0.46
2026/06/05,8210,勤誠,5~10張,340,-4,2.01,-0.03
2026/06/05,8210,勤誠,600~800張,3,-1,1.7,-0.63
2026/06/05,8210,勤誠,800~1000張,3,0,2.18,0.0
2026/06/05,8210,勤誠,千張大戶,14,0,62.47,-0.2
2026/06/05,8210,勤誠,零股散戶,21957,662,1.79,0.03
2026/06/12,8210,勤誠,100~200張,28,-5,3.02,-0.62
2026/06/12,8210,勤誠,10~15張,100,-3,0.99,-0.05
2026/06/12,8210,勤誠,15~20張,56,-4,0.81,-0.05
2026/06/12,8210,勤誠,1~5張,5958,-337,7.59,-0.39
2026/06/12,8210,勤誠,200~400張,23,-4,4.69,-1.26
2026/06/12,8210,勤誠,20~30張,62,2,1.22,0.04
2026/06/12,8210,勤誠,30~40張,31,1,0.84,0.02
2026/06/12,8210,勤誠,400~600張,11,-1,4.18,-0.52
2026/06/12,8210,勤誠,40~50張,21,0,0.74,-0.01
2026/06/12,8210,勤誠,50~100張,55,5,3.16,0.32
2026/06/12,8210,勤誠,5~10張,334,-6,1.98,-0.03
2026/06/12,8210,勤誠,600~800張,5,2,2.78,1.08
2026/06/12,8210,勤誠,800~1000張,4,1,2.83,0.65
2026/06/12,8210,勤誠,千張大戶,14,0,63.4,0.93
2026/06/12,8210,勤誠,零股散戶,20974,-983,1.69,-0.1
2026/06/26,8210,勤誠,100~200張,27,-5,3.06,-0.52
2026/06/26,8210,勤誠,10~15張,106,7,1.05,0.07
2026/06/26,8210,勤誠,15~20張,48,-5,0.69,-0.08
2026/06/26,8210,勤誠,1~5張,6691,384,8.68,0.63
2026/06/26,8210,勤誠,200~400張,25,1,5.37,0.26
2026/06/26,8210,勤誠,20~30張,63,-3,1.26,-0.05
2026/06/26,8210,勤誠,30~40張,30,2,0.81,0.05
2026/06/26,8210,勤誠,400~600張,10,2,4.04,0.87
2026/06/26,8210,勤誠,40~50張,16,-2,0.57,-0.07
2026/06/26,8210,勤誠,50~100張,49,2,2.73,0.1
2026/06/26,8210,勤誠,5~10張,391,37,2.32,0.22
2026/06/26,8210,勤誠,600~800張,2,-3,1.08,-1.69
2026/06/26,8210,勤誠,800~1000張,5,2,3.69,1.59
2026/06/26,8210,勤誠,千張大戶,13,-2,62.62,-1.56
2026/06/26,8210,勤誠,零股散戶,23263,1220,1.95,0.17
2026/07/03,8210,勤誠,100~200張,25,-2,2.58,-0.48
2026/07/03,8210,勤誠,10~15張,110,4,1.09,0.04
2026/07/03,8210,勤誠,15~20張,50,2,0.72,0.03
2026/07/03,8210,勤誠,1~5張,6792,101,8.92,0.24
2026/07/03,8210,勤誠,200~400張,24,-1,5.35,-0.02
2026/07/03,8210,勤誠,20~30張,64,1,1.28,0.02
2026/07/03,8210,勤誠,30~40張,32,2,0.88,0.07
2026/07/03,8210,勤誠,400~600張,11,1,4.39,0.35
2026/07/03,8210,勤誠,40~50張,15,-1,0.53,-0.04
2026/07/03,8210,勤誠,50~100張,54,5,3.03,0.3
2026/07/03,8210,勤誠,5~10張,394,3,2.35,0.03
2026/07/03,8210,勤誠,600~800張,1,-1,0.53,-0.55
2026/07/03,8210,勤誠,800~1000張,5,0,3.64,-0.05
2026/07/03,8210,勤誠,千張大戶,13,0,62.61,-0.01
2026/07/03,8210,勤誠,零股散戶,23766,503,2.03,0.08
2026/07/17,8210,勤誠,100~200張,29,-2,3.22,-0.1
2026/07/17,8210,勤誠,10~15張,115,1,1.14,0.01
2026/07/17,8210,勤誠,15~20張,49,-2,0.7,-0.02
2026/07/17,8210,勤誠,1~5張,6943,-15,9.18,-0.01
2026/07/17,8210,勤誠,200~400張,23,-1,5.09,-0.39
2026/07/17,8210,勤誠,20~30張,62,-1,1.24,-0.01
2026/07/17,8210,勤誠,30~40張,35,0,0.97,0.01
2026/07/17,8210,勤誠,400~600張,8,-1,3.06,-0.51
2026/07/17,8210,勤誠,40~50張,13,-2,0.46,-0.07
2026/07/17,8210,勤誠,50~100張,48,4,2.71,0.32
2026/07/17,8210,勤誠,5~10張,422,0,2.49,-0.01
2026/07/17,8210,勤誠,600~800張,3,2,1.55,1.02
2026/07/17,8210,勤誠,800~1000張,5,0,3.49,-0.15
2026/07/17,8210,勤誠,千張大戶,13,0,62.51,-0.1
2026/07/17,8210,勤誠,零股散戶,24040,65,2.11,0.03
2026/07/24,8210,勤誠,100~200張,28,-1,3.16,-0.06
2026/07/24,8210,勤誠,10~15張,120,5,1.2,0.06
2026/07/24,8210,勤誠,15~20張,48,-1,0.69,-0.01
2026/07/24,8210,勤誠,1~5張,6895,-48,9.13,-0.05
2026/07/24,8210,勤誠,200~400張,24,1,5.25,0.16
2026/07/24,8210,勤誠,20~30張,64,2,1.26,0.02
2026/07/24,8210,勤誠,30~40張,33,-2,0.91,-0.06
2026/07/24,8210,勤誠,400~600張,7,-1,2.81,-0.25
2026/07/24,8210,勤誠,40~50張,15,2,0.54,0.08
2026/07/24,8210,勤誠,50~100張,50,2,2.78,0.07
2026/07/24,8210,勤誠,5~10張,421,-1,2.48,-0.01
2026/07/24,8210,勤誠,600~800張,3,0,1.61,0.06
2026/07/24,8210,勤誠,800~1000張,5,0,3.51,0.02
2026/07/24,8210,勤誠,千張大戶,13,0,62.51,0.0
2026/07/24,8210,勤誠,零股散戶,23844,-196,2.09,-0.02
2026/07/31,8210,勤誠,100~200張,26,-2,2.98,-0.18
2026/07/31,8210,勤誠,10~15張,119,-1,1.19,-0.01
2026/07/31,8210,勤誠,15~20張,49,1,0.71,0.02
2026/07/31,8210,勤誠,1~5張,6862,-33,9.14,0.01
2026/07/31,8210,勤誠,200~400張,26,2,5.71,0.46
2026/07/31,8210,勤誠,20~30張,63,-1,1.23,-0.03
2026/07/31,8210,勤誠,30~40張,37,4,1.02,0.11
2026/07/31,8210,勤誠,400~600張,7,0,2.79,-0.02
2026/07/31,8210,勤誠,40~50張,14,-1,0.5,-0.04
2026/07/31,8210,勤誠,50~100張,50,0,2.79,0.01
2026/07/31,8210,勤誠,5~10張,421,0,2.46,-0.02
2026/07/31,8210,勤誠,600~800張,4,1,2.11,0.5
2026/07/31,8210,勤誠,800~1000張,3,-2,2.07,-1.44
2026/07/31,8210,勤誠,千張大戶,14,1,63.12,0.61
2026/07/31,8210,勤誠,零股散戶,23879,35,2.11,0.02
2026/04/24,8299,群聯,100~200張,83,8,5.36,0.52
2026/04/24,8299,群聯,10~15張,411,-4,2.35,-0.04
2026/04/24,8299,群聯,15~20張,224,-14,1.8,-0.11
2026/04/24,8299,群聯,1~5張,18928,-662,14.4,-0.6
2026/04/24,8299,群聯,200~400張,38,-7,5.02,-0.79
2026/04/24,8299,群聯,20~30張,218,11,2.47,0.13
2026/04/24,8299,群聯,30~40張,106,-6,1.67,-0.1
2026/04/24,8299,群聯,400~600張,21,-3,4.59,-0.63
2026/04/24,8299,群聯,40~50張,79,-4,1.62,-0.08
2026/04/24,8299,群聯,50~100張,151,1,4.66,0.03
2026/04/24,8299,群聯,5~10張,1231,-42,4.19,-0.13
2026/04/24,8299,群聯,600~800張,9,-4,2.97,-1.21
2026/04/24,8299,群聯,800~1000張,8,-1,3.23,-0.55
2026/04/24,8299,群聯,千張大戶,35,6,41.35,3.7
2026/04/24,8299,群聯,零股散戶,104446,-3299,4.24,-0.14
2026/05/08,8299,群聯,100~200張,86,2,5.45,0.09
2026/05/08,8299,群聯,10~15張,360,-13,2.06,-0.08
2026/05/08,8299,群聯,15~20張,230,13,1.86,0.11
2026/05/08,8299,群聯,1~5張,16440,-717,12.3,-0.61
2026/05/08,8299,群聯,200~400張,44,-2,5.74,-0.11
2026/05/08,8299,群聯,20~30張,206,-2,2.34,-0.04
2026/05/08,8299,群聯,30~40張,111,11,1.74,0.15
2026/05/08,8299,群聯,400~600張,19,1,4.16,0.31
2026/05/08,8299,群聯,40~50張,77,-12,1.58,-0.24
2026/05/08,8299,群聯,50~100張,146,5,4.51,0.13
2026/05/08,8299,群聯,5~10張,1125,-37,3.82,-0.15
2026/05/08,8299,群聯,600~800張,9,-1,2.95,-0.34
2026/05/08,8299,群聯,800~1000張,7,0,2.96,0.08
2026/05/08,8299,群聯,千張大戶,38,1,44.89,0.9
2026/05/08,8299,群聯,零股散戶,95613,-1345,3.58,-0.2
2026/05/15,8299,群聯,100~200張,84,-2,5.44,-0.01
2026/05/15,8299,群聯,10~15張,357,-3,2.03,-0.03
2026/05/15,8299,群聯,15~20張,229,-1,1.84,-0.02
2026/05/15,8299,群聯,1~5張,16613,173,12.45,0.15
2026/05/15,8299,群聯,200~400張,46,2,5.83,0.09
2026/05/15,8299,群聯,20~30張,194,-12,2.2,-0.14
2026/05/15,8299,群聯,30~40張,110,-1,1.72,-0.02
2026/05/15,8299,群聯,400~600張,25,6,5.46,1.3
2026/05/15,8299,群聯,40~50張,82,5,1.68,0.1
2026/05/15,8299,群聯,50~100張,142,-4,4.39,-0.12
2026/05/15,8299,群聯,5~10張,1112,-13,3.77,-0.05
2026/05/15,8299,群聯,600~800張,9,0,3.0,0.05
2026/05/15,8299,群聯,800~1000張,5,-2,2.06,-0.9
2026/05/15,8299,群聯,千張大戶,36,-2,44.38,-0.51
2026/05/15,8299,群聯,零股散戶,103272,7659,3.69,0.11
2026/05/22,8299,群聯,100~200張,82,-2,5.19,-0.25
2026/05/22,8299,群聯,10~15張,404,47,2.29,0.26
2026/05/22,8299,群聯,15~20張,247,18,1.99,0.15
2026/05/22,8299,群聯,1~5張,19294,2681,14.7,2.25
2026/05/22,8299,群聯,200~400張,46,0,5.67,-0.16
2026/05/22,8299,群聯,20~30張,204,10,2.32,0.12
2026/05/22,8299,群聯,30~40張,112,2,1.78,0.06
2026/05/22,8299,群聯,400~600張,22,-3,4.81,-0.65
2026/05/22,8299,群聯,40~50張,81,-1,1.65,-0.03
2026/05/22,8299,群聯,50~100張,143,1,4.41,0.02
2026/05/22,8299,群聯,5~10張,1243,131,4.2,0.43
2026/05/22,8299,群聯,600~800張,11,2,3.71,0.71
2026/05/22,8299,群聯,800~1000張,5,0,2.15,0.09
2026/05/22,8299,群聯,千張大戶,35,-1,40.35,-4.03
2026/05/22,8299,群聯,零股散戶,127753,24481,4.7,1.01
2026/05/29,8299,群聯,100~200張,78,-4,4.93,-0.26
2026/05/29,8299,群聯,10~15張,409,5,2.34,0.05
2026/05/29,8299,群聯,15~20張,236,-11,1.9,-0.09
2026/05/29,8299,群聯,1~5張,20452,1158,15.45,0.75
2026/05/29,8299,群聯,200~400張,48,2,5.95,0.28
2026/05/29,8299,群聯,20~30張,215,11,2.47,0.15
2026/05/29,8299,群聯,30~40張,106,-6,1.68,-0.1
2026/05/29,8299,群聯,400~600張,19,-3,4.06,-0.75
2026/05/29,8299,群聯,40~50張,78,-3,1.59,-0.06
2026/05/29,8299,群聯,50~100張,150,7,4.6,0.19
2026/05/29,8299,群聯,5~10張,1306,63,4.45,0.25
2026/05/29,8299,群聯,600~800張,9,-2,3.03,-0.68
2026/05/29,8299,群聯,800~1000張,9,4,3.67,1.52
2026/05/29,8299,群聯,千張大戶,35,0,38.68,-1.67
2026/05/29,8299,群聯,零股散戶,136839,9086,5.12,0.42
2026/06/05,8299,群聯,100~200張,79,1,4.88,-0.05
2026/06/05,8299,群聯,10~15張,431,22,2.47,0.13
2026/06/05,8299,群聯,15~20張,240,4,1.93,0.03
2026/06/05,8299,群聯,1~5張,21103,651,15.87,0.42
2026/06/05,8299,群聯,200~400張,47,-1,6.05,0.1
2026/06/05,8299,群聯,20~30張,228,13,2.61,0.14
2026/06/05,8299,群聯,30~40張,112,6,1.79,0.11
2026/06/05,8299,群聯,400~600張,19,0,4.06,0.0
2026/06/05,8299,群聯,40~50張,75,-3,1.54,-0.05
2026/06/05,8299,群聯,50~100張,150,0,4.65,0.05
2026/06/05,8299,群聯,5~10張,1353,47,4.58,0.13
2026/06/05,8299,群聯,600~800張,13,4,4.3,1.27
2026/06/05,8299,群聯,800~1000張,5,-4,2.04,-1.63
2026/06/05,8299,群聯,千張大戶,35,0,37.91,-0.77
2026/06/05,8299,群聯,零股散戶,140840,4001,5.26,0.14
2026/06/12,8299,群聯,100~200張,81,2,5.05,0.17
2026/06/12,8299,群聯,10~15張,413,-18,2.37,-0.1
2026/06/12,8299,群聯,15~20張,244,4,1.96,0.03
2026/06/12,8299,群聯,1~5張,21881,778,16.69,0.82
2026/06/12,8299,群聯,200~400張,50,3,6.49,0.44
2026/06/12,8299,群聯,20~30張,225,-3,2.58,-0.03
2026/06/12,8299,群聯,30~40張,104,-8,1.66,-0.13
2026/06/12,8299,群聯,400~600張,19,0,4.08,0.02
2026/06/12,8299,群聯,40~50張,79,4,1.63,0.09
2026/06/12,8299,群聯,50~100張,148,-2,4.58,-0.07
2026/06/12,8299,群聯,5~10張,1454,101,4.91,0.33
2026/06/12,8299,群聯,600~800張,9,-4,2.99,-1.31
2026/06/12,8299,群聯,800~1000張,8,3,3.21,1.17
2026/06/12,8299,群聯,千張大戶,31,-4,35.9,-2.01
2026/06/12,8299,群聯,零股散戶,150823,9983,5.84,0.58
2026/06/26,8299,群聯,100~200張,88,5,5.58,0.34
2026/06/26,8299,群聯,10~15張,437,-14,2.51,-0.08
2026/06/26,8299,群聯,15~20張,259,15,2.1,0.13
2026/06/26,8299,群聯,1~5張,22136,-147,16.76,-0.22
2026/06/26,8299,群聯,200~400張,42,-5,5.41,-0.55
2026/06/26,8299,群聯,20~30張,217,-4,2.48,-0.05
2026/06/26,8299,群聯,30~40張,109,-4,1.74,-0.06
2026/06/26,8299,群聯,400~600張,23,1,5.08,0.3
2026/06/26,8299,群聯,40~50張,80,-4,1.65,-0.07
2026/06/26,8299,群聯,50~100張,148,7,4.53,0.18
2026/06/26,8299,群聯,5~10張,1462,-29,4.94,-0.09
2026/06/26,8299,群聯,600~800張,12,4,3.92,1.3
2026/06/26,8299,群聯,800~1000張,3,-5,1.2,-2.05
2026/06/26,8299,群聯,千張大戶,31,0,36.09,0.98
2026/06/26,8299,群聯,零股散戶,152257,-1194,5.94,-0.07
2026/07/03,8299,群聯,100~200張,84,-4,5.29,-0.29
2026/07/03,8299,群聯,10~15張,438,1,2.51,0.0
2026/07/03,8299,群聯,15~20張,275,16,2.22,0.12
2026/07/03,8299,群聯,1~5張,22327,191,17.02,0.26
2026/07/03,8299,群聯,200~400張,45,3,5.84,0.43
2026/07/03,8299,群聯,20~30張,217,0,2.48,0.0
2026/07/03,8299,群聯,30~40張,110,1,1.76,0.02
2026/07/03,8299,群聯,400~600張,20,-3,4.47,-0.61
2026/07/03,8299,群聯,40~50張,79,-1,1.63,-0.02
2026/07/03,8299,群聯,50~100張,147,-1,4.49,-0.04
2026/07/03,8299,群聯,5~10張,1476,14,5.0,0.06
2026/07/03,8299,群聯,600~800張,10,-2,3.14,-0.78
2026/07/03,8299,群聯,800~1000張,8,5,3.26,2.06
2026/07/03,8299,群聯,千張大戶,30,-1,34.66,-1.43
2026/07/03,8299,群聯,零股散戶,155858,3601,6.16,0.22
2026/07/17,8299,群聯,100~200張,82,1,5.23,0.13
2026/07/17,8299,群聯,10~15張,468,18,2.69,0.1
2026/07/17,8299,群聯,15~20張,268,-5,2.17,-0.03
2026/07/17,8299,群聯,1~5張,23109,514,17.84,0.51
2026/07/17,8299,群聯,200~400張,44,-2,5.61,-0.29
2026/07/17,8299,群聯,20~30張,237,20,2.7,0.23
2026/07/17,8299,群聯,30~40張,115,3,1.84,0.06
2026/07/17,8299,群聯,400~600張,23,2,4.96,0.33
2026/07/17,8299,群聯,40~50張,80,3,1.64,0.06
2026/07/17,8299,群聯,50~100張,139,-11,4.31,-0.28
2026/07/17,8299,群聯,5~10張,1545,55,5.21,0.17
2026/07/17,8299,群聯,600~800張,8,-6,2.63,-1.8
2026/07/17,8299,群聯,800~1000張,4,-1,1.59,-0.42
2026/07/17,8299,群聯,千張大戶,32,3,34.96,0.98
2026/07/17,8299,群聯,零股散戶,161584,4486,6.56,0.26
2026/07/24,8299,群聯,100~200張,77,-5,4.99,-0.24
2026/07/24,8299,群聯,10~15張,476,8,2.73,0.04
2026/07/24,8299,群聯,15~20張,277,9,2.24,0.07
2026/07/24,8299,群聯,1~5張,23270,161,18.02,0.18
2026/07/24,8299,群聯,200~400張,45,1,5.77,0.16
2026/07/24,8299,群聯,20~30張,243,6,2.77,0.07
2026/07/24,8299,群聯,30~40張,121,6,1.92,0.08
2026/07/24,8299,群聯,400~600張,22,-1,4.7,-0.26
2026/07/24,8299,群聯,40~50張,83,3,1.71,0.07
2026/07/24,8299,群聯,50~100張,135,-4,4.22,-0.09
2026/07/24,8299,群聯,5~10張,1563,18,5.25,0.04
2026/07/24,8299,群聯,600~800張,6,-2,2.0,-0.63
2026/07/24,8299,群聯,800~1000張,9,5,3.73,2.14
2026/07/24,8299,群聯,千張大戶,29,-3,33.16,-1.8
2026/07/24,8299,群聯,零股散戶,162395,811,6.7,0.14
2026/07/31,8299,群聯,100~200張,80,3,5.22,0.23
2026/07/31,8299,群聯,10~15張,499,23,2.88,0.15
2026/07/31,8299,群聯,15~20張,266,-11,2.16,-0.08
2026/07/31,8299,群聯,1~5張,23830,560,18.59,0.57
2026/07/31,8299,群聯,200~400張,42,-3,5.3,-0.47
2026/07/31,8299,群聯,20~30張,248,5,2.82,0.05
2026/07/31,8299,群聯,30~40張,126,5,2.0,0.08
2026/07/31,8299,群聯,400~600張,20,-2,4.36,-0.34
2026/07/31,8299,群聯,40~50張,84,1,1.73,0.02
2026/07/31,8299,群聯,50~100張,140,5,4.35,0.13
2026/07/31,8299,群聯,5~10張,1670,107,5.6,0.35
2026/07/31,8299,群聯,600~800張,7,1,2.32,0.32
2026/07/31,8299,群聯,800~1000張,6,-3,2.45,-1.28
2026/07/31,8299,群聯,千張大戶,29,0,33.18,0.02
2026/07/31,8299,群聯,零股散戶,164313,1918,6.96,0.26
2026/04/24,8996,高力,100~200張,49,-1,7.36,-0.22
2026/04/24,8996,高力,10~15張,104,-1,1.41,0.01
2026/04/24,8996,高力,15~20張,73,-8,1.4,-0.17
2026/04/24,8996,高力,1~5張,3824,25,6.55,0.08
2026/04/24,8996,高力,200~400張,48,0,14.01,-0.1
2026/04/24,8996,高力,20~30張,63,3,1.68,0.07
2026/04/24,8996,高力,30~40張,36,-1,1.37,-0.05
2026/04/24,8996,高力,400~600張,14,-2,7.55,-1.19
2026/04/24,8996,高力,40~50張,33,1,1.63,0.05
2026/04/24,8996,高力,50~100張,84,-1,6.42,-0.1
2026/04/24,8996,高力,5~10張,290,4,2.43,0.06
2026/04/24,8996,高力,600~800張,6,2,4.51,1.39
2026/04/24,8996,高力,800~1000張,6,1,5.66,0.75
2026/04/24,8996,高力,千張大戶,17,-1,36.62,-0.66
2026/04/24,8996,高力,零股散戶,24535,784,1.32,0.07
2026/05/08,8996,高力,100~200張,47,-4,7.11,-0.89
2026/05/08,8996,高力,10~15張,109,5,1.47,0.07
2026/05/08,8996,高力,15~20張,73,3,1.39,0.05
2026/05/08,8996,高力,1~5張,4666,601,7.86,0.94
2026/05/08,8996,高力,200~400張,44,3,13.04,0.89
2026/05/08,8996,高力,20~30張,71,-1,1.88,-0.03
2026/05/08,8996,高力,30~40張,35,-1,1.35,-0.01
2026/05/08,8996,高力,400~600張,15,-3,8.09,-1.7
2026/05/08,8996,高力,40~50張,30,-1,1.46,-0.06
2026/05/08,8996,高力,50~100張,87,0,6.76,0.13
2026/05/08,8996,高力,5~10張,306,-4,2.54,-0.03
2026/05/08,8996,高力,600~800張,7,2,5.28,1.5
2026/05/08,8996,高力,800~1000張,5,0,4.71,-0.07
2026/05/08,8996,高力,千張大戶,17,0,35.3,-1.09
2026/05/08,8996,高力,零股散戶,28466,3518,1.69,0.3
2026/05/15,8996,高力,100~200張,46,-1,6.7,-0.41
2026/05/15,8996,高力,10~15張,116,7,1.56,0.09
2026/05/15,8996,高力,15~20張,79,6,1.51,0.12
2026/05/15,8996,高力,1~5張,4922,256,8.28,0.42
2026/05/15,8996,高力,200~400張,46,2,13.61,0.57
2026/05/15,8996,高力,20~30張,70,-1,1.86,-0.02
2026/05/15,8996,高力,30~40張,34,-1,1.31,-0.04
2026/05/15,8996,高力,400~600張,14,-1,7.25,-0.84
2026/05/15,8996,高力,40~50張,27,-3,1.31,-0.15
2026/05/15,8996,高力,50~100張,87,0,6.66,-0.1
2026/05/15,8996,高力,5~10張,306,0,2.51,-0.03
2026/05/15,8996,高力,600~800張,8,1,5.84,0.56
2026/05/15,8996,高力,800~1000張,7,2,6.42,1.71
2026/05/15,8996,高力,千張大戶,17,0,33.2,-2.1
2026/05/15,8996,高力,零股散戶,30068,1602,1.9,0.21
2026/05/22,8996,高力,100~200張,48,2,7.19,0.49
2026/05/22,8996,高力,10~15張,119,3,1.61,0.05
2026/05/22,8996,高力,15~20張,77,-2,1.47,-0.04
2026/05/22,8996,高力,1~5張,4880,-42,8.24,-0.04
2026/05/22,8996,高力,200~400張,42,-4,12.3,-1.31
2026/05/22,8996,高力,20~30張,73,3,1.93,0.07
2026/05/22,8996,高力,30~40張,33,-1,1.27,-0.04
2026/05/22,8996,高力,400~600張,17,3,8.94,1.69
2026/05/22,8996,高力,40~50張,31,4,1.51,0.2
2026/05/22,8996,高力,50~100張,82,-5,6.41,-0.25
2026/05/22,8996,高力,5~10張,304,-2,2.5,-0.01
2026/05/22,8996,高力,600~800張,8,0,5.94,0.1
2026/05/22,8996,高力,800~1000張,5,-2,4.55,-1.87
2026/05/22,8996,高力,千張大戶,19,2,34.12,0.92
2026/05/22,8996,高力,零股散戶,30469,401,1.96,0.06
2026/05/29,8996,高力,100~200張,50,2,7.46,0.27
2026/05/29,8996,高力,10~15張,117,-2,1.57,-0.04
2026/05/29,8996,高力,15~20張,81,4,1.57,0.1
2026/05/29,8996,高力,1~5張,4803,-77,8.07,-0.17
2026/05/29,8996,高力,200~400張,46,4,13.53,1.23
2026/05/29,8996,高力,20~30張,74,1,1.98,0.05
2026/05/29,8996,高力,30~40張,32,-1,1.23,-0.04
2026/05/29,8996,高力,400~600張,22,5,11.96,3.02
2026/05/29,8996,高力,40~50張,25,-6,1.23,-0.28
2026/05/29,8996,高力,50~100張,87,5,6.84,0.43
2026/05/29,8996,高力,5~10張,314,10,2.61,0.11
2026/05/29,8996,高力,600~800張,7,-1,5.24,-0.7
2026/05/29,8996,高力,800~1000張,5,0,4.75,0.2
2026/05/29,8996,高力,千張大戶,17,-2,30.06,-4.06
2026/05/29,8996,高力,零股散戶,29759,-710,1.85,-0.11
2026/06/05,8996,高力,100~200張,50,0,7.48,0.02
2026/06/05,8996,高力,10~15張,122,5,1.65,0.08
2026/06/05,8996,高力,15~20張,81,0,1.57,0.0
2026/06/05,8996,高力,1~5張,4791,-12,8.0,-0.07
2026/06/05,8996,高力,200~400張,45,-1,13.18,-0.35
2026/06/05,8996,高力,20~30張,73,-1,1.95,-0.03
2026/06/05,8996,高力,30~40張,31,-1,1.17,-0.06
2026/06/05,8996,高力,400~600張,18,-4,9.85,-2.11
2026/06/05,8996,高力,40~50張,31,6,1.52,0.29
2026/06/05,8996,高力,50~100張,87,0,6.8,-0.04
2026/06/05,8996,高力,5~10張,309,-5,2.56,-0.05
2026/06/05,8996,高力,600~800張,9,2,6.61,1.37
2026/06/05,8996,高力,800~1000張,5,0,4.86,0.11
2026/06/05,8996,高力,千張大戶,17,0,30.79,0.73
2026/06/05,8996,高力,零股散戶,30495,736,1.93,0.08
2026/06/12,8996,高力,100~200張,56,6,8.51,1.03
2026/06/12,8996,高力,10~15張,104,-18,1.4,-0.25
2026/06/12,8996,高力,15~20張,63,-18,1.22,-0.35
2026/06/12,8996,高力,1~5張,3893,-898,6.61,-1.39
2026/06/12,8996,高力,200~400張,47,2,14.28,1.1
2026/06/12,8996,高力,20~30張,79,6,2.12,0.17
2026/06/12,8996,高力,30~40張,33,2,1.27,0.1
2026/06/12,8996,高力,400~600張,16,-2,8.73,-1.12
2026/06/12,8996,高力,40~50張,35,4,1.74,0.22
2026/06/12,8996,高力,50~100張,86,-1,6.62,-0.18
2026/06/12,8996,高力,5~10張,281,-28,2.36,-0.2
2026/06/12,8996,高力,600~800張,6,-3,4.45,-2.16
2026/06/12,8996,高力,800~1000張,8,3,7.61,2.75
2026/06/12,8996,高力,千張大戶,17,0,31.46,0.67
2026/06/12,8996,高力,零股散戶,27566,-2929,1.56,-0.37
2026/06/26,8996,高力,100~200張,54,-6,8.14,-1.28
2026/06/26,8996,高力,10~15張,113,0,1.52,0.0
2026/06/26,8996,高力,15~20張,59,-1,1.13,-0.02
2026/06/26,8996,高力,1~5張,3466,222,5.94,0.34
2026/06/26,8996,高力,200~400張,49,3,14.85,0.86
2026/06/26,8996,高力,20~30張,75,-10,2.02,-0.29
2026/06/26,8996,高力,30~40張,40,0,1.54,0.0
2026/06/26,8996,高力,400~600張,18,5,9.86,2.8
2026/06/26,8996,高力,40~50張,32,3,1.55,0.12
2026/06/26,8996,高力,50~100張,96,4,7.67,0.53
2026/06/26,8996,高力,5~10張,274,0,2.3,0.01
2026/06/26,8996,高力,600~800張,5,-3,3.58,-2.14
2026/06/26,8996,高力,800~1000張,4,-4,3.78,-4.06
2026/06/26,8996,高力,千張大戶,18,1,34.56,3.02
2026/06/26,8996,高力,零股散戶,27167,1455,1.48,0.1
2026/07/03,8996,高力,100~200張,58,4,8.7,0.56
2026/07/03,8996,高力,10~15張,129,16,1.73,0.21
2026/07/03,8996,高力,15~20張,63,4,1.21,0.08
2026/07/03,8996,高力,1~5張,3457,-9,5.95,0.01
2026/07/03,8996,高力,200~400張,49,0,14.82,-0.03
2026/07/03,8996,高力,20~30張,81,6,2.2,0.18
2026/07/03,8996,高力,30~40張,37,-3,1.42,-0.12
2026/07/03,8996,高力,400~600張,17,-1,9.38,-0.48
2026/07/03,8996,高力,40~50張,31,-1,1.51,-0.04
2026/07/03,8996,高力,50~100張,90,-6,7.14,-0.53
2026/07/03,8996,高力,5~10張,253,-21,2.11,-0.19
2026/07/03,8996,高力,600~800張,5,0,3.64,0.06
2026/07/03,8996,高力,800~1000張,6,2,5.76,1.98
2026/07/03,8996,高力,千張大戶,17,-1,32.88,-1.68
2026/07/03,8996,高力,零股散戶,27092,-75,1.48,0.0
2026/07/17,8996,高力,100~200張,54,-1,8.27,-0.04
2026/07/17,8996,高力,10~15張,118,-11,1.59,-0.14
2026/07/17,8996,高力,15~20張,65,3,1.23,0.05
2026/07/17,8996,高力,1~5張,3749,182,6.54,0.37
2026/07/17,8996,高力,200~400張,48,-1,14.38,-0.27
2026/07/17,8996,高力,20~30張,78,-3,2.13,-0.08
2026/07/17,8996,高力,30~40張,39,4,1.49,0.15
2026/07/17,8996,高力,400~600張,15,-1,8.11,-0.57
2026/07/17,8996,高力,40~50張,28,1,1.35,0.05
2026/07/17,8996,高力,50~100張,93,-5,7.35,-0.43
2026/07/17,8996,高力,5~10張,272,7,2.27,0.05
2026/07/17,8996,高力,600~800張,7,3,5.19,2.33
2026/07/17,8996,高力,800~1000張,4,-3,3.79,-2.82
2026/07/17,8996,高力,千張大戶,20,2,34.57,1.25
2026/07/17,8996,高力,零股散戶,28437,659,1.67,0.1
2026/07/24,8996,高力,100~200張,54,0,7.97,-0.3
2026/07/24,8996,高力,10~15張,117,-1,1.56,-0.03
2026/07/24,8996,高力,15~20張,72,7,1.37,0.14
2026/07/24,8996,高力,1~5張,3924,175,6.82,0.28
2026/07/24,8996,高力,200~400張,49,1,14.56,0.18
2026/07/24,8996,高力,20~30張,78,0,2.14,0.01
2026/07/24,8996,高力,30~40張,42,3,1.6,0.11
2026/07/24,8996,高力,400~600張,15,0,8.28,0.17
2026/07/24,8996,高力,40~50張,24,-4,1.17,-0.18
2026/07/24,8996,高力,50~100張,96,3,7.5,0.15
2026/07/24,8996,高力,5~10張,288,16,2.38,0.11
2026/07/24,8996,高力,600~800張,5,-2,3.46,-1.73
2026/07/24,8996,高力,800~1000張,4,0,3.91,0.12
2026/07/24,8996,高力,千張大戶,21,1,35.44,0.87
2026/07/24,8996,高力,零股散戶,29101,664,1.78,0.11
2026/07/31,8996,高力,100~200張,46,-8,6.84,-1.13
2026/07/31,8996,高力,10~15張,114,-3,1.52,-0.04
2026/07/31,8996,高力,15~20張,72,0,1.37,0.0
2026/07/31,8996,高力,1~5張,4058,134,7.1,0.28
2026/07/31,8996,高力,200~400張,51,2,14.99,0.43
2026/07/31,8996,高力,20~30張,74,-4,2.03,-0.11
2026/07/31,8996,高力,30~40張,50,8,1.9,0.3
2026/07/31,8996,高力,400~600張,17,2,9.25,0.97
2026/07/31,8996,高力,40~50張,26,2,1.26,0.09
2026/07/31,8996,高力,50~100張,89,-7,6.86,-0.64
2026/07/31,8996,高力,5~10張,313,25,2.58,0.2
2026/07/31,8996,高力,600~800張,5,0,3.75,0.29
2026/07/31,8996,高力,800~1000張,2,-2,1.81,-2.1
2026/07/31,8996,高力,千張大戶,21,0,36.81,1.37
2026/07/31,8996,高力,零股散戶,29402,301,1.85,0.07
2026/04/24,9908,大台北,100~200張,112,1,3.06,0.05
2026/04/24,9908,大台北,10~15張,515,-2,1.27,-0.01
2026/04/24,9908,大台北,15~20張,255,-1,0.89,-0.02
2026/04/24,9908,大台北,1~5張,8590,-150,3.43,-0.03
2026/04/24,9908,大台北,200~400張,61,-3,3.45,-0.15
2026/04/24,9908,大台北,20~30張,249,9,1.24,0.04
2026/04/24,9908,大台北,30~40張,122,4,0.84,0.03
2026/04/24,9908,大台北,400~600張,22,0,2.15,-0.01
2026/04/24,9908,大台北,40~50張,85,-2,0.76,-0.02
2026/04/24,9908,大台北,50~100張,167,4,2.36,0.05
2026/04/24,9908,大台北,5~10張,1417,0,2.15,0.0
2026/04/24,9908,大台北,600~800張,12,0,1.57,0.0
2026/04/24,9908,大台北,800~1000張,12,-2,2.06,-0.37
2026/04/24,9908,大台北,千張大戶,63,2,74.5,0.42
2026/04/24,9908,大台北,零股散戶,5669,-52,0.19,0.0
2026/05/08,9908,大台北,100~200張,114,1,3.12,0.02
2026/05/08,9908,大台北,10~15張,519,-3,1.28,-0.01
2026/05/08,9908,大台北,15~20張,254,0,0.89,0.0
2026/05/08,9908,大台北,1~5張,8418,-105,3.37,-0.04
2026/05/08,9908,大台北,200~400張,61,-1,3.43,-0.1
2026/05/08,9908,大台北,20~30張,256,4,1.27,0.02
2026/05/08,9908,大台北,30~40張,116,-5,0.8,-0.03
2026/05/08,9908,大台北,400~600張,21,0,2.07,-0.02
2026/05/08,9908,大台北,40~50張,93,6,0.83,0.05
2026/05/08,9908,大台北,50~100張,166,-1,2.35,-0.02
2026/05/08,9908,大台北,5~10張,1418,7,2.14,0.0
2026/05/08,9908,大台北,600~800張,14,1,1.82,0.11
2026/05/08,9908,大台北,800~1000張,12,0,2.06,0.0
2026/05/08,9908,大台北,千張大戶,62,0,74.3,0.0
2026/05/08,9908,大台北,零股散戶,5609,-27,0.18,-0.01
2026/05/15,9908,大台北,100~200張,115,1,3.11,-0.01
2026/05/15,9908,大台北,10~15張,523,4,1.3,0.02
2026/05/15,9908,大台北,15~20張,257,3,0.9,0.01
2026/05/15,9908,大台北,1~5張,8374,-44,3.36,-0.01
2026/05/15,9908,大台北,200~400張,61,0,3.42,-0.01
2026/05/15,9908,大台北,20~30張,257,1,1.28,0.01
2026/05/15,9908,大台北,30~40張,120,4,0.83,0.03
2026/05/15,9908,大台北,400~600張,23,2,2.31,0.24
2026/05/15,9908,大台北,40~50張,91,-2,0.81,-0.02
2026/05/15,9908,大台北,50~100張,164,-2,2.32,-0.03
2026/05/15,9908,大台北,5~10張,1423,5,2.15,0.01
2026/05/15,9908,大台北,600~800張,12,-2,1.57,-0.25
2026/05/15,9908,大台北,800~1000張,13,1,2.26,0.2
2026/05/15,9908,大台北,千張大戶,61,-1,74.12,-0.18
2026/05/15,9908,大台北,零股散戶,5585,-24,0.18,0.0
2026/05/22,9908,大台北,100~200張,113,-2,3.06,-0.05
2026/05/22,9908,大台北,10~15張,520,-3,1.29,-0.01
2026/05/22,9908,大台北,15~20張,257,0,0.9,0.0
2026/05/22,9908,大台北,1~5張,8319,-55,3.35,-0.01
2026/05/22,9908,大台北,200~400張,59,-2,3.28,-0.14
2026/05/22,9908,大台北,20~30張,258,1,1.28,0.0
2026/05/22,9908,大台北,30~40張,123,3,0.85,0.02
2026/05/22,9908,大台北,400~600張,25,2,2.47,0.16
2026/05/22,9908,大台北,40~50張,88,-3,0.78,-0.03
2026/05/22,9908,大台北,50~100張,165,1,2.35,0.03
2026/05/22,9908,大台北,5~10張,1429,6,2.16,0.01
2026/05/22,9908,大台北,600~800張,12,0,1.58,0.01
2026/05/22,9908,大台北,800~1000張,13,0,2.26,0.0
2026/05/22,9908,大台北,千張大戶,61,0,74.13,0.01
2026/05/22,9908,大台北,零股散戶,5563,-22,0.18,0.0
2026/05/29,9908,大台北,100~200張,116,3,3.13,0.07
2026/05/29,9908,大台北,10~15張,518,-2,1.28,-0.01
2026/05/29,9908,大台北,15~20張,260,3,0.91,0.01
2026/05/29,9908,大台北,1~5張,8203,-116,3.31,-0.04
2026/05/29,9908,大台北,200~400張,59,0,3.27,-0.01
2026/05/29,9908,大台北,20~30張,255,-3,1.26,-0.02
2026/05/29,9908,大台北,30~40張,127,4,0.88,0.03
2026/05/29,9908,大台北,400~600張,24,-1,2.36,-0.11
2026/05/29,9908,大台北,40~50張,86,-2,0.77,-0.01
2026/05/29,9908,大台北,50~100張,161,-4,2.3,-0.05
2026/05/29,9908,大台北,5~10張,1434,5,2.16,0.0
2026/05/29,9908,大台北,600~800張,13,1,1.7,0.12
2026/05/29,9908,大台北,800~1000張,13,0,2.26,0.0
2026/05/29,9908,大台北,千張大戶,61,0,74.15,0.02
2026/05/29,9908,大台北,零股散戶,5536,-27,0.18,0.0
2026/06/05,9908,大台北,100~200張,116,0,3.14,0.01
2026/06/05,9908,大台北,10~15張,517,-1,1.28,0.0
2026/06/05,9908,大台北,15~20張,261,1,0.92,0.01
2026/06/05,9908,大台北,1~5張,8129,-74,3.29,-0.02
2026/06/05,9908,大台北,200~400張,59,0,3.27,0.0
2026/06/05,9908,大台北,20~30張,252,-3,1.24,-0.02
2026/06/05,9908,大台北,30~40張,130,3,0.9,0.02
2026/06/05,9908,大台北,400~600張,23,-1,2.29,-0.07
2026/06/05,9908,大台北,40~50張,84,-2,0.75,-0.02
2026/06/05,9908,大台北,50~100張,159,-2,2.26,-0.04
2026/06/05,9908,大台北,5~10張,1435,1,2.17,0.01
2026/06/05,9908,大台北,600~800張,11,-2,1.44,-0.26
2026/06/05,9908,大台北,800~1000張,14,1,2.43,0.17
2026/06/05,9908,大台北,千張大戶,62,1,74.35,0.2
2026/06/05,9908,大台北,零股散戶,5530,-6,0.18,0.0
2026/06/12,9908,大台北,100~200張,115,-1,3.13,-0.01
2026/06/12,9908,大台北,10~15張,514,-3,1.27,-0.01
2026/06/12,9908,大台北,15~20張,263,2,0.93,0.01
2026/06/12,9908,大台北,1~5張,8106,-23,3.28,-0.01
2026/06/12,9908,大台北,200~400張,57,-2,3.17,-0.1
2026/06/12,9908,大台北,20~30張,249,-3,1.22,-0.02
2026/06/12,9908,大台北,30~40張,129,-1,0.89,-0.01
2026/06/12,9908,大台北,400~600張,24,1,2.36,0.07
2026/06/12,9908,大台北,40~50張,86,2,0.77,0.02
2026/06/12,9908,大台北,50~100張,160,1,2.28,0.02
2026/06/12,9908,大台北,5~10張,1439,4,2.17,0.0
2026/06/12,9908,大台北,600~800張,10,-1,1.32,-0.12
2026/06/12,9908,大台北,800~1000張,15,1,2.59,0.16
2026/06/12,9908,大台北,千張大戶,62,0,74.37,0.02
2026/06/12,9908,大台北,零股散戶,5529,-1,0.18,0.0
2026/06/26,9908,大台北,100~200張,111,-3,3.0,-0.1
2026/06/26,9908,大台北,10~15張,513,-3,1.27,-0.01
2026/06/26,9908,大台北,15~20張,261,-2,0.92,-0.01
2026/06/26,9908,大台北,1~5張,8041,-32,3.25,-0.01
2026/06/26,9908,大台北,200~400張,61,3,3.37,0.1
2026/06/26,9908,大台北,20~30張,253,-1,1.24,-0.01
2026/06/26,9908,大台北,30~40張,127,0,0.88,0.0
2026/06/26,9908,大台北,400~600張,23,1,2.28,0.13
2026/06/26,9908,大台北,40~50張,85,0,0.76,0.0
2026/06/26,9908,大台北,50~100張,157,-4,2.23,-0.06
2026/06/26,9908,大台北,5~10張,1434,-11,2.16,-0.02
2026/06/26,9908,大台北,600~800張,11,0,1.43,0.01
2026/06/26,9908,大台北,800~1000張,14,-1,2.43,-0.17
2026/06/26,9908,大台北,千張大戶,63,1,74.5,0.12
2026/06/26,9908,大台北,零股散戶,5503,-17,0.18,0.0
2026/07/03,9908,大台北,100~200張,113,2,3.06,0.06
2026/07/03,9908,大台北,10~15張,511,-2,1.27,0.0
2026/07/03,9908,大台北,15~20張,261,0,0.92,0.0
2026/07/03,9908,大台北,1~5張,8022,-19,3.25,0.0
2026/07/03,9908,大台北,200~400張,60,-1,3.32,-0.05
2026/07/03,9908,大台北,20~30張,255,2,1.25,0.01
2026/07/03,9908,大台北,30~40張,126,-1,0.87,-0.01
2026/07/03,9908,大台北,400~600張,22,-1,2.19,-0.09
2026/07/03,9908,大台北,40~50張,85,0,0.76,0.0
2026/07/03,9908,大台北,50~100張,158,1,2.24,0.01
2026/07/03,9908,大台北,5~10張,1435,1,2.16,0.0
2026/07/03,9908,大台北,600~800張,12,1,1.57,0.14
2026/07/03,9908,大台北,800~1000張,15,1,2.62,0.19
2026/07/03,9908,大台北,千張大戶,62,-1,74.27,-0.23
2026/07/03,9908,大台北,零股散戶,5485,-18,0.18,0.0
2026/07/17,9908,大台北,100~200張,115,1,3.14,0.07
2026/07/17,9908,大台北,10~15張,519,7,1.29,0.02
2026/07/17,9908,大台北,15~20張,259,0,0.91,0.0
2026/07/17,9908,大台北,1~5張,7982,-17,3.23,-0.01
2026/07/17,9908,大台北,200~400張,62,1,3.38,-0.01
2026/07/17,9908,大台北,20~30張,256,-1,1.25,-0.01
2026/07/17,9908,大台北,30~40張,129,3,0.89,0.02
2026/07/17,9908,大台北,400~600張,23,0,2.27,-0.01
2026/07/17,9908,大台北,40~50張,84,0,0.75,0.0
2026/07/17,9908,大台北,50~100張,158,-1,2.24,-0.01
2026/07/17,9908,大台北,5~10張,1434,4,2.16,0.01
2026/07/17,9908,大台北,600~800張,10,-1,1.33,-0.12
2026/07/17,9908,大台北,800~1000張,14,-1,2.44,-0.18
2026/07/17,9908,大台北,千張大戶,63,1,74.47,0.24
2026/07/17,9908,大台北,零股散戶,5475,-4,0.18,0.0
2026/07/24,9908,大台北,100~200張,115,0,3.14,0.0
2026/07/24,9908,大台北,10~15張,513,-6,1.27,-0.02
2026/07/24,9908,大台北,15~20張,255,-4,0.89,-0.02
2026/07/24,9908,大台北,1~5張,7965,-17,3.23,0.0
2026/07/24,9908,大台北,200~400張,61,-1,3.37,-0.01
2026/07/24,9908,大台北,20~30張,257,1,1.26,0.01
2026/07/24,9908,大台北,30~40張,127,-2,0.88,-0.01
2026/07/24,9908,大台北,400~600張,23,0,2.27,0.0
2026/07/24,9908,大台北,40~50張,81,-3,0.73,-0.02
2026/07/24,9908,大台北,50~100張,159,1,2.25,0.01
2026/07/24,9908,大台北,5~10張,1424,-10,2.14,-0.02
2026/07/24,9908,大台北,600~800張,11,1,1.46,0.13
2026/07/24,9908,大台北,800~1000張,12,-2,2.08,-0.36
2026/07/24,9908,大台北,千張大戶,64,1,74.79,0.32
2026/07/24,9908,大台北,零股散戶,5484,9,0.18,0.0
2026/07/31,9908,大台北,100~200張,115,0,3.12,-0.02
2026/07/31,9908,大台北,10~15張,503,-10,1.24,-0.03
2026/07/31,9908,大台北,15~20張,251,-4,0.88,-0.01
2026/07/31,9908,大台北,1~5張,7885,-80,3.2,-0.03
2026/07/31,9908,大台北,200~400張,60,-1,3.33,-0.04
2026/07/31,9908,大台北,20~30張,255,-2,1.25,-0.01
2026/07/31,9908,大台北,30~40張,124,-3,0.86,-0.02
2026/07/31,9908,大台北,400~600張,24,1,2.38,0.11
2026/07/31,9908,大台北,40~50張,83,2,0.74,0.01
2026/07/31,9908,大台北,50~100張,159,0,2.25,0.0
2026/07/31,9908,大台北,5~10張,1413,-11,2.13,-0.01
2026/07/31,9908,大台北,600~800張,11,0,1.46,0.0
2026/07/31,9908,大台北,800~1000張,12,0,2.08,0.0
2026/07/31,9908,大台北,千張大戶,64,0,74.82,0.03
2026/07/31,9908,大台北,零股散戶,5481,-3,0.18,0.0
2026/04/24,9942,茂順,100~200張,29,1,4.99,0.14
2026/04/24,9942,茂順,10~15張,172,2,2.61,0.02
2026/04/24,9942,茂順,15~20張,83,4,1.81,0.09
2026/04/24,9942,茂順,1~5張,5561,-30,12.78,-0.06
2026/04/24,9942,茂順,200~400張,23,0,7.46,0.0
2026/04/24,9942,茂順,20~30張,86,-1,2.59,-0.03
2026/04/24,9942,茂順,30~40張,56,0,2.43,0.01
2026/04/24,9942,茂順,400~600張,6,0,3.19,-0.02
2026/04/24,9942,茂順,40~50張,31,1,1.72,0.06
2026/04/24,9942,茂順,50~100張,60,-2,4.88,-0.2
2026/04/24,9942,茂順,5~10張,626,-1,5.75,-0.02
2026/04/24,9942,茂順,600~800張,10,0,8.45,0.0
2026/04/24,9942,茂順,800~1000張,2,0,2.12,0.0
2026/04/24,9942,茂順,千張大戶,8,0,38.54,0.01
2026/04/24,9942,茂順,零股散戶,3129,-24,0.61,-0.01
2026/05/08,9942,茂順,100~200張,30,1,5.16,0.17
2026/05/08,9942,茂順,10~15張,173,7,2.64,0.11
2026/05/08,9942,茂順,15~20張,80,-1,1.74,-0.02
2026/05/08,9942,茂順,1~5張,5535,-24,12.74,-0.03
2026/05/08,9942,茂順,200~400張,24,0,7.93,-0.01
2026/05/08,9942,茂順,20~30張,89,-1,2.69,-0.02
2026/05/08,9942,茂順,30~40張,52,-4,2.25,-0.18
2026/05/08,9942,茂順,400~600張,5,0,2.69,0.01
2026/05/08,9942,茂順,40~50張,31,1,1.73,0.07
2026/05/08,9942,茂順,50~100張,61,0,4.96,0.0
2026/05/08,9942,茂順,5~10張,618,-9,5.68,-0.09
2026/05/08,9942,茂順,600~800張,10,0,8.45,0.0
2026/05/08,9942,茂順,800~1000張,2,0,2.12,0.0
2026/05/08,9942,茂順,千張大戶,8,0,38.55,0.0
2026/05/08,9942,茂順,零股散戶,3082,-36,0.6,-0.01
2026/05/15,9942,茂順,100~200張,29,-1,5.0,-0.16
2026/05/15,9942,茂順,10~15張,167,-6,2.56,-0.08
2026/05/15,9942,茂順,15~20張,79,-1,1.72,-0.02
2026/05/15,9942,茂順,1~5張,5509,-26,12.67,-0.07
2026/05/15,9942,茂順,200~400張,22,-2,7.07,-0.86
2026/05/15,9942,茂順,20~30張,92,3,2.77,0.08
2026/05/15,9942,茂順,30~40張,50,-2,2.15,-0.1
2026/05/15,9942,茂順,400~600張,7,2,3.68,0.99
2026/05/15,9942,茂順,40~50張,36,5,1.99,0.26
2026/05/15,9942,茂順,50~100張,60,-1,4.85,-0.11
2026/05/15,9942,茂順,5~10張,626,8,5.75,0.07
2026/05/15,9942,茂順,600~800張,10,0,8.45,0.0
2026/05/15,9942,茂順,800~1000張,2,0,2.12,0.0
2026/05/15,9942,茂順,千張大戶,8,0,38.55,0.0
2026/05/15,9942,茂順,零股散戶,3071,-11,0.59,-0.01
2026/05/22,9942,茂順,100~200張,29,0,5.0,0.0
2026/05/22,9942,茂順,10~15張,165,-2,2.53,-0.03
2026/05/22,9942,茂順,15~20張,80,1,1.75,0.03
2026/05/22,9942,茂順,1~5張,5532,23,12.72,0.05
2026/05/22,9942,茂順,200~400張,22,0,7.07,0.0
2026/05/22,9942,茂順,20~30張,94,2,2.84,0.07
2026/05/22,9942,茂順,30~40張,47,-3,2.03,-0.12
2026/05/22,9942,茂順,400~600張,7,0,3.69,0.01
2026/05/22,9942,茂順,40~50張,39,3,2.15,0.16
2026/05/22,9942,茂順,50~100張,59,-1,4.76,-0.09
2026/05/22,9942,茂順,5~10張,619,-7,5.7,-0.05
2026/05/22,9942,茂順,600~800張,10,0,8.45,0.0
2026/05/22,9942,茂順,800~1000張,2,0,2.12,0.0
2026/05/22,9942,茂順,千張大戶,8,0,38.55,0.0
2026/05/22,9942,茂順,零股散戶,3065,-6,0.59,0.0
2026/05/29,9942,茂順,100~200張,30,1,5.18,0.18
2026/05/29,9942,茂順,10~15張,167,2,2.55,0.02
2026/05/29,9942,茂順,15~20張,83,3,1.82,0.07
2026/05/29,9942,茂順,1~5張,5524,-8,12.69,-0.03
2026/05/29,9942,茂順,200~400張,23,1,7.4,0.33
2026/05/29,9942,茂順,20~30張,91,-3,2.75,-0.09
2026/05/29,9942,茂順,30~40張,48,1,2.07,0.04
2026/05/29,9942,茂順,400~600張,6,-1,3.16,-0.53
2026/05/29,9942,茂順,40~50張,38,-1,2.08,-0.07
2026/05/29,9942,茂順,50~100張,59,0,4.75,-0.01
2026/05/29,9942,茂順,5~10張,628,9,5.77,0.07
2026/05/29,9942,茂順,600~800張,10,0,8.45,0.0
2026/05/29,9942,茂順,800~1000張,2,0,2.12,0.0
2026/05/29,9942,茂順,千張大戶,8,0,38.56,0.01
2026/05/29,9942,茂順,零股散戶,3054,-11,0.59,0.0
2026/06/05,9942,茂順,100~200張,33,3,5.83,0.65
2026/06/05,9942,茂順,10~15張,169,2,2.58,0.03
2026/06/05,9942,茂順,15~20張,86,3,1.88,0.06
2026/06/05,9942,茂順,1~5張,5529,5,12.67,-0.02
2026/06/05,9942,茂順,200~400張,21,-2,6.88,-0.52
2026/06/05,9942,茂順,20~30張,90,-1,2.72,-0.03
2026/06/05,9942,茂順,30~40張,46,-2,1.98,-0.09
2026/06/05,9942,茂順,400~600張,6,0,3.24,0.08
2026/06/05,9942,茂順,40~50張,36,-2,1.96,-0.12
2026/06/05,9942,茂順,50~100張,59,0,4.77,0.02
2026/06/05,9942,茂順,5~10張,617,-11,5.69,-0.08
2026/06/05,9942,茂順,600~800張,10,0,8.45,0.0
2026/06/05,9942,茂順,800~1000張,2,0,2.12,0.0
2026/06/05,9942,茂順,千張大戶,8,0,38.57,0.01
2026/06/05,9942,茂順,零股散戶,3058,4,0.59,0.0
2026/06/12,9942,茂順,100~200張,33,0,5.71,-0.12
2026/06/12,9942,茂順,10~15張,170,1,2.58,0.0
2026/06/12,9942,茂順,15~20張,82,-4,1.79,-0.09
2026/06/12,9942,茂順,1~5張,5497,-32,12.63,-0.04
2026/06/12,9942,茂順,200~400張,22,1,7.1,0.22
2026/06/12,9942,茂順,20~30張,96,6,2.89,0.17
2026/06/12,9942,茂順,30~40張,47,1,2.03,0.05
2026/06/12,9942,茂順,400~600張,6,0,3.28,0.04
2026/06/12,9942,茂順,40~50張,34,-2,1.86,-0.1
2026/06/12,9942,茂順,50~100張,58,-1,4.65,-0.12
2026/06/12,9942,茂順,5~10張,619,2,5.71,0.02
2026/06/12,9942,茂順,600~800張,10,0,8.45,0.0
2026/06/12,9942,茂順,800~1000張,2,0,2.12,0.0
2026/06/12,9942,茂順,千張大戶,8,0,38.57,0.0
2026/06/12,9942,茂順,零股散戶,3048,-10,0.59,0.0
2026/06/26,9942,茂順,100~200張,31,-2,5.52,-0.24
2026/06/26,9942,茂順,10~15張,166,0,2.53,0.0
2026/06/26,9942,茂順,15~20張,81,-2,1.76,-0.05
2026/06/26,9942,茂順,1~5張,5506,4,12.66,0.02
2026/06/26,9942,茂順,200~400張,22,0,7.08,0.0
2026/06/26,9942,茂順,20~30張,97,3,2.94,0.1
2026/06/26,9942,茂順,30~40張,49,0,2.13,0.0
2026/06/26,9942,茂順,400~600張,6,0,3.26,-0.02
2026/06/26,9942,茂順,40~50張,36,2,1.99,0.12
2026/06/26,9942,茂順,50~100張,57,1,4.64,0.12
2026/06/26,9942,茂順,5~10張,617,-3,5.7,-0.04
2026/06/26,9942,茂順,600~800張,10,0,8.45,0.0
2026/06/26,9942,茂順,800~1000張,2,0,2.12,0.0
2026/06/26,9942,茂順,千張大戶,8,0,38.57,0.0
2026/06/26,9942,茂順,零股散戶,3053,4,0.59,0.0
2026/07/03,9942,茂順,100~200張,32,1,5.69,0.17
2026/07/03,9942,茂順,10~15張,171,5,2.61,0.08
2026/07/03,9942,茂順,15~20張,78,-3,1.7,-0.06
2026/07/03,9942,茂順,1~5張,5526,20,12.71,0.05
2026/07/03,9942,茂順,200~400張,23,1,7.54,0.46
2026/07/03,9942,茂順,20~30張,94,-3,2.85,-0.09
2026/07/03,9942,茂順,30~40張,50,1,2.16,0.03
2026/07/03,9942,茂順,400~600張,5,-1,2.66,-0.6
2026/07/03,9942,茂順,40~50張,36,0,1.97,-0.02
2026/07/03,9942,茂順,50~100張,59,2,4.7,0.06
2026/07/03,9942,茂順,5~10張,607,-10,5.63,-0.07
2026/07/03,9942,茂順,600~800張,10,0,8.45,0.0
2026/07/03,9942,茂順,800~1000張,2,0,2.12,0.0
2026/07/03,9942,茂順,千張大戶,8,0,38.57,0.0
2026/07/03,9942,茂順,零股散戶,3050,-3,0.59,0.0
2026/07/17,9942,茂順,100~200張,33,1,5.84,0.21
2026/07/17,9942,茂順,10~15張,171,1,2.61,0.02
2026/07/17,9942,茂順,15~20張,78,-3,1.7,-0.06
2026/07/17,9942,茂順,1~5張,5413,-108,12.42,-0.24
2026/07/17,9942,茂順,200~400張,21,-2,6.64,-0.89
2026/07/17,9942,茂順,20~30張,94,2,2.87,0.08
2026/07/17,9942,茂順,30~40張,51,0,2.21,-0.01
2026/07/17,9942,茂順,400~600張,7,2,3.85,1.2
2026/07/17,9942,茂順,40~50張,35,-2,1.94,-0.1
2026/07/17,9942,茂順,50~100張,56,-2,4.59,-0.07
2026/07/17,9942,茂順,5~10張,602,-10,5.58,-0.09
2026/07/17,9942,茂順,600~800張,10,0,8.45,0.0
2026/07/17,9942,茂順,800~1000張,2,0,2.12,0.0
2026/07/17,9942,茂順,千張大戶,8,0,38.54,-0.03
2026/07/17,9942,茂順,零股散戶,3044,-18,0.59,0.0
2026/07/24,9942,茂順,100~200張,32,-1,5.74,-0.1
2026/07/24,9942,茂順,10~15張,170,-1,2.59,-0.02
2026/07/24,9942,茂順,15~20張,77,-1,1.68,-0.02
2026/07/24,9942,茂順,1~5張,5403,-10,12.36,-0.06
2026/07/24,9942,茂順,200~400張,21,0,6.65,0.01
2026/07/24,9942,茂順,20~30張,94,0,2.85,-0.02
2026/07/24,9942,茂順,30~40張,54,3,2.35,0.14
2026/07/24,9942,茂順,400~600張,6,-1,3.23,-0.62
2026/07/24,9942,茂順,40~50張,33,-2,1.81,-0.13
2026/07/24,9942,茂順,50~100張,58,2,4.73,0.14
2026/07/24,9942,茂順,5~10張,610,8,5.66,0.08
2026/07/24,9942,茂順,600~800張,10,0,8.45,0.0
2026/07/24,9942,茂順,800~1000張,2,0,2.12,0.0
2026/07/24,9942,茂順,千張大戶,8,0,39.14,0.6
2026/07/24,9942,茂順,零股散戶,3035,-9,0.58,-0.01
2026/07/31,9942,茂順,100~200張,31,-1,5.6,-0.14
2026/07/31,9942,茂順,10~15張,165,-5,2.52,-0.07
2026/07/31,9942,茂順,15~20張,80,3,1.74,0.06
2026/07/31,9942,茂順,1~5張,5465,62,12.46,0.1
2026/07/31,9942,茂順,200~400張,21,0,6.59,-0.06
2026/07/31,9942,茂順,20~30張,94,0,2.87,0.02
2026/07/31,9942,茂順,30~40張,57,3,2.46,0.11
2026/07/31,9942,茂順,400~600張,6,0,3.2,-0.03
2026/07/31,9942,茂順,40~50張,33,0,1.83,0.02
2026/07/31,9942,茂順,50~100張,57,-1,4.61,-0.12
2026/07/31,9942,茂順,5~10張,622,12,5.76,0.1
2026/07/31,9942,茂順,600~800張,10,0,8.45,0.0
2026/07/31,9942,茂順,800~1000張,2,0,2.12,0.0
2026/07/31,9942,茂順,千張大戶,8,0,39.14,0.0
2026/07/31,9942,茂順,零股散戶,3048,13,0.57,-0.01
